"SYMBOL","COMPANY NAME","SUBJECT","DETAILS","BROADCAST DATE/TIME","RECEIPT","DISSEMINATION","DIFFERENCE","ATTACHMENT"
"BSE","BSE Limited","Trading Window","BSE Limited has informed the Exchange regarding the Trading Window closure pursuant to SEBI (Prohibition of Insider Trading) Regulations, 2015","30-Sep-2026 11:28:54","2026-09-30 11:28:54","30-Sep-2026 11:28:55","00:00:01","https://nsearchives.nseindia.com/corporate/BSE1_30092026112830_NSEIntimation.pdf"
"BSE","BSE Limited","Analysts/Institutional Investor Meet/Con. Call Updates","BSE Limited has informed the Exchange about Schedule of meet","24-Sep-2026 16:03:56","2026-09-24 16:03:56","24-Sep-2026 16:03:57","00:00:01","https://nsearchives.nseindia.com/corporate/BSE1_24092026160329_NSEIntimation.pdf"
"BSE","BSE Limited","Analysts/Institutional Investor Meet/Con. Call Updates","BSE Limited has informed the Exchange about Schedule of meet","18-Sep-2026 17:53:11","2026-09-18 17:53:11","18-Sep-2026 17:53:12","00:00:01","https://nsearchives.nseindia.com/corporate/BSE1_18092026174246_NSEIntimation.pdf"
"BSE","BSE Limited","Analysts/Institutional Investor Meet/Con. Call Updates","BSE Limited has informed the Exchange about Schedule of meet","18-Sep-2026 17:53:11","2026-09-18 17:53:11","18-Sep-2026 17:53:12","00:00:01","https://nsearchives.nseindia.com/corporate/BSE1_18092026174423_NSEIntimation.pdf"
"BSE","BSE Limited","Analysts/Institutional Investor Meet/Con. Call Updates","BSE Limited has informed the Exchange about Schedule of meet","17-Sep-2026 14:36:10","2026-09-17 14:36:10","17-Sep-2026 14:36:11","00:00:01","https://nsearchives.nseindia.com/corporate/BSE1_17092026143337_NSEIntimation.pdf"
"BSE","BSE Limited","Analysts/Institutional Investor Meet/Con. Call Updates","BSE Limited has informed the Exchange about Schedule of meet","16-Sep-2026 16:57:13","2026-09-16 16:57:13","16-Sep-2026 16:57:14","00:00:01","https://nsearchives.nseindia.com/corporate/BSE1_16092026165642_NSEIntimation_21092026.pdf"
"BSE","BSE Limited","Analysts/Institutional Investor Meet/Con. Call Updates","BSE Limited has informed the Exchange about Schedule of meet","11-Sep-2026 17:50:47","2026-09-11 17:50:47","11-Sep-2026 17:50:48","00:00:01","https://nsearchives.nseindia.com/corporate/BSE1_11092026175028_NSEIntimation.pdf"
"BSE","BSE Limited","Updates","BSE Limited has informed the Exchange regarding 'SEBI approval on re-appointment of Shri Jagannath Mukkavilli, Non-Independent Director'.","11-Sep-2026 17:48:55","2026-09-11 17:48:55","11-Sep-2026 17:48:57","00:00:02","https://nsearchives.nseindia.com/corporate/BSE1_11092026174820_NSEintimation.pdf"
"BSE","BSE Limited","Updates","BSE Limited has informed the Exchange regarding 'further acquisition of equity stake in India International Bullion Holding IFSC Limited.'.","10-Sep-2026 18:03:37","2026-09-10 18:03:37","10-Sep-2026 18:03:37","00:00:00","https://nsearchives.nseindia.com/corporate/BSE1_10092026180312_NSEIntimation.pdf"
"BSE","BSE Limited","Analysts/Institutional Investor Meet/Con. Call Updates","BSE Limited has informed the Exchange about Schedule of meet","03-Sep-2026 11:00:14","2026-09-03 11:00:14","03-Sep-2026 11:00:15","00:00:01","https://nsearchives.nseindia.com/corporate/BSE1_03092026105909_NSEIntimation.pdf"
"BSE","BSE Limited","General Updates","BSE Limited has informed the Exchange about ESG Rating","01-Sep-2026 18:21:50","2026-09-01 18:21:50","01-Sep-2026 18:21:51","00:00:01","https://nsearchives.nseindia.com/corporate/BSE1_01092026182136_NSEIntimation.pdf"
"BSE","BSE Limited","Analysts/Institutional Investor Meet/Con. Call Updates","BSE Limited has informed the Exchange about Schedule of meet","26-Aug-2026 18:18:24","2026-08-26 18:18:24","26-Aug-2026 18:18:25","00:00:01","https://nsearchives.nseindia.com/corporate/BSE1_26082026181414_NSEIntimation.pdf"
"BSE","BSE Limited","Analysts/Institutional Investor Meet/Con. Call Updates","BSE Limited has informed the Exchange about Schedule of meet","26-Aug-2026 18:18:24","2026-08-26 18:18:24","26-Aug-2026 18:18:25","00:00:01","https://nsearchives.nseindia.com/corporate/BSE1_26082026181526_NSEIntimation.pdf"
"BSE","BSE Limited","Analysts/Institutional Investor Meet/Con. Call Updates","BSE Limited has informed the Exchange about Reschedule of Analyst/ Institutional Investor Meeting","24-Aug-2026 12:07:03","2026-08-24 12:07:03","24-Aug-2026 12:07:03","00:00:00","https://nsearchives.nseindia.com/corporate/BSE1_24082026120617_NSEINtimation.pdf"
"BSE","BSE Limited","Analysts/Institutional Investor Meet/Con. Call Updates","BSE Limited has informed the Exchange about Schedule of meet","19-Aug-2026 21:41:07","2026-08-19 21:41:07","19-Aug-2026 21:41:08","00:00:01","https://nsearchives.nseindia.com/corporate/BSE1_19082026214058_NSEintimation.pdf"
"BSE","BSE Limited","Shareholders meeting","BSE Limited has submitted the Exchange a copy Srutinizers report of  Annual General Meeting held on August 19, 2026. Further, the company has informed the Exchange regarding voting results.","19-Aug-2026 21:33:13","2026-08-19 21:33:13","19-Aug-2026 21:33:14","00:00:01","https://nsearchives.nseindia.com/corporate/BSE1_19082026213255_NSEintimationresults2026.pdf"
"BSE","BSE Limited","Shareholders meeting","BSE Limited has informed the Exchange regarding Proceedings of Annual General Meeting held on August 19, 2026","19-Aug-2026 21:15:32","2026-08-19 21:15:32","19-Aug-2026 21:15:32","00:00:00","https://nsearchives.nseindia.com/corporate/BSE1_19082026211512_NSEIntimationforProceedingofAGM.pdf"
"BSE","BSE Limited","Updates","BSE Limited has informed the Exchange regarding 'BSE's exploration of the launch of derivatives in India linked to MSCI indexes.'.","19-Aug-2026 19:33:36","2026-08-19 19:33:36","19-Aug-2026 19:33:37","00:00:01","https://nsearchives.nseindia.com/corporate/BSE1_19082026193321_NSEIntimation.pdf"
"BSE","BSE Limited","Analysts/Institutional Investor Meet/Con. Call Updates","BSE Limited has informed the Exchange about Schedule of meet","18-Aug-2026 18:51:44","2026-08-18 18:51:44","18-Aug-2026 18:51:45","00:00:01","https://nsearchives.nseindia.com/corporate/BSE1_18082026185043_NSEIntimation.pdf"
"BSE","BSE Limited","Appointment","BSE Limited has informed the Exchange regarding Appointment of Shri Abhishek Jha as Joint Chief Information Security Officer of the Company w.e.f. September 01, 2026.","18-Aug-2026 12:53:32","2026-08-18 12:53:32","18-Aug-2026 12:53:33","00:00:01","https://nsearchives.nseindia.com/corporate/BSE1_18082026125015_NSEintimation.pdf"
"BSE","BSE Limited","Analysts/Institutional Investor Meet/Con. Call Updates","BSE Limited has informed the Exchange about Schedule of meet","13-Aug-2026 17:16:46","2026-08-13 17:16:46","13-Aug-2026 17:16:47","00:00:01","https://nsearchives.nseindia.com/corporate/BSE1_13082026171318_NSEIntimation.pdf"
"BSE","BSE Limited","Analysts/Institutional Investor Meet/Con. Call Updates","BSE Limited has informed the Exchange about Schedule of meet","13-Aug-2026 17:16:46","2026-08-13 17:16:46","13-Aug-2026 17:16:47","00:00:01","https://nsearchives.nseindia.com/corporate/BSE1_13082026171559_NSEIntimation.pdf"
"BSE","BSE Limited","Analysts/Institutional Investor Meet/Con. Call Updates","BSE Limited has informed the Exchange about Transcript","10-Aug-2026 12:00:21","2026-08-10 12:00:21","10-Aug-2026 12:00:23","00:00:02","https://nsearchives.nseindia.com/corporate/BSE1_10082026115817_NSEIntimation.pdf"
"BSE","BSE Limited","Updates","BSE Limited has informed the Exchange that  the nomenclature of designation of Smt. Radha Kirthivasan (Key Management Personnel & Senior Management) has been changed to Head- Issuer Relations & Corporate Sales.","06-Aug-2026 18:04:02","2026-08-06 18:04:02","06-Aug-2026 18:04:03","00:00:01","https://nsearchives.nseindia.com/corporate/BSE1_06082026180246_NSEintimation.pdf"
"BSE","BSE Limited","Analysts/Institutional Investor Meet/Con. Call Updates","BSE Limited has informed the Exchange about Schedule of meet","05-Aug-2026 18:02:51","2026-08-05 18:02:51","05-Aug-2026 18:02:51","00:00:00","https://nsearchives.nseindia.com/corporate/BSE1_05082026180153_NSEIntimation2.pdf"
"BSE","BSE Limited","Analysts/Institutional Investor Meet/Con. Call Updates","BSE Limited has informed the Exchange about Schedule of meet","05-Aug-2026 18:00:21","2026-08-05 18:00:21","05-Aug-2026 18:00:22","00:00:01","https://nsearchives.nseindia.com/corporate/BSE1_05082026174805_NSEIntimation.pdf"
"BSE","BSE Limited","Analysts/Institutional Investor Meet/Con. Call Updates","BSE Limited has informed the Exchange about Schedule of meet","05-Aug-2026 18:00:21","2026-08-05 18:00:21","05-Aug-2026 18:00:22","00:00:01","https://nsearchives.nseindia.com/corporate/BSE1_05082026175025_NSEIntimation4.pdf"
"BSE","BSE Limited","Analysts/Institutional Investor Meet/Con. Call Updates","BSE Limited has informed the Exchange about Schedule of meet","05-Aug-2026 18:00:21","2026-08-05 18:00:21","05-Aug-2026 18:00:22","00:00:01","https://nsearchives.nseindia.com/corporate/BSE1_05082026174941_NSEIntimation3.pdf"
"BSE","BSE Limited","Copy of Newspaper Publication","BSE Limited has informed the Exchange about Copy of Newspaper Publication","05-Aug-2026 13:15:35","2026-08-05 13:15:35","05-Aug-2026 13:15:36","00:00:01","https://nsearchives.nseindia.com/corporate/BSE1_05082026131508_NSEinitmation.pdf"
"BSE","BSE Limited","Analysts/Institutional Investor Meet/Con. Call Updates","BSE Limited has informed the Exchange about Link of Recording","04-Aug-2026 20:11:52","2026-08-04 20:11:52","04-Aug-2026 20:11:53","00:00:01","https://nsearchives.nseindia.com/corporate/BSE1_04082026201110_NSEintimation.pdf"
"BSE","BSE Limited","Acquisition","BSE Limited has informed the Exchange about further acquisition of stake in India International Bullion Holding IFSC Limited","04-Aug-2026 19:20:09","2026-08-04 19:20:09","04-Aug-2026 19:20:10","00:00:01","https://nsearchives.nseindia.com/corporate/BSE1_04082026191857_NSEIntimation.pdf"
"BSE","BSE Limited","Appointment","BSE Limited has informed the Exchange regarding appointment of Statutory Auditors of the Company","04-Aug-2026 19:17:46","2026-08-04 19:17:46","04-Aug-2026 19:17:47","00:00:01","https://nsearchives.nseindia.com/corporate/BSE1_04082026191701_NSEIntimation.pdf"
"BSE","BSE Limited","Analysts/Institutional Investor Meet/Con. Call Updates","BSE Limited has informed the Exchange about Presentation","04-Aug-2026 18:55:56","2026-08-04 18:55:56","04-Aug-2026 18:55:57","00:00:01","https://nsearchives.nseindia.com/corporate/BSE1_04082026185534_NSEintimation.pdf"
"BSE","BSE Limited","Outcome of Board Meeting","BSE Limited has submitted to the Exchange, the financial results for the period ended Jun 30, 2026.","04-Aug-2026 18:45:51","2026-08-04 18:45:51","04-Aug-2026 18:45:52","00:00:01","https://nsearchives.nseindia.com/corporate/BSE1_04082026184424_NSEIntimation.pdf"
"BSE","BSE Limited","Updates","BSE Limited has informed the Exchange regarding acquisition of 3.33% equity stake in India International Bullion Holding IFSC Limited.","31-Jul-2026 16:29:35","2026-07-31 16:29:35","31-Jul-2026 16:29:36","00:00:01","https://nsearchives.nseindia.com/corporate/BSE1_31072026162905_NSEintimation_infusion_of_funds.pdf"
"BSE","BSE Limited","Analysts/Institutional Investor Meet/Con. Call Updates","BSE Limited has informed the Exchange about Schedule of meet","27-Jul-2026 11:38:52","2026-07-27 11:38:52","27-Jul-2026 11:38:53","00:00:01","https://nsearchives.nseindia.com/corporate/BSE1_27072026113751_NSEIntimation.pdf"
"BSE","BSE Limited","Shareholders meeting","BSE Limited has submitted the Exchange a copy Srutinizers report of  Postal Ballot. Further, the company has informed the Exchange regarding voting results.","24-Jul-2026 21:08:44","2026-07-24 21:08:44","24-Jul-2026 21:08:45","00:00:01","https://nsearchives.nseindia.com/corporate/BSE1_24072026210738_NSEIntimation2026.pdf"
"BSE","BSE Limited","Copy of Newspaper Publication","BSE Limited has informed the Exchange about Copy of Newspaper Publication","24-Jul-2026 11:51:37","2026-07-24 11:51:37","24-Jul-2026 11:51:39","00:00:02","https://nsearchives.nseindia.com/corporate/BSE1_24072026115114_NSEIntimation.pdf"
"BSE","BSE Limited","Updates","BSE Limited has informed the Exchange regarding 'letter sent to Members providing web link of Annual Report 2025-26","23-Jul-2026 17:04:22","2026-07-23 17:04:22","23-Jul-2026 17:04:23","00:00:01","https://nsearchives.nseindia.com/corporate/BSE1_23072026165445_NSEIntimation.pdf"
"BSE","BSE Limited","Shareholders meeting","BSE Limited has informed the Exchange regarding Notice of Annual General Meeting to be held on August 19, 2026","23-Jul-2026 10:35:46","2026-07-23 10:35:46","23-Jul-2026 10:35:47","00:00:01","https://nsearchives.nseindia.com/corporate/BSE1_23072026103414_NSEintimationNoticeandAR2026.pdf"
"BSE","BSE Limited","Certificate under SEBI (Depositories and Participants) Regulations, 2018","BSE Limited has informed the Exchange about Certificate under SEBI (Depositories and Participants) Regulations, 2018","09-Jul-2026 11:22:51","2026-07-09 11:22:51","09-Jul-2026 11:22:51","00:00:00","https://nsearchives.nseindia.com/corporate/BSE1_09072026112151_NSEIntimation.pdf"
"BSE","BSE Limited","Updates","BSE Limited has informed the Exchange regarding 'BSE Media Release - Change in licensing requirements for market data products'.","29-Jun-2026 17:38:01","2026-06-29 17:38:01","29-Jun-2026 17:38:02","00:00:01","https://nsearchives.nseindia.com/corporate/BSE1_29062026173741_NSEIntimation.pdf"
"BSE","BSE Limited","Analysts/Institutional Investor Meet/Con. Call Updates","BSE Limited has informed the Exchange about Schedule of meet","29-Jun-2026 17:33:50","2026-06-29 17:33:50","29-Jun-2026 17:33:51","00:00:01","https://nsearchives.nseindia.com/corporate/BSE1_29062026173326_NSEIntimation.pdf"
"BSE","BSE Limited","Trading Window","BSE Limited has informed the Exchange regarding the Trading Window closure pursuant to SEBI (Prohibition of Insider Trading) Regulations, 2015","29-Jun-2026 11:03:11","2026-06-29 11:03:11","29-Jun-2026 11:03:13","00:00:02","https://nsearchives.nseindia.com/corporate/BSE1_29062026110226_NSEIntimation.pdf"
"BSE","BSE Limited","Analysts/Institutional Investor Meet/Con. Call Updates","BSE Limited has informed the Exchange about Schedule of meet","25-Jun-2026 11:45:42","2026-06-25 11:45:42","25-Jun-2026 11:45:43","00:00:01","https://nsearchives.nseindia.com/corporate/BSE1_25062026114503_NSEIntimation.pdf"
"BSE","BSE Limited","Copy of Newspaper Publication","BSE Limited has informed the Exchange about Copy of Newspaper Publication","25-Jun-2026 11:31:48","2026-06-25 11:31:48","25-Jun-2026 11:31:49","00:00:01","https://nsearchives.nseindia.com/corporate/BSE1_25062026112953_NSEIntimation.pdf"
"BSE","BSE Limited","Analysts/Institutional Investor Meet/Con. Call Updates","BSE Limited has informed the Exchange about Reschedule of Analyst/ Institutional Investor Meeting","24-Jun-2026 17:59:56","2026-06-24 17:59:56","24-Jun-2026 17:59:57","00:00:01","https://nsearchives.nseindia.com/corporate/BSE1_24062026175926_NSEIntimation.pdf"
"BSE","BSE Limited","Shareholders meeting","BSE Limited has informed the Exchange regarding Notice of Postal Ballot","24-Jun-2026 10:57:31","2026-06-24 10:57:31","24-Jun-2026 10:57:32","00:00:01","https://nsearchives.nseindia.com/corporate/BSE1_24062026105700_NSEIntimation.pdf"
"BSE","BSE Limited","Analysts/Institutional Investor Meet/Con. Call Updates","BSE Limited has informed the Exchange about Schedule of meet","22-Jun-2026 16:32:09","2026-06-22 16:32:09","22-Jun-2026 16:32:10","00:00:01","https://nsearchives.nseindia.com/corporate/BSE1_22062026163120_NSEIntimation.pdf"
"BSE","BSE Limited","Appointment","BSE Limited has informed the Exchange regarding Appointment of Mr. Saurabh Shukla as Executive Director - Vertical 1 (Critical Operations) of the Company w.e.f. September 04, 2026.","16-Jun-2026 18:37:47","2026-06-16 18:37:47","16-Jun-2026 18:37:48","00:00:01","https://nsearchives.nseindia.com/corporate/BSE1_16062026183728_NSEIntimation.pdf"
"BSE","BSE Limited","Outcome of Board Meeting","BSE Limited has informed the Exchange regarding Outcome of Board Meeting held on Jun 16, 2026.","16-Jun-2026 18:27:25","2026-06-16 18:27:25","16-Jun-2026 18:27:26","00:00:01","https://nsearchives.nseindia.com/corporate/BSE1_16062026182713_NSEIntimation.pdf"
"BSE","BSE Limited","Analysts/Institutional Investor Meet/Con. Call Updates","BSE Limited has informed the Exchange about Schedule of meet","12-Jun-2026 17:17:35","2026-06-12 17:17:35","12-Jun-2026 17:17:36","00:00:01","https://nsearchives.nseindia.com/corporate/BSE1_12062026171113_NSEIntimation.pdf"
"BSE","BSE Limited","Analysts/Institutional Investor Meet/Con. Call Updates","BSE Limited has informed the Exchange about Schedule of meet","12-Jun-2026 17:17:35","2026-06-12 17:17:35","12-Jun-2026 17:17:36","00:00:01","https://nsearchives.nseindia.com/corporate/BSE1_12062026171214_NSEIntimation.pdf"
"BSE","BSE Limited","Analysts/Institutional Investor Meet/Con. Call Updates","BSE Limited has informed the Exchange about Schedule of meet","11-Jun-2026 18:11:23","2026-06-11 18:11:23","11-Jun-2026 18:11:24","00:00:01","https://nsearchives.nseindia.com/corporate/BSE1_11062026181057_NSEIntimation.pdf"
"BSE","BSE Limited","Updates","BSE Limited has informed the Exchange regarding 'change of name of its wholly owned subsidiary'.","09-Jun-2026 19:09:27","2026-06-09 19:09:27","09-Jun-2026 19:09:28","00:00:01","https://nsearchives.nseindia.com/corporate/BSE_09062026190648_NSEIntimation.pdf"
"BSE","BSE Limited","Analysts/Institutional Investor Meet/Con. Call Updates","BSE Limited has informed the Exchange about Schedule of meet","08-Jun-2026 18:31:20","2026-06-08 18:31:20","08-Jun-2026 18:31:21","00:00:01","https://nsearchives.nseindia.com/corporate/BSE1_08062026175833_NSEIntimation.pdf"
"BSE","BSE Limited","Analysts/Institutional Investor Meet/Con. Call Updates","BSE Limited has informed the Exchange about Schedule of meet","08-Jun-2026 18:31:20","2026-06-08 18:31:20","08-Jun-2026 18:31:21","00:00:01","https://nsearchives.nseindia.com/corporate/BSE1_08062026175921_NSEIntimation.pdf"
"BSE","BSE Limited","Updates","BSE Limited has informed the Exchange regarding 'revised contact details of Key Managerial Personnel (KMPs) pursuant to Regulation 30(5) of SEBI (Listing Obligations and Disclosure Requirements) Regulations, 2015 for determining the materiality of an event/information and making disclosures to Stock Exchange'.","05-Jun-2026 10:41:14","2026-06-05 10:41:14","05-Jun-2026 10:41:15","00:00:01","https://nsearchives.nseindia.com/corporate/BSE1_05062026103758_NSEIntimation.pdf"
"BSE","BSE Limited","Analysts/Institutional Investor Meet/Con. Call Updates","BSE Limited has informed the Exchange about Schedule of meet","03-Jun-2026 16:37:33","2026-06-03 16:37:33","03-Jun-2026 16:37:34","00:00:01","https://nsearchives.nseindia.com/corporate/BSE1_03062026163032_NSEIntimation.pdf"
"BSE","BSE Limited","Analysts/Institutional Investor Meet/Con. Call Updates","BSE Limited has informed the Exchange about Schedule of meet","03-Jun-2026 16:37:33","2026-06-03 16:37:33","03-Jun-2026 16:37:34","00:00:01","https://nsearchives.nseindia.com/corporate/BSE1_03062026163334_NSEIntimation.pdf"
"BSE","BSE Limited","Analysts/Institutional Investor Meet/Con. Call Updates","BSE Limited has informed the Exchange about Schedule of meet","03-Jun-2026 16:37:33","2026-06-03 16:37:33","03-Jun-2026 16:37:34","00:00:01","https://nsearchives.nseindia.com/corporate/BSE1_03062026163240_NSEIntimation.pdf"
"BSE","BSE Limited","Analysts/Institutional Investor Meet/Con. Call Updates","BSE Limited has informed the Exchange about Schedule of meet","03-Jun-2026 16:37:33","2026-06-03 16:37:33","03-Jun-2026 16:37:34","00:00:01","https://nsearchives.nseindia.com/corporate/BSE1_03062026163148_NSEIntimation.pdf"
"BSE","BSE Limited","Appointment","BSE Limited has informed the Exchange regarding Appointment of Ms Geetha Gangadharan as Chief Regulatory Officer of the Company w.e.f. June 05, 2026.","02-Jun-2026 17:43:17","2026-06-02 17:43:17","02-Jun-2026 17:43:18","00:00:01","https://nsearchives.nseindia.com/corporate/BSE_02062026174237_NSEintimation02062026.pdf"
"BSE","BSE Limited","Change in Management","BSE Limited has informed the Exchange about resignation of Ms. Kamala Kantharaj from the position of Chief Regulatory Officer and has been redesignated as Chief - Special Duty","02-Jun-2026 17:43:17","2026-06-02 17:43:17","02-Jun-2026 17:43:18","00:00:01","https://nsearchives.nseindia.com/corporate/BSE_02062026174045_NSEintimation02062026.pdf"
"BSE","BSE Limited","Appointment","BSE Limited has informed the Exchange regarding Appointment of Mr Gopalan S. Raghavan as Executive Director - Regulatory, Compliance, Risk Management and Investor Grievance (Vertical-2) of the Company w.e.f. Jun 18, 2026.","02-Jun-2026 17:35:00","2026-06-02 17:35:00","02-Jun-2026 17:35:00","00:00:00","https://nsearchives.nseindia.com/corporate/BSE_02062026173445_NSEintimation02062026.pdf"
"BSE","BSE Limited","Outcome of Board Meeting","BSE Limited has informed the Exchange regarding Outcome of Board Meeting held on Jun 02, 2026.","02-Jun-2026 17:31:16","2026-06-02 17:31:16","02-Jun-2026 17:31:17","00:00:01","https://nsearchives.nseindia.com/corporate/BSE_02062026172954_NSEintimation02062026.pdf"
"BSE","BSE Limited","Analysts/Institutional Investor Meet/Con. Call Updates","BSE Limited has informed the Exchange about Cancellation of Analysts/Investors Meeting Scheduled on Monday, June 1, 2026","01-Jun-2026 10:10:04","2026-06-01 10:10:04","01-Jun-2026 10:10:04","00:00:00","https://nsearchives.nseindia.com/corporate/BSE_01062026100928_NSEIntimation.pdf"
"BSE","BSE Limited","Analysts/Institutional Investor Meet/Con. Call Updates","BSE Limited has informed the Exchange about Schedule of meet","27-May-2026 13:07:25","2026-05-27 13:07:25","27-May-2026 13:07:26","00:00:01","https://nsearchives.nseindia.com/corporate/BSE1_27052026130554_NSEIntimation.pdf"
"BSE","BSE Limited","Analysts/Institutional Investor Meet/Con. Call Updates","BSE Limited has informed the Exchange about Schedule of meet","26-May-2026 16:39:10","2026-05-26 16:39:10","26-May-2026 16:39:11","00:00:01","https://nsearchives.nseindia.com/corporate/BSE1_26052026163218_NSEIntimation.pdf"
"BSE","BSE Limited","Analysts/Institutional Investor Meet/Con. Call Updates","BSE Limited has informed the Exchange about Schedule of meet","26-May-2026 16:39:10","2026-05-26 16:39:10","26-May-2026 16:39:11","00:00:01","https://nsearchives.nseindia.com/corporate/BSE1_26052026163650_NSEIntimation.pdf"
"BSE","BSE Limited","Analysts/Institutional Investor Meet/Con. Call Updates","BSE Limited has informed the Exchange about Schedule of meet","26-May-2026 16:39:10","2026-05-26 16:39:10","26-May-2026 16:39:11","00:00:01","https://nsearchives.nseindia.com/corporate/BSE1_26052026163548_NSEIntimation.pdf"
"BSE","BSE Limited","Analysts/Institutional Investor Meet/Con. Call Updates","BSE Limited has informed the Exchange about Schedule of meet","26-May-2026 16:39:10","2026-05-26 16:39:10","26-May-2026 16:39:11","00:00:01","https://nsearchives.nseindia.com/corporate/BSE1_26052026163411_NSEIntimation.pdf"
"BSE","BSE Limited","General Updates","BSE Limited has informed the Exchange about SEBI approval for appointment of Executive Directors for Vertical 1 and Vertical 2","25-May-2026 13:28:07","2026-05-25 13:28:07","25-May-2026 13:28:07","00:00:00","https://nsearchives.nseindia.com/corporate/BSE1_25052026132746_NSEintimation.pdf"
"BSE","BSE Limited","Analysts/Institutional Investor Meet/Con. Call Updates","BSE Limited has informed the Exchange about Schedule of meet","21-May-2026 15:00:12","2026-05-21 15:00:12","21-May-2026 15:00:14","00:00:02","https://nsearchives.nseindia.com/corporate/BSE1_21052026145526_NSEIntimation.pdf"
"BSE","BSE Limited","Analysts/Institutional Investor Meet/Con. Call Updates","BSE Limited has informed the Exchange about Schedule of meet","21-May-2026 15:00:12","2026-05-21 15:00:12","21-May-2026 15:00:14","00:00:02","https://nsearchives.nseindia.com/corporate/BSE1_21052026145709_NSEIntimation.pdf"
"BSE","BSE Limited","Copy of Newspaper Publication","BSE Limited has informed the Exchange about Copy of Newspaper Publication","20-May-2026 15:00:36","2026-05-20 15:00:36","20-May-2026 15:00:36","00:00:00","https://nsearchives.nseindia.com/corporate/BSE1_20052026150019_NSEIntimation_20052026.pdf"
"BSE","BSE Limited","Analysts/Institutional Investor Meet/Con. Call Updates","BSE Limited has informed the Exchange about Schedule of meet","15-May-2026 16:18:01","2026-05-15 16:18:01","15-May-2026 16:18:02","00:00:01","https://nsearchives.nseindia.com/corporate/BSE1_15052026161355_NSEintimation.pdf"
"BSE","BSE Limited","Analysts/Institutional Investor Meet/Con. Call Updates","BSE Limited has informed the Exchange about Schedule of meet","15-May-2026 16:18:01","2026-05-15 16:18:01","15-May-2026 16:18:02","00:00:01","https://nsearchives.nseindia.com/corporate/BSE1_15052026161541_NSEintimation.pdf"
"BSE","BSE Limited","Analysts/Institutional Investor Meet/Con. Call Updates","BSE Limited has informed the Exchange about Transcript","13-May-2026 17:22:38","2026-05-13 17:22:38","13-May-2026 17:22:39","00:00:01","https://nsearchives.nseindia.com/corporate/BSE1_13052026172037_NSEintimation.pdf"
"BSE","BSE Limited","Analysts/Institutional Investor Meet/Con. Call Updates","BSE Limited has informed the Exchange about Schedule of meet","13-May-2026 17:14:45","2026-05-13 17:14:45","13-May-2026 17:14:47","00:00:02","https://nsearchives.nseindia.com/corporate/BSE1_13052026171426_nseintimation1352026.pdf"
"BSE","BSE Limited","Copy of Newspaper Publication","BSE Limited has informed the Exchange about Copy of Newspaper Publication","08-May-2026 14:33:40","2026-05-08 14:33:40","08-May-2026 14:33:41","00:00:01","https://nsearchives.nseindia.com/corporate/BSE1_08052026143300_NSEintimation.pdf"
"BSE","BSE Limited","Analysts/Institutional Investor Meet/Con. Call Updates","BSE Limited has informed the Exchange about Link of Recording","07-May-2026 20:21:19","2026-05-07 20:21:19","07-May-2026 20:21:20","00:00:01","https://nsearchives.nseindia.com/corporate/BSE1_07052026202054_NSEintimation.pdf"
"BSE","BSE Limited","Updates","BSE Limited has informed the Exchange that the 21st Annual General meeting of the company will be held on Wednesday, August 19, 2026 through Video Conferencing / Other Audio-Visual Means''.","07-May-2026 18:08:51","2026-05-07 18:08:51","07-May-2026 18:08:52","00:00:01","https://nsearchives.nseindia.com/corporate/BSE1_07052026180422_NSEintimation07052026.pdf"
"BSE","BSE Limited","Record Date","BSE Limited has informed the Exchange that Record date for the purpose of Dividend  is 10-Jul-2026.","07-May-2026 17:49:28","2026-05-07 17:49:28","07-May-2026 17:49:29","00:00:01","https://nsearchives.nseindia.com/corporate/BSE1_07052026174859_NSEintimation07052026.pdf"
"BSE","BSE Limited","Dividend","BSE Limited has informed the Exchange that Board of Directors at its meeting held on May 07, 2026, recommended Final Dividend of Rs. 10 per equity share.","07-May-2026 17:47:38","2026-05-07 17:47:38","07-May-2026 17:47:39","00:00:01","https://nsearchives.nseindia.com/corporate/BSE1_07052026174613_NSEintimation07052026.pdf"
"BSE","BSE Limited","Analysts/Institutional Investor Meet/Con. Call Updates","BSE Limited has informed the Exchange about Presentation","07-May-2026 17:44:32","2026-05-07 17:44:32","07-May-2026 17:44:33","00:00:01","https://nsearchives.nseindia.com/corporate/BSE1_07052026174401_NSEintimation.pdf"
"BSE","BSE Limited","Outcome of Board Meeting","BSE Limited has submitted to the Exchange, the financial results for the quarter and financial year ended March 31, 2026.","07-May-2026 17:36:02","2026-05-07 17:36:02","07-May-2026 17:36:03","00:00:01","https://nsearchives.nseindia.com/corporate/BSE1_07052026173203_NSEintimation07052026.pdf"
"BSE","BSE Limited","Updates","BSE Limited has informed the Exchange regarding General update.","30-Apr-2026 10:17:33","2026-04-30 10:17:33","30-Apr-2026 10:17:34","00:00:01","https://nsearchives.nseindia.com/corporate/BSE1_30042026101625_NSEIntimation.pdf"
"BSE","BSE Limited","Copy of Newspaper Publication","BSE Limited has informed the Exchange about Copy of Newspaper Publication","29-Apr-2026 12:54:18","2026-04-29 12:54:18","29-Apr-2026 12:54:19","00:00:01","https://nsearchives.nseindia.com/corporate/BSE1_29042026125400_NSEIntimationIEPFNotice.pdf"
"BSE","BSE Limited","Analysts/Institutional Investor Meet/Con. Call Updates","BSE Limited has informed the Exchange about Schedule of meet","28-Apr-2026 17:30:40","2026-04-28 17:30:40","28-Apr-2026 17:30:41","00:00:01","https://nsearchives.nseindia.com/corporate/BSE1_28042026173009_NSEintimation28042026.pdf"
"BSE","BSE Limited","Amalgamation/Merger","BSE Limited has informed the Exchange about Merger of BSE Investments Limited and BSE Administration & Supervision Limited with BSE Technologies Private Limited","23-Apr-2026 20:25:20","2026-04-23 20:25:20","23-Apr-2026 20:25:21","00:00:01","https://nsearchives.nseindia.com/corporate/BSE1_23042026202455_NSEIntimation.pdf"
"BSE","BSE Limited","Analysts/Institutional Investor Meet/Con. Call Updates","BSE Limited has informed the Exchange about Schedule of meet","22-Apr-2026 12:35:56","2026-04-22 12:35:56","22-Apr-2026 12:35:57","00:00:01","https://nsearchives.nseindia.com/corporate/BSE1_22042026123402_NSEIntimation.pdf"
"BSE","BSE Limited","Analysts/Institutional Investor Meet/Con. Call Updates","BSE Limited has informed the Exchange about Schedule of meet","16-Apr-2026 16:51:51","2026-04-16 16:51:51","16-Apr-2026 16:51:52","00:00:01","https://nsearchives.nseindia.com/corporate/BSE1_16042026165109_NSEIntimation.pdf"
"BSE","BSE Limited","Disclosure under SEBI Takeover Regulations","BSE Limited has Submitted to the Exchange a copy of Disclosure under Regulation 31(4) of the Securities and Exchange Board of India (Substantial Acquisition of Shares and Takeovers) Regulations, 2011.","13-Apr-2026 15:09:13","2026-04-13 15:09:13","13-Apr-2026 15:09:13","00:00:00","https://nsearchives.nseindia.com/corporate/team_sandeshc_09042026130338_18.pdf"
"BSE","BSE Limited","Analysts/Institutional Investor Meet/Con. Call Updates","BSE Limited has informed the Exchange about reschedule of Analyst/ Institutional Investor Meeting","13-Apr-2026 14:22:54","2026-04-13 14:22:54","13-Apr-2026 14:22:55","00:00:01","https://nsearchives.nseindia.com/corporate/BSE1_13042026141753_NSEIntimation.pdf"
"BSE","BSE Limited","Updates","BSE Limited has informed the Exchange regarding 'SEBI Approval to launch Derivative Contracts on  BSE Focused IT Index '.","09-Apr-2026 17:34:42","2026-04-09 17:34:42","09-Apr-2026 17:34:44","00:00:02","https://nsearchives.nseindia.com/corporate/BSE1_09042026173337_NSEIntimation.pdf"
"BSE","BSE Limited","Analysts/Institutional Investor Meet/Con. Call Updates","BSE Limited has informed the Exchange about Schedule of meet","09-Apr-2026 16:25:00","2026-04-09 16:25:00","09-Apr-2026 16:25:01","00:00:01","https://nsearchives.nseindia.com/corporate/BSE1_09042026161942_NSEIntimation14042026.pdf"
"BSE","BSE Limited","Analysts/Institutional Investor Meet/Con. Call Updates","BSE Limited has informed the Exchange about Schedule of meet","09-Apr-2026 16:25:00","2026-04-09 16:25:00","09-Apr-2026 16:25:01","00:00:01","https://nsearchives.nseindia.com/corporate/BSE1_09042026162159_NSEIntimation17042026.pdf"
"BSE","BSE Limited","Certificate under SEBI (Depositories and Participants) Regulations, 2018","BSE Limited has informed the Exchange about Certificate under SEBI (Depositories and Participants) Regulations, 2018","08-Apr-2026 17:52:03","2026-04-08 17:52:03","08-Apr-2026 17:52:04","00:00:01","https://nsearchives.nseindia.com/corporate/BSE1_08042026175014_NSEIntimation.pdf"
"BSE","BSE Limited","Acquisition","BSE Limited has informed the Exchange about Acquisition of Equity Shares in Social Stock Exchange Capacity Building Foundation","08-Apr-2026 17:38:33","2026-04-08 17:38:33","08-Apr-2026 17:38:34","00:00:01","https://nsearchives.nseindia.com/corporate/BSE1_08042026173822_NSEIntimation.pdf"
"BSE","BSE Limited","Cessation","BSE Limited has informed the Exchange regarding Cessation of  Shri Vivek Garg and Shri Prahlad Salian as Key Management Personnel and Senior Management of the Company w.e.f. April 01, 2026.","02-Apr-2026 13:48:57","2026-04-02 13:48:57","02-Apr-2026 13:48:58","00:00:01","https://nsearchives.nseindia.com/corporate/BSE1_02042026134738_NSEintimation.pdf"
"BSE","BSE Limited","Updates","BSE Limited has informed the Exchange regarding 'update in contact details of Key Managerial Personnel (KMPs) pursuant to Regulation 30(5) of SEBI (Listing Obligations and Disclosure Requirements) Regulations, 2015 for determining the materiality of an event/information and making disclosures to Stock Exchange.","01-Apr-2026 17:21:27","2026-04-01 17:21:27","01-Apr-2026 17:21:28","00:00:01","https://nsearchives.nseindia.com/corporate/BSE1_01042026171910_NSEintimation01042026.pdf"
"BSE","BSE Limited","Trading Window","BSE Limited has informed the Exchange regarding the Trading Window closure pursuant to SEBI (Prohibition of Insider Trading) Regulations, 2015","30-Mar-2026 11:39:12","2026-03-30 11:39:12","30-Mar-2026 11:39:13","00:00:01","https://nsearchives.nseindia.com/corporate/BSE1_30032026113854_NSEIntimation.pdf"
"BSE","BSE Limited","Analysts/Institutional Investor Meet/Con. Call Updates","BSE Limited has informed the Exchange about Schedule of meet","30-Mar-2026 11:34:47","2026-03-30 11:34:47","30-Mar-2026 11:34:48","00:00:01","https://nsearchives.nseindia.com/corporate/BSE1_30032026113343_NSEIntimation.pdf"
"BSE","BSE Limited","Analysts/Institutional Investor Meet/Con. Call Updates","BSE Limited has informed the Exchange about Schedule of meet","12-Mar-2026 16:18:00","2026-03-12 16:18:00","12-Mar-2026 16:18:01","00:00:01","https://nsearchives.nseindia.com/corporate/BSE1_12032026161741_NSEIntimation.pdf"
"BSE","BSE Limited","Analysts/Institutional Investor Meet/Con. Call Updates","BSE Limited has informed the Exchange about Schedule of meet","11-Mar-2026 16:42:46","2026-03-11 16:42:46","11-Mar-2026 16:42:48","00:00:02","https://nsearchives.nseindia.com/corporate/BSE1_11032026164049_NSEIntimation.pdf"
"BSE","BSE Limited","Analysts/Institutional Investor Meet/Con. Call Updates","BSE Limited has informed the Exchange about Schedule of meet","10-Mar-2026 14:38:46","2026-03-10 14:38:46","10-Mar-2026 14:38:46","00:00:00","https://nsearchives.nseindia.com/corporate/BSE_10032026143720_NSEIntimation1003.pdf"
"BSE","BSE Limited","Updates","BSE Limited has informed the Exchange regarding ' SEBI Approval to launch Derivative Contracts on  BSE SENSEX Next 30 Index '.","04-Mar-2026 16:45:00","2026-03-04 16:45:00","04-Mar-2026 16:45:01","00:00:01","https://nsearchives.nseindia.com/corporate/BSE1_04032026164224_NSEIntimation.pdf"
"BSE","BSE Limited","Analysts/Institutional Investor Meet/Con. Call Updates","BSE Limited has informed the Exchange about Schedule of meet","27-Feb-2026 11:56:08","2026-02-27 11:56:08","27-Feb-2026 11:56:10","00:00:02","https://nsearchives.nseindia.com/corporate/BSE1_27022026115556_NSEIntimation0203.pdf"
"BSE","BSE Limited","Analysts/Institutional Investor Meet/Con. Call Updates","BSE Limited has informed the Exchange about Schedule of meet","24-Feb-2026 18:20:57","2026-02-24 18:20:57","24-Feb-2026 18:20:58","00:00:01","https://nsearchives.nseindia.com/corporate/BSE1_24022026181933_NSEIntimation0203.pdf"
"BSE","BSE Limited","Analysts/Institutional Investor Meet/Con. Call Updates","BSE Limited has informed the Exchange about Schedule of meet","24-Feb-2026 18:20:57","2026-02-24 18:20:57","24-Feb-2026 18:20:58","00:00:01","https://nsearchives.nseindia.com/corporate/BSE1_24022026182030_NSEIntimation0403.pdf"
"BSE","BSE Limited","Analysts/Institutional Investor Meet/Con. Call Updates","BSE Limited has informed the Exchange about Schedule of meet","17-Feb-2026 16:34:35","2026-02-17 16:34:35","17-Feb-2026 16:34:36","00:00:01","https://nsearchives.nseindia.com/corporate/BSE1_17022026163414_NSEintimation17022026.pdf"
"BSE","BSE Limited","Updates","BSE Limited has informed the Exchange regarding 'BSE receives SEBI Approval to launch Derivative Contracts on  BSE Focused Midcap Index '.","13-Feb-2026 18:27:42","2026-02-13 18:27:42","13-Feb-2026 18:27:43","00:00:01","https://nsearchives.nseindia.com/corporate/BSE1_13022026182721_NSEintimationsd.pdf"
"BSE","BSE Limited","Analysts/Institutional Investor Meet/Con. Call Updates","BSE Limited has informed the Exchange about Transcript","13-Feb-2026 17:50:34","2026-02-13 17:50:34","13-Feb-2026 17:50:35","00:00:01","https://nsearchives.nseindia.com/corporate/BSE1_13022026174918_NSEintimation13022026.pdf"
"BSE","BSE Limited","Analysts/Institutional Investor Meet/Con. Call Updates","BSE Limited has informed the Exchange about Schedule of meet","11-Feb-2026 17:17:29","2026-02-11 17:17:29","11-Feb-2026 17:17:29","00:00:00","https://nsearchives.nseindia.com/corporate/BSE1_11022026171700_NSEIntimation.pdf"
"BSE","BSE Limited","Analysts/Institutional Investor Meet/Con. Call Updates","BSE Limited has informed the Exchange about Schedule of meet","11-Feb-2026 17:10:49","2026-02-11 17:10:49","11-Feb-2026 17:10:50","00:00:01","https://nsearchives.nseindia.com/corporate/BSE1_11022026171032_NSEIntimation.pdf"
"BSE","BSE Limited","Analysts/Institutional Investor Meet/Con. Call Updates","BSE Limited has informed the Exchange about Schedule of meet","11-Feb-2026 17:07:06","2026-02-11 17:07:06","11-Feb-2026 17:07:07","00:00:01","https://nsearchives.nseindia.com/corporate/BSE1_11022026170656_NSEIntimation.pdf"
"BSE","BSE Limited","Analysts/Institutional Investor Meet/Con. Call Updates","BSE Limited has informed the Exchange about Schedule of meet","11-Feb-2026 17:03:46","2026-02-11 17:03:46","11-Feb-2026 17:03:47","00:00:01","https://nsearchives.nseindia.com/corporate/BSE1_11022026170240_NSEIntimation.pdf"
"BSE","BSE Limited","Analysts/Institutional Investor Meet/Con. Call Updates","BSE Limited has informed the Exchange about Schedule of meet","10-Feb-2026 13:10:01","2026-02-10 13:10:01","10-Feb-2026 13:10:02","00:00:01","https://nsearchives.nseindia.com/corporate/BSE1_10022026130930_NSEintimation.pdf"
"BSE","BSE Limited","Analysts/Institutional Investor Meet/Con. Call Updates","BSE Limited has informed the Exchange about Schedule of meet","10-Feb-2026 13:07:36","2026-02-10 13:07:36","10-Feb-2026 13:07:37","00:00:01","https://nsearchives.nseindia.com/corporate/BSE1_10022026130641_NSEintimation.pdf"
"BSE","BSE Limited","Copy of Newspaper Publication","BSE Limited has informed the Exchange about Copy of Newspaper Publication","10-Feb-2026 13:00:51","2026-02-10 13:00:51","10-Feb-2026 13:00:52","00:00:01","https://nsearchives.nseindia.com/corporate/BSE1_10022026130033_NSEintimation.pdf"
"BSE","BSE Limited","Analysts/Institutional Investor Meet/Con. Call Updates","BSE Limited has informed the Exchange about Link of Recording","09-Feb-2026 20:18:38","2026-02-09 20:18:38","09-Feb-2026 20:18:39","00:00:01","https://nsearchives.nseindia.com/corporate/BSE1_09022026201811_NSEINTIMATION.pdf"
"BSE","BSE Limited","Change in Management","BSE Limited has informed the Exchange about change in Chief Risk Officer","09-Feb-2026 18:56:49","2026-02-09 18:56:49","09-Feb-2026 18:56:50","00:00:01","https://nsearchives.nseindia.com/corporate/BSE1_09022026185633_NSEIntimation.pdf"
"BSE","BSE Limited","Analysts/Institutional Investor Meet/Con. Call Updates","BSE Limited has informed the Exchange about Presentation","09-Feb-2026 18:50:25","2026-02-09 18:50:25","09-Feb-2026 18:50:26","00:00:01","https://nsearchives.nseindia.com/corporate/BSE1_09022026185014_intimation.pdf"
"BSE","BSE Limited","Outcome of Board Meeting","BSE Limited has submitted to the Exchange, the financial results for the period ended December 31, 2025.","09-Feb-2026 18:40:23","2026-02-09 18:40:23","09-Feb-2026 18:40:23","00:00:00","https://nsearchives.nseindia.com/corporate/BSE1_09022026183921_NSEIntimation.pdf"
"BSE","BSE Limited","Analysts/Institutional Investor Meet/Con. Call Updates","BSE Limited has informed the Exchange about Schedule of meet","04-Feb-2026 16:18:18","2026-02-04 16:18:18","04-Feb-2026 16:18:19","00:00:01","https://nsearchives.nseindia.com/corporate/BSE1_04022026161804_NSEIntimation.pdf"
"BSE","BSE Limited","Analysts/Institutional Investor Meet/Con. Call Updates","BSE Limited has informed the Exchange about Schedule of meet","04-Feb-2026 16:16:31","2026-02-04 16:16:31","04-Feb-2026 16:16:32","00:00:01","https://nsearchives.nseindia.com/corporate/BSE1_04022026161533_NSE_intimation.pdf"
"BSE","BSE Limited","Analysts/Institutional Investor Meet/Con. Call Updates","BSE Limited has informed the Exchange about Schedule of meet","02-Feb-2026 13:49:55","2026-02-02 13:49:55","02-Feb-2026 13:49:56","00:00:01","https://nsearchives.nseindia.com/corporate/BSE1_02022026134449_NSEIntimation.pdf"
"BSE","BSE Limited","Appointment","BSE Limited has informed the Exchange regarding Appointment of Mr Santanu Paul  as Non- Executive Independent Director of the company w.e.f. January 14, 2026.","12-Jan-2026 18:36:45","2026-01-12 18:36:45","12-Jan-2026 18:36:46","00:00:01","https://nsearchives.nseindia.com/corporate/BSE_12012026183618_Nseintimation.pdf"
"BSE","BSE Limited","Analysts/Institutional Investor Meet/Con. Call Updates","BSE Limited has informed the Exchange about Schedule of meet","07-Jan-2026 15:49:41","2026-01-07 15:49:41","07-Jan-2026 15:49:43","00:00:02","https://nsearchives.nseindia.com/corporate/BSE1_07012026154850_NSEintimation.pdf"
"BSE","BSE Limited","Updates","BSE Limited has informed the Exchange regarding newspaper advertisement, inviting applications for the key positions of Executive Directors, pursuant to SEBI Circular dated December 12, 2025.","07-Jan-2026 11:10:45","2026-01-07 11:10:45","07-Jan-2026 11:10:46","00:00:01","https://nsearchives.nseindia.com/corporate/BSE1_07012026110904_NSEintimation.pdf"
"BSE","BSE Limited","Certificate under SEBI (Depositories and Participants) Regulations, 2018","BSE Limited has informed the Exchange about Certificate under SEBI (Depositories and Participants) Regulations, 2018","06-Jan-2026 12:20:28","2026-01-06 12:20:28","06-Jan-2026 12:20:28","00:00:00","https://nsearchives.nseindia.com/corporate/BSE1_06012026121841_NSEIntimation.pdf"
"BSE","BSE Limited","Updates","BSE Limited has informed the Exchange regarding newspaper advertisement, inviting applications for the key positions of Executive Directors, pursuant to SEBI Circular dated December 12, 2025.","05-Jan-2026 15:47:07","2026-01-05 15:47:07","05-Jan-2026 15:47:08","00:00:01","https://nsearchives.nseindia.com/corporate/BSE1_05012026154631_NSEintimation.pdf"
"BSE","BSE Limited","Updates","BSE Limited has informed the Exchange regarding newspaper advertisement published inviting applications for the key positions of Executive Directors, pursuant to SEBI Circular dated December 12, 2025.","02-Jan-2026 15:14:18","2026-01-02 15:14:18","02-Jan-2026 15:14:20","00:00:02","https://nsearchives.nseindia.com/corporate/BSE1_02012026151355_NSEintimationFinal.pdf"
"BSE","BSE Limited","Trading Window","BSE Limited has informed the Exchange regarding the Trading Window closure pursuant to SEBI (Prohibition of Insider Trading) Regulations, 2015","30-Dec-2025 11:14:40","2025-12-30 11:14:40","30-Dec-2025 11:14:41","00:00:01","https://nsearchives.nseindia.com/corporate/BSE1_30122025111422_NSEintimation.pdf"
"BSE","BSE Limited","General Updates","BSE Limited has informed the Exchange about ESG Rating","30-Dec-2025 11:11:41","2025-12-30 11:11:41","30-Dec-2025 11:11:43","00:00:02","https://nsearchives.nseindia.com/corporate/BSE1_30122025111117_NSEintimationFinal.pdf"
"BSE","BSE Limited","News Verification","The Exchange has sought clarification from BSE Limited with respect to recent news item captioned BSE shares rise 3.5% as report says stock exchange plans to launch more monthly index option products.  The response from the Company is attached.","23-Dec-2025 10:54:41","2025-12-23 10:54:41","23-Dec-2025 10:54:42","00:00:01","https://nsearchives.nseindia.com/corporate/BSE1_23122025105317_NSEIntimation.pdf"
"BSE","BSE Limited","News Verification","The Exchange has sought clarification from BSE Limited with respect to recent news item captioned BSE shares rise 3.5% as report says stock exchange plans to launch more monthly index option products.  The response from the Company is awaited.","22-Dec-2025 18:18:47","2025-12-22 18:18:47","22-Dec-2025 18:18:48","00:00:01","-"
"BSE","BSE Limited","Change in Management","BSE Limited has informed the Exchange about re-designation of Key Management Personnel and Senior Management","17-Dec-2025 18:35:37","2025-12-17 18:35:37","17-Dec-2025 18:35:38","00:00:01","https://nsearchives.nseindia.com/corporate/BSE1_17122025183508_NSEintimation.pdf"
"BSE","BSE Limited","Outcome of Board Meeting","BSE Limited has informed the Exchange regarding Outcome of Board Meeting held on December 17, 2025.","17-Dec-2025 18:33:37","2025-12-17 18:33:37","17-Dec-2025 18:33:38","00:00:01","https://nsearchives.nseindia.com/corporate/BSE1_17122025183307_NSEintimation.pdf"
"BSE","BSE Limited","Action(s) taken or orders passed","BSE Limited has informed the Exchange about Action(s) taken or orders passed.","17-Dec-2025 17:35:09","2025-12-17 17:35:09","17-Dec-2025 17:35:11","00:00:02","https://nsearchives.nseindia.com/corporate/BSE1_17122025173302_NSEintimation.pdf"
"BSE","BSE Limited","Change in Director(s)","BSE Limited has informed the Exchange regarding Change in Director(s) of the company.","16-Dec-2025 19:08:58","2025-12-16 19:08:58","16-Dec-2025 19:08:59","00:00:01","https://nsearchives.nseindia.com/corporate/BSE1_16122025190837_NSEintimation.pdf"
"BSE","BSE Limited","Analysts/Institutional Investor Meet/Con. Call Updates","BSE Limited has informed the Exchange about Schedule of meet","10-Dec-2025 16:34:08","2025-12-10 16:34:08","10-Dec-2025 16:34:09","00:00:01","https://nsearchives.nseindia.com/corporate/BSE1_10122025163348_NSEintimation.pdf"
"BSE","BSE Limited","General Updates","BSE Limited has informed the Exchange about ESG Rating","09-Dec-2025 18:12:36","2025-12-09 18:12:36","09-Dec-2025 18:12:37","00:00:01","https://nsearchives.nseindia.com/corporate/BSE1_09122025181221_NSEIntimation.pdf"
"BSE","BSE Limited","Updates","BSE Limited has informed the Exchange regarding 'Sale of stake in Ebix Insuretech Private Limited by BSE Technologies Private Limited, a Wholly Owned Subsidiary of BSE Limited'.","09-Dec-2025 17:08:27","2025-12-09 17:08:27","09-Dec-2025 17:08:27","00:00:00","https://nsearchives.nseindia.com/corporate/BSE1_09122025170743_NSEintimation.pdf"
"BSE","BSE Limited","Analysts/Institutional Investor Meet/Con. Call Updates","BSE Limited has informed the Exchange about Schedule of meet","09-Dec-2025 11:02:20","2025-12-09 11:02:20","09-Dec-2025 11:02:21","00:00:01","https://nsearchives.nseindia.com/corporate/BSE1_09122025110102_Nseintimation.pdf"
"BSE","BSE Limited","Analysts/Institutional Investor Meet/Con. Call Updates","BSE Limited has informed the Exchange about Schedule of meet","09-Dec-2025 11:02:20","2025-12-09 11:02:20","09-Dec-2025 11:02:21","00:00:01","https://nsearchives.nseindia.com/corporate/BSE1_09122025105940_NSEIntimation.pdf"
"BSE","BSE Limited","Analysts/Institutional Investor Meet/Con. Call Updates","BSE Limited has informed the Exchange about Schedule of meet","26-Nov-2025 16:40:15","2025-11-26 16:40:15","26-Nov-2025 16:40:16","00:00:01","https://nsearchives.nseindia.com/corporate/BSE1_26112025163913_NSEIntimation.pdf"
"BSE","BSE Limited","Appointment","BSE Limited has informed the Exchange regarding Appointment of Mr Rudresh Kunde as Chief   Product, Policy & Strategy of the Company w.e.f. November 20, 2025.","17-Nov-2025 18:53:11","2025-11-17 18:53:11","17-Nov-2025 18:53:12","00:00:01","https://nsearchives.nseindia.com/corporate/BSE1_17112025185205_NSEintimation.pdf"
"BSE","BSE Limited","Analysts/Institutional Investor Meet/Con. Call Updates","BSE Limited has informed the Exchange about Transcript","17-Nov-2025 15:09:13","2025-11-17 15:09:13","17-Nov-2025 15:09:14","00:00:01","https://nsearchives.nseindia.com/corporate/BSE1_17112025150702_NSEIntimation.pdf"
"BSE","BSE Limited","Updates","BSE Limited has informed the Exchange regarding 'Infusion of additional funds in India International Exchange (IFSC) Limited '.","12-Nov-2025 18:22:23","2025-11-12 18:22:23","12-Nov-2025 18:22:24","00:00:01","https://nsearchives.nseindia.com/corporate/BSE1_12112025182203_Nseintimation.pdf"
"BSE","BSE Limited","Copy of Newspaper Publication","BSE Limited has informed the Exchange about Copy of Newspaper Publication","12-Nov-2025 17:29:47","2025-11-12 17:29:47","12-Nov-2025 17:29:47","00:00:00","https://nsearchives.nseindia.com/corporate/BSE1_12112025172932_NSEintimation.pdf"
"BSE","BSE Limited","Analysts/Institutional Investor Meet/Con. Call Updates","BSE Limited has informed the Exchange about Schedule of meet","12-Nov-2025 13:04:01","2025-11-12 13:04:01","12-Nov-2025 13:04:03","00:00:02","https://nsearchives.nseindia.com/corporate/BSE1_12112025130233_NSEIntimation.pdf"
"BSE","BSE Limited","Analysts/Institutional Investor Meet/Con. Call Updates","BSE Limited has informed the Exchange about Schedule of meet","12-Nov-2025 13:04:01","2025-11-12 13:04:01","12-Nov-2025 13:04:03","00:00:02","https://nsearchives.nseindia.com/corporate/BSE1_12112025125943_NSEIntimation.pdf"
"BSE","BSE Limited","Analysts/Institutional Investor Meet/Con. Call Updates","BSE Limited has informed the Exchange about Schedule of meet","12-Nov-2025 13:04:01","2025-11-12 13:04:01","12-Nov-2025 13:04:03","00:00:02","https://nsearchives.nseindia.com/corporate/BSE1_12112025130106_NSEIntimation.pdf"
"BSE","BSE Limited","Analysts/Institutional Investor Meet/Con. Call Updates","BSE Limited has informed the Exchange about Schedule of meet","12-Nov-2025 13:04:01","2025-11-12 13:04:01","12-Nov-2025 13:04:03","00:00:02","https://nsearchives.nseindia.com/corporate/BSE1_12112025130344_NSEIntimation.pdf"
"BSE","BSE Limited","Analysts/Institutional Investor Meet/Con. Call Updates","BSE Limited has informed the Exchange about Link of Recording","11-Nov-2025 20:24:55","2025-11-11 20:24:55","11-Nov-2025 20:24:55","00:00:00","https://nsearchives.nseindia.com/corporate/BSE1_11112025202444_CoveringletterinvestorAudio.pdf"
"BSE","BSE Limited","Investor Presentation","BSE Limited has informed the Exchange about Investor Presentation","11-Nov-2025 20:19:08","2025-11-11 20:19:08","11-Nov-2025 20:19:09","00:00:01","https://nsearchives.nseindia.com/corporate/BSE1_11112025201829_Coveringletterinvestorpresentationrevised.pdf"
"BSE","BSE Limited","Investor Presentation","BSE Limited has informed the Exchange about Investor Presentation","11-Nov-2025 18:09:04","2025-11-11 18:09:04","11-Nov-2025 18:09:05","00:00:01","https://nsearchives.nseindia.com/corporate/BSE1_11112025180623_Coveringletterinvestorpresentation.pdf"
"BSE","BSE Limited","Outcome of Board Meeting","BSE Limited has submitted to the Exchange, the financial results for the quarter and half year ended September 30, 2025.","11-Nov-2025 18:02:00","2025-11-11 18:02:00","11-Nov-2025 18:02:01","00:00:01","https://nsearchives.nseindia.com/corporate/BSE1_11112025180026_NSEIntimation.pdf"
"BSE","BSE Limited","Analysts/Institutional Investor Meet/Con. Call Updates","BSE Limited has informed the Exchange about Schedule of meet","06-Nov-2025 18:02:27","2025-11-06 18:02:27","06-Nov-2025 18:02:28","00:00:01","https://nsearchives.nseindia.com/corporate/BSE1_06112025180212_NSEIntimation.pdf"
"BSE","BSE Limited","Analysts/Institutional Investor Meet/Con. Call Updates","BSE Limited has informed the Exchange about Schedule of meet","06-Nov-2025 18:00:28","2025-11-06 18:00:28","06-Nov-2025 18:00:29","00:00:01","https://nsearchives.nseindia.com/corporate/BSE1_06112025180003_NSEIntimation.pdf"
"BSE","BSE Limited","Analysts/Institutional Investor Meet/Con. Call Updates","BSE Limited has informed the Exchange about Schedule of meet","06-Nov-2025 17:57:57","2025-11-06 17:57:57","06-Nov-2025 17:57:57","00:00:00","https://nsearchives.nseindia.com/corporate/BSE1_06112025175722_NSEIntimation.pdf"
"BSE","BSE Limited","Analysts/Institutional Investor Meet/Con. Call Updates","BSE Limited has informed the Exchange about Schedule of meet","06-Nov-2025 17:54:22","2025-11-06 17:54:22","06-Nov-2025 17:54:24","00:00:02","https://nsearchives.nseindia.com/corporate/BSE1_06112025175358_NSEIntimation.pdf"
"BSE","BSE Limited","Analysts/Institutional Investor Meet/Con. Call Updates","BSE Limited has informed the Exchange about Schedule of meet","04-Nov-2025 17:15:27","2025-11-04 17:15:27","04-Nov-2025 17:15:27","00:00:00","https://nsearchives.nseindia.com/corporate/BSE1_04112025171237_NSEINTIMATION.pdf"
"BSE","BSE Limited","Certificate under SEBI (Depositories and Participants) Regulations, 2018","BSE Limited has informed the Exchange about Certificate under SEBI (Depositories and Participants) Regulations, 2018","13-Oct-2025 11:38:14","2025-10-13 11:38:14","13-Oct-2025 11:38:15","00:00:01","https://nsearchives.nseindia.com/corporate/BSE1_13102025113617_NSEintimation.pdf"
"BSE","BSE Limited","Appointment","BSE Limited has informed the Exchange regarding Appointment of Mr Viral Davda as Chief Information Officer of the company w.e.f. November 04, 2025.","08-Oct-2025 17:31:05","2025-10-08 17:31:05","08-Oct-2025 17:31:06","00:00:01","https://nsearchives.nseindia.com/corporate/BSE1_08102025173048_NSEIntimation.pdf"
"BSE","BSE Limited","Analysts/Institutional Investor Meet/Con. Call Updates","BSE Limited has informed the Exchange about Schedule of meet","07-Oct-2025 12:40:58","2025-10-07 12:40:58","07-Oct-2025 12:40:58","00:00:00","https://nsearchives.nseindia.com/corporate/BSE1_07102025124010_NSEIntimation.pdf"
"BSE","BSE Limited","Analysts/Institutional Investor Meet/Con. Call Updates","BSE Limited has informed the Exchange about Schedule of meet","30-Sep-2025 10:54:11","2025-09-30 10:54:11","30-Sep-2025 10:54:12","00:00:01","https://nsearchives.nseindia.com/corporate/BSE1_30092025105248_NSE_Intimationv2.pdf"
"BSE","BSE Limited","Trading Window","BSE Limited has informed the Exchange regarding the Trading Window closure pursuant to SEBI (Prohibition of Insider Trading) Regulations, 2015","29-Sep-2025 18:39:12","2025-09-29 18:39:12","29-Sep-2025 18:39:13","00:00:01","https://nsearchives.nseindia.com/corporate/BSE1_29092025183900_NSEintimation.pdf"
"BSE","BSE Limited","Updates","BSE Limited has informed the Exchange regarding update on appointment of Key Management Personnel and Senior Management.","29-Sep-2025 18:36:29","2025-09-29 18:36:29","29-Sep-2025 18:36:30","00:00:01","https://nsearchives.nseindia.com/corporate/BSE1_29092025183611_NSEintimation.pdf"
"BSE","BSE Limited","Appointment","BSE Limited has informed the Exchange regarding Appointment of Mr Prahlad Salian as Head- Corporate Communications, Key Management Personnel and Senior Management of the Company w.e.f. October 01, 2025.","17-Sep-2025 23:40:18","2025-09-17 23:40:18","17-Sep-2025 23:40:19","00:00:01","https://nsearchives.nseindia.com/corporate/BSE1_17092025233841_NSEintimationsigned.pdf"
"BSE","BSE Limited","Analysts/Institutional Investor Meet/Con. Call Updates","BSE Limited has informed the Exchange about Schedule of meet","15-Sep-2025 17:49:42","2025-09-15 17:49:42","15-Sep-2025 17:49:43","00:00:01","https://nsearchives.nseindia.com/corporate/BSE1_15092025174345_NSEIntimationv1.pdf"
"BSE","BSE Limited","Analysts/Institutional Investor Meet/Con. Call Updates","BSE Limited has informed the Exchange about Schedule of meet","15-Sep-2025 17:49:42","2025-09-15 17:49:42","15-Sep-2025 17:49:43","00:00:01","https://nsearchives.nseindia.com/corporate/BSE1_15092025174636_NSEIntimationv2.pdf"
"BSE","BSE Limited","Analysts/Institutional Investor Meet/Con. Call Updates","BSE Limited has informed the Exchange about Schedule of meet","15-Sep-2025 17:49:42","2025-09-15 17:49:42","15-Sep-2025 17:49:43","00:00:01","https://nsearchives.nseindia.com/corporate/BSE1_15092025174506_NSEIntimationv2.pdf"
"BSE","BSE Limited","Analysts/Institutional Investor Meet/Con. Call Updates","BSE Limited has informed the Exchange about Cancellation of Analysts/Investors Meet","15-Sep-2025 11:50:09","2025-09-15 11:50:09","15-Sep-2025 11:50:10","00:00:01","https://nsearchives.nseindia.com/corporate/BSE1_15092025114802_NSEIntimation.pdf"
"BSE","BSE Limited","Analysts/Institutional Investor Meet/Con. Call Updates","BSE Limited has informed the Exchange about Schedule of meet","15-Sep-2025 11:50:09","2025-09-15 11:50:09","15-Sep-2025 11:50:10","00:00:01","https://nsearchives.nseindia.com/corporate/BSE1_15092025114247_NSEIntimation.pdf"
"BSE","BSE Limited","Analysts/Institutional Investor Meet/Con. Call Updates","BSE Limited has informed the Exchange about Schedule of meet","11-Sep-2025 18:57:30","2025-09-11 18:57:30","11-Sep-2025 18:57:31","00:00:01","https://nsearchives.nseindia.com/corporate/BSE1_11092025185655_NSEIntimation.pdf"
"BSE","BSE Limited","Copy of Newspaper Publication","BSE Limited has informed the Exchange about Copy of Newspaper Publication","09-Sep-2025 16:03:16","2025-09-09 16:03:16","09-Sep-2025 16:03:17","00:00:01","https://nsearchives.nseindia.com/corporate/BSE1_09092025160240_NSEIntimationIEPFNotice.pdf"
"BSE","BSE Limited","Analysts/Institutional Investor Meet/Con. Call Updates","BSE Limited has informed the Exchange about Schedule of meet","29-Aug-2025 16:20:49","2025-08-29 16:20:49","29-Aug-2025 16:20:50","00:00:01","https://nsearchives.nseindia.com/corporate/BSE_29082025162020_NSEIntimation.pdf"
"BSE","BSE Limited","Updates","BSE Limited has informed the Exchange regarding merger of BSE Investments Limited and BSE Administration and Supervision Limited (wholly owned subsidiaries of BSE Limited) with BSE Technologies Private Limited (wholly owned subsidiary of BSE Limited)","26-Aug-2025 16:02:43","2025-08-26 16:02:43","26-Aug-2025 16:02:43","00:00:00","https://nsearchives.nseindia.com/corporate/BSE1_26082025160020_NSEintimation.pdf"
"BSE","BSE Limited","Analysts/Institutional Investor Meet/Con. Call Updates","BSE Limited has informed the Exchange about Schedule of meet","25-Aug-2025 15:23:44","2025-08-25 15:23:44","25-Aug-2025 15:23:45","00:00:01","https://nsearchives.nseindia.com/corporate/BSE1_25082025152122_Nseintimation.pdf"
"BSE","BSE Limited","Analysts/Institutional Investor Meet/Con. Call Updates","BSE Limited has informed the Exchange about Schedule of meet","25-Aug-2025 15:23:44","2025-08-25 15:23:44","25-Aug-2025 15:23:45","00:00:01","https://nsearchives.nseindia.com/corporate/BSE1_25082025152018_NSEIntimation.pdf"
"BSE","BSE Limited","Analysts/Institutional Investor Meet/Con. Call Updates","BSE Limited has informed the Exchange about Schedule of meet","25-Aug-2025 15:23:44","2025-08-25 15:23:44","25-Aug-2025 15:23:45","00:00:01","https://nsearchives.nseindia.com/corporate/BSE1_25082025151908_NSEIntimation.pdf"
"BSE","BSE Limited","Analysts/Institutional Investor Meet/Con. Call Updates","BSE Limited has informed the Exchange about Schedule of meet","25-Aug-2025 15:23:44","2025-08-25 15:23:44","25-Aug-2025 15:23:45","00:00:01","https://nsearchives.nseindia.com/corporate/BSE1_25082025152237_NSEIntimation.pdf"
"BSE","BSE Limited","Resignation of Independent director","BSE LIMITED has informed the Exchange about Resignation of Independent director.","21-Aug-2025 19:30:54","2025-08-21 19:30:54","21-Aug-2025 19:30:55","00:00:01","https://nsearchives.nseindia.com/corporate/BSE_ROID_64694_KMP_Doc.zip"
"BSE","BSE Limited","Resignation","BSE Limited has informed the Exchange regarding Resignation of Shri Nandkumar Saravade as Non- Executive Independent Director of the company w.e.f. closure of business hours of August 21, 2025.","21-Aug-2025 19:23:16","2025-08-21 19:23:16","21-Aug-2025 19:23:16","00:00:00","https://nsearchives.nseindia.com/corporate/BSE1_21082025192237_NSEintimation.pdf"
"BSE","BSE Limited","Shareholders meeting","BSE Limited has informed the Exchange regarding Proceedings of Annual General Meeting held on August 20, 2025","20-Aug-2025 20:33:08","2025-08-20 20:33:08","20-Aug-2025 20:33:09","00:00:01","https://nsearchives.nseindia.com/corporate/BSE1_20082025203241_NSEIntimation.pdf"
"BSE","BSE Limited","Shareholders meeting","BSE Limited has submitted the Exchange a copy Srutinizers report of  Annual General Meeting held on August 20, 2025. Further, the company has informed the Exchange regarding voting results.","20-Aug-2025 20:26:05","2025-08-20 20:26:05","20-Aug-2025 20:26:06","00:00:01","https://nsearchives.nseindia.com/corporate/BSE1_20082025202422_NSEIntimation.pdf"
"BSE","BSE Limited","Analysts/Institutional Investor Meet/Con. Call Updates","BSE Limited has informed the Exchange about Schedule of meet","13-Aug-2025 16:16:20","2025-08-13 16:16:20","13-Aug-2025 16:16:21","00:00:01","https://nsearchives.nseindia.com/corporate/BSE1_13082025161543_NSEIntimation.pdf"
"BSE","BSE Limited","Analysts/Institutional Investor Meet/Con. Call Updates","BSE Limited has informed the Exchange about Schedule of meet","13-Aug-2025 16:16:20","2025-08-13 16:16:20","13-Aug-2025 16:16:21","00:00:01","https://nsearchives.nseindia.com/corporate/BSE1_13082025161405_NSEIntimation.pdf"
"BSE","BSE Limited","Analysts/Institutional Investor Meet/Con. Call Updates","BSE Limited has informed the Exchange about Transcript","13-Aug-2025 16:10:49","2025-08-13 16:10:49","13-Aug-2025 16:10:49","00:00:00","https://nsearchives.nseindia.com/corporate/BSE1_13082025161030_NSEintimation.pdf"
"BSE","BSE Limited","Analysts/Institutional Investor Meet/Con. Call Updates","BSE Limited has informed the Exchange about Schedule of meet","11-Aug-2025 10:36:29","2025-08-11 10:36:29","11-Aug-2025 10:36:30","00:00:01","https://nsearchives.nseindia.com/corporate/BSE1_11082025103536_NSEIntimation.pdf"
"BSE","BSE Limited","Analysts/Institutional Investor Meet/Con. Call Updates","BSE Limited has informed the Exchange about Schedule of meet","08-Aug-2025 12:33:40","2025-08-08 12:33:40","08-Aug-2025 12:33:41","00:00:01","https://nsearchives.nseindia.com/corporate/BSE1_08082025123317_NSEIntimation.pdf"
"BSE","BSE Limited","Analysts/Institutional Investor Meet/Con. Call Updates","BSE Limited has informed the Exchange about Schedule of meet","08-Aug-2025 12:33:40","2025-08-08 12:33:40","08-Aug-2025 12:33:41","00:00:01","https://nsearchives.nseindia.com/corporate/BSE1_08082025123302_NSEIntimation.pdf"
"BSE","BSE Limited","Copy of Newspaper Publication","BSE Limited has informed the Exchange about Copy of Newspaper Publication","08-Aug-2025 12:26:43","2025-08-08 12:26:43","08-Aug-2025 12:26:44","00:00:01","https://nsearchives.nseindia.com/corporate/BSE1_08082025122627_NSEintimation.pdf"
"BSE","BSE Limited","Analysts/Institutional Investor Meet/Con. Call Updates","BSE Limited has informed the Exchange about Link of Recording","07-Aug-2025 20:24:42","2025-08-07 20:24:42","07-Aug-2025 20:24:43","00:00:01","https://nsearchives.nseindia.com/corporate/BSE1_07082025202320_NSEintimationfinal.pdf"
"BSE","BSE Limited","Outcome of Board Meeting","BSE Limited has informed the Exchange about infusion of additional funds in India International Exchange (IFSC) Limited ( INDIA INX )","07-Aug-2025 18:29:42","2025-08-07 18:29:42","07-Aug-2025 18:29:44","00:00:02","https://nsearchives.nseindia.com/corporate/BSE1_07082025182906_NSEIntimation.pdf"
"BSE","BSE Limited","Analysts/Institutional Investor Meet/Con. Call Updates","BSE Limited has informed the Exchange about Investor Presentation","07-Aug-2025 18:25:36","2025-08-07 18:25:36","07-Aug-2025 18:25:37","00:00:01","https://nsearchives.nseindia.com/corporate/BSE1_07082025182504_Coveringletterinvestorpresentation.pdf"
"BSE","BSE Limited","Outcome of Board Meeting","BSE Limited has submitted to the Exchange, the unaudited financial results for the period ended Jun 30, 2025.","07-Aug-2025 18:18:47","2025-08-07 18:18:47","07-Aug-2025 18:18:48","00:00:01","https://nsearchives.nseindia.com/corporate/BSE1_07082025181717_NSEIntimation.pdf"
"BSE","BSE Limited","Appointment","BSE Limited has informed the Exchange regarding Appointment of Mr Fal Ghancha as Joint Chief Information Security Officer, Key Management Personnel and Senior Management of the Company w.e.f. October 01, 2025.","06-Aug-2025 18:31:07","2025-08-06 18:31:07","06-Aug-2025 18:31:07","00:00:00","https://nsearchives.nseindia.com/corporate/BSE1_06082025183024_NSEintimation.pdf"
"BSE","BSE Limited","Resignation","BSE Limited has informed the Exchange regarding Resignation of Mr Subhash Kelkar as Other of the company w.e.f. November 04, 2025.","04-Aug-2025 17:26:54","2025-08-04 17:26:54","04-Aug-2025 17:26:54","00:00:00","https://nsearchives.nseindia.com/corporate/BSE1_04082025172538_NSEintimation.pdf"
"BSE","BSE Limited","Analysts/Institutional Investor Meet/Con. Call Updates","BSE Limited has informed the Exchange about Schedule of meet","30-Jul-2025 15:38:47","2025-07-30 15:38:47","30-Jul-2025 15:38:47","00:00:00","https://nsearchives.nseindia.com/corporate/BSE1_30072025153704_NSE_intimation.pdf"
"BSE","BSE Limited","General Updates","BSE Limited has informed the Exchange about letter sent to Members providing web link of Annual Report 2024-25","25-Jul-2025 17:29:17","2025-07-25 17:29:17","25-Jul-2025 17:29:18","00:00:01","https://nsearchives.nseindia.com/corporate/BSE1_25072025172724_NSEIntimation.pdf"
"BSE","BSE Limited","Copy of Newspaper Publication","BSE Limited has informed the Exchange about Copy of Newspaper Publication","25-Jul-2025 17:23:30","2025-07-25 17:23:30","25-Jul-2025 17:23:31","00:00:01","https://nsearchives.nseindia.com/corporate/BSE1_25072025172311_NSEIntimation.pdf"
"BSE","BSE Limited","Analysts/Institutional Investor Meet/Con. Call Updates","BSE Limited has informed the Exchange about Schedule of meet","21-Jul-2025 15:25:54","2025-07-21 15:25:54","21-Jul-2025 15:25:55","00:00:01","https://nsearchives.nseindia.com/corporate/BSE1_21072025152512_NSEintimation.pdf"
"BSE","BSE Limited","Analysts/Institutional Investor Meet/Con. Call Updates","BSE Limited has informed the Exchange about Schedule of meet","08-Jul-2025 13:15:02","2025-07-08 13:15:02","08-Jul-2025 13:15:02","00:00:00","https://nsearchives.nseindia.com/corporate/BSE1_08072025131414_NSE_Intimation.pdf"
"BSE","BSE Limited","Certificate under SEBI (Depositories and Participants) Regulations, 2018","BSE Limited has informed the Exchange about Certificate under SEBI (Depositories and Participants) Regulations, 2018","03-Jul-2025 10:26:58","2025-07-03 10:26:58","03-Jul-2025 10:26:59","00:00:01","https://nsearchives.nseindia.com/corporate/BSE1_03072025102556_NSEIntimation.pdf"
"BSE","BSE Limited","Analysts/Institutional Investor Meet/Con. Call Updates","BSE Limited has informed the Exchange about Schedule of meet","01-Jul-2025 11:14:08","2025-07-01 11:14:08","01-Jul-2025 11:14:09","00:00:01","https://nsearchives.nseindia.com/corporate/BSE1_01072025111323_NSEintimation.pdf"
"BSE","BSE Limited","Action(s) taken or orders passed","BSE Limited has informed the Exchange about Action(s) taken or orders passed","26-Jun-2025 14:29:34","2025-06-26 14:29:34","26-Jun-2025 14:29:35","00:00:01","https://nsearchives.nseindia.com/corporate/BSE_26062025142758_NSEIntimationrevised__005_.pdf"
"BSE","BSE Limited","Trading Window","BSE Limited has informed the Exchange regarding the Trading Window closure pursuant to SEBI (Prohibition of Insider Trading) Regulations, 2015","26-Jun-2025 11:40:42","2025-06-26 11:40:42","26-Jun-2025 11:40:43","00:00:01","https://nsearchives.nseindia.com/corporate/BSE_26062025114011_NseIntimation.pdf"
"BSE","BSE Limited","Disclosure under SEBI Takeover Regulations","BSE Limited has Submitted to the Exchange a copy of Disclosure under Regulation 31(4) of the Securities and Exchange Board of India (Substantial Acquisition of Shares and Takeovers) Regulations, 2011.","25-Jun-2025 19:56:17","2025-06-25 19:56:17","25-Jun-2025 19:56:18","00:00:01","https://nsearchives.nseindia.com/corporate/team_bbodade_28042025162856_BSE.pdf"
"BSE","BSE Limited","Action(s) taken or orders passed","BSE Limited has informed the Exchange about  Order passed by the Securities & Exchange Board of India","25-Jun-2025 18:06:49","2025-06-25 18:06:49","25-Jun-2025 18:06:50","00:00:01","https://nsearchives.nseindia.com/corporate/BSE1_25062025180633_NSEIntimation.pdf"
"BSE","BSE Limited","Analysts/Institutional Investor Meet/Con. Call Updates","BSE Limited has informed the Exchange about Cancellation of Analysts/Investors Meet","23-Jun-2025 10:31:18","2025-06-23 10:31:18","23-Jun-2025 10:31:20","00:00:02","https://nsearchives.nseindia.com/corporate/BSE1_23062025103011_NSEintimation.pdf"
"BSE","BSE Limited","Copy of Newspaper Publication","BSE Limited has informed the Exchange about Copy of Newspaper Publication","19-Jun-2025 14:56:40","2025-06-19 14:56:40","19-Jun-2025 14:56:41","00:00:01","https://nsearchives.nseindia.com/corporate/BSE1_19062025145501_NSEintimation.pdf"
"BSE","BSE Limited","Updates","BSE Limited has informed the Exchange regarding 'Final Settlement Day (Expiry Day) for Equity Derivatives Contracts'.","17-Jun-2025 16:05:36","2025-06-17 16:05:36","17-Jun-2025 16:05:37","00:00:01","https://nsearchives.nseindia.com/corporate/BSE1_17062025160524_NSEintimation.pdf"
"BSE","BSE Limited","Analysts/Institutional Investor Meet/Con. Call Updates","BSE Limited has informed the Exchange about Schedule of meet","16-Jun-2025 16:46:07","2025-06-16 16:46:07","16-Jun-2025 16:46:08","00:00:01","https://nsearchives.nseindia.com/corporate/BSE1_16062025164512_Nseintimation.pdf"
"BSE","BSE Limited","Analysts/Institutional Investor Meet/Con. Call Updates","BSE Limited has informed the Exchange about Schedule of meet","13-Jun-2025 15:08:42","2025-06-13 15:08:42","13-Jun-2025 15:08:43","00:00:01","https://nsearchives.nseindia.com/corporate/BSE1_13062025150734_NSEIntimation.pdf"
"BSE","BSE Limited","Analysts/Institutional Investor Meet/Con. Call Updates","BSE Limited has informed the Exchange about Cancellation of Analysts/Investors Meet","10-Jun-2025 16:16:43","2025-06-10 16:16:43","10-Jun-2025 16:16:44","00:00:01","https://nsearchives.nseindia.com/corporate/BSE_10062025161513_NseIntimation.pdf"
"BSE","BSE Limited","Analysts/Institutional Investor Meet/Con. Call Updates","BSE Limited has informed the Exchange about Schedule of meet","09-Jun-2025 16:52:25","2025-06-09 16:52:25","09-Jun-2025 16:52:25","00:00:00","https://nsearchives.nseindia.com/corporate/BSE1_09062025165137_NseIntimation.pdf"
"BSE","BSE Limited","Analysts/Institutional Investor Meet/Con. Call Updates","BSE Limited has informed the Exchange about Schedule of meet","09-Jun-2025 13:08:16","2025-06-09 13:08:16","09-Jun-2025 13:08:16","00:00:00","https://nsearchives.nseindia.com/corporate/BSE1_09062025130449_Nseintimation.pdf"
"BSE","BSE Limited","Analysts/Institutional Investor Meet/Con. Call Updates","BSE Limited has informed the Exchange about Schedule of meet","09-Jun-2025 13:08:16","2025-06-09 13:08:16","09-Jun-2025 13:08:16","00:00:00","https://nsearchives.nseindia.com/corporate/BSE1_09062025130635_Nseintimation.pdf"
"BSE","BSE Limited","Analysts/Institutional Investor Meet/Con. Call Updates","BSE Limited has informed the Exchange about Schedule of meet","04-Jun-2025 17:01:17","2025-06-04 17:01:17","04-Jun-2025 17:01:18","00:00:01","https://nsearchives.nseindia.com/corporate/BSE1_04062025165705_NseIntimation.pdf"
"BSE","BSE Limited","Analysts/Institutional Investor Meet/Con. Call Updates","BSE Limited has informed the Exchange about Schedule of meet","04-Jun-2025 17:01:17","2025-06-04 17:01:17","04-Jun-2025 17:01:18","00:00:01","https://nsearchives.nseindia.com/corporate/BSE1_04062025165803_NseIntimation.pdf"
"BSE","BSE Limited","Analysts/Institutional Investor Meet/Con. Call Updates","BSE Limited has informed the Exchange about Schedule of meet","04-Jun-2025 17:01:17","2025-06-04 17:01:17","04-Jun-2025 17:01:18","00:00:01","https://nsearchives.nseindia.com/corporate/BSE1_04062025165604_NseIntimation.pdf"
"BSE","BSE Limited","Analysts/Institutional Investor Meet/Con. Call Updates","BSE Limited has informed the Exchange about Cancellation of Analyst/Investor meet","04-Jun-2025 13:08:26","2025-06-04 13:08:26","04-Jun-2025 13:08:26","00:00:00","https://nsearchives.nseindia.com/corporate/BSE1_04062025130642_Nseintimation.pdf"
"BSE","BSE Limited","Analysts/Institutional Investor Meet/Con. Call Updates","BSE Limited has informed the Exchange about Schedule of meet","30-May-2025 16:11:05","2025-05-30 16:11:05","30-May-2025 16:11:06","00:00:01","https://nsearchives.nseindia.com/corporate/BSE1_30052025160744_Nseintimation.pdf"
"BSE","BSE Limited","Analysts/Institutional Investor Meet/Con. Call Updates","BSE Limited has informed the Exchange about Schedule of meet","30-May-2025 16:11:05","2025-05-30 16:11:05","30-May-2025 16:11:06","00:00:01","https://nsearchives.nseindia.com/corporate/BSE1_30052025160503_Nseintimation.pdf"
"BSE","BSE Limited","Analysts/Institutional Investor Meet/Con. Call Updates","BSE Limited has informed the Exchange about Schedule of meet","30-May-2025 16:11:05","2025-05-30 16:11:05","30-May-2025 16:11:06","00:00:01","https://nsearchives.nseindia.com/corporate/BSE1_30052025160624_Nseintimation.pdf"
"BSE","BSE Limited","Analysts/Institutional Investor Meet/Con. Call Updates","BSE Limited has informed the Exchange about Schedule of meet","30-May-2025 16:11:05","2025-05-30 16:11:05","30-May-2025 16:11:06","00:00:01","https://nsearchives.nseindia.com/corporate/BSE1_30052025160859_Nseintimation.pdf"
"BSE","BSE Limited","Updates","BSE Limited has informed the Exchange about the notice issued regarding Trading Member level Throttle Limit/ Messages Per Second (MPS) in Equity Derivatives segment.","28-May-2025 00:12:07","2025-05-28 00:12:07","28-May-2025 00:12:08","00:00:01","https://nsearchives.nseindia.com/corporate/BSE1_28052025000130_NSEIntimation.pdf"
"BSE","BSE Limited","Allotment of Securities","BSE Limited has informed the Exchange regarding allotment of 270752718 Equity Shares pursuant to Bonus Issue.","26-May-2025 09:56:44","2025-05-26 09:56:44","26-May-2025 09:56:46","00:00:02","https://nsearchives.nseindia.com/corporate/BSE1_26052025095238_NSEintimation.pdf"
"BSE","BSE Limited","Analysts/Institutional Investor Meet/Con. Call Updates","BSE Limited has informed the Exchange about Schedule of meet","19-May-2025 15:44:44","2025-05-19 15:44:44","19-May-2025 15:44:45","00:00:01","https://nsearchives.nseindia.com/corporate/BSE1_19052025154415_NSEIntimation.pdf"
"BSE","BSE Limited","Analysts/Institutional Investor Meet/Con. Call Updates","BSE Limited has informed the Exchange about Schedule of meet","19-May-2025 15:44:44","2025-05-19 15:44:44","19-May-2025 15:44:45","00:00:01","https://nsearchives.nseindia.com/corporate/BSE1_19052025154255_NSEIntimation.pdf"
"BSE","BSE Limited","Record Date","BSE Limited has informed the Exchange that Record date for the purpose of Bonus is 23-May-2025.","12-May-2025 15:56:28","2025-05-12 15:56:28","12-May-2025 15:56:29","00:00:01","https://nsearchives.nseindia.com/corporate/BSE1_12052025155558_NSEintimation.pdf"
"BSE","BSE Limited","Analysts/Institutional Investor Meet/Con. Call Updates","BSE Limited has informed the Exchange about Schedule of meet","12-May-2025 12:18:09","2025-05-12 12:18:09","12-May-2025 12:18:09","00:00:00","https://nsearchives.nseindia.com/corporate/BSE1_12052025121714_NSEIntimation.pdf"
"BSE","BSE Limited","Shareholders meeting","BSE Limited has submitted the Exchange a copy Srutinizers report of  Postal Ballot","09-May-2025 19:06:52","2025-05-09 19:06:52","09-May-2025 19:06:53","00:00:01","https://nsearchives.nseindia.com/corporate/BSE1_09052025190633_NSEintimation.pdf"
"BSE","BSE Limited","Analysts/Institutional Investor Meet/Con. Call Updates","BSE Limited has informed the Exchange about Transcript","09-May-2025 18:44:25","2025-05-09 18:44:25","09-May-2025 18:44:25","00:00:00","https://nsearchives.nseindia.com/corporate/BSE1_09052025184236_NSEintimation.pdf"
"BSE","BSE Limited","Analysts/Institutional Investor Meet/Con. Call Updates","BSE Limited has informed the Exchange about Schedule of meet","08-May-2025 18:03:28","2025-05-08 18:03:28","08-May-2025 18:03:29","00:00:01","https://nsearchives.nseindia.com/corporate/BSE1_08052025180046_NSEIntimation.pdf"
"BSE","BSE Limited","Analysts/Institutional Investor Meet/Con. Call Updates","BSE Limited has informed the Exchange about Schedule of meet","08-May-2025 18:03:28","2025-05-08 18:03:28","08-May-2025 18:03:30","00:00:02","https://nsearchives.nseindia.com/corporate/BSE1_08052025180225_NSEIntimation.pdf"
"BSE","BSE Limited","Analysts/Institutional Investor Meet/Con. Call Updates","BSE Limited has informed the Exchange about Schedule of meet","08-May-2025 18:03:28","2025-05-08 18:03:28","08-May-2025 18:03:30","00:00:02","https://nsearchives.nseindia.com/corporate/BSE1_08052025180157_NSEIntimation.pdf"
"BSE","BSE Limited","Analysts/Institutional Investor Meet/Con. Call Updates","BSE Limited has informed the Exchange about Schedule of meet","08-May-2025 18:03:28","2025-05-08 18:03:28","08-May-2025 18:03:30","00:00:02","https://nsearchives.nseindia.com/corporate/BSE1_08052025180133_NSEIntimation.pdf"
"BSE","BSE Limited","Analysts/Institutional Investor Meet/Con. Call Updates","BSE Limited has informed the Exchange about Schedule of meet","08-May-2025 18:03:28","2025-05-08 18:03:28","08-May-2025 18:03:29","00:00:01","https://nsearchives.nseindia.com/corporate/BSE1_08052025180116_NSEIntimation.pdf"
"BSE","BSE Limited","Copy of Newspaper Publication","BSE Limited has informed the Exchange about Copy of Newspaper Publication","08-May-2025 12:10:27","2025-05-08 12:10:27","08-May-2025 12:10:28","00:00:01","https://nsearchives.nseindia.com/corporate/BSE1_08052025120853_NSEINTIMATION.pdf"
"BSE","BSE Limited","Copy of Newspaper Publication","BSE Limited has informed the Exchange about Copy of Newspaper Publication","07-May-2025 11:22:04","2025-05-07 11:22:04","07-May-2025 11:22:05","00:00:01","https://nsearchives.nseindia.com/corporate/BSE1_07052025111944_NSEintimation.pdf"
"BSE","BSE Limited","Analysts/Institutional Investor Meet/Con. Call Updates","BSE Limited has informed the Exchange about Link of Recording","06-May-2025 20:40:29","2025-05-06 20:40:29","06-May-2025 20:40:29","00:00:00","https://nsearchives.nseindia.com/corporate/BSE1_06052025203939_NSEintimation.pdf"
"BSE","BSE Limited","Pendency of Litigation(s)/dispute(s) or the outcome impacting the Company","BSE Limited has informed the Exchange about Update on Litigation","06-May-2025 20:31:18","2025-05-06 20:31:18","06-May-2025 20:31:18","00:00:00","https://nsearchives.nseindia.com/corporate/BSE1_06052025202957_NSEIntimation.pdf"
"BSE","BSE Limited","Change in Auditors","BSE Limited has informed the Exchange regarding Change in Auditors of the company.","06-May-2025 19:03:26","2025-05-06 19:03:26","06-May-2025 19:03:26","00:00:00","https://nsearchives.nseindia.com/corporate/BSE1_06052025190301_Outcome.pdf"
"BSE","BSE Limited","Record Date","BSE Limited has informed the Exchange that Record date for the purpose of Dividend  is 14-May-2025.","06-May-2025 19:00:05","2025-05-06 19:00:05","06-May-2025 19:00:05","00:00:00","https://nsearchives.nseindia.com/corporate/BSE1_06052025185938_Outcome.pdf"
"BSE","BSE Limited","Dividend","BSE Limited has informed the Exchange that Board of Directors at its meeting held on May 06, 2025, recommended Final Dividend of Rs. 23 per equity share.","06-May-2025 18:58:11","2025-05-06 18:58:11","06-May-2025 18:58:12","00:00:01","https://nsearchives.nseindia.com/corporate/BSE1_06052025185742_Outcome.pdf"
"BSE","BSE Limited","Analysts/Institutional Investor Meet/Con. Call Updates","BSE Limited has informed the Exchange about Presentation","06-May-2025 18:54:26","2025-05-06 18:54:26","06-May-2025 18:54:27","00:00:01","https://nsearchives.nseindia.com/corporate/BSE1_06052025185359_NSEintimation.pdf"
"BSE","BSE Limited","Outcome of Board Meeting","BSE Limited has informed the Exchange regarding Outcome of Board Meeting held on May 06, 2025.","06-May-2025 18:51:07","2025-05-06 18:51:07","06-May-2025 18:51:08","00:00:01","https://nsearchives.nseindia.com/corporate/BSE1_06052025184756_Outcome.pdf"
"BSE","BSE Limited","Diversification/Disinvestment","BSE Limited has informed the Exchange about execution of Share Purchase Agreement for sale of  100% stake in its wholly owned subsidiary- BSE Institute Limited.","02-May-2025 20:05:36","2025-05-02 20:05:36","02-May-2025 20:05:36","00:00:00","https://nsearchives.nseindia.com/corporate/BSE1_02052025200112_NSEintimationFinal.pdf"
"BSE","BSE Limited","Analysts/Institutional Investor Meet/Con. Call Updates","BSE Limited has informed the Exchange about Schedule of meet","02-May-2025 18:28:18","2025-05-02 18:28:18","02-May-2025 18:28:19","00:00:01","https://nsearchives.nseindia.com/corporate/BSE1_02052025181353_NSEIntimation.pdf"
"BSE","BSE Limited","Analysts/Institutional Investor Meet/Con. Call Updates","BSE Limited has informed the Exchange about Schedule of meet","02-May-2025 18:28:18","2025-05-02 18:28:18","02-May-2025 18:28:20","00:00:02","https://nsearchives.nseindia.com/corporate/BSE1_02052025182057_NSEIntimation.pdf"
"BSE","BSE Limited","Analysts/Institutional Investor Meet/Con. Call Updates","BSE Limited has informed the Exchange about Schedule of meet","02-May-2025 18:28:18","2025-05-02 18:28:18","02-May-2025 18:28:20","00:00:02","https://nsearchives.nseindia.com/corporate/BSE1_02052025181924_NSEIntimation.pdf"
"BSE","BSE Limited","Analysts/Institutional Investor Meet/Con. Call Updates","BSE Limited has informed the Exchange about Schedule of meet","02-May-2025 18:28:18","2025-05-02 18:28:18","02-May-2025 18:28:20","00:00:02","https://nsearchives.nseindia.com/corporate/BSE1_02052025181813_NSEIntimation.pdf"
"BSE","BSE Limited","Analysts/Institutional Investor Meet/Con. Call Updates","BSE Limited has informed the Exchange about Schedule of meet","02-May-2025 18:28:18","2025-05-02 18:28:18","02-May-2025 18:28:19","00:00:01","https://nsearchives.nseindia.com/corporate/BSE1_02052025181609_Nseintimation.pdf"
"BSE","BSE Limited","Analysts/Institutional Investor Meet/Con. Call Updates","BSE Limited has informed the Exchange about Schedule of meet","29-Apr-2025 16:02:41","2025-04-29 16:02:41","29-Apr-2025 16:02:41","00:00:00","https://nsearchives.nseindia.com/corporate/BSE1_29042025160215_NSEintimation.pdf"
"BSE","BSE Limited","Cessation","BSE Limited has informed the Exchange regarding Cessation of  Sushri Jayshree Vyas as Non- Executive Independent Director of the Company w.e.f. April 24, 2025.","24-Apr-2025 19:24:52","2025-04-24 19:24:52","24-Apr-2025 19:24:52","00:00:00","https://nsearchives.nseindia.com/corporate/BSE1_24042025192420_Nseintimation.pdf"
"BSE","BSE Limited","Copy of Newspaper Publication","BSE Limited has informed the Exchange about Copy of Newspaper Publication","10-Apr-2025 12:28:19","2025-04-10 12:28:19","10-Apr-2025 12:28:20","00:00:01","https://nsearchives.nseindia.com/corporate/BSE1_10042025122737_11NSeintimation.pdf"
"BSE","BSE Limited","Shareholders meeting","BSE Limited has informed the Exchange regarding Notice of Postal Ballot","09-Apr-2025 13:51:03","2025-04-09 13:51:03","09-Apr-2025 13:51:04","00:00:01","https://nsearchives.nseindia.com/corporate/BSE1_09042025134837_NSEintimation.pdf"
"BSE","BSE Limited","Certificate under SEBI (Depositories and Participants) Regulations, 2018","BSE Limited has informed the Exchange about Certificate under SEBI (Depositories and Participants) Regulations, 2018","08-Apr-2025 18:18:13","2025-04-08 18:18:13","08-Apr-2025 18:18:14","00:00:01","https://nsearchives.nseindia.com/corporate/BSE1_08042025181733_NSEintimation.pdf"
"BSE","BSE Limited","Registrar & Share Transfer Agent Update","BSE Limited has informed the Exchange about Registrar & Share Transfer Agent Update","30-Mar-2025 17:14:32","2025-03-30 17:14:32","30-Mar-2025 17:14:33","00:00:01","https://nsearchives.nseindia.com/corporate/BSE1_30032025171419_Nseintimation.pdf"
"BSE","BSE Limited","Bonus","BSE Limited has informed the Exchange that the Board of Directors at its meeting held on March 30, 2025, have considered and approved bonus at the ratio of 2 : 1, i.e 2 Equity Shares for every 1 Equity Shares held.","30-Mar-2025 17:10:57","2025-03-30 17:10:57","30-Mar-2025 17:10:57","00:00:00","https://nsearchives.nseindia.com/corporate/BSE1_30032025171031_Nseintimation.pdf"
"BSE","BSE Limited","Trading Window","BSE Limited has informed the Exchange regarding the Trading Window closure pursuant to SEBI (Prohibition of Insider Trading) Regulations, 2015","26-Mar-2025 16:24:48","2025-03-26 16:24:48","26-Mar-2025 16:24:48","00:00:00","https://nsearchives.nseindia.com/corporate/BSE_26032025162427_NSEIntimationTrade_WindowClosureIntimation.pdf"
"BSE","BSE Limited","Change in Director(s)","BSE Limited has informed the Exchange regarding Change in Director(s) of the company.","21-Mar-2025 18:00:12","2025-03-21 18:00:12","21-Mar-2025 18:00:12","00:00:00","https://nsearchives.nseindia.com/corporate/BSE_21032025175950_NSEintimation.pdf"
"BSE","BSE Limited","Analysts/Institutional Investor Meet/Con. Call Updates","BSE Limited has informed the Exchange about Schedule of meet","20-Mar-2025 12:37:10","2025-03-20 12:37:10","20-Mar-2025 12:37:10","00:00:00","https://nsearchives.nseindia.com/corporate/BSE_20032025123425_NSEIntimation.pdf"
"BSE","BSE Limited","Analysts/Institutional Investor Meet/Con. Call Updates","BSE Limited has informed the Exchange about Schedule of meet","20-Mar-2025 12:37:10","2025-03-20 12:37:10","20-Mar-2025 12:37:11","00:00:01","https://nsearchives.nseindia.com/corporate/BSE_20032025123625_NSEIntimation.pdf"
"BSE","BSE Limited","Analysts/Institutional Investor Meet/Con. Call Updates","BSE Limited has informed the Exchange about Schedule of meet","17-Mar-2025 16:32:19","2025-03-17 16:32:19","17-Mar-2025 16:32:20","00:00:01","https://nsearchives.nseindia.com/corporate/BSE_17032025162321_NSEIntimation.pdf"
"BSE","BSE Limited","Analysts/Institutional Investor Meet/Con. Call Updates","BSE Limited has informed the Exchange about Schedule of meet","17-Mar-2025 16:32:19","2025-03-17 16:32:19","17-Mar-2025 16:32:21","00:00:02","https://nsearchives.nseindia.com/corporate/BSE_17032025163025_NSEIntimation.pdf"
"BSE","BSE Limited","Analysts/Institutional Investor Meet/Con. Call Updates","BSE Limited has informed the Exchange about Schedule of meet","17-Mar-2025 16:32:19","2025-03-17 16:32:19","17-Mar-2025 16:32:21","00:00:02","https://nsearchives.nseindia.com/corporate/BSE_17032025162829_NSEIntimation.pdf"
"BSE","BSE Limited","Analysts/Institutional Investor Meet/Con. Call Updates","BSE Limited has informed the Exchange about Schedule of meet","17-Mar-2025 16:32:19","2025-03-17 16:32:19","17-Mar-2025 16:32:20","00:00:01","https://nsearchives.nseindia.com/corporate/BSE_17032025162724_NSEIntimation.pdf"
"BSE","BSE Limited","Analysts/Institutional Investor Meet/Con. Call Updates","BSE Limited has informed the Exchange about Schedule of meet","17-Mar-2025 16:32:19","2025-03-17 16:32:19","17-Mar-2025 16:32:20","00:00:01","https://nsearchives.nseindia.com/corporate/BSE_17032025162602_NSEIntimation.pdf"
"BSE","BSE Limited","Appointment","BSE Limited has informed the Exchange regarding Appointment of Mr Rajiv Bansal as Non- Executive Independent Director of the company w.e.f. April 01, 2025.","13-Mar-2025 16:37:19","2025-03-13 16:37:19","13-Mar-2025 16:37:20","00:00:01","https://nsearchives.nseindia.com/corporate/BSE_13032025163556_NSEintimation.pdf"
"BSE","BSE Limited","Analysts/Institutional Investor Meet/Con. Call Updates","BSE Limited has informed the Exchange about Schedule of meet","06-Mar-2025 11:46:59","2025-03-06 11:46:59","06-Mar-2025 11:47:00","00:00:01","https://nsearchives.nseindia.com/corporate/BSE_06032025114615_NSEIntimation.pdf"
"BSE","BSE Limited","Analysts/Institutional Investor Meet/Con. Call Updates","BSE Limited has informed the Exchange about Schedule of meet","03-Mar-2025 17:16:48","2025-03-03 17:16:48","03-Mar-2025 17:16:48","00:00:00","https://nsearchives.nseindia.com/corporate/BSE_03032025171153_NSEIntimation.pdf"
"BSE","BSE Limited","Analysts/Institutional Investor Meet/Con. Call Updates","BSE Limited has informed the Exchange about Schedule of meet","03-Mar-2025 17:16:48","2025-03-03 17:16:48","03-Mar-2025 17:16:49","00:00:01","https://nsearchives.nseindia.com/corporate/BSE_03032025171528_NSEIntimation.pdf"
"BSE","BSE Limited","Analysts/Institutional Investor Meet/Con. Call Updates","BSE Limited has informed the Exchange about Schedule of meet","03-Mar-2025 17:16:48","2025-03-03 17:16:48","03-Mar-2025 17:16:49","00:00:01","https://nsearchives.nseindia.com/corporate/BSE_03032025171328_NSEIntimation.pdf"
"BSE","BSE Limited","Updates","BSE Limited has informed the Exchange regarding Press Release dated March 2, 2025, issued by the Company in relation to the order of ACB Court, Mumbai","02-Mar-2025 20:34:39","2025-03-02 20:34:39","02-Mar-2025 20:34:40","00:00:01","https://nsearchives.nseindia.com/corporate/BSE_02032025203245_NSEIntimation.pdf"
"BSE","BSE Limited","Updates","BSE Limited has informed the Exchange regarding 'SEBI Order against Indian Clearing Corporation Limited'.","25-Feb-2025 22:43:37","2025-02-25 22:43:37","25-Feb-2025 22:43:38","00:00:01","https://nsearchives.nseindia.com/corporate/BSE_25022025223915_NSEintimation.pdf"
"BSE","BSE Limited","Resignation","BSE Limited has informed the Exchange regarding Resignation of Mr Sameer Patil as Chief - Special Projects of the company w.e.f. May 21, 2025.","20-Feb-2025 16:12:35","2025-02-20 16:12:35","20-Feb-2025 16:12:36","00:00:01","https://nsearchives.nseindia.com/corporate/BSE_20022025161206_NSEintimation.pdf"
"BSE","BSE Limited","Analysts/Institutional Investor Meet/Con. Call Updates","BSE Limited has informed the Exchange about Schedule of meet","18-Feb-2025 18:00:40","2025-02-18 18:00:40","18-Feb-2025 18:00:41","00:00:01","https://nsearchives.nseindia.com/corporate/BSE_18022025175900_NSEIntimation.pdf"
"BSE","BSE Limited","Analysts/Institutional Investor Meet/Con. Call Updates","BSE Limited has informed the Exchange about Schedule of meet","18-Feb-2025 17:56:13","2025-02-18 17:56:13","18-Feb-2025 17:56:14","00:00:01","https://nsearchives.nseindia.com/corporate/BSE_18022025175137_NSEIntimation.pdf"
"BSE","BSE Limited","Analysts/Institutional Investor Meet/Con. Call Updates","BSE Limited has informed the Exchange about Transcript","12-Feb-2025 17:05:42","2025-02-12 17:05:42","12-Feb-2025 17:05:43","00:00:01","https://nsearchives.nseindia.com/corporate/BSE_12022025170320_NSEIntimation.pdf"
"BSE","BSE Limited","Copy of Newspaper Publication","BSE Limited has informed the Exchange about Copy of Newspaper Publication","07-Feb-2025 15:22:17","2025-02-07 15:22:17","07-Feb-2025 15:22:18","00:00:01","https://nsearchives.nseindia.com/corporate/BSE_07022025152107_NSEintimation.pdf"
"BSE","BSE Limited","Analysts/Institutional Investor Meet/Con. Call Updates","BSE Limited has informed the Exchange about Link of Recording","06-Feb-2025 19:54:44","2025-02-06 19:54:44","06-Feb-2025 19:54:45","00:00:01","https://nsearchives.nseindia.com/corporate/BSE_06022025195404_NSEIntimation.pdf"
"BSE","BSE Limited","Integrated Filing- Financial","BSE Limited has informed the exchange regarding Integrated Filing (Financial) for the quarter ended December 31, 2024","06-Feb-2025 18:51:07","2025-02-06 18:51:07","06-Feb-2025 18:51:08","00:00:01","https://nsearchives.nseindia.com/corporate/BSE_06022025185031_NSEIntimationIntegratedfiling.pdf"
"BSE","BSE Limited","Investor Presentation","BSE Limited has informed the Exchange about Investor Presentation","06-Feb-2025 18:16:56","2025-02-06 18:16:56","06-Feb-2025 18:16:57","00:00:01","https://nsearchives.nseindia.com/corporate/BSE_06022025181633_NSEintimation.pdf"
"BSE","BSE Limited","Financial Result Updates"," BSE Limited has submitted to the Exchange, the financial results for the period ended December 31, 2024.","06-Feb-2025 18:13:20","2025-02-06 18:13:20","06-Feb-2025 18:13:20","00:00:00","https://nsearchives.nseindia.com/corporate/NSEintimation_06022025181320.pdf"
"BSE","BSE Limited","Cessation","BSE Limited has informed the Exchange regarding Cessation of Mr Umakant Jayaram as Non- Executive Independent Director of the company w.e.f. February 03, 2025.","03-Feb-2025 18:06:58","2025-02-03 18:06:58","03-Feb-2025 18:06:59","00:00:01","https://nsearchives.nseindia.com/corporate/BSE_03022025180613_NSEintimation.pdf"
"BSE","BSE Limited","Analysts/Institutional Investor Meet/Con. Call Updates","BSE Limited has informed the Exchange about Schedule of meet","30-Jan-2025 16:56:16","2025-01-30 16:56:16","30-Jan-2025 16:56:17","00:00:01","https://nsearchives.nseindia.com/corporate/BSE_30012025165050_NSEIntimation.pdf"
"BSE","BSE Limited","Analysts/Institutional Investor Meet/Con. Call Updates","BSE Limited has informed the Exchange about Schedule of meet","30-Jan-2025 16:56:16","2025-01-30 16:56:16","30-Jan-2025 16:56:17","00:00:01","https://nsearchives.nseindia.com/corporate/BSE_30012025164949_NSEIntimation.pdf"
"BSE","BSE Limited","Analysts/Institutional Investor Meet/Con. Call Updates","BSE Limited has informed the Exchange about Schedule of meet","30-Jan-2025 16:56:16","2025-01-30 16:56:16","30-Jan-2025 16:56:18","00:00:02","https://nsearchives.nseindia.com/corporate/BSE_30012025165200_NSEIntimation.pdf"
"BSE","BSE Limited","Analysts/Institutional Investor Meet/Con. Call Updates","BSE Limited has informed the Exchange about Schedule of meet","30-Jan-2025 11:07:30","2025-01-30 11:07:30","30-Jan-2025 11:07:31","00:00:01","https://nsearchives.nseindia.com/corporate/BSE_30012025110224_NSE_Intimation.pdf"
"BSE","BSE Limited","Appointment","BSE Limited has informed the Exchange regarding Appointment of Mr Shamanna Balasubramanya  as Non- Executive Independent Director of the company w.e.f. January 23, 2025.","22-Jan-2025 17:54:02","2025-01-22 17:54:02","22-Jan-2025 17:54:03","00:00:01","https://nsearchives.nseindia.com/corporate/BSE_22012025175338_NSEintimation.pdf"
"BSE","BSE Limited","Change in Management","BSE Limited has informed the Exchange about Re-appointment of Prof. Subhasis Chaudhuri as Public Interest Director on the Board of BSE Limited with effect from May 19, 2025 for a further period of three (3) years","14-Jan-2025 18:58:38","2025-01-14 18:58:38","14-Jan-2025 18:58:39","00:00:01","https://nsearchives.nseindia.com/corporate/BSE_14012025185808_NSEintimation.pdf"
"BSE","BSE Limited","Certificate under SEBI (Depositories and Participants) Regulations, 2018","BSE Limited has informed the Exchange about Certificate under SEBI (Depositories and Participants) Regulations, 2018","13-Jan-2025 13:00:34","2025-01-13 13:00:34","13-Jan-2025 13:00:35","00:00:01","https://nsearchives.nseindia.com/corporate/BSE_13012025125751_NSEIntimation.pdf"
"BSE","BSE Limited","Resignation","BSE Limited has informed the Exchange regarding Resignation of Mrs Ritu Kundu as Head - Human Resources of the company w.e.f. April 08, 2025.","06-Jan-2025 17:21:04","2025-01-06 17:21:04","06-Jan-2025 17:21:05","00:00:01","https://nsearchives.nseindia.com/corporate/BSE_06012025172037_NSEintimation.pdf"
"BSE","BSE Limited","Trading Window","BSE Limited has informed the Exchange regarding the Trading Window closure pursuant to SEBI (Prohibition of Insider Trading) Regulations, 2015","30-Dec-2024 17:39:02","2024-12-30 17:39:02","30-Dec-2024 17:39:03","00:00:01","https://nsearchives.nseindia.com/corporate/BSE_30122024173810_NSEIntimation.pdf"
"BSE","BSE Limited","Appointment","BSE Limited has informed the Exchange regarding Appointment of Mr Vivek Jain as Chief of Staff and HR Strategy of the company w.e.f. March 03, 2025.","18-Dec-2024 14:43:59","2024-12-18 14:43:59","18-Dec-2024 14:44:00","00:00:01","https://nsearchives.nseindia.com/corporate/BSE_18122024144359_NSEintimation.pdf"
"BSE","BSE Limited","Analysts/Institutional Investor Meet/Con. Call Updates","BSE Limited has informed the Exchange about Schedule of meet","13-Dec-2024 10:52:35","2024-12-13 10:52:35","13-Dec-2024 10:52:36","00:00:01","https://nsearchives.nseindia.com/corporate/BSE_13122024105235_NSEintimation.pdf"
"BSE","BSE Limited","Analysts/Institutional Investor Meet/Con. Call Updates","BSE Limited has informed the Exchange about Schedule of meet","12-Dec-2024 14:36:56","2024-12-12 14:36:56","12-Dec-2024 14:36:57","00:00:01","https://nsearchives.nseindia.com/corporate/BSE_12122024143656_NSEIntimation.pdf"
"BSE","BSE Limited","Analysts/Institutional Investor Meet/Con. Call Updates","BSE Limited has informed the Exchange about Schedule of meet","12-Dec-2024 14:36:56","2024-12-12 14:36:56","12-Dec-2024 14:36:58","00:00:02","https://nsearchives.nseindia.com/corporate/BSE_12122024143656_NSEIntimation.pdf"
"BSE","BSE Limited","Analysts/Institutional Investor Meet/Con. Call Updates","BSE Limited has informed the Exchange about Schedule of meet","26-Nov-2024 16:49:23","2024-11-26 16:49:23","26-Nov-2024 16:49:25","00:00:02","https://nsearchives.nseindia.com/corporate/BSE_26112024164923_NSEIntimation03122024.pdf"
"BSE","BSE Limited","Analysts/Institutional Investor Meet/Con. Call Updates","BSE Limited has informed the Exchange about Schedule of meet","26-Nov-2024 16:49:23","2024-11-26 16:49:23","26-Nov-2024 16:49:24","00:00:01","https://nsearchives.nseindia.com/corporate/BSE_26112024164923_NSEIntimation29112024.pdf"
"BSE","BSE Limited","Analysts/Institutional Investor Meet/Con. Call Updates","BSE Limited has informed the Exchange about Schedule of meet","26-Nov-2024 16:49:23","2024-11-26 16:49:23","26-Nov-2024 16:49:25","00:00:02","https://nsearchives.nseindia.com/corporate/BSE_26112024164923_NSEIntimation13122024.pdf"
"BSE","BSE Limited","Analysts/Institutional Investor Meet/Con. Call Updates","BSE Limited has informed the Exchange about Schedule of meet","26-Nov-2024 16:49:23","2024-11-26 16:49:23","26-Nov-2024 16:49:25","00:00:02","https://nsearchives.nseindia.com/corporate/BSE_26112024164923_NSEIntimation09122024.pdf"
"BSE","BSE Limited","Appointment","BSE Limited has informed the Exchange regarding Appointment of Mr Subhasis Chaudhuri as Chairman of the company w.e.f. November 21, 2024.","22-Nov-2024 19:11:08","2024-11-22 19:11:08","22-Nov-2024 19:11:09","00:00:01","https://nsearchives.nseindia.com/corporate/BSE_22112024191108_NSEintimationV2.pdf"
"BSE","BSE Limited","Updates","BSE Limited has informed the Exchange regarding 'This is a machine readable copy of the financial results for the period ended September 30, 2024'.","22-Nov-2024 18:27:06","2024-11-22 18:27:06","22-Nov-2024 18:27:07","00:00:01","https://nsearchives.nseindia.com/corporate/BSE_22112024182706_Financial_results_-_Sep_2024_Qtr.pdf"
"BSE","BSE Limited","Appointment","BSE Limited has informed the Exchange regarding Appointment of Mr Subhasis Chaudhuri as Chairman of the company w.e.f. November 21, 2024.","22-Nov-2024 18:19:22","2024-11-22 18:19:22","22-Nov-2024 18:19:22","00:00:00","https://nsearchives.nseindia.com/corporate/BSE_22112024181922_NSEintimation.pdf"
"BSE","BSE Limited","Copy of Newspaper Publication","BSE Limited has informed the Exchange about Copy of Newspaper Publication","21-Nov-2024 11:53:44","2024-11-21 11:53:44","21-Nov-2024 11:53:45","00:00:01","https://nsearchives.nseindia.com/corporate/BSE_21112024115344_NSEintimation.pdf"
"BSE","BSE Limited","Analysts/Institutional Investor Meet/Con. Call Updates","BSE Limited has informed the Exchange about Schedule of meet","19-Nov-2024 18:10:51","2024-11-19 18:10:51","19-Nov-2024 18:10:53","00:00:02","https://nsearchives.nseindia.com/corporate/BSE_19112024181051_NSEIntimation.pdf"
"BSE","BSE Limited","Analysts/Institutional Investor Meet/Con. Call Updates","BSE Limited has informed the Exchange about Schedule of meet","19-Nov-2024 18:10:50","2024-11-19 18:10:50","19-Nov-2024 18:10:52","00:00:02","https://nsearchives.nseindia.com/corporate/BSE_19112024181051_NSEIntimation.pdf"
"BSE","BSE Limited","Analysts/Institutional Investor Meet/Con. Call Updates","BSE Limited has informed the Exchange about Schedule of meet","19-Nov-2024 18:10:50","2024-11-19 18:10:50","19-Nov-2024 18:10:52","00:00:02","https://nsearchives.nseindia.com/corporate/BSE_19112024181051_NSEIntimation.pdf"
"BSE","BSE Limited","Analysts/Institutional Investor Meet/Con. Call Updates","BSE Limited has informed the Exchange about Schedule of meet","19-Nov-2024 18:10:50","2024-11-19 18:10:50","19-Nov-2024 18:10:51","00:00:01","https://nsearchives.nseindia.com/corporate/BSE_19112024181051_NSEIntimation.pdf"
"BSE","BSE Limited","Analysts/Institutional Investor Meet/Con. Call Updates","BSE Limited has informed the Exchange about Schedule of meet","19-Nov-2024 18:10:50","2024-11-19 18:10:50","19-Nov-2024 18:10:51","00:00:01","https://nsearchives.nseindia.com/corporate/BSE_19112024181051_NSEIntimation.pdf"
"BSE","BSE Limited","Analysts/Institutional Investor Meet/Con. Call Updates","BSE Limited has informed the Exchange about Schedule of meet","19-Nov-2024 18:10:50","2024-11-19 18:10:50","19-Nov-2024 18:10:53","00:00:03","https://nsearchives.nseindia.com/corporate/BSE_19112024181051_NSEIntimation.pdf"
"BSE","BSE Limited","Analysts/Institutional Investor Meet/Con. Call Updates","BSE Limited has informed the Exchange about Transcript","19-Nov-2024 16:53:18","2024-11-19 16:53:18","19-Nov-2024 16:53:18","00:00:00","https://nsearchives.nseindia.com/corporate/BSE_19112024165318_NSEIntimation.pdf"
"BSE","BSE Limited","Analysts/Institutional Investor Meet/Con. Call Updates","BSE Limited has informed the Exchange about Schedule of meet","14-Nov-2024 18:57:19","2024-11-14 18:57:19","14-Nov-2024 18:57:20","00:00:01","https://nsearchives.nseindia.com/corporate/BSE_14112024185719_NSEIntimation.pdf"
"BSE","BSE Limited","Analysts/Institutional Investor Meet/Con. Call Updates","BSE Limited has informed the Exchange about Schedule of meet","14-Nov-2024 18:57:19","2024-11-14 18:57:19","14-Nov-2024 18:57:21","00:00:02","https://nsearchives.nseindia.com/corporate/BSE_14112024185719_NSEIntimation.pdf"
"BSE","BSE Limited","Copy of Newspaper Publication","BSE Limited has informed the Exchange about Copy of Newspaper Publication","13-Nov-2024 12:15:16","2024-11-13 12:15:16","13-Nov-2024 12:15:17","00:00:01","https://nsearchives.nseindia.com/corporate/BSE_13112024121516_NSEintimation.pdf"
"BSE","BSE Limited","Analysts/Institutional Investor Meet/Con. Call Updates","BSE Limited has informed the Exchange about Schedule of meet","12-Nov-2024 20:35:40","2024-11-12 20:35:40","12-Nov-2024 20:35:41","00:00:01","https://nsearchives.nseindia.com/corporate/BSE_12112024203540_NSEIntimation.pdf"
"BSE","BSE Limited","Analysts/Institutional Investor Meet/Con. Call Updates","BSE Limited has informed the Exchange about Link of Recording","12-Nov-2024 20:32:35","2024-11-12 20:32:35","12-Nov-2024 20:32:36","00:00:01","https://nsearchives.nseindia.com/corporate/BSE_12112024203235_NSEIntimation.pdf"
"BSE","BSE Limited","Analysts/Institutional Investor Meet/Con. Call Updates","BSE Limited has informed the Exchange about Presentation","12-Nov-2024 18:17:47","2024-11-12 18:17:47","12-Nov-2024 18:17:48","00:00:01","https://nsearchives.nseindia.com/corporate/BSE_12112024181747_NSEintimation.pdf"
"BSE","BSE Limited","Investor Presentation","BSE Limited has informed the Exchange about Investor Presentation","12-Nov-2024 18:01:06","2024-11-12 18:01:06","12-Nov-2024 18:01:07","00:00:01","https://nsearchives.nseindia.com/corporate/BSE_12112024180106_NSEintimation.pdf"
"BSE","BSE Limited","Outcome of Board Meeting","BSE Limited has informed the Exchange regarding  Board meeting held on November 12, 2024.","12-Nov-2024 17:52:57","2024-11-12 17:52:57","12-Nov-2024 17:52:58","00:00:01","https://nsearchives.nseindia.com/corporate/BSE_12112024175257_NSEIntimationsigned.pdf"
"BSE","BSE Limited","Financial Result Updates"," BSE Limited has submitted to the Exchange, the financial results for the period ended September 30, 2024.","12-Nov-2024 17:49:43","2024-11-12 17:49:43","12-Nov-2024 17:49:43","00:00:00","https://nsearchives.nseindia.com/corporate/NSEIntimationsigned_12112024174943.pdf"
"BSE","BSE Limited","Change in Management","BSE Limited has informed the Exchange about change in Management","11-Nov-2024 19:18:13","2024-11-11 19:18:13","11-Nov-2024 19:18:14","00:00:01","https://nsearchives.nseindia.com/corporate/BSE_11112024191813_NSE_intimation.pdf"
"BSE","BSE Limited","Appointment","BSE Limited has informed the Exchange regarding Appointment of Mr. Vivek Garg as Head Trading Development of the company w.e.f. November 11, 2024.","11-Nov-2024 19:18:13","2024-11-11 19:18:13","11-Nov-2024 19:18:13","00:00:00","https://nsearchives.nseindia.com/corporate/BSE_11112024191813_NSE_intimation.pdf"
"BSE","BSE Limited","Analysts/Institutional Investor Meet/Con. Call Updates","BSE Limited has informed the Exchange about Schedule of meet","08-Nov-2024 18:21:53","2024-11-08 18:21:53","08-Nov-2024 18:21:54","00:00:01","https://nsearchives.nseindia.com/corporate/BSE_08112024181712_NSEIntimation.pdf"
"BSE","BSE Limited","Analysts/Institutional Investor Meet/Con. Call Updates","BSE Limited has informed the Exchange about Schedule of meet","08-Nov-2024 18:21:53","2024-11-08 18:21:53","08-Nov-2024 18:21:58","00:00:05","https://nsearchives.nseindia.com/corporate/BSE_08112024182013_NSEIntimation.pdf"
"BSE","BSE Limited","Analysts/Institutional Investor Meet/Con. Call Updates","BSE Limited has informed the Exchange about Schedule of meet","08-Nov-2024 18:21:53","2024-11-08 18:21:53","08-Nov-2024 18:21:57","00:00:04","https://nsearchives.nseindia.com/corporate/BSE_08112024181952_NSEIntimation.pdf"
"BSE","BSE Limited","Analysts/Institutional Investor Meet/Con. Call Updates","BSE Limited has informed the Exchange about Schedule of meet","08-Nov-2024 18:21:53","2024-11-08 18:21:53","08-Nov-2024 18:21:56","00:00:03","https://nsearchives.nseindia.com/corporate/BSE_08112024181931_NSEIntimation.pdf"
"BSE","BSE Limited","Analysts/Institutional Investor Meet/Con. Call Updates","BSE Limited has informed the Exchange about Schedule of meet","08-Nov-2024 18:21:53","2024-11-08 18:21:53","08-Nov-2024 18:21:55","00:00:02","https://nsearchives.nseindia.com/corporate/BSE_08112024181907_NSEIntimation.pdf"
"BSE","BSE Limited","Analysts/Institutional Investor Meet/Con. Call Updates","BSE Limited has informed the Exchange about Schedule of meet","08-Nov-2024 18:21:53","2024-11-08 18:21:53","08-Nov-2024 18:21:55","00:00:02","https://nsearchives.nseindia.com/corporate/BSE_08112024181825_NSEIntimation.pdf"
"BSE","BSE Limited","Analysts/Institutional Investor Meet/Con. Call Updates","BSE Limited has informed the Exchange about Schedule of meet","08-Nov-2024 18:21:53","2024-11-08 18:21:53","08-Nov-2024 18:21:54","00:00:01","https://nsearchives.nseindia.com/corporate/BSE_08112024181757_NSEIntimation.pdf"
"BSE","BSE Limited","Analysts/Institutional Investor Meet/Con. Call Updates","BSE Limited has informed the Exchange about Schedule of meet","08-Nov-2024 18:21:53","2024-11-08 18:21:53","08-Nov-2024 18:21:54","00:00:01","https://nsearchives.nseindia.com/corporate/BSE_08112024181736_NSEIntimation.pdf"
"BSE","BSE Limited","Resignation","BSE Limited has informed the Exchange regarding Resignation of Mr Pramod Agrawal as Independent Director of the company w.e.f. November 08, 2024.","08-Nov-2024 16:43:55","2024-11-08 16:43:55","08-Nov-2024 16:43:57","00:00:02","https://nsearchives.nseindia.com/corporate/BSE_08112024164355_NSE_intimation_Final.pdf"
"BSE","BSE Limited","Resignation","BSE Limited has informed the Exchange regarding Resignation of Mr Pramod Agrawal as Chairman of the company w.e.f. November 08, 2024.","08-Nov-2024 16:43:55","2024-11-08 16:43:55","08-Nov-2024 16:43:56","00:00:01","https://nsearchives.nseindia.com/corporate/BSE_08112024164355_NSE_intimation_Final.pdf"
"BSE","BSE Limited","Resignation of Independent director","BSE LIMITED has informed the Exchange about Resignation of Independent director.","08-Nov-2024 14:30:55","2024-11-08 14:30:55","08-Nov-2024 14:30:56","00:00:01","https://nsearchives.nseindia.com/corporate/BSE_08112024143056_BSE_ROID_40411_KMP_Doc_08112024143055.zip"
"BSE","BSE Limited","Resignation","BSE Limited has informed the Exchange regarding Resignation of Mr Pramod Agrawal as Independent Director of the company w.e.f. November 08, 2024.","08-Nov-2024 14:14:27","2024-11-08 14:14:27","08-Nov-2024 14:14:28","00:00:01","https://nsearchives.nseindia.com/corporate/BSE_08112024141427_NSE_intimation.pdf"
"BSE","BSE Limited","Resignation","BSE Limited has informed the Exchange regarding Resignation of Mr Pramod Agrawal as Chairman of the company w.e.f. November 08, 2024.","08-Nov-2024 14:14:27","2024-11-08 14:14:27","08-Nov-2024 14:14:27","00:00:00","https://nsearchives.nseindia.com/corporate/BSE_08112024141427_NSE_intimation.pdf"
"BSE","BSE Limited","Analysts/Institutional Investor Meet/Con. Call Updates","BSE Limited has informed the Exchange about Schedule of meet","22-Oct-2024 17:52:32","2024-10-22 17:52:32","22-Oct-2024 17:52:33","00:00:01","https://nsearchives.nseindia.com/corporate/BSE_22102024175232_NSE_Intimation.pdf"
"BSE","BSE Limited","Analysts/Institutional Investor Meet/Con. Call Updates","BSE Limited has informed the Exchange about Schedule of meet","15-Oct-2024 16:11:05","2024-10-15 16:11:05","15-Oct-2024 16:11:06","00:00:01","https://nsearchives.nseindia.com/corporate/BSE_15102024161105_NSEIntimation.pdf"
"BSE","BSE Limited","Analysts/Institutional Investor Meet/Con. Call Updates","BSE Limited has informed the Exchange about Schedule of meet","14-Oct-2024 17:43:20","2024-10-14 17:43:20","14-Oct-2024 17:43:21","00:00:01","https://nsearchives.nseindia.com/corporate/BSE_14102024174320_NSEIntimation.pdf"
"BSE","BSE Limited","Analysts/Institutional Investor Meet/Con. Call Updates","BSE Limited has informed the Exchange about Schedule of meet","08-Oct-2024 18:07:35","2024-10-08 18:07:35","08-Oct-2024 18:07:35","00:00:00","https://nsearchives.nseindia.com/corporate/BSE_08102024180735_NSEIntimation.pdf"
"BSE","BSE Limited","Certificate under SEBI (Depositories and Participants) Regulations, 2018","BSE Limited has informed the Exchange about Certificate under SEBI (Depositories and Participants) Regulations, 2018","08-Oct-2024 17:23:09","2024-10-08 17:23:09","08-Oct-2024 17:23:10","00:00:01","https://nsearchives.nseindia.com/corporate/BSE_08102024172310_NSEIntimation.pdf"
"BSE","BSE Limited","Updates","BSE Limited has informed the Exchange regarding 'Merger of BSE Tech Infra Services Private Limited (wholly owned subsidiary of BTPL) withBSE Technologies Private Limited (wholly owned subsidiary of BSE Limited).'.","01-Oct-2024 17:49:35","2024-10-01 17:49:35","01-Oct-2024 17:49:36","00:00:01","https://nsearchives.nseindia.com/corporate/BSE_01102024174935_NSEIntimation.pdf"
"BSE","BSE Limited","Updates","BSE Limited has informed the Exchange regarding 'Revision in Transaction Charges in Currency and Equity Derivatives Segment'.","27-Sep-2024 18:40:37","2024-09-27 18:40:37","27-Sep-2024 18:40:37","00:00:00","https://nsearchives.nseindia.com/corporate/BSE_27092024184037_NSEintimation.pdf"
"BSE","BSE Limited","Trading Window","BSE Limited has informed the Exchange regarding the Trading Window closure pursuant to SEBI (Prohibition of Insider Trading) Regulations, 2015","27-Sep-2024 11:27:06","2024-09-27 11:27:06","27-Sep-2024 11:27:07","00:00:01","https://nsearchives.nseindia.com/corporate/BSE_27092024112706_NSEIntimation.pdf"
"BSE","BSE Limited","Analysts/Institutional Investor Meet/Con. Call Updates","BSE Limited has informed the Exchange about Schedule of meet","26-Sep-2024 18:17:07","2024-09-26 18:17:07","26-Sep-2024 18:17:08","00:00:01","https://nsearchives.nseindia.com/corporate/BSE_26092024181708_NSEIntimation.pdf"
"BSE","BSE Limited","Analysts/Institutional Investor Meet/Con. Call Updates","BSE Limited has informed the Exchange about Schedule of meet","25-Sep-2024 16:10:19","2024-09-25 16:10:19","25-Sep-2024 16:10:20","00:00:01","https://nsearchives.nseindia.com/corporate/BSE_25092024161020_NSEintimation.pdf"
"BSE","BSE Limited","Price movement","Significant movement in price has been observed in BSE Limited. The Exchange, in order to ensure that investors have latest relevant information about the company and to inform the market place so that the interest of the investors is safeguarded, had written to the company. BSE Limited has submitted their response.","19-Sep-2024 19:20:24","2024-09-19 19:20:24","19-Sep-2024 19:20:24","00:00:00","https://nsearchives.nseindia.com/corporate/BSE_19092024192024_NSEintimation.pdf"
"BSE","BSE Limited","Price movement","Significant movement in price has been observed in BSE Limited. The Exchange, in order to ensure that investors have latest relevant information about the company and to inform the market place so that the interest of the investors is safeguarded, has written to the company. The response from the company is awaited.","19-Sep-2024 18:02:46","2024-09-19 18:02:46","19-Sep-2024 18:02:46","00:00:00","-"
"BSE","BSE Limited","Analysts/Institutional Investor Meet/Con. Call Updates","BSE Limited has informed the Exchange about Schedule of meet","10-Sep-2024 16:34:01","2024-09-10 16:34:01","10-Sep-2024 16:34:01","00:00:00","https://nsearchives.nseindia.com/corporate/BSE_10092024163401_NSEIntimation.pdf"
"BSE","BSE Limited","Analysts/Institutional Investor Meet/Con. Call Updates","BSE Limited has informed the Exchange about Schedule of meet","30-Aug-2024 16:50:39","2024-08-30 16:50:39","30-Aug-2024 16:50:40","00:00:01","https://nsearchives.nseindia.com/corporate/BSE_30082024165039_NSEIntimation.pdf"
"BSE","BSE Limited","Analysts/Institutional Investor Meet/Con. Call Updates","BSE Limited has informed the Exchange about Schedule of meet","30-Aug-2024 16:50:39","2024-08-30 16:50:39","30-Aug-2024 16:50:40","00:00:01","https://nsearchives.nseindia.com/corporate/BSE_30082024165039_NSEIntimation.pdf"
"BSE","BSE Limited","Analysts/Institutional Investor Meet/Con. Call Updates","BSE Limited has informed the Exchange about Schedule of meet","30-Aug-2024 16:50:39","2024-08-30 16:50:39","30-Aug-2024 16:50:42","00:00:03","https://nsearchives.nseindia.com/corporate/BSE_30082024165039_NSEIntimation.pdf"
"BSE","BSE Limited","Analysts/Institutional Investor Meet/Con. Call Updates","BSE Limited has informed the Exchange about Schedule of meet","30-Aug-2024 16:50:39","2024-08-30 16:50:39","30-Aug-2024 16:50:41","00:00:02","https://nsearchives.nseindia.com/corporate/BSE_30082024165039_NSEIntimation.pdf"
"BSE","BSE Limited","Analysts/Institutional Investor Meet/Con. Call Updates","BSE Limited has informed the Exchange about Schedule of meet","30-Aug-2024 16:50:39","2024-08-30 16:50:39","30-Aug-2024 16:50:41","00:00:02","https://nsearchives.nseindia.com/corporate/BSE_30082024165039_NSEIntimation.pdf"
"BSE","BSE Limited","Analysts/Institutional Investor Meet/Con. Call Updates","BSE Limited has informed the Exchange about Schedule of meet","28-Aug-2024 17:54:15","2024-08-28 17:54:15","28-Aug-2024 17:54:16","00:00:01","https://nsearchives.nseindia.com/corporate/BSE_28082024175415_NSEIntimation.pdf"
"BSE","BSE Limited","Analysts/Institutional Investor Meet/Con. Call Updates","BSE Limited has informed the Exchange about Schedule of meet","23-Aug-2024 17:50:48","2024-08-23 17:50:48","23-Aug-2024 17:50:49","00:00:01","https://nsearchives.nseindia.com/corporate/BSE_23082024175048_NSEIntimation.pdf"
"BSE","BSE Limited","Analysts/Institutional Investor Meet/Con. Call Updates","BSE Limited has informed the Exchange about Schedule of meet","20-Aug-2024 16:35:33","2024-08-20 16:35:33","20-Aug-2024 16:35:34","00:00:01","https://nsearchives.nseindia.com/corporate/BSE_20082024163533_NSEIntimation.pdf"
"BSE","BSE Limited","Analysts/Institutional Investor Meet/Con. Call Updates","BSE Limited has informed the Exchange about Schedule of meet","19-Aug-2024 13:45:01","2024-08-19 13:45:01","19-Aug-2024 13:45:02","00:00:01","https://nsearchives.nseindia.com/corporate/BSE_19082024134501_NSEIntimation.pdf"
"BSE","BSE Limited","Outcome of Board Meeting","BSE Limited has informed the Exchange regarding  Board meeting held on August 16, 2024.","16-Aug-2024 16:45:03","2024-08-16 16:45:03","16-Aug-2024 16:45:04","00:00:01","https://nsearchives.nseindia.com/corporate/BSE_16082024164503_NSEIntimation.pdf"
"BSE","BSE Limited","Analysts/Institutional Investor Meet/Con. Call Updates","BSE Limited has informed the Exchange about Cancellation of Analyst / Investor Meet","16-Aug-2024 12:39:01","2024-08-16 12:39:01","16-Aug-2024 12:39:02","00:00:01","https://nsearchives.nseindia.com/corporate/BSE_16082024123901_NSEIntimation.pdf"
"BSE","BSE Limited","Updates","BSE Limited has informed the Exchange regarding 'Disclosure under Regulation 30 of SEBI (Listing Obligations and Disclosure Requirements) Regulations, 2015'.","14-Aug-2024 18:51:31","2024-08-14 18:51:31","14-Aug-2024 18:51:32","00:00:01","https://nsearchives.nseindia.com/corporate/BSE_14082024185131_NSEIntimatioSEBILetterdatedaugust142024.pdf"
"BSE","BSE Limited","Analysts/Institutional Investor Meet/Con. Call Updates","BSE Limited has informed the Exchange about Transcript","13-Aug-2024 17:47:13","2024-08-13 17:47:13","13-Aug-2024 17:47:14","00:00:01","https://nsearchives.nseindia.com/corporate/BSE_13082024174714_NSEintimation.pdf"
"BSE","BSE Limited","Analysts/Institutional Investor Meet/Con. Call Updates","BSE Limited has informed the Exchange about Schedule of meet","12-Aug-2024 16:17:53","2024-08-12 16:17:53","12-Aug-2024 16:17:54","00:00:01","https://nsearchives.nseindia.com/corporate/BSE_12082024161754_NSEIntimation.pdf"
"BSE","BSE Limited","Analysts/Institutional Investor Meet/Con. Call Updates","BSE Limited has informed the Exchange about Schedule of meet","12-Aug-2024 16:17:53","2024-08-12 16:17:53","12-Aug-2024 16:17:56","00:00:03","https://nsearchives.nseindia.com/corporate/BSE_12082024161754_NSEIntimation.pdf"
"BSE","BSE Limited","Analysts/Institutional Investor Meet/Con. Call Updates","BSE Limited has informed the Exchange about Schedule of meet","12-Aug-2024 16:17:53","2024-08-12 16:17:53","12-Aug-2024 16:17:55","00:00:02","https://nsearchives.nseindia.com/corporate/BSE_12082024161754_NSEIntimation.pdf"
"BSE","BSE Limited","Copy of Newspaper Publication","BSE Limited has informed the Exchange about Copy of Newspaper Publication","08-Aug-2024 17:37:02","2024-08-08 17:37:02","08-Aug-2024 17:37:04","00:00:02","https://nsearchives.nseindia.com/corporate/BSE_08082024173702_NSEintimation.pdf"
"BSE","BSE Limited","Analysts/Institutional Investor Meet/Con. Call Updates","BSE Limited has informed the Exchange about Link of Recording","07-Aug-2024 21:30:10","2024-08-07 21:30:10","07-Aug-2024 21:30:10","00:00:00","https://nsearchives.nseindia.com/corporate/BSE_07082024213010_Coveringletterinvestorpresentation.pdf"
"BSE","BSE Limited","Analysts/Institutional Investor Meet/Con. Call Updates","BSE Limited has informed the Exchange about Schedule of meet","07-Aug-2024 17:28:22","2024-08-07 17:28:22","07-Aug-2024 17:28:24","00:00:02","https://nsearchives.nseindia.com/corporate/BSE_07082024172822_NSEIntimation.pdf"
"BSE","BSE Limited","Analysts/Institutional Investor Meet/Con. Call Updates","BSE Limited has informed the Exchange about Schedule of meet","07-Aug-2024 17:28:22","2024-08-07 17:28:22","07-Aug-2024 17:28:23","00:00:01","https://nsearchives.nseindia.com/corporate/BSE_07082024172822_NSEIntimation.pdf"
"BSE","BSE Limited","Analysts/Institutional Investor Meet/Con. Call Updates","BSE Limited has informed the Exchange about Schedule of meet","07-Aug-2024 17:28:22","2024-08-07 17:28:22","07-Aug-2024 17:28:23","00:00:01","https://nsearchives.nseindia.com/corporate/BSE_07082024172822_NSEIntimation.pdf"
"BSE","BSE Limited","Analysts/Institutional Investor Meet/Con. Call Updates","BSE Limited has informed the Exchange about Presentation","07-Aug-2024 17:00:58","2024-08-07 17:00:58","07-Aug-2024 17:00:58","00:00:00","https://nsearchives.nseindia.com/corporate/BSE_07082024170058_NSEintimation.pdf"
"BSE","BSE Limited","Financial Result Updates"," BSE Limited has submitted to the Exchange, the financial results for the period ended June 30, 2024.","07-Aug-2024 16:49:54","2024-08-07 16:49:54","07-Aug-2024 16:49:54","00:00:00","https://nsearchives.nseindia.com/corporate/NSEintimation_07082024164954.pdf"
"BSE","BSE Limited","Change in Management","BSE Limited has informed the Exchange about change in Management","06-Aug-2024 17:38:30","2024-08-06 17:38:30","06-Aug-2024 17:38:31","00:00:01","https://nsearchives.nseindia.com/corporate/BSE_06082024173830_NSEintimation.pdf"
"BSE","BSE Limited","Analysts/Institutional Investor Meet/Con. Call Updates","BSE Limited has informed the Exchange about Schedule of meet","01-Aug-2024 15:56:51","2024-08-01 15:56:51","01-Aug-2024 15:56:52","00:00:01","https://nsearchives.nseindia.com/corporate/BSE_01082024155652_NSEIntimation_signed.pdf"
"BSE","BSE Limited","News Verification","The Exchange has sought clarification from BSE Limited with respect to recent news item captioned Sebi's F&O de-addiction campaign throws up an unlikely winner - BSE.  The response from the Company is attached.","31-Jul-2024 14:39:40","2024-07-31 14:39:40","31-Jul-2024 14:39:41","00:00:01","https://nsearchives.nseindia.com/corporate/BSE_31072024143940_Reply.pdf"
"BSE","BSE Limited","News Verification","The Exchange has sought clarification from BSE Limited with respect to recent news item captioned Sebi's F&O de-addiction campaign throws up an unlikely winner - BSE.  The response from the Company is awaited.","31-Jul-2024 12:44:16","2024-07-31 12:44:16","31-Jul-2024 12:44:17","00:00:01","-"
"BSE","BSE Limited","Updates","BSE Limited has informed the Exchange regarding 'BSE Limited to undertake business of RAASB and IAASB w.e.f. July 25, 2024'.","24-Jul-2024 18:47:33","2024-07-24 18:47:33","24-Jul-2024 18:47:33","00:00:00","https://nsearchives.nseindia.com/corporate/BSE_24072024184733_NSEintimation.pdf"
"BSE","BSE Limited","Certificate under SEBI (Depositories and Participants) Regulations, 2018","BSE Limited has informed the Exchange about Certificate under SEBI (Depositories and Participants) Regulations, 2018","16-Jul-2024 13:12:44","2024-07-16 13:12:44","16-Jul-2024 13:12:44","00:00:00","https://nsearchives.nseindia.com/corporate/BSE_16072024131244_NSEIntimation.pdf"
"BSE","BSE Limited","Analysts/Institutional Investor Meet/Con. Call Updates","BSE Limited has informed the Exchange about Cancellation of Analyst/Investor meet","16-Jul-2024 12:02:27","2024-07-16 12:02:27","16-Jul-2024 12:02:28","00:00:01","https://nsearchives.nseindia.com/corporate/BSE_16072024120227_NSEIntimation.pdf"
"BSE","BSE Limited","Shareholders meeting","BSE Limited has submitted the Exchange a copy Srutinizers report of  Annual General Meeting held on July 15, 2024. Further, the company has informed the Exchange regarding voting results.","15-Jul-2024 20:51:25","2024-07-15 20:51:25","15-Jul-2024 20:51:25","00:00:00","https://nsearchives.nseindia.com/corporate/BSE_15072024205125_NSEintimation.pdf"
"BSE","BSE Limited","Shareholders meeting","BSE Limited has informed the Exchange regarding Proceedings of Annual General Meeting held on July 15, 2024","15-Jul-2024 20:45:12","2024-07-15 20:45:12","15-Jul-2024 20:45:12","00:00:00","https://nsearchives.nseindia.com/corporate/BSE_15072024204512_NSEIntimation.pdf"
"BSE","BSE Limited","Analysts/Institutional Investor Meet/Con. Call Updates","BSE Limited has informed the Exchange about Cancellation of Analyst/Investor meet","10-Jul-2024 11:17:05","2024-07-10 11:17:05","10-Jul-2024 11:17:05","00:00:00","https://nsearchives.nseindia.com/corporate/BSE_10072024111705_NSEIntimation.pdf"
"BSE","BSE Limited","Change in Management","BSE Limited has informed the Exchange about change in Management","05-Jul-2024 17:00:40","2024-07-05 17:00:40","05-Jul-2024 17:00:41","00:00:01","https://nsearchives.nseindia.com/corporate/BSE_05072024170040_NSEintimation.pdf"
"BSE","BSE Limited","Analysts/Institutional Investor Meet/Con. Call Updates","BSE Limited has informed the Exchange about Schedule of meet","02-Jul-2024 11:30:04","2024-07-02 11:30:04","02-Jul-2024 11:30:05","00:00:01","https://nsearchives.nseindia.com/corporate/BSE_02072024113004_NSEIntimation.pdf"
"BSE","BSE Limited","Analysts/Institutional Investor Meet/Con. Call Updates","BSE Limited has informed the Exchange about Schedule of meet","28-Jun-2024 15:28:17","2024-06-28 15:28:17","28-Jun-2024 15:28:17","00:00:00","https://nsearchives.nseindia.com/corporate/BSE_28062024152445_NSEIntimation.pdf"
"BSE","BSE Limited","Analysts/Institutional Investor Meet/Con. Call Updates","BSE Limited has informed the Exchange about Schedule of meet","28-Jun-2024 15:28:17","2024-06-28 15:28:17","28-Jun-2024 15:28:19","00:00:02","https://nsearchives.nseindia.com/corporate/BSE_28062024152604_NSEIntimation.pdf"
"BSE","BSE Limited","Analysts/Institutional Investor Meet/Con. Call Updates","BSE Limited has informed the Exchange about Schedule of meet","28-Jun-2024 15:28:17","2024-06-28 15:28:17","28-Jun-2024 15:28:18","00:00:01","https://nsearchives.nseindia.com/corporate/BSE_28062024152523_NSEIntimation.pdf"
"BSE","BSE Limited","Trading Window","BSE Limited has informed the Exchange regarding the Trading Window closure pursuant to SEBI (Prohibition of Insider Trading) Regulations, 2015","28-Jun-2024 15:12:11","2024-06-28 15:12:11","28-Jun-2024 15:12:11","00:00:00","https://nsearchives.nseindia.com/corporate/BSE_28062024151211_NSEIntimation.pdf"
"BSE","BSE Limited","Analysts/Institutional Investor Meet/Con. Call Updates","BSE Limited has informed the Exchange about Schedule of meet","26-Jun-2024 15:50:26","2024-06-26 15:50:26","26-Jun-2024 15:50:28","00:00:02","https://nsearchives.nseindia.com/corporate/BSE_26062024155027_NSEIntimation.pdf"
"BSE","BSE Limited","Copy of Newspaper Publication","BSE Limited has informed the Exchange about Copy of Newspaper Publication","21-Jun-2024 12:30:21","2024-06-21 12:30:21","21-Jun-2024 12:30:22","00:00:01","https://nsearchives.nseindia.com/corporate/BSE_21062024123021_NSEIntimation.pdf"
"BSE","BSE Limited","Shareholders meeting","BSE Limited has informed the Exchange regarding Notice of Annual General Meeting to be held on July 15, 2024","20-Jun-2024 15:11:32","2024-06-20 15:11:32","20-Jun-2024 15:11:33","00:00:01","https://nsearchives.nseindia.com/corporate/BSE_20062024151133_NSEIntimationAnnualreport.pdf"
"BSE","BSE Limited","Analysts/Institutional Investor Meet/Con. Call Updates","BSE Limited has informed the Exchange about Schedule of meet","19-Jun-2024 16:11:07","2024-06-19 16:11:07","19-Jun-2024 16:11:08","00:00:01","https://nsearchives.nseindia.com/corporate/BSE_19062024161108_NSEIntimation.pdf"
"BSE","BSE Limited","Analysts/Institutional Investor Meet/Con. Call Updates","BSE Limited has informed the Exchange about Schedule of meet","19-Jun-2024 11:57:58","2024-06-19 11:57:58","19-Jun-2024 11:57:59","00:00:01","https://nsearchives.nseindia.com/corporate/BSE_19062024115758_NSEIntimation.pdf"
"BSE","BSE Limited","Copy of Newspaper Publication","BSE Limited has informed the Exchange about Copy of Newspaper Publication in respect of transfer of equity shares of the Company to IEPF Authority","14-Jun-2024 13:26:13","2024-06-14 13:26:13","14-Jun-2024 13:26:14","00:00:01","https://nsearchives.nseindia.com/corporate/BSE_14062024132613_NSEIntimationUpload.pdf"
"BSE","BSE Limited","Copy of Newspaper Publication","BSE Limited has informed the Exchange about Copy of Newspaper Publication in respect of 19th Annual General Meeting of the Company","14-Jun-2024 13:26:13","2024-06-14 13:26:13","14-Jun-2024 13:26:15","00:00:02","https://nsearchives.nseindia.com/corporate/BSE_14062024132613_NSEIntimationsigned.pdf"
"BSE","BSE Limited","Shareholders meeting","BSE Limited has submitted the Exchange a copy Srutinizers report of  Postal Ballot. Further, the company has informed the Exchange regarding voting results.","11-Jun-2024 18:58:49","2024-06-11 18:58:49","11-Jun-2024 18:58:49","00:00:00","https://nsearchives.nseindia.com/corporate/BSE_11062024185849_NSEintimation.pdf"
"BSE","BSE Limited","Analysts/Institutional Investor Meet/Con. Call Updates","BSE Limited has informed the Exchange about Schedule of meet","06-Jun-2024 16:09:53","2024-06-06 16:09:53","06-Jun-2024 16:09:54","00:00:01","https://nsearchives.nseindia.com/corporate/BSE_06062024160953_NSEIntimation.pdf"
"BSE","BSE Limited","Analysts/Institutional Investor Meet/Con. Call Updates","BSE Limited has informed the Exchange about Schedule of meet","06-Jun-2024 16:09:53","2024-06-06 16:09:53","06-Jun-2024 16:09:55","00:00:02","https://nsearchives.nseindia.com/corporate/BSE_06062024160955_NSEIntimation.pdf"
"BSE","BSE Limited","Analysts/Institutional Investor Meet/Con. Call Updates","BSE Limited has informed the Exchange about Schedule of meet","06-Jun-2024 16:09:53","2024-06-06 16:09:53","06-Jun-2024 16:09:57","00:00:04","https://nsearchives.nseindia.com/corporate/BSE_06062024160956_NSEIntimation.pdf"
"BSE","BSE Limited","Analysts/Institutional Investor Meet/Con. Call Updates","BSE Limited has informed the Exchange about Schedule of meet","05-Jun-2024 15:49:54","2024-06-05 15:49:54","05-Jun-2024 15:49:55","00:00:01","https://nsearchives.nseindia.com/corporate/BSE_05062024154954_NSEIntimation.pdf"
"BSE","BSE Limited","Analysts/Institutional Investor Meet/Con. Call Updates","BSE Limited has informed the Exchange about Schedule of meet","03-Jun-2024 16:15:19","2024-06-03 16:15:19","03-Jun-2024 16:15:21","00:00:02","https://nsearchives.nseindia.com/corporate/BSE_03062024161521_NSEIntimation.pdf"
"BSE","BSE Limited","Analysts/Institutional Investor Meet/Con. Call Updates","BSE Limited has informed the Exchange about Schedule of meet","03-Jun-2024 16:15:19","2024-06-03 16:15:19","03-Jun-2024 16:15:20","00:00:01","https://nsearchives.nseindia.com/corporate/BSE_03062024161519_NSEIntimation.pdf"
"BSE","BSE Limited","Analysts/Institutional Investor Meet/Con. Call Updates","BSE Limited has informed the Exchange about Schedule of meet","27-May-2024 15:00:36","2024-05-27 15:00:36","27-May-2024 15:00:37","00:00:01","https://nsearchives.nseindia.com/corporate/BSE_27052024150036_NSEIntimation.pdf"
"BSE","BSE Limited","Outcome of Board Meeting","Disclosure under Regulation 30 of the SEBI (Listing Obligations and Disclosure Requirements) Regulations, 2015   Acquisition of remaining 50% stake in Asia Index Private Limited ( AIPL ) from SPDJ Singapore PTE Limited ( SPDJS )","27-May-2024 10:43:16","2024-05-27 10:43:16","27-May-2024 10:43:16","00:00:00","https://nsearchives.nseindia.com/corporate/BSE_27052024104316_NSEIntimation27052024.pdf"
"BSE","BSE Limited","Acquisition","BSE Limited has informed the Exchange about Acquisition","27-May-2024 10:39:23","2024-05-27 10:39:23","27-May-2024 10:39:25","00:00:02","https://nsearchives.nseindia.com/corporate/BSE_27052024103924_NSEIntimation27052024.pdf"
"BSE","BSE Limited","Analysts/Institutional Investor Meet/Con. Call Updates","BSE Limited has informed the Exchange about Schedule of meet","22-May-2024 15:12:44","2024-05-22 15:12:44","22-May-2024 15:12:45","00:00:01","https://nsearchives.nseindia.com/corporate/BSE_22052024151244_NSEIntimation.pdf"
"BSE","BSE Limited","Analysts/Institutional Investor Meet/Con. Call Updates","BSE Limited has informed the Exchange about Transcript","13-May-2024 13:03:48","2024-05-13 13:03:48","13-May-2024 13:03:53","00:00:05","https://nsearchives.nseindia.com/corporate/BSE_13052024130348_NSEintimation.pdf"
"BSE","BSE Limited","Copy of Newspaper Publication","BSE Limited has informed the Exchange about Copy of Newspaper Publication","11-May-2024 13:09:02","2024-05-11 13:09:02","11-May-2024 13:09:08","00:00:06","https://nsearchives.nseindia.com/corporate/BSE_11052024130902_NSEIntimationupload.pdf"
"BSE","BSE Limited","Shareholders meeting","BSE Limited has informed the Exchange regarding Notice of Postal Ballot","10-May-2024 16:45:26","2024-05-10 16:45:26","10-May-2024 16:45:53","00:00:27","https://nsearchives.nseindia.com/corporate/BSE_10052024164526_NSEintimation.pdf"
"BSE","BSE Limited","Analysts/Institutional Investor Meet/Con. Call Updates","BSE Limited has informed the Exchange about Schedule of meet","10-May-2024 15:30:58","2024-05-10 15:30:58","10-May-2024 15:31:04","00:00:06","https://nsearchives.nseindia.com/corporate/BSE_10052024153058_NSEIntimation.pdf"
"BSE","BSE Limited","Copy of Newspaper Publication","BSE Limited has informed the Exchange about Copy of Newspaper Publication","09-May-2024 18:01:07","2024-05-09 18:01:07","09-May-2024 18:01:24","00:00:17","https://nsearchives.nseindia.com/corporate/BSE_09052024180107_NSEintimation.pdf"
"BSE","BSE Limited","Analysts/Institutional Investor Meet/Con. Call Updates","BSE Limited has informed the Exchange about Schedule of meet","09-May-2024 15:28:05","2024-05-09 15:28:05","09-May-2024 15:28:19","00:00:14","https://nsearchives.nseindia.com/corporate/BSE_09052024152806_NSEIntimation.pdf"
"BSE","BSE Limited","Analysts/Institutional Investor Meet/Con. Call Updates","BSE Limited has informed the Exchange about Schedule of meet","09-May-2024 15:28:05","2024-05-09 15:28:05","09-May-2024 15:28:10","00:00:05","https://nsearchives.nseindia.com/corporate/BSE_09052024152805_NSEIntimation.pdf"
"BSE","BSE Limited","Analysts/Institutional Investor Meet/Con. Call Updates","BSE Limited has informed the Exchange about Schedule of meet","09-May-2024 15:28:05","2024-05-09 15:28:05","09-May-2024 15:28:36","00:00:31","https://nsearchives.nseindia.com/corporate/BSE_09052024152808_NSEIntimation.pdf"
"BSE","BSE Limited","Analysts/Institutional Investor Meet/Con. Call Updates","BSE Limited has informed the Exchange about Schedule of meet","09-May-2024 15:28:05","2024-05-09 15:28:05","09-May-2024 15:28:27","00:00:22","https://nsearchives.nseindia.com/corporate/BSE_09052024152807_NSEIntimation.pdf"
"BSE","BSE Limited","Analysts/Institutional Investor Meet/Con. Call Updates","BSE Limited has informed the Exchange about Link of Recording","08-May-2024 20:33:19","2024-05-08 20:33:19","08-May-2024 20:33:24","00:00:05","https://nsearchives.nseindia.com/corporate/BSE_08052024203319_NSEintimation.pdf"
"BSE","BSE Limited","Record Date","BSE Limited has informed the Exchange that Record date for the purpose of Final Dividend  is 14-Jun-2024.","08-May-2024 18:20:08","2024-05-08 18:20:08","08-May-2024 18:20:24","00:00:16","https://nsearchives.nseindia.com/corporate/BSE_08052024182008_NSEintimation.pdf"
"BSE","BSE Limited","Declaration for audit reports with unmodified opinion(s)","BSE Limited has informed the Exchange about Declaration for audit reports with unmodified opinion(s)","08-May-2024 17:54:10","2024-05-08 17:54:10","08-May-2024 17:54:20","00:00:10","https://nsearchives.nseindia.com/corporate/BSE_08052024175410_UnmodifiedOpinionNSEintimation.pdf"
"BSE","BSE Limited","Analysts/Institutional Investor Meet/Con. Call Updates","BSE Limited has informed the Exchange about Presentation","08-May-2024 17:37:19","2024-05-08 17:37:19","08-May-2024 17:37:24","00:00:05","https://nsearchives.nseindia.com/corporate/BSE_08052024173719_NSEintimation.pdf"
"BSE","BSE Limited","Dividend","BSE Limited has informed the Exchange that Board of Directors at its meeting held on May 08, 2024, recommended Final Dividend of Rs. 15 per equity share.","08-May-2024 17:30:16","2024-05-08 17:30:16","08-May-2024 17:30:29","00:00:13","https://nsearchives.nseindia.com/corporate/BSE_08052024173016_NSEintimation.pdf"
"BSE","BSE Limited","Updates","BSE Limited has informed the Exchange regarding 'In- principle approval for disinvestment in BSE Institute Limited'.","08-May-2024 17:30:16","2024-05-08 17:30:16","08-May-2024 17:30:54","00:00:38","https://nsearchives.nseindia.com/corporate/BSE_08052024173027_NSEintimation.pdf"
"BSE","BSE Limited","Change in Auditors","BSE Limited has informed the Exchange regarding Change in Auditors of the company.","08-May-2024 17:30:16","2024-05-08 17:30:16","08-May-2024 17:31:01","00:00:45","https://nsearchives.nseindia.com/corporate/BSE_08052024173028_NSEintimation.pdf"
"BSE","BSE Limited","Change in Management","BSE Limited has informed the Exchange about extension of tenure of Chief Regulatory Officer","08-May-2024 17:30:16","2024-05-08 17:30:16","08-May-2024 17:30:46","00:00:30","https://nsearchives.nseindia.com/corporate/BSE_08052024173026_NSEintimation.pdf"
"BSE","BSE Limited","Disclosure of record date for purpose of distribution","BSE Limited has informed regarding Record date for purpose of distribution of Final dividend for the FY 2023-24 is June 14, 2024","08-May-2024 17:30:16","2024-05-08 17:30:16","08-May-2024 17:31:18","00:01:02","https://nsearchives.nseindia.com/corporate/BSE_08052024173029_NSEintimation.pdf"
"BSE","BSE Limited","Financial Result Updates","BSE Limited has submitted to the Exchange, the financial results for the period ended March 31, 2024.","08-May-2024 17:18:55","2024-05-08 17:18:55","08-May-2024 17:19:01","00:00:06","https://nsearchives.nseindia.com/corporate/NSEintimation_08052024171855.pdf"
"BSE","BSE Limited","Resignation","BSE Limited has informed the Exchange regarding Resignation of Mr Girish Joshi as Other of the company w.e.f. August 02, 2024.","03-May-2024 17:26:55","2024-05-03 17:26:55","03-May-2024 17:27:03","00:00:08","https://nsearchives.nseindia.com/corporate/BSE_03052024172655_NSEintimation.pdf"
"BSE","BSE Limited","Analysts/Institutional Investor Meet/Con. Call Updates","Revised intimation regarding results Conference call with Analyst / Investors scheduled onWednesday, May 8, 2024, at 18:30 (IST)","03-May-2024 14:32:27","2024-05-03 14:32:27","03-May-2024 14:32:33","00:00:06","https://nsearchives.nseindia.com/corporate/BSE_03052024143227_NSEintimation.pdf"
"BSE","BSE Limited","Analysts/Institutional Investor Meet/Con. Call Updates","BSE Limited has informed the Exchange about Schedule of meet","03-May-2024 11:05:47","2024-05-03 11:05:47","03-May-2024 11:05:52","00:00:05","https://nsearchives.nseindia.com/corporate/BSE_03052024110547_NSEintimation.pdf"
"BSE","BSE Limited","Updates","BSE Limited has informed the Exchange regarding 'Intimation of voluntary liquidation of BSE Institute of Research Development & Innovation (BIRDI)'.","02-May-2024 17:06:21","2024-05-02 17:06:21","02-May-2024 17:06:27","00:00:06","https://nsearchives.nseindia.com/corporate/BSE_02052024170621_NSEintimation.pdf"
"BSE","BSE Limited","Updates","BSE Limited has informed the Exchange regarding 'Update'.","30-Apr-2024 19:39:24","2024-04-30 19:39:24","30-Apr-2024 19:39:28","00:00:04","https://nsearchives.nseindia.com/corporate/BSE_30042024193924_NSEIntimation.pdf"
"BSE","BSE Limited","Updates","BSE Limited has informed the Exchange regarding 'Disclosure under Regulation 30 of SEBI (Listing Obligations and Disclosure Requirements) Regulations, 2015 '.","28-Apr-2024 19:45:39","2024-04-28 19:45:39","28-Apr-2024 19:45:44","00:00:05","https://nsearchives.nseindia.com/corporate/BSE_28042024194539_NSEIntimatioSEBILetterimpactanalysis.pdf"
"BSE","BSE Limited","Updates","BSE Limited has informed the Exchange regarding 'Disclosure under Regulation 30 of SEBI (Listing Obligations and DisclosureRequirements) Regulations, 2015'.","26-Apr-2024 18:59:50","2024-04-26 18:59:50","26-Apr-2024 18:59:56","00:00:06","https://nsearchives.nseindia.com/corporate/BSE_26042024185950_NSEIntimatioSEBILetterdatedApril26.pdf"
"BSE","BSE Limited","Analysts/Institutional Investor Meet/Con. Call Updates","BSE Limited has informed the Exchange about Schedule of meet","23-Apr-2024 16:16:46","2024-04-23 16:16:46","23-Apr-2024 16:16:52","00:00:06","https://nsearchives.nseindia.com/corporate/BSE_23042024161646_NSEIntimation17052024.pdf"
"BSE","BSE Limited","Analysts/Institutional Investor Meet/Con. Call Updates","BSE Limited has informed the Exchange about Schedule of meet","10-Apr-2024 17:43:32","2024-04-10 17:43:32","10-Apr-2024 17:43:41","00:00:09","https://nsearchives.nseindia.com/corporate/BSE_10042024174332_NSEIntimation16042024.pdf"
"BSE","BSE Limited","Analysts/Institutional Investor Meet/Con. Call Updates","BSE Limited has informed the Exchange about Schedule of meet","09-Apr-2024 12:07:30","2024-04-09 12:07:30","09-Apr-2024 12:07:37","00:00:07","https://nsearchives.nseindia.com/corporate/BSE_09042024120730_NSEIntimation15042024.pdf"
"BSE","BSE Limited","Trading Window","BSE Limited has informed the Exchange regarding the Trading Window closure pursuant to SEBI (Prohibition of Insider Trading) Regulations, 2015","27-Mar-2024 12:42:35","2024-03-27 12:42:35","27-Mar-2024 12:42:42","00:00:07","https://nsearchives.nseindia.com/corporate/BSE_27032024124235_NSEIntimation.pdf"
"BSE","BSE Limited","Analysts/Institutional Investor Meet/Con. Call Updates","BSE Limited has informed the Exchange about Schedule of meet","27-Mar-2024 12:39:12","2024-03-27 12:39:12","27-Mar-2024 12:39:32","00:00:20","https://nsearchives.nseindia.com/corporate/BSE_27032024123914_NSEIntimation03042024.pdf"
"BSE","BSE Limited","Analysts/Institutional Investor Meet/Con. Call Updates","BSE Limited has informed the Exchange about Schedule of meet","27-Mar-2024 12:39:12","2024-03-27 12:39:12","27-Mar-2024 12:39:39","00:00:27","https://nsearchives.nseindia.com/corporate/BSE_27032024123915_NSEIntimation19042024.pdf"
"BSE","BSE Limited","Analysts/Institutional Investor Meet/Con. Call Updates","BSE Limited has informed the Exchange about Schedule of meet","27-Mar-2024 12:39:12","2024-03-27 12:39:12","27-Mar-2024 12:39:25","00:00:13","https://nsearchives.nseindia.com/corporate/BSE_27032024123913_NSEIntimation03042024.pdf"
"BSE","BSE Limited","Analysts/Institutional Investor Meet/Con. Call Updates","BSE Limited has informed the Exchange about Schedule of meet","27-Mar-2024 12:39:12","2024-03-27 12:39:12","27-Mar-2024 12:39:18","00:00:06","https://nsearchives.nseindia.com/corporate/BSE_27032024123912_NSEIntimation02042024.pdf"
"BSE","BSE Limited","Change in Director(s)","BSE Limited has informed the Exchange regarding Change in Director(s) of the company.","15-Mar-2024 17:39:57","2024-03-15 17:39:57","15-Mar-2024 17:40:03","00:00:06","https://nsearchives.nseindia.com/corporate/BSE_15032024173957_NSEintimation.pdf"
"BSE","BSE Limited","Analysts/Institutional Investor Meet/Con. Call Updates","BSE Limited has informed the Exchange about Schedule of meet","14-Mar-2024 18:03:57","2024-03-14 18:03:57","14-Mar-2024 18:04:01","00:00:04","https://nsearchives.nseindia.com/corporate/BSE_14032024180357_NSEIntimation19032024.pdf"
"BSE","BSE Limited","Updates","BSE Limited has informed the Exchange regarding 'Merger of BSE Tech Infra Services Private limited (Wholly owned subsidiary of BTPL)with BSE Technologies Private Limited (Wholly owned subsidiary of BSE Limited).'.","07-Mar-2024 19:17:35","2024-03-07 19:17:35","07-Mar-2024 19:17:42","00:00:07","https://nsearchives.nseindia.com/corporate/BSE_07032024191735_NSEintimation.pdf"
"BSE","BSE Limited","Change in Management","BSE Limited has informed the Exchange about  resignation of Shri Balaji Venketeshwar as Chief Information Security Officer of the Company","06-Mar-2024 15:13:11","2024-03-06 15:13:11","06-Mar-2024 15:13:16","00:00:05","https://nsearchives.nseindia.com/corporate/BSE_06032024151311_NSEintimation.pdf"
"BSE","BSE Limited","Analysts/Institutional Investor Meet/Con. Call Updates","BSE Limited has informed the Exchange about Cancellation of Meet","05-Mar-2024 17:19:21","2024-03-05 17:19:21","05-Mar-2024 17:19:27","00:00:06","https://nsearchives.nseindia.com/corporate/BSE_05032024171921_NSEintimation.pdf"
"BSE","BSE Limited","Analysts/Institutional Investor Meet/Con. Call Updates","BSE Limited has informed the Exchange about Schedule of meet","04-Mar-2024 18:14:53","2024-03-04 18:14:53","04-Mar-2024 18:15:00","00:00:07","https://nsearchives.nseindia.com/corporate/BSE_04032024181453_NSEIntimation07032024.pdf"
"BSE","BSE Limited","Updates","BSE Limited has informed the Exchange regarding 'Update'.","01-Mar-2024 09:59:51","2024-03-01 09:59:51","01-Mar-2024 09:59:57","00:00:06","https://nsearchives.nseindia.com/corporate/BSE_01032024095952_ProjectSPNSEIntimation.pdf"
"BSE","BSE Limited","Analysts/Institutional Investor Meet/Con. Call Updates","BSE Limited has informed the Exchange about Schedule of meet","26-Feb-2024 15:35:32","2024-02-26 15:35:32","26-Feb-2024 15:35:43","00:00:11","https://nsearchives.nseindia.com/corporate/BSE_26022024153532_NSEIntimation07032024.pdf"
"BSE","BSE Limited","Analysts/Institutional Investor Meet/Con. Call Updates","BSE Limited has informed the Exchange about Schedule of meet","26-Feb-2024 15:35:32","2024-02-26 15:35:32","26-Feb-2024 15:35:57","00:00:25","https://nsearchives.nseindia.com/corporate/BSE_26022024153534_NSEIntimation20032024.pdf"
"BSE","BSE Limited","Analysts/Institutional Investor Meet/Con. Call Updates","BSE Limited has informed the Exchange about Schedule of meet","26-Feb-2024 15:35:32","2024-02-26 15:35:32","26-Feb-2024 15:35:49","00:00:17","https://nsearchives.nseindia.com/corporate/BSE_26022024153533_NSEIntimation12032024.pdf"
"BSE","BSE Limited","Analysts/Institutional Investor Meet/Con. Call Updates","BSE Limited has informed the Exchange about Schedule of meet","26-Feb-2024 15:35:32","2024-02-26 15:35:32","26-Feb-2024 15:35:35","00:00:03","https://nsearchives.nseindia.com/corporate/BSE_26022024153532_NSEIntimation06032024.pdf"
"BSE","BSE Limited","Analysts/Institutional Investor Meet/Con. Call Updates","BSE Limited has informed the Exchange about Schedule of meet","23-Feb-2024 12:50:01","2024-02-23 12:50:01","23-Feb-2024 12:50:09","00:00:08","https://nsearchives.nseindia.com/corporate/BSE_23022024125001_NSEIntimation04032024.pdf"
"BSE","BSE Limited","Analysts/Institutional Investor Meet/Con. Call Updates","BSE Limited has informed the Exchange about Schedule of meet","21-Feb-2024 17:38:16","2024-02-21 17:38:16","21-Feb-2024 17:38:34","00:00:18","https://nsearchives.nseindia.com/corporate/BSE_21022024173817_NSEIntimation29022024.pdf"
"BSE","BSE Limited","Analysts/Institutional Investor Meet/Con. Call Updates","BSE Limited has informed the Exchange about Schedule of meet","21-Feb-2024 17:38:16","2024-02-21 17:38:16","21-Feb-2024 17:38:28","00:00:12","https://nsearchives.nseindia.com/corporate/BSE_21022024173816_NSEIntimation27022024.pdf"
"BSE","BSE Limited","Analysts/Institutional Investor Meet/Con. Call Updates","BSE Limited has informed the Exchange about Schedule of meet","21-Feb-2024 17:38:16","2024-02-21 17:38:16","21-Feb-2024 17:38:48","00:00:32","https://nsearchives.nseindia.com/corporate/BSE_21022024173818_NSEintimation01032024.pdf"
"BSE","BSE Limited","Analysts/Institutional Investor Meet/Con. Call Updates","BSE Limited has informed the Exchange about Schedule of meet","21-Feb-2024 17:38:16","2024-02-21 17:38:16","21-Feb-2024 17:38:41","00:00:25","https://nsearchives.nseindia.com/corporate/BSE_21022024173817_NSEIntimation1030204.pdf"
"BSE","BSE Limited","Analysts/Institutional Investor Meet/Con. Call Updates","BSE Limited has informed the Exchange about Schedule of meet","20-Feb-2024 13:02:52","2024-02-20 13:02:52","20-Feb-2024 13:02:56","00:00:04","https://nsearchives.nseindia.com/corporate/BSE_20022024130252_NSEIntimation29022024.pdf"
"BSE","BSE Limited","Change in Director(s)","BSE Limited has informed the Exchange regarding Change in Director(s) of the company.","13-Feb-2024 18:29:50","2024-02-13 18:29:50","13-Feb-2024 18:29:56","00:00:06","https://nsearchives.nseindia.com/corporate/BSE_13022024182950_NSEintimation.pdf"
"BSE","BSE Limited","Analysts/Institutional Investor Meet/Con. Call Updates","BSE Limited has informed the Exchange about Transcript","07-Feb-2024 18:05:50","2024-02-07 18:05:50","07-Feb-2024 18:05:59","00:00:09","https://nsearchives.nseindia.com/corporate/BSE_07022024180550_NSEintimationtranscript.pdf"
"BSE","BSE Limited","Analysts/Institutional Investor Meet/Con. Call Updates","BSE Limited has informed the Exchange about Schedule of meet","07-Feb-2024 17:55:21","2024-02-07 17:55:21","07-Feb-2024 17:55:25","00:00:04","https://nsearchives.nseindia.com/corporate/BSE_07022024175521_NSEintimation12022024.pdf"
"BSE","BSE Limited","Analysts/Institutional Investor Meet/Con. Call Updates","BSE Limited has informed the Exchange about Schedule of meet","07-Feb-2024 17:55:21","2024-02-07 17:55:21","07-Feb-2024 17:55:40","00:00:19","https://nsearchives.nseindia.com/corporate/BSE_07022024175522_NSEintimation28022024.pdf"
"BSE","BSE Limited","Analysts/Institutional Investor Meet/Con. Call Updates","BSE Limited has informed the Exchange about Schedule of meet","07-Feb-2024 17:55:21","2024-02-07 17:55:21","07-Feb-2024 17:55:33","00:00:12","https://nsearchives.nseindia.com/corporate/BSE_07022024175521_NSEintimation21022024.pdf"
"BSE","BSE Limited","Change in Director(s)","BSE Limited has informed the Exchange regarding Change in Director(s) of the company.","07-Feb-2024 17:45:39","2024-02-07 17:45:39","07-Feb-2024 17:45:44","00:00:05","https://nsearchives.nseindia.com/corporate/BSE_07022024174539_NSEintimation.pdf"
"BSE","BSE Limited","Copy of Newspaper Publication","BSE Limited has informed the Exchange about Copy of Newspaper Publication","06-Feb-2024 15:20:29","2024-02-06 15:20:29","06-Feb-2024 15:20:34","00:00:05","https://nsearchives.nseindia.com/corporate/BSE_06022024152029_NSEintimation05022024.pdf"
"BSE","BSE Limited","Analysts/Institutional Investor Meet/Con. Call Updates","BSE Limited has informed the Exchange about Link of Recording","06-Feb-2024 11:48:32","2024-02-06 11:48:32","06-Feb-2024 11:48:38","00:00:06","https://nsearchives.nseindia.com/corporate/BSE_06022024114832_NSEintimation.pdf"
"BSE","BSE Limited","Analysts/Institutional Investor Meet/Con. Call Updates","BSE Limited has informed the Exchange about Presentation","05-Feb-2024 17:08:40","2024-02-05 17:08:40","05-Feb-2024 17:08:45","00:00:05","https://nsearchives.nseindia.com/corporate/BSE_05022024170840_NSEINTIMATION.pdf"
"BSE","BSE Limited","Financial Result Updates","BSE Limited has submitted to the Exchange, the financial results for the period ended December 31, 2023.","05-Feb-2024 17:07:19","2024-02-05 17:07:19","05-Feb-2024 17:07:26","00:00:07","https://nsearchives.nseindia.com/corporate/NSEintimations_05022024170719.pdf"
"BSE","BSE Limited","Analysts/Institutional Investor Meet/Con. Call Updates","BSE Limited has informed the Exchange about Schedule of meet","02-Feb-2024 16:02:17","2024-02-02 16:02:17","02-Feb-2024 16:02:57","00:00:40","https://nsearchives.nseindia.com/corporate/BSE_02022024160219_NSEintimation20022024.pdf"
"BSE","BSE Limited","Analysts/Institutional Investor Meet/Con. Call Updates","BSE Limited has informed the Exchange about Schedule of meet","02-Feb-2024 16:02:17","2024-02-02 16:02:17","02-Feb-2024 16:02:50","00:00:33","https://nsearchives.nseindia.com/corporate/BSE_02022024160218_NSEintimation16022024.pdf"
"BSE","BSE Limited","Analysts/Institutional Investor Meet/Con. Call Updates","BSE Limited has informed the Exchange about Schedule of meet","02-Feb-2024 16:02:17","2024-02-02 16:02:17","02-Feb-2024 16:02:43","00:00:26","https://nsearchives.nseindia.com/corporate/BSE_02022024160218_NSEintimation15022024.pdf"
"BSE","BSE Limited","Analysts/Institutional Investor Meet/Con. Call Updates","BSE Limited has informed the Exchange about Schedule of meet","02-Feb-2024 16:02:17","2024-02-02 16:02:17","02-Feb-2024 16:02:36","00:00:19","https://nsearchives.nseindia.com/corporate/BSE_02022024160217_NSEintimation14022024.pdf"
"BSE","BSE Limited","Analysts/Institutional Investor Meet/Con. Call Updates","BSE Limited has informed the Exchange about Schedule of meet","02-Feb-2024 16:02:16","2024-02-02 16:02:16","02-Feb-2024 16:02:29","00:00:13","https://nsearchives.nseindia.com/corporate/BSE_02022024160217_NSEintimation07022024.pdf"
"BSE","BSE Limited","Analysts/Institutional Investor Meet/Con. Call Updates","BSE Limited has informed the Exchange about Schedule of meet","31-Jan-2024 17:37:19","2024-01-31 17:37:19","31-Jan-2024 17:37:34","00:00:15","https://nsearchives.nseindia.com/corporate/BSE_31012024173720_NSEintimation07022024.pdf"
"BSE","BSE Limited","Analysts/Institutional Investor Meet/Con. Call Updates","BSE Limited has informed the Exchange about Schedule of meet","31-Jan-2024 17:37:19","2024-01-31 17:37:19","31-Jan-2024 17:37:26","00:00:07","https://nsearchives.nseindia.com/corporate/BSE_31012024173719_NSEintimation06022024.pdf"
"BSE","BSE Limited","Analysts/Institutional Investor Meet/Con. Call Updates","BSE Limited has informed the Exchange about Schedule of meet","31-Jan-2024 17:37:19","2024-01-31 17:37:19","31-Jan-2024 17:37:41","00:00:22","https://nsearchives.nseindia.com/corporate/BSE_31012024173720_NSEintimation13022024.pdf"
"BSE","BSE Limited","Analysts/Institutional Investor Meet/Con. Call Updates","BSE Limited has informed the Exchange about Schedule of meet","29-Jan-2024 15:13:12","2024-01-29 15:13:12","29-Jan-2024 15:13:18","00:00:06","https://nsearchives.nseindia.com/corporate/BSE_29012024151312_NSEIntimation05022024.pdf"
"BSE","BSE Limited","Change in Director(s)","BSE Limited has informed the Exchange regarding Change in Director(s) of the company.","16-Jan-2024 18:04:17","2024-01-16 18:04:17","16-Jan-2024 18:04:22","00:00:05","https://nsearchives.nseindia.com/corporate/BSE_16012024180417_NSEintimation.pdf"
"BSE","BSE Limited","Certificate under SEBI (Depositories and Participants) Regulations, 2018","BSE Limited has informed the Exchange about Certificate under SEBI (Depositories and Participants) Regulations, 2018","08-Jan-2024 16:18:34","2024-01-08 16:18:34","08-Jan-2024 16:18:41","00:00:07","https://nsearchives.nseindia.com/corporate/BSE_08012024161834_NSEIntimation.pdf"
"BSE","BSE Limited","Shareholders meeting","BSE Limited has informed the Exchange about Shareholders meeting","02-Jan-2024 18:51:44","2024-01-02 18:51:44","02-Jan-2024 18:51:49","00:00:05","https://nsearchives.nseindia.com/corporate/BSE_02012024185144_NSEintimation.pdf"
"BSE","BSE Limited","Analysts/Institutional Investor Meet/Con. Call Updates","BSE Limited has informed the Exchange about Schedule of meet","29-Dec-2023 17:37:14","2023-12-29 17:37:14","29-Dec-2023 17:37:18","00:00:04","https://nsearchives.nseindia.com/corporate/BSE_29122023173714_NSEintimation04012024.pdf"
"BSE","BSE Limited","Trading Window","BSE Limited has informed the Exchange regarding the Trading Window closure pursuant to SEBI (Prohibition of Insider Trading) Regulations, 2015","28-Dec-2023 14:58:41","2023-12-28 14:58:41","28-Dec-2023 14:58:48","00:00:07","https://nsearchives.nseindia.com/corporate/BSE_28122023145841_NSEintimation.pdf"
"BSE","BSE Limited","Appointment","BSE Limited has informed the Exchange regarding Appointment of Mr Pramod Agrawal as Chairman of the company w.e.f. January 17, 2024.","20-Dec-2023 18:19:12","2023-12-20 18:19:12","20-Dec-2023 18:19:16","00:00:04","https://nsearchives.nseindia.com/corporate/BSE_20122023181912_NSEintimation20122023.pdf"
"BSE","BSE Limited","Updates","BSE Limited has informed the Exchange regarding 'Disclosure under Regulation 30 of SEBI (listing obligations and disclosurerequirements) regulations, 2015 read with BSE s ( the Company ) policy for determination ofmateriality of event / information.'.","19-Dec-2023 17:38:08","2023-12-19 17:38:08","19-Dec-2023 17:38:14","00:00:06","https://nsearchives.nseindia.com/corporate/BSE_19122023173808_NSEintimation.pdf"
"BSE","BSE Limited","Analysts/Institutional Investor Meet/Con. Call Updates","BSE Limited has informed the Exchange about Schedule of meet","18-Dec-2023 14:28:11","2023-12-18 14:28:11","18-Dec-2023 14:28:18","00:00:07","https://nsearchives.nseindia.com/corporate/BSE_18122023142811_NSEintimation21122023.pdf"
"BSE","BSE Limited","Analysts/Institutional Investor Meet/Con. Call Updates","BSE Limited has informed the Exchange about Schedule of meet","15-Dec-2023 17:31:08","2023-12-15 17:31:08","15-Dec-2023 17:31:12","00:00:04","https://nsearchives.nseindia.com/corporate/BSE_15122023173108_NSEintimation21122023.pdf"
"BSE","BSE Limited","Analysts/Institutional Investor Meet/Con. Call Updates","BSE Limited has informed the Exchange about Schedule of meet","14-Dec-2023 17:53:29","2023-12-14 17:53:29","14-Dec-2023 17:53:43","00:00:14","https://nsearchives.nseindia.com/corporate/BSE_14122023175329_NSEintimation21122023.pdf"
"BSE","BSE Limited","Analysts/Institutional Investor Meet/Con. Call Updates","BSE Limited has informed the Exchange about Schedule of meet","14-Dec-2023 17:53:29","2023-12-14 17:53:29","14-Dec-2023 17:53:35","00:00:06","https://nsearchives.nseindia.com/corporate/BSE_14122023175329_NSEintimation20122023.pdf"
"BSE","BSE Limited","Investor Presentation","BSE Limited has informed the Exchange about Investor Presentation","11-Dec-2023 17:15:31","2023-12-11 17:15:31","11-Dec-2023 17:15:48","00:00:17","https://nsearchives.nseindia.com/corporate/BSE_11122023171531_NSEintimation15122023.pdf"
"BSE","BSE Limited","Investor Presentation","BSE Limited has informed the Exchange about Investor Presentation","11-Dec-2023 17:15:31","2023-12-11 17:15:31","11-Dec-2023 17:15:55","00:00:24","https://nsearchives.nseindia.com/corporate/BSE_11122023171531_NSEintimation18122023.pdf"
"BSE","BSE Limited","Updates","BSE Limited has informed the Exchange regarding 'Disclosure under Regulation 30 of the SEBI (Listing Obligations and DisclosureRequirements) Regulations, 2015   Further investment in BSE Investments Limited'.","08-Dec-2023 16:42:19","2023-12-08 16:42:19","08-Dec-2023 16:42:24","00:00:05","https://nsearchives.nseindia.com/corporate/BSE_08122023164219_NSEintimationforBSEinvestments.pdf"
"BSE","BSE Limited","Updates","BSE Limited has informed the Exchange regarding 'Surrender of Certificate of Registration of BSE Technologies Private Limited (wholly owned subsidiary of BSE) as Know Your Client (KYC) Registration Agency'.","05-Dec-2023 18:21:13","2023-12-05 18:21:13","05-Dec-2023 18:21:19","00:00:06","https://nsearchives.nseindia.com/corporate/BSE_05122023182113_NSEintimation.pdf"
"BSE","BSE Limited","Analysts/Institutional Investor Meet/Con. Call Updates","BSE Limited has informed the Exchange about Schedule of meet","05-Dec-2023 11:55:12","2023-12-05 11:55:12","05-Dec-2023 11:55:16","00:00:04","https://nsearchives.nseindia.com/corporate/BSE_05122023115512_NSEintimation13122023.pdf"
"BSE","BSE Limited","Analysts/Institutional Investor Meet/Con. Call Updates","BSE Limited has informed the Exchange about Schedule of meet","05-Dec-2023 11:52:06","2023-12-05 11:52:06","05-Dec-2023 11:52:13","00:00:07","https://nsearchives.nseindia.com/corporate/BSE_05122023115206_NSEintimation12122023.pdf"
"BSE","BSE Limited","Copy of Newspaper Publication","BSE Limited has informed the Exchange about Copy of Newspaper Publication","05-Dec-2023 11:47:20","2023-12-05 11:47:20","05-Dec-2023 11:47:26","00:00:06","https://nsearchives.nseindia.com/corporate/BSE_05122023114720_NSEIntimationUpload.pdf"
"BSE","BSE Limited","Copy of Newspaper Publication","BSE Limited has informed the Exchange about Copy of Newspaper Publication","01-Dec-2023 12:12:19","2023-12-01 12:12:19","01-Dec-2023 12:12:26","00:00:07","https://nsearchives.nseindia.com/corporate/BSE_01122023121219_NSEIntimation01122023.pdf"
"BSE","BSE Limited","Analysts/Institutional Investor Meet/Con. Call Updates","BSE Limited has informed the Exchange about Schedule of meet","30-Nov-2023 17:22:30","2023-11-30 17:22:30","30-Nov-2023 17:22:37","00:00:07","https://nsearchives.nseindia.com/corporate/BSE_30112023172230_NSEintimation05122023.pdf"
"BSE","BSE Limited","Analysts/Institutional Investor Meet/Con. Call Updates","BSE Limited has informed the Exchange about Schedule of meet","30-Nov-2023 17:22:30","2023-11-30 17:22:30","30-Nov-2023 17:22:46","00:00:16","https://nsearchives.nseindia.com/corporate/BSE_30112023172230_NSEintimation11122023.pdf"
"BSE","BSE Limited","Shareholders meeting","BSE Limited has informed the Exchange regarding Notice of Postal Ballot","30-Nov-2023 11:37:39","2023-11-30 11:37:39","30-Nov-2023 11:37:44","00:00:05","https://nsearchives.nseindia.com/corporate/BSE_30112023113739_NSEintimationPostalballotJM.pdf"
"BSE","BSE Limited","Appointment","BSE Limited has informed the Exchange regarding Appointment of Mr Pramod Agrawal as Independent Director of the company w.e.f. November 29, 2023.","29-Nov-2023 16:01:53","2023-11-29 16:01:53","29-Nov-2023 16:02:00","00:00:07","https://nsearchives.nseindia.com/corporate/BSE_29112023160153_NSEintimationPramodA.pdf"
"BSE","BSE Limited","Change in Director(s)","BSE Limited has informed the Exchange regarding Change in Director(s) of the company.","29-Nov-2023 15:56:24","2023-11-29 15:56:24","29-Nov-2023 15:56:29","00:00:05","https://nsearchives.nseindia.com/corporate/BSE_29112023155624_NSEintimationPramodA.pdf"
"BSE","BSE Limited","Analysts/Institutional Investor Meet/Con. Call Updates","BSE Limited has informed the Exchange about Schedule of meet","28-Nov-2023 17:51:02","2023-11-28 17:51:02","28-Nov-2023 17:51:07","00:00:05","https://nsearchives.nseindia.com/corporate/BSE_28112023175102_NSEintimation01122023.pdf"
"BSE","BSE Limited","Analysts/Institutional Investor Meet/Con. Call Updates","BSE Limited has informed the Exchange about Schedule of meet","28-Nov-2023 17:51:02","2023-11-28 17:51:02","28-Nov-2023 17:51:15","00:00:13","https://nsearchives.nseindia.com/corporate/BSE_28112023175105_NSEintimation04122023.pdf"
"BSE","BSE Limited","Analysts/Institutional Investor Meet/Con. Call Updates","BSE Limited has informed the Exchange about Schedule of meet","24-Nov-2023 16:49:19","2023-11-24 16:49:19","24-Nov-2023 16:49:47","00:00:28","https://nsearchives.nseindia.com/corporate/BSE_24112023164921_NSEintimation071223.pdf"
"BSE","BSE Limited","Analysts/Institutional Investor Meet/Con. Call Updates","BSE Limited has informed the Exchange about Schedule of meet","24-Nov-2023 16:49:19","2023-11-24 16:49:19","24-Nov-2023 16:49:39","00:00:20","https://nsearchives.nseindia.com/corporate/BSE_24112023164920_NSEintimation301123.pdf"
"BSE","BSE Limited","Analysts/Institutional Investor Meet/Con. Call Updates","BSE Limited has informed the Exchange about Schedule of meet","24-Nov-2023 16:49:19","2023-11-24 16:49:19","24-Nov-2023 16:49:32","00:00:13","https://nsearchives.nseindia.com/corporate/BSE_24112023164920_NSEintimation01122023.pdf"
"BSE","BSE Limited","Analysts/Institutional Investor Meet/Con. Call Updates","BSE Limited has informed the Exchange about Schedule of meet","24-Nov-2023 16:49:19","2023-11-24 16:49:19","24-Nov-2023 16:49:25","00:00:06","https://nsearchives.nseindia.com/corporate/BSE_24112023164919_NSEintimation05122023.pdf"
"BSE","BSE Limited","Analysts/Institutional Investor Meet/Con. Call Updates","BSE Limited has informed the Exchange about Schedule of meet","23-Nov-2023 16:51:41","2023-11-23 16:51:41","23-Nov-2023 16:52:03","00:00:22","https://nsearchives.nseindia.com/corporate/BSE_23112023165142_NSEintimation12122023.pdf"
"BSE","BSE Limited","Analysts/Institutional Investor Meet/Con. Call Updates","BSE Limited has informed the Exchange about Schedule of meet","23-Nov-2023 16:51:41","2023-11-23 16:51:41","23-Nov-2023 16:51:57","00:00:16","https://nsearchives.nseindia.com/corporate/BSE_23112023165141_NSEintimation01122023.pdf"
"BSE","BSE Limited","Analysts/Institutional Investor Meet/Con. Call Updates","BSE Limited has informed the Exchange about Schedule of meet","23-Nov-2023 16:51:41","2023-11-23 16:51:41","23-Nov-2023 16:51:49","00:00:08","https://nsearchives.nseindia.com/corporate/BSE_23112023165141_NSEintimation01122023.pdf"
"BSE","BSE Limited","Analysts/Institutional Investor Meet/Con. Call Updates","BSE Limited has informed the Exchange about Schedule of meet","22-Nov-2023 14:47:48","2023-11-22 14:47:48","22-Nov-2023 14:47:54","00:00:06","https://nsearchives.nseindia.com/corporate/BSE_22112023144748_NSEintimation30112023.pdf"
"BSE","BSE Limited","Analysts/Institutional Investor Meet/Con. Call Updates","BSE Limited has informed the Exchange about Schedule of meet","22-Nov-2023 14:46:03","2023-11-22 14:46:03","22-Nov-2023 14:46:08","00:00:05","https://nsearchives.nseindia.com/corporate/BSE_22112023144603_NSEintimation28112023.pdf"
"BSE","BSE Limited","Updates","BSE Limited has informed the Exchange regarding 'Disclosure under Regulation 30 of the SEBI (Listing Obligations and DisclosureRequirements) Regulations, 2015   Further investment in India International Clearingcorporation (IFSC) Limited (India ICC)'.","20-Nov-2023 18:00:19","2023-11-20 18:00:19","20-Nov-2023 18:00:25","00:00:06","https://nsearchives.nseindia.com/corporate/BSE_20112023180019_IndiaICCintimation20112023.pdf"
"BSE","BSE Limited","Updates","BSE Limited has informed the Exchange regarding 'cessation of step-down subsidiary Company'.","17-Nov-2023 17:32:09","2023-11-17 17:32:09","17-Nov-2023 17:32:15","00:00:06","https://nsearchives.nseindia.com/corporate/BSE_17112023173209_NSEIntimation.pdf"
"BSE","BSE Limited","Analysts/Institutional Investor Meet/Con. Call Updates","BSE Limited has informed the Exchange about Schedule of meet","16-Nov-2023 17:01:53","2023-11-16 17:01:53","16-Nov-2023 17:02:00","00:00:07","https://nsearchives.nseindia.com/corporate/BSE_16112023170153_NSEintimation22112023.pdf"
"BSE","BSE Limited","Analysts/Institutional Investor Meet/Con. Call Updates","BSE Limited has informed the Exchange about Schedule of meet","16-Nov-2023 12:56:37","2023-11-16 12:56:37","16-Nov-2023 12:56:49","00:00:12","https://nsearchives.nseindia.com/corporate/BSE_16112023125638_NSEintimation12122023.pdf"
"BSE","BSE Limited","Analysts/Institutional Investor Meet/Con. Call Updates","BSE Limited has informed the Exchange about Schedule of meet","16-Nov-2023 12:54:53","2023-11-16 12:54:53","16-Nov-2023 12:54:58","00:00:05","https://nsearchives.nseindia.com/corporate/BSE_16112023125453_NSEintimation06122023.pdf"
"BSE","BSE Limited","Analysts/Institutional Investor Meet/Con. Call Updates","BSE Limited has informed the Exchange about Schedule of meet","16-Nov-2023 12:52:36","2023-11-16 12:52:36","16-Nov-2023 12:52:48","00:00:12","https://nsearchives.nseindia.com/corporate/BSE_16112023125236_NSEintimation23112023.pdf"
"BSE","BSE Limited","Analysts/Institutional Investor Meet/Con. Call Updates","BSE Limited has informed the Exchange about Schedule of meet","15-Nov-2023 17:04:21","2023-11-15 17:04:21","15-Nov-2023 17:04:26","00:00:05","https://nsearchives.nseindia.com/corporate/BSE_15112023170421_NSEintimation20112023.pdf"
"BSE","BSE Limited","Analysts/Institutional Investor Meet/Con. Call Updates","BSE Limited has informed the Exchange about Schedule of meet","15-Nov-2023 17:02:24","2023-11-15 17:02:24","15-Nov-2023 17:02:29","00:00:05","https://nsearchives.nseindia.com/corporate/BSE_15112023170224_NSEintimation20112023.pdf"
"BSE","BSE Limited","Analysts/Institutional Investor Meet/Con. Call Updates","BSE Limited has informed the Exchange about Schedule of meet","15-Nov-2023 16:14:22","2023-11-15 16:14:22","15-Nov-2023 16:14:28","00:00:06","https://nsearchives.nseindia.com/corporate/BSE_15112023161423_NSEintimation21112023.pdf"
"BSE","BSE Limited","Analysts/Institutional Investor Meet/Con. Call Updates","BSE Limited has informed the Exchange about Transcript","15-Nov-2023 16:10:02","2023-11-15 16:10:02","15-Nov-2023 16:10:12","00:00:10","https://nsearchives.nseindia.com/corporate/BSE_15112023161002_NSEIntimation10112023.pdf"
"BSE","BSE Limited","Copy of Newspaper Publication","BSE Limited has informed the Exchange about Copy of Newspaper Publication","11-Nov-2023 13:23:40","2023-11-11 13:23:40","11-Nov-2023 13:23:45","00:00:05","https://nsearchives.nseindia.com/corporate/BSE_11112023132340_NSEintimationupload.pdf"
"BSE","BSE Limited","Analysts/Institutional Investor Meet/Con. Call Updates","BSE Limited has informed the Exchange about Link of Recording","10-Nov-2023 20:09:30","2023-11-10 20:09:30","10-Nov-2023 20:09:39","00:00:09","https://nsearchives.nseindia.com/corporate/BSE_10112023200930_NSEIntimation10112023.pdf"
"BSE","BSE Limited","Updates","BSE Limited has informed the Exchange regarding 'Disclosure under Regulation 30 of the SEBI (Listing Obligations and DisclosureRequirements) Regulations, 2015   Further investment in India International Exchange (IFSC)Limited (India INX) and India International Clearing corporation (IFSC) Limited (India ICC)'.","10-Nov-2023 20:02:37","2023-11-10 20:02:37","10-Nov-2023 20:02:41","00:00:04","https://nsearchives.nseindia.com/corporate/BSE_10112023200237_nseintimationiccinx.pdf"
"BSE","BSE Limited","Analysts/Institutional Investor Meet/Con. Call Updates","BSE Limited has informed the Exchange about Presentation","10-Nov-2023 16:35:13","2023-11-10 16:35:13","10-Nov-2023 16:35:25","00:00:12","https://nsearchives.nseindia.com/corporate/BSE_10112023163513_Nseintimation.pdf"
"BSE","BSE Limited","Financial Result Updates","BSE Limited has submitted to the Exchange, the financial results for the period ended September 30, 2023.","10-Nov-2023 16:26:00","2023-11-10 16:26:00","10-Nov-2023 16:26:09","00:00:09","https://nsearchives.nseindia.com/corporate/NSEintimation_10112023162600.pdf"
"BSE","BSE Limited","Analysts/Institutional Investor Meet/Con. Call Updates","BSE Limited has informed the Exchange about Schedule of meet","03-Nov-2023 15:26:25","2023-11-03 15:26:25","03-Nov-2023 15:26:34","00:00:09","https://nsearchives.nseindia.com/corporate/BSE_03112023152625_NSEIntimation.pdf"
"BSE","BSE Limited","Updates","BSE Limited has informed the Exchange regarding 'Disclosure under Regulation 30 of SEBI (Listing Obligations and Disclosure Requirements) Regulations, 2015'.","21-Oct-2023 11:11:20","2023-10-21 11:11:20","21-Oct-2023 11:11:32","00:00:12","https://nsearchives.nseindia.com/corporate/BSE_21102023111120_NSEintimation.pdf"
"BSE","BSE Limited","Outcome of Board Meeting","BSE Limited has informed the Exchange regarding  Board meeting held on October 18, 2023.","18-Oct-2023 12:51:42","2023-10-18 12:51:42","18-Oct-2023 12:51:51","00:00:09","https://nsearchives.nseindia.com/corporate/BSE_18102023125142_Outcomefinal18102023.pdf"
"BSE","BSE Limited","Closure of Buy Back","BSE Limited has informed the Exchange regarding Closure of Buy Back with effect from October 10, 2023","12-Oct-2023 15:15:16","2023-10-12 15:15:16","12-Oct-2023 15:15:25","00:00:09","https://nsearchives.nseindia.com/corporate/BSE_12102023151516_NSEintimationsigned.pdf"
"BSE","BSE Limited","Certificate under SEBI (Depositories and Participants) Regulations, 2018","BSE Limited has informed the Exchange about Certificate under SEBI (Depositories and Participants) Regulations, 2018","11-Oct-2023 11:52:14","2023-10-11 11:52:14","11-Oct-2023 11:52:22","00:00:08","https://nsearchives.nseindia.com/corporate/BSE_11102023115214_NSEIntimation.pdf"
"BSE","BSE Limited","Analysts/Institutional Investor Meet/Con. Call Updates","BSE Limited has informed the Exchange about Schedule of meet","10-Oct-2023 15:22:48","2023-10-10 15:22:48","10-Oct-2023 15:22:56","00:00:08","https://nsearchives.nseindia.com/corporate/BSE_10102023152248_NSEintimation13102023IG.pdf"
"BSE","BSE Limited","Analysts/Institutional Investor Meet/Con. Call Updates","BSE Limited has informed the Exchange about Schedule of meet","10-Oct-2023 15:22:48","2023-10-10 15:22:48","10-Oct-2023 15:23:04","00:00:16","https://nsearchives.nseindia.com/corporate/BSE_10102023152249_NSEintimation13102023motilal.pdf"
"BSE","BSE Limited","Analysts/Institutional Investor Meet/Con. Call Updates","BSE Limited has informed the Exchange about Schedule of meet","10-Oct-2023 11:53:30","2023-10-10 11:53:30","10-Oct-2023 11:53:35","00:00:05","https://nsearchives.nseindia.com/corporate/BSE_10102023115330_NSEintimation26102023.pdf"
"BSE","BSE Limited","Post Buyback Public Announcement","BSE Limited has informed the Exchange about post Buyback Public Announcement","06-Oct-2023 17:54:00","2023-10-06 17:54:00","06-Oct-2023 17:54:05","00:00:05","https://nsearchives.nseindia.com/corporate/BSE_06102023175400_NseintimationpostbuybackPA.pdf"
"BSE","BSE Limited","Analysts/Institutional Investor Meet/Con. Call Updates","BSE Limited has informed the Exchange about Schedule of meet","04-Oct-2023 12:54:04","2023-10-04 12:54:04","04-Oct-2023 12:54:11","00:00:07","https://nsearchives.nseindia.com/corporate/BSE_04102023125404_NSEIntimation.pdf"
"BSE","BSE Limited","Analysts/Institutional Investor Meet/Con. Call Updates","BSE Limited has informed the Exchange about Schedule of meet","29-Sep-2023 14:29:20","2023-09-29 14:29:20","29-Sep-2023 14:29:28","00:00:08","https://nsearchives.nseindia.com/corporate/BSE_29092023142920_NSEintimation05102023.pdf"
"BSE","BSE Limited","Analysts/Institutional Investor Meet/Con. Call Updates","BSE Limited has informed the Exchange about Schedule of meet","28-Sep-2023 18:17:59","2023-09-28 18:17:59","28-Sep-2023 18:18:08","00:00:09","https://nsearchives.nseindia.com/corporate/BSE_28092023181759_NSEIntimation.pdf"
"BSE","BSE Limited","Trading Window","BSE Limited has informed the Exchange regarding the Trading Window closure pursuant to SEBI (Prohibition of Insider Trading) Regulations, 2015","28-Sep-2023 13:06:57","2023-09-28 13:06:57","28-Sep-2023 13:07:05","00:00:08","https://nsearchives.nseindia.com/corporate/BSE_28092023130657_NSEintimation.pdf"
"BSE","BSE Limited","Analysts/Institutional Investor Meet/Con. Call Updates","BSE Limited has informed the Exchange about Schedule of meet","27-Sep-2023 17:30:34","2023-09-27 17:30:34","27-Sep-2023 17:30:44","00:00:10","https://nsearchives.nseindia.com/corporate/BSE_27092023173034_NSEIntimation.pdf"
"BSE","BSE Limited","Analysts/Institutional Investor Meet/Con. Call Updates","BSE Limited has informed the Exchange about Schedule of meet","27-Sep-2023 17:28:36","2023-09-27 17:28:36","27-Sep-2023 17:28:40","00:00:04","https://nsearchives.nseindia.com/corporate/BSE_27092023172836_NSEIntimation.pdf"
"BSE","BSE Limited","Resignation","BSE Limited has informed the Exchange regarding Resignation of Mr. Nayan Mehta as Chief - Special Projects of the company w.e.f. October 12, 2023.","26-Sep-2023 12:42:42","2023-09-26 12:42:42","26-Sep-2023 12:42:59","00:00:17","https://nsearchives.nseindia.com/corporate/BSE_26092023124243_NSEintimation26092023final.pdf"
"BSE","BSE Limited","Resignation","BSE Limited has informed the Exchange regarding Resignation of Mr. Shivkumar Pandey as Chief Information Security Officer of the company w.e.f. December 04, 2023.","26-Sep-2023 12:42:42","2023-09-26 12:42:42","26-Sep-2023 12:42:54","00:00:12","https://nsearchives.nseindia.com/corporate/BSE_26092023124243_NSEintimation26092023final.pdf"
"BSE","BSE Limited","Analysts/Institutional Investor Meet/Con. Call Updates","BSE Limited has informed the Exchange about Schedule of meet","26-Sep-2023 12:31:24","2023-09-26 12:31:24","26-Sep-2023 12:31:29","00:00:05","https://nsearchives.nseindia.com/corporate/BSE_26092023123124_NSEintimation10102023.pdf"
"BSE","BSE Limited","Analysts/Institutional Investor Meet/Con. Call Updates","BSE Limited has informed the Exchange about Schedule of meet","21-Sep-2023 16:32:02","2023-09-21 16:32:02","21-Sep-2023 16:32:06","00:00:04","https://nsearchives.nseindia.com/corporate/BSE_21092023163202_NSEIntimation.pdf"
"BSE","BSE Limited","Analysts/Institutional Investor Meet/Con. Call Updates","BSE Limited has informed the Exchange about Schedule of meet","21-Sep-2023 16:30:46","2023-09-21 16:30:46","21-Sep-2023 16:30:49","00:00:03","https://nsearchives.nseindia.com/corporate/BSE_21092023163046_NSEIntimation.pdf"
"BSE","BSE Limited","Buyback","BSE Limited has informed the Exchange about submission of Letter of Offer for Buyback","18-Sep-2023 15:51:27","2023-09-18 15:51:27","18-Sep-2023 15:51:31","00:00:04","https://nsearchives.nseindia.com/corporate/BSE_18092023155127_NSEIntimationSigned.pdf"
"BSE","BSE Limited","Analysts/Institutional Investor Meet/Con. Call Updates","BSE Limited has informed the Exchange about Schedule of meet","14-Sep-2023 14:17:40","2023-09-14 14:17:40","14-Sep-2023 14:17:45","00:00:05","https://nsearchives.nseindia.com/corporate/BSE_14092023141740_NSEintimation26092023.pdf"
"BSE","BSE Limited","Analysts/Institutional Investor Meet/Con. Call Updates","BSE Limited has informed the Exchange about Schedule of meet","14-Sep-2023 14:16:22","2023-09-14 14:16:22","14-Sep-2023 14:16:27","00:00:05","https://nsearchives.nseindia.com/corporate/BSE_14092023141622_NSEintimation21092023.pdf"
"BSE","BSE Limited","Analysts/Institutional Investor Meet/Con. Call Updates","BSE Limited has informed the Exchange about Schedule of meet","14-Sep-2023 14:15:09","2023-09-14 14:15:09","14-Sep-2023 14:15:18","00:00:09","https://nsearchives.nseindia.com/corporate/BSE_14092023141509_NSEintimation20092023.pdf"
"BSE","BSE Limited","Analysts/Institutional Investor Meet/Con. Call Updates","BSE Limited has informed the Exchange about Schedule of meet","11-Sep-2023 17:12:08","2023-09-11 17:12:08","11-Sep-2023 17:12:12","00:00:04","https://nsearchives.nseindia.com/corporate/BSE_11092023171208_NSEintimation12092023.pdf"
"BSE","BSE Limited","Analysts/Institutional Investor Meet/Con. Call Updates","BSE Limited has informed the Exchange about Schedule of meet","11-Sep-2023 16:54:43","2023-09-11 16:54:43","11-Sep-2023 16:54:55","00:00:12","https://nsearchives.nseindia.com/corporate/BSE_11092023165444_NSEIntimation.pdf"
"BSE","BSE Limited","Analysts/Institutional Investor Meet/Con. Call Updates","BSE Limited has informed the Exchange about Schedule of meet","11-Sep-2023 13:10:48","2023-09-11 13:10:48","11-Sep-2023 13:10:54","00:00:06","https://nsearchives.nseindia.com/corporate/BSE_11092023131048_NSEIntimation.pdf"
"BSE","BSE Limited","Analysts/Institutional Investor Meet/Con. Call Updates","BSE Limited has informed the Exchange about Schedule of meet","11-Sep-2023 13:09:32","2023-09-11 13:09:32","11-Sep-2023 13:09:39","00:00:07","https://nsearchives.nseindia.com/corporate/BSE_11092023130932_NSEIntimation.pdf"
"BSE","BSE Limited","Updates","BSE Limited has informed the Exchange regarding 'Change in Authorized KMPs to determine materiality of events/information'.","11-Sep-2023 13:07:43","2023-09-11 13:07:43","11-Sep-2023 13:08:09","00:00:26","https://nsearchives.nseindia.com/corporate/BSE_11092023130743_NSEIntimation.pdf"
"BSE","BSE Limited","Analysts/Institutional Investor Meet/Con. Call Updates","BSE Limited has informed the Exchange about Schedule of meet","05-Sep-2023 16:12:52","2023-09-05 16:12:52","05-Sep-2023 16:13:01","00:00:09","https://nsearchives.nseindia.com/corporate/BSE_05092023161252_NSEIntimation.pdf"
"BSE","BSE Limited","Analysts/Institutional Investor Meet/Con. Call Updates","BSE Limited has informed the Exchange about Schedule of meet","05-Sep-2023 16:11:35","2023-09-05 16:11:35","05-Sep-2023 16:11:38","00:00:03","https://nsearchives.nseindia.com/corporate/BSE_05092023161135_NSEIntimation.pdf"
"BSE","BSE Limited","Public Announcement - Buyback of Shares","BSE Limited has informed the Exchange about public Announcement - Buyback of Shares","04-Sep-2023 17:31:03","2023-09-04 17:31:03","04-Sep-2023 17:31:22","00:00:19","https://nsearchives.nseindia.com/corporate/BSE_04092023173103_NSEintimation.pdf"
"BSE","BSE Limited","Buyback","BSE Limited has informed the Exchange about Special Resolution passed by the shareholders at the 18th Annual General Meeting held on August 31, 2023 for buyback of Equity Shares","01-Sep-2023 16:33:59","2023-09-01 16:33:59","01-Sep-2023 16:34:03","00:00:04","https://nsearchives.nseindia.com/corporate/BSE_01092023163359_NSEintimation.pdf"
"BSE","BSE Limited","Record Date","BSE Limited has informed the Exchange that Record date for the purpose of Buyback  is 14-Sep-2023.","01-Sep-2023 10:26:15","2023-09-01 10:26:15","01-Sep-2023 10:26:20","00:00:05","https://nsearchives.nseindia.com/corporate/BSE_01092023102615_NSEintimation.pdf"
"BSE","BSE Limited","Outcome of Board Meeting","BSE Limited has informed the Exchange regarding  Board meeting held on September 01, 2023.","01-Sep-2023 10:24:18","2023-09-01 10:24:18","01-Sep-2023 10:24:21","00:00:03","https://nsearchives.nseindia.com/corporate/BSE_01092023102418_NSEintimation.pdf"
"BSE","BSE Limited","Shareholders meeting","BSE Limited has informed the Exchange regarding Proceedings of Annual General Meeting held on August 31, 2023","31-Aug-2023 21:43:43","2023-08-31 21:43:43","31-Aug-2023 21:43:50","00:00:07","https://nsearchives.nseindia.com/corporate/BSE_31082023214343_NSEIntimation.pdf"
"BSE","BSE Limited","Shareholders meeting","BSE Limited has submitted the Exchange a copy Srutinizers report of  Annual General Meeting held on August 31, 2023","31-Aug-2023 21:41:41","2023-08-31 21:41:41","31-Aug-2023 21:41:44","00:00:03","https://nsearchives.nseindia.com/corporate/BSE_31082023214141_Scrutinizersreport.pdf"
"BSE","BSE Limited","Shareholders meeting","BSE Limited has informed the Exchange regarding voting results of  Annual General Meeting held on August 31, 2023","31-Aug-2023 21:38:48","2023-08-31 21:38:48","31-Aug-2023 21:38:54","00:00:06","https://nsearchives.nseindia.com/corporate/BSE_31082023213848_NSEIntimation.pdf"
"BSE","BSE Limited","Analysts/Institutional Investor Meet/Con. Call Updates","BSE Limited has informed the Exchange about Schedule of meet","31-Aug-2023 17:54:21","2023-08-31 17:54:21","31-Aug-2023 17:54:25","00:00:04","https://nsearchives.nseindia.com/corporate/BSE_31082023175422_NSEIntimation08092023.pdf"
"BSE","BSE Limited","Analysts/Institutional Investor Meet/Con. Call Updates","BSE Limited has informed the Exchange about Schedule of meet","31-Aug-2023 17:53:25","2023-08-31 17:53:25","31-Aug-2023 17:53:29","00:00:04","https://nsearchives.nseindia.com/corporate/BSE_31082023175325_NSEIntimation06092023.pdf"
"BSE","BSE Limited","Analysts/Institutional Investor Meet/Con. Call Updates","BSE Limited has informed the Exchange about Schedule of meet","31-Aug-2023 17:52:26","2023-08-31 17:52:26","31-Aug-2023 17:52:31","00:00:05","https://nsearchives.nseindia.com/corporate/BSE_31082023175226_NSEIntimation05092023.pdf"
"BSE","BSE Limited","News Verification","The Exchange has sought clarification from BSE Limited with respect to recent news item captioned BSE Shares Rally Over 5% On Rumors Of Major Announcement.  The response from the Company is attached.","30-Aug-2023 17:33:44","2023-08-30 17:33:44","30-Aug-2023 17:33:48","00:00:04","https://nsearchives.nseindia.com/corporate/BSE_30082023173344_NSEIntimation.pdf"
"BSE","BSE Limited","News Verification","The Exchange has sought clarification from BSE Limited with respect to recent news item captioned BSE Shares Rally Over 5% On Rumors Of Major Announcement.  The response from the Company is awaited.","30-Aug-2023 14:19:49","2023-08-30 14:19:49","30-Aug-2023 14:19:52","00:00:03","-"
"BSE","BSE Limited","Analysts/Institutional Investor Meet/Con. Call Updates","BSE Limited has informed the Exchange about Schedule of meet","25-Aug-2023 16:55:29","2023-08-25 16:55:29","25-Aug-2023 16:55:33","00:00:04","https://nsearchives.nseindia.com/corporate/BSE_25082023165529_NSEIntimation30082023.pdf"
"BSE","BSE Limited","Analysts/Institutional Investor Meet/Con. Call Updates","BSE Limited has informed the Exchange about Schedule of meet","16-Aug-2023 17:40:58","2023-08-16 17:40:58","16-Aug-2023 17:41:13","00:00:15","https://nsearchives.nseindia.com/corporate/BSE_16082023174058_NSEIntimation24082023.pdf"
"BSE","BSE Limited","Analysts/Institutional Investor Meet/Con. Call Updates","BSE Limited has informed the Exchange about Transcript","14-Aug-2023 17:51:55","2023-08-14 17:51:55","14-Aug-2023 17:52:57","00:01:02","https://nsearchives.nseindia.com/corporate/BSE_14082023175155_NSEIntimation.pdf"
"BSE","BSE Limited","Analysts/Institutional Investor Meet/Con. Call Updates","BSE Limited has informed the Exchange about Schedule of meet","11-Aug-2023 15:13:14","2023-08-11 15:13:14","11-Aug-2023 15:13:28","00:00:14","https://nsearchives.nseindia.com/corporate/BSE_11082023151314_NSEIntimation22.pdf"
"BSE","BSE Limited","Analysts/Institutional Investor Meet/Con. Call Updates","BSE Limited has informed the Exchange about Schedule of meet","11-Aug-2023 15:11:45","2023-08-11 15:11:45","11-Aug-2023 15:12:00","00:00:15","https://nsearchives.nseindia.com/corporate/BSE_11082023151145_NSEIntimation18.pdf"
"BSE","BSE Limited","Analysts/Institutional Investor Meet/Con. Call Updates","BSE Limited has informed the Exchange about Schedule of meet","11-Aug-2023 15:09:55","2023-08-11 15:09:55","11-Aug-2023 15:10:09","00:00:14","https://nsearchives.nseindia.com/corporate/BSE_11082023150955_NSEIntimation17.pdf"
"BSE","BSE Limited","Analysts/Institutional Investor Meet/Con. Call Updates","BSE Limited has informed the Exchange about Schedule of meet","11-Aug-2023 15:08:12","2023-08-11 15:08:12","11-Aug-2023 15:09:15","00:01:03","https://nsearchives.nseindia.com/corporate/BSE_11082023150812_NSEIntimation16.pdf"
"BSE","BSE Limited","Analysts/Institutional Investor Meet/Con. Call Updates","BSE Limited has informed the Exchange about Link of Recording","10-Aug-2023 13:30:54","2023-08-10 13:30:54","10-Aug-2023 13:31:13","00:00:19","https://nsearchives.nseindia.com/corporate/BSE_10082023133054_NSEIntimation.pdf"
"BSE","BSE Limited","Copy of Newspaper Publication","BSE Limited has informed the Exchange about Copy of Newspaper Publication","10-Aug-2023 13:27:53","2023-08-10 13:27:53","10-Aug-2023 13:28:08","00:00:15","https://nsearchives.nseindia.com/corporate/BSE_10082023132753_NSEIntimationFinal.pdf"
"BSE","BSE Limited","Updates","BSE Limited has informed the Exchange regarding Revised outcome of Board Meeting held on August 9, 2023, for Identification of persons as Senior Management.","09-Aug-2023 20:05:11","2023-08-09 20:05:11","09-Aug-2023 20:05:24","00:00:13","https://nsearchives.nseindia.com/corporate/BSE_09082023200511_Revisedoutcome09082023.pdf"
"BSE","BSE Limited","Analysts/Institutional Investor Meet/Con. Call Updates","BSE Limited has informed the Exchange about Presentation","09-Aug-2023 18:22:58","2023-08-09 18:22:58","09-Aug-2023 18:23:18","00:00:20","https://nsearchives.nseindia.com/corporate/BSE_09082023182258_NSEIntimation.pdf"
"BSE","BSE Limited","Outcome of Board Meeting","BSE Limited has informed the Exchange regarding Outcome of Board Meeting held on August 09, 2023.","09-Aug-2023 17:30:26","2023-08-09 17:30:26","09-Aug-2023 17:30:53","00:00:27","https://nsearchives.nseindia.com/corporate/BSE_09082023173026_Nseintimationfinal.pdf"
"BSE","BSE Limited","Outcome of Board Meeting","BSE Limited has informed the Exchange regarding  Board meeting held on August 09, 2023.","09-Aug-2023 17:28:37","2023-08-09 17:28:37","09-Aug-2023 17:28:50","00:00:13","https://nsearchives.nseindia.com/corporate/BSE_09082023172837_Nseintimationfinal.pdf"
"BSE","BSE Limited","Financial Result Updates","BSE Limited has submitted to the Exchange, the financial results for the period ended June 30, 2023.","09-Aug-2023 17:24:47","2023-08-09 17:24:47","09-Aug-2023 17:24:58","00:00:11","https://nsearchives.nseindia.com/corporate/Nseintimationfinal_09082023172447.pdf"
"BSE","BSE Limited","Copy of Newspaper Publication","BSE Limited has informed the Exchange about Copy of Newspaper Publication","08-Aug-2023 10:45:40","2023-08-08 10:45:40","08-Aug-2023 10:46:01","00:00:21","https://nsearchives.nseindia.com/corporate/BSE_08082023104540_NSEIntimation.pdf"
"BSE","BSE Limited","Shareholders meeting","BSE Limited has informed the Exchange regarding Notice of Annual General Meeting to be held on August 31, 2023","07-Aug-2023 16:01:15","2023-08-07 16:01:15","07-Aug-2023 16:01:28","00:00:13","https://nsearchives.nseindia.com/corporate/BSE_07082023160115_NSEIntimationAnnualreport.pdf"
"BSE","BSE Limited","Analysts/Institutional Investor Meet/Con. Call Updates","BSE Limited has informed the Exchange about Schedule of meet","03-Aug-2023 12:55:33","2023-08-03 12:55:33","03-Aug-2023 12:55:46","00:00:13","https://nsearchives.nseindia.com/corporate/BSE_03082023125534_NSEIntimation.pdf"
"BSE","BSE Limited","Copy of Newspaper Publication","BSE Limited has informed the Exchange about Copy of Newspaper Publication","01-Aug-2023 11:44:12","2023-08-01 11:44:12","01-Aug-2023 11:44:34","00:00:22","https://nsearchives.nseindia.com/corporate/BSE_01082023114412_NSEIntimation.pdf"
"BSE","BSE Limited","Copy of Newspaper Publication","BSE Limited has informed the Exchange about Copy of Newspaper Publication","19-Jul-2023 11:56:50","2023-07-19 11:56:50","19-Jul-2023 11:56:59","00:00:09","https://nsearchives.nseindia.com/corporate/BSE_19072023115650_NSEIntimation.pdf"
"BSE","BSE Limited","Analysts/Institutional Investor Meet/Con. Call Updates","BSE Limited has informed the Exchange about Schedule of meet","14-Jul-2023 16:21:58","2023-07-14 16:21:58","14-Jul-2023 16:22:03","00:00:05","https://nsearchives.nseindia.com/corporate/BSE_14072023162158_NSEIntimation19072023.pdf"
"BSE","BSE Limited","Analysts/Institutional Investor Meet/Con. Call Updates","BSE Limited has informed the Exchange about Schedule of meet","13-Jul-2023 16:16:13","2023-07-13 16:16:13","13-Jul-2023 16:16:22","00:00:09","https://nsearchives.nseindia.com/corporate/BSE_13072023161613_NSEIntimation18072023.pdf"
"BSE","BSE Limited","Analysts/Institutional Investor Meet/Con. Call Updates","BSE Limited has informed the Exchange about Schedule of meet","10-Jul-2023 16:41:42","2023-07-10 16:41:42","10-Jul-2023 16:41:52","00:00:10","https://nsearchives.nseindia.com/corporate/BSE_10072023164142_NSEIntimation17072023.pdf"
"BSE","BSE Limited","Analysts/Institutional Investor Meet/Con. Call Updates","BSE Limited has informed the Exchange about Schedule of meet","10-Jul-2023 16:40:35","2023-07-10 16:40:35","10-Jul-2023 16:40:50","00:00:15","https://nsearchives.nseindia.com/corporate/BSE_10072023164035_NSEIntimation14072023.pdf"
"BSE","BSE Limited","Certificate under SEBI (Depositories and Participants) Regulations, 2018","BSE Limited has informed the Exchange about Certificate under SEBI (Depositories and Participants) Regulations, 2018","10-Jul-2023 13:53:51","2023-07-10 13:53:51","10-Jul-2023 13:53:59","00:00:08","https://nsearchives.nseindia.com/corporate/BSE_10072023135351_NSEIntimation.pdf"
"BSE","BSE Limited","Updates","BSE Limited has informed the Exchange regarding 'Intimation of new Logo of BSE Limited'.","10-Jul-2023 13:45:18","2023-07-10 13:45:18","10-Jul-2023 13:45:29","00:00:11","https://nsearchives.nseindia.com/corporate/BSE_10072023134518_NSEIntimation.pdf"
"BSE","BSE Limited","Analysts/Institutional Investor Meet/Con. Call Updates","BSE Limited has informed the Exchange about Schedule of meet","07-Jul-2023 16:15:57","2023-07-07 16:15:57","07-Jul-2023 16:16:24","00:00:27","https://nsearchives.nseindia.com/corporate/BSE_07072023161557_NSEIntimation11072023.pdf"
"BSE","BSE Limited","Outcome of Board Meeting","BSE Limited has informed the Exchange regarding  Board meeting held on July 06, 2023.","06-Jul-2023 13:52:40","2023-07-06 13:52:40","06-Jul-2023 13:52:50","00:00:10","https://nsearchives.nseindia.com/corporate/BSE_06072023135240_NSEintimation.pdf"
"BSE","BSE Limited","Analysts/Institutional Investor Meet/Con. Call Updates","BSE Limited has informed the Exchange about Schedule of meet","03-Jul-2023 13:01:00","2023-07-03 13:01:00","03-Jul-2023 13:01:34","00:00:34","https://nsearchives.nseindia.com/corporate/BSE_03072023130100_NSEIntimation.pdf"
"BSE","BSE Limited","Analysts/Institutional Investor Meet/Con. Call Updates","BSE Limited has informed the Exchange about Schedule of meet","03-Jul-2023 12:59:58","2023-07-03 12:59:58","03-Jul-2023 13:00:39","00:00:41","https://nsearchives.nseindia.com/corporate/BSE_03072023125958_NSEIntimation.pdf"
"BSE","BSE Limited","Appointment","BSE Limited has informed the Exchange regarding Appointment of Mr Subhash Kelkar as Chief Information Officer of the company w.e.f. July 01, 2023.","03-Jul-2023 10:56:46","2023-07-03 10:56:46","03-Jul-2023 10:57:22","00:00:36","https://nsearchives.nseindia.com/corporate/BSE_03072023105648_NSEIntimation_.pdf"
"BSE","BSE Limited","Appointment","BSE Limited has informed the Exchange regarding Appointment of Ms Kamala Kantharaj as Chief Regulatory Officer of the company w.e.f. July 01, 2023.","03-Jul-2023 10:56:46","2023-07-03 10:56:46","03-Jul-2023 10:57:03","00:00:17","https://nsearchives.nseindia.com/corporate/BSE_03072023105646_NSEIntimation_.pdf"
"BSE","BSE Limited","Appointment","BSE Limited has informed the Exchange regarding Appointment of Mr Khushro Bulsara as Chief Risk Officer of the company w.e.f. July 01, 2023.","03-Jul-2023 10:56:46","2023-07-03 10:56:46","03-Jul-2023 10:57:13","00:00:27","https://nsearchives.nseindia.com/corporate/BSE_03072023105647_NSEIntimation_.pdf"
"BSE","BSE Limited","Trading Window","BSE Limited has informed the Exchange regarding the Trading Window closure pursuant to SEBI (Prohibition of Insider Trading) Regulations, 2015","30-Jun-2023 12:23:16","2023-06-30 12:23:16","30-Jun-2023 12:23:19","00:00:03","https://nsearchives.nseindia.com/corporate/BSE_30062023122316_NSEIntimation.pdf"
"BSE","BSE Limited","Record Date","BSE Limited has informed the Exchange that Record date for the purpose of Dividend  is 04-Aug-2023.","19-Jun-2023 16:20:54","2023-06-19 16:20:54","19-Jun-2023 16:20:56","00:00:02","https://nsearchives.nseindia.com/corporate/BSE_19062023162054_Nseintimation_AGM.pdf"
"BSE","BSE Limited","Analysts/Institutional Investor Meet/Con. Call Updates","BSE Limited has informed the Exchange about Schedule of meet","19-Jun-2023 15:29:16","2023-06-19 15:29:16","19-Jun-2023 15:29:19","00:00:03","https://nsearchives.nseindia.com/corporate/BSE_19062023152916_NSEIntimation26062023.pdf"
"BSE","BSE Limited","Analysts/Institutional Investor Meet/Con. Call Updates","BSE Limited has informed the Exchange about Schedule of meet","19-Jun-2023 15:27:53","2023-06-19 15:27:53","19-Jun-2023 15:27:58","00:00:05","https://nsearchives.nseindia.com/corporate/BSE_19062023152754_NSEIntimation23062023.pdf"
"BSE","BSE Limited","Analysts/Institutional Investor Meet/Con. Call Updates","BSE Limited has informed the Exchange about Schedule of meet","19-Jun-2023 15:26:29","2023-06-19 15:26:29","19-Jun-2023 15:26:31","00:00:02","https://nsearchives.nseindia.com/corporate/BSE_19062023152630_NSEIntimation22062023.pdf"
"BSE","BSE Limited","Analysts/Institutional Investor Meet/Con. Call Updates","BSE Limited has informed the Exchange about Schedule of meet","19-Jun-2023 15:25:07","2023-06-19 15:25:07","19-Jun-2023 15:25:10","00:00:03","https://nsearchives.nseindia.com/corporate/BSE_19062023152507_NSEIntimation2162023.pdf"
"BSE","BSE Limited","Analysts/Institutional Investor Meet/Con. Call Updates","BSE Limited has informed the Exchange about Schedule of meet","16-Jun-2023 17:34:21","2023-06-16 17:34:21","16-Jun-2023 17:34:24","00:00:03","https://nsearchives.nseindia.com/corporate/BSE_16062023173421_NSEIntimation1962023.pdf"
"BSE","BSE Limited","Analysts/Institutional Investor Meet/Con. Call Updates","BSE Limited has informed the Exchange about Schedule of meet","15-Jun-2023 14:26:38","2023-06-15 14:26:38","15-Jun-2023 14:26:47","00:00:09","https://nsearchives.nseindia.com/corporate/BSE_15062023142638_NSEIntimation1662023.pdf"
"BSE","BSE Limited","Analysts/Institutional Investor Meet/Con. Call Updates","BSE Limited has informed the Exchange about Schedule of meet","08-Jun-2023 09:53:36","2023-06-08 09:53:36","08-Jun-2023 09:53:45","00:00:09","https://nsearchives.nseindia.com/corporate/BSE_08062023095336_NSEIntimation862023.pdf"
"BSE","BSE Limited","Analysts/Institutional Investor Meet/Con. Call Updates","BSE Limited has informed the Exchange about Schedule of meet","01-Jun-2023 09:57:25","2023-06-01 09:57:25","01-Jun-2023 09:57:29","00:00:04","https://nsearchives.nseindia.com/corporate/BSE_01062023095725_NSEIntimation162023.pdf"
"BSE","BSE Limited","Annual Secretarial Compliance Report","Annual Secretarial Compliance Report for the Financial Year ended March 31, 2023","26-May-2023 17:39:37","2023-05-26 17:39:37","26-May-2023 17:39:41","00:00:04","https://nsearchives.nseindia.com/corporate/BSE_26052023173937_NSEIntimation.pdf"
"BSE","BSE Limited","Analysts/Institutional Investor Meet/Con. Call Updates","BSE Limited has informed the Exchange about Schedule of meet","23-May-2023 17:47:59","2023-05-23 17:47:59","23-May-2023 17:48:04","00:00:05","https://nsearchives.nseindia.com/corporate/BSE_23052023174759_NSEIntimation23052023.pdf"
"BSE","BSE Limited","Analysts/Institutional Investor Meet/Con. Call Updates","BSE Limited has informed the Exchange about Schedule of meet","17-May-2023 18:18:24","2023-05-17 18:18:24","17-May-2023 18:29:40","00:11:16","https://nsearchives.nseindia.com/corporate/BSE_17052023181824_NSEIntimation.pdf"
"BSE","BSE Limited","Analysts/Institutional Investor Meet/Con. Call Updates","BSE Limited has informed the Exchange about Transcript","16-May-2023 18:11:40","2023-05-16 18:11:40","16-May-2023 18:11:45","00:00:05","https://nsearchives.nseindia.com/corporate/BSE_16052023181140_NSEIntimationTranscriptQ4.pdf"
"BSE","BSE Limited","Copy of Newspaper Publication","BSE Limited has informed the Exchange about Copy of Newspaper Publication","12-May-2023 15:05:44","2023-05-12 15:05:44","12-May-2023 15:05:55","00:00:11","https://nsearchives.nseindia.com/corporate/BSE_12052023150544_NSEIntimation.pdf"
"BSE","BSE Limited","Analysts/Institutional Investor Meet/Con. Call Updates","BSE Limited has informed the Exchange about Link of Recording","12-May-2023 15:04:16","2023-05-12 15:04:16","12-May-2023 15:04:21","00:00:05","https://nsearchives.nseindia.com/corporate/BSE_12052023150416_NSEIntimationPostEarningsCall.pdf"
"BSE","BSE Limited","Related Party Transactions","BSE Limited has informed the Exchange about related Party Transactions","11-May-2023 18:20:44","2023-05-11 18:20:44","11-May-2023 18:20:46","00:00:02","https://nsearchives.nseindia.com/corporate/BSE_11052023182044_NSEIntimation.pdf"
"BSE","BSE Limited","Analysts/Institutional Investor Meet/Con. Call Updates","BSE Limited has informed the Exchange about Presentation","11-May-2023 18:11:59","2023-05-11 18:11:59","11-May-2023 18:12:04","00:00:05","https://nsearchives.nseindia.com/corporate/BSE_11052023181159_NSeintimationinvestorpresentationsigned.pdf"
"BSE","BSE Limited","Change in Auditors","BSE Limited has informed the Exchange regarding Change in Auditors of the company.","11-May-2023 18:09:20","2023-05-11 18:09:20","11-May-2023 18:09:28","00:00:08","https://nsearchives.nseindia.com/corporate/BSE_11052023180920_NSEintimation.pdf"
"BSE","BSE Limited","Declaration for audit reports with unmodified opinion(s)","BSE Limited has informed the Exchange about Declaration for audit reports with unmodified opinion(s)","11-May-2023 18:05:24","2023-05-11 18:05:24","11-May-2023 18:05:26","00:00:02","https://nsearchives.nseindia.com/corporate/BSE_11052023180524_NSEIntimationUnmodifiedOpinion.pdf"
"BSE","BSE Limited","Dividend","BSE Limited has informed the Exchange that Board of Directors at its meeting held on May 11, 2023, recommended Final Dividend of 12 per equity share.","11-May-2023 18:03:26","2023-05-11 18:03:26","11-May-2023 18:03:31","00:00:05","https://nsearchives.nseindia.com/corporate/BSE_11052023180326_NSEintimation.pdf"
"BSE","BSE Limited","Financial Result Updates","BSE Limited has submitted to the Exchange, the financial results for the period ended March 31, 2023.","11-May-2023 18:00:35","2023-05-11 18:00:35","11-May-2023 18:00:37","00:00:02","https://nsearchives.nseindia.com/corporate/NSEintimation_11052023180035.pdf"
"BSE","BSE Limited","Analysts/Institutional Investor Meet/Con. Call Updates","BSE Limited has informed the Exchange about Schedule of Investor/Analyst meet","04-May-2023 18:43:41","2023-05-04 18:43:41","04-May-2023 18:43:46","00:00:05","https://nsearchives.nseindia.com/corporate/BSE_04052023184341_NSEintimation.pdf"
"BSE","BSE Limited","Diversification/Disinvestment","BSE Limited has informed the Exchange about Divestment in Central Depository Services (India) Limited","23-Apr-2023 11:06:38","2023-04-23 11:06:38","23-Apr-2023 11:06:43","00:00:05","https://nsearchives.nseindia.com/corporate/BSE_23042023110638_NSEIntimation.pdf"
"BSE","BSE Limited","Copy of Newspaper Publication","BSE Limited has informed the Exchange about Newspaper Advertisements as per Rule 6(3)(a) of Investor Education and Protection Fund Authority (Accounting, Audit, Transfer and Refund) Rules, 2016","13-Apr-2023 12:44:33","2023-04-13 12:44:33","13-Apr-2023 12:44:41","00:00:08","https://nsearchives.nseindia.com/corporate/BSE_13042023124433_NSEIntimation.pdf"
"BSE","BSE Limited","Certificate under SEBI (Depositories and Participants) Regulations, 2018","BSE Limited has informed the Exchange about Certificate under SEBI (Depositories and Participants) Regulations, 2018","10-Apr-2023 16:50:53","2023-04-10 16:50:53","10-Apr-2023 16:50:57","00:00:04","https://nsearchives.nseindia.com/corporate/BSE_10042023165053_NSEIntimation.pdf"
"BSE","BSE Limited","Trading Window","BSE Limited has informed the Exchange regarding the Trading Window closure pursuant to SEBI (Prohibition of Insider Trading) Regulations, 2015","29-Mar-2023 12:02:20","2023-03-29 12:02:20","29-Mar-2023 12:02:23","00:00:03","https://nsearchives.nseindia.com/corporate/BSE_29032023120220_NSEIntimation.pdf"
"BSE","BSE Limited","Analysts/Institutional Investor Meet/Con. Call Updates","BSE Limited has informed the Exchange about Schedule of meet","23-Mar-2023 16:34:46","2023-03-23 16:34:46","23-Mar-2023 16:34:48","00:00:02","https://nsearchives.nseindia.com/corporate/BSE_23032023163446_NSEIntimation24032023.pdf"
"BSE","BSE Limited","Analysts/Institutional Investor Meet/Con. Call Updates","BSE Limited has informed the Exchange about Schedule of meet","15-Mar-2023 16:27:52","2023-03-15 16:27:52","15-Mar-2023 16:27:56","00:00:04","https://nsearchives.nseindia.com/corporate/BSE_15032023162752_NSEIntimation16032023.pdf"
"BSE","BSE Limited","Analysts/Institutional Investor Meet/Con. Call Updates","BSE Limited has informed the Exchange about Schedule of meet","01-Mar-2023 17:41:50","2023-03-01 17:41:50","01-Mar-2023 17:41:54","00:00:04","https://nsearchives.nseindia.com/corporate/BSE_01032023174150_NSEIntimation02032023.pdf"
"BSE","BSE Limited","Analysts/Institutional Investor Meet/Con. Call Updates","BSE Limited has informed the Exchange about Schedule of meet","24-Feb-2023 16:17:17","2023-02-24 16:17:17","24-Feb-2023 16:17:20","00:00:03","https://nsearchives.nseindia.com/corporate/BSE_24022023161717_NSEIntimation24022023.pdf"
"BSE","BSE Limited","Change in Director(s)","BSE Limited has informed the Exchange regarding Change in Director(s) of the company.","15-Feb-2023 16:48:53","2023-02-15 16:48:53","15-Feb-2023 16:49:05","00:00:12","https://nsearchives.nseindia.com/corporate/BSE_15022023164853_NSEIntimation.pdf"
"BSE","BSE Limited","Analysts/Institutional Investor Meet/Con. Call Updates","BSE Limited has informed the Exchange about Schedule of meet","13-Feb-2023 12:33:36","2023-02-13 12:33:36","13-Feb-2023 12:33:43","00:00:07","https://nsearchives.nseindia.com/corporate/BSE_13022023123336_NSEIntimation13022023.pdf"
"BSE","BSE Limited","Analysts/Institutional Investor Meet/Con. Call Updates","BSE Limited has informed the Exchange about Schedule of meet","10-Feb-2023 17:13:39","2023-02-10 17:13:39","10-Feb-2023 17:13:41","00:00:02","https://nsearchives.nseindia.com/corporate/BSE_10022023171339_NSEIntimation.pdf"
"BSE","BSE Limited","Analysts/Institutional Investor Meet/Con. Call Updates","BSE Limited has informed the Exchange about Transcript","10-Feb-2023 17:10:21","2023-02-10 17:10:21","10-Feb-2023 17:10:23","00:00:02","https://nsearchives.nseindia.com/corporate/BSE_10022023171021_NSEintimation.pdf"
"BSE","BSE Limited","Analysts/Institutional Investor Meet/Con. Call Updates","BSE Limited has informed the Exchange about Link of Recording","08-Feb-2023 14:06:41","2023-02-08 14:06:41","08-Feb-2023 14:06:55","00:00:14","https://nsearchives.nseindia.com/corporate/BSE_08022023140641_NSEintimation.pdf"
"BSE","BSE Limited","Copy of Newspaper Publication","BSE Limited has informed the Exchange about Copy of Newspaper Publication","08-Feb-2023 14:04:43","2023-02-08 14:04:43","08-Feb-2023 14:04:53","00:00:10","https://nsearchives.nseindia.com/corporate/BSE_08022023140443_NSEIntimation.pdf"
"BSE","BSE Limited","Diversification/Disinvestment","BSE Limited has informed the Exchange about Divestment in Central Depository Services (India) Limited","07-Feb-2023 17:33:18","2023-02-07 17:33:18","07-Feb-2023 17:33:22","00:00:04","https://nsearchives.nseindia.com/corporate/BSE_07022023173318_NSEIntimation.pdf"
"BSE","BSE Limited","Investor Presentation","BSE Limited has informed the Exchange about Investor Presentation","07-Feb-2023 17:18:57","2023-02-07 17:18:57","07-Feb-2023 17:19:00","00:00:03","https://nsearchives.nseindia.com/corporate/BSE_07022023171857_NSEIntimation.pdf"
"BSE","BSE Limited","Updates","BSE Limited has informed the Exchange regarding ''Intimation for divestment in terms of Regulation 30 of SEBI (LODR) Regulations 2015''.","07-Feb-2023 16:37:47","2023-02-07 16:37:47","07-Feb-2023 16:37:50","00:00:03","https://nsearchives.nseindia.com/corporate/BSE_07022023163747_NSEIntimation.pdf"
"BSE","BSE Limited","Outcome of Board Meeting","BSE Limited has informed the Exchange regarding Outcome of Board Meeting held on February 07, 2023.","07-Feb-2023 16:32:02","2023-02-07 16:32:02","07-Feb-2023 16:32:11","00:00:09","https://nsearchives.nseindia.com/corporate/BSE_07022023163202_NSEIntimation.pdf"
"BSE","BSE Limited","Financial Result Updates","BSE Limited has submitted to the Exchange, the financial results for the period ended December 31, 2022.","07-Feb-2023 16:30:07","2023-02-07 16:30:07","07-Feb-2023 16:30:15","00:00:08","https://nsearchives.nseindia.com/corporate/NSEIntimation_07022023163007.pdf"
"BSE","BSE Limited","Analysts/Institutional Investor Meet/Con. Call Updates","BSE Limited has informed the Exchange about Schedule of meet","01-Feb-2023 11:24:42","2023-02-01 11:24:42","01-Feb-2023 11:24:49","00:00:07","https://nsearchives.nseindia.com/corporate/BSE_01022023112442_NSEintimation.pdf"
"BSE","BSE Limited","Updates","BSE Limited has informed the Exchange regarding 'Change in Authorized KMPs to determine materiality of events/information'.","17-Jan-2023 12:52:41","2023-01-17 12:52:41","17-Jan-2023 12:52:49","00:00:08","https://nsearchives.nseindia.com/corporate/BSE_17012023125241_NSEIntimation.pdf"
"BSE","BSE Limited","Shareholders meeting","BSE Limited has submitted to the Exchange a copy of Srutinizer's report of  Postal Ballot. Further, the company has informed the Exchange regarding voting results.","16-Jan-2023 19:47:51","2023-01-16 19:47:51","16-Jan-2023 19:47:53","00:00:02","https://nsearchives.nseindia.com/corporate/BSE_16012023194751_NSEIntimation.pdf"
"BSE","BSE Limited","Certificate under SEBI (Depositories and Participants) Regulations, 2018","BSE Limited has informed the Exchange about Certificate under Regulation 74(5) of SEBI (Depositories and Participants) Regulations, 2018","11-Jan-2023 18:13:34","2023-01-11 18:13:34","11-Jan-2023 18:13:38","00:00:04","https://nsearchives.nseindia.com/corporate/BSE_11012023181334_NSEIntimation.pdf"
"BSE","BSE Limited","Press Release","BSE Limited has informed the Exchange regarding a press release dated January 06, 2023, titled ""BSE joins hands with Government of Goa to promote development of SMEs"".","06-Jan-2023 18:17:15","2023-01-06 18:17:15","06-Jan-2023 18:17:18","00:00:03","https://nsearchives.nseindia.com/corporate/BSE_06012023181715_NSEIntimation.pdf"
"BSE","BSE Limited","Appointment","BSE Limited has informed the Exchange regarding Appointment of Mr Sundararaman Ramamurthy  as Managing Director & CEO of the company w.e.f. January 04, 2023.","30-Dec-2022 17:55:13","2022-12-30 17:55:13","30-Dec-2022 17:55:18","00:00:05","https://nsearchives.nseindia.com/corporate/BSE_30122022175513_NSEIntimation.pdf"
"BSE","BSE Limited","Trading Window","BSE Limited has informed the Exchange regarding the Trading Window closure pursuant to SEBI (Prohibition of Insider Trading) Regulations, 2015","28-Dec-2022 16:04:04","2022-12-28 16:04:04","28-Dec-2022 16:04:09","00:00:05","https://nsearchives.nseindia.com/corporate/BSE_28122022160404_NSEIntimation.pdf"
"BSE","BSE Limited","Updates","BSE Limited has informed the Exchange regarding 'Final approval granted by SEBI for introducing Social Stock Exchange as a separate Segment on BSE Limited'.","27-Dec-2022 18:59:49","2022-12-27 18:59:49","27-Dec-2022 18:59:51","00:00:02","https://nsearchives.nseindia.com/corporate/BSE_27122022185949_NSEIntimation.pdf"
"BSE","BSE Limited","Copy of Newspaper Publication","BSE Limited has informed the Exchange about Copy of Newspaper Publication","17-Dec-2022 12:41:08","2022-12-17 12:41:08","17-Dec-2022 12:43:19","00:02:11","https://nsearchives.nseindia.com/corporate/BSE_17122022124108_NSEIntimationNewspapernotice.pdf"
"BSE","BSE Limited","Postal Ballot","BSE Limited has informed the Exchange about Notice of Postal Ballot","16-Dec-2022 13:16:39","2022-12-16 13:16:39","16-Dec-2022 13:16:42","00:00:03","https://nsearchives.nseindia.com/corporate/BSE_16122022131639_NSEIntimation.pdf"
"BSE","BSE Limited","Schedule of Analysts/Institutional Investor Meet/Con. Call","BSE Limited has informed the Exchange about Schedule of Analysts/Institutional Investor Meet/Con. Call ","09-Dec-2022 13:25:27","2022-12-09 13:25:27","09-Dec-2022 13:25:32","00:00:05","https://nsearchives.nseindia.com/corporate/BSE_09122022132527_NSEIntimation12122022.pdf"
"BSE","BSE Limited","Disclosure of other UPSI/material event","BSE Limited has informed the Exchange about appointment of Shri Sundararaman Ramamurthy as MD & CEO.","08-Dec-2022 13:27:30","2022-12-08 13:27:30","08-Dec-2022 13:27:35","00:00:05","https://nsearchives.nseindia.com/corporate/BSE_08122022132730_NSEIntimation.pdf"
"BSE","BSE Limited","Schedule of Analysts/Institutional Investor Meet/Con. Call","BSE Limited has informed the Exchange about Schedule of Analysts/Institutional Investor Meet/Con. Call ","08-Dec-2022 12:22:15","2022-12-08 12:22:15","08-Dec-2022 12:22:18","00:00:03","https://nsearchives.nseindia.com/corporate/BSE_08122022122215_NSEIntimation09122022.pdf"
"BSE","BSE Limited","Schedule of Analysts/Institutional Investor Meet/Con. Call","BSE Limited has informed the Exchange about Schedule of Analysts/Institutional Investor Meet/Con. Call ","02-Dec-2022 13:09:27","2022-12-02 13:09:27","02-Dec-2022 13:09:31","00:00:04","https://nsearchives.nseindia.com/corporate/BSE_02122022130927_CoveringLetter02122022.pdf"
"BSE","BSE Limited","Schedule of Analysts/Institutional Investor Meet/Con. Call","BSE Limited has informed the Exchange about Schedule of Analysts/Institutional Investor Meet/Con. Call ","29-Nov-2022 13:24:12","2022-11-29 13:24:12","29-Nov-2022 13:24:21","00:00:09","https://nsearchives.nseindia.com/corporate/BSE_29112022132412_NSEIntimation.pdf"
"BSE","BSE Limited","Disclosure of other UPSI/material event","BSE Limited has informed the Exchange about Disclosure of other UPSI/material event","28-Nov-2022 18:42:24","2022-11-28 18:42:24","28-Nov-2022 18:42:27","00:00:03","https://nsearchives.nseindia.com/corporate/BSE_28112022184224_NSEintimation.pdf"
"BSE","BSE Limited","Sale or disposal of unit/ division/subsidiary","BSE Limited has informed the Exchange about Sale or disposal of unit/ division/subsidiary","23-Nov-2022 16:46:39","2022-11-23 16:46:39","23-Nov-2022 16:46:42","00:00:03","https://nsearchives.nseindia.com/corporate/BSE_23112022164639_NseintimationliquidationofCSRsamman22112022.pdf"
"BSE","BSE Limited","Newspaper Advertisements","BSE Limited has informed the Exchange about Newspaper Advertisements as per Rule 6(3)(a) of Investor Education and Protection Fund Authority (Accounting, Audit, Transfer and Refund) Rules, 2016","22-Nov-2022 15:05:48","2022-11-22 15:05:48","22-Nov-2022 15:05:59","00:00:11","https://nsearchives.nseindia.com/corporate/BSE_22112022150548_NSEIntimation.pdf"
"BSE","BSE Limited","Schedule of Analysts/Institutional Investor Meet/Con. Call","BSE Limited has informed the Exchange about Schedule of Analysts/Institutional Investor Meet/Con. Call ","22-Nov-2022 14:17:36","2022-11-22 14:17:36","22-Nov-2022 14:17:41","00:00:05","https://nsearchives.nseindia.com/corporate/BSE_22112022141736_NSEintimation.pdf"
"BSE","BSE Limited","Related Party Transaction","BSE Limited has informed the Exchange about related party transaction for the period ended September 2022","18-Nov-2022 13:42:48","2022-11-18 13:42:48","18-Nov-2022 13:42:51","00:00:03","https://nsearchives.nseindia.com/corporate/BSE_18112022134248_NSEIntimation.pdf"
"BSE","BSE Limited","Schedule of Analysts/Institutional Investor Meet/Con. Call","BSE Limited has informed the Exchange about Schedule of Analysts/Institutional Investor Meet/Con. Call ","18-Nov-2022 13:38:00","2022-11-18 13:38:00","18-Nov-2022 13:38:04","00:00:04","https://nsearchives.nseindia.com/corporate/BSE_18112022133800_CoveringLetter18112022.pdf"
"BSE","BSE Limited","Schedule of Analysts/Institutional Investor Meet/Con. Call","BSE Limited has informed the Exchange about Schedule of Analysts/Institutional Investor Meet/Con. Calls ","16-Nov-2022 11:35:21","2022-11-16 11:35:21","16-Nov-2022 11:35:25","00:00:04","https://nsearchives.nseindia.com/corporate/BSE_16112022113521_CoveringLetter16112022.pdf"
"BSE","BSE Limited","Transcript of Analysts/Institutional Investor Meet/Con. Call","BSE Limited has informed the Exchange about Transcript of Analysts/Institutional Investor Meet/Con. Call ","10-Nov-2022 17:15:57","2022-11-10 17:15:57","10-Nov-2022 17:16:10","00:00:13","https://nsearchives.nseindia.com/corporate/BSE_10112022171557_NSEIntimation.pdf"
"BSE","BSE Limited","Recording of Analysts/Institutional Investor Meet/Con. Call","BSE Limited has informed the Exchange about Recording of Analysts/Institutional Investor Meet/Con. Call","09-Nov-2022 11:35:39","2022-11-09 11:35:39","09-Nov-2022 11:35:44","00:00:05","https://nsearchives.nseindia.com/corporate/BSE_09112022113539_NSEintimation09112022signed.pdf"
"BSE","BSE Limited","Newspaper Advertisements","BSE Limited has informed the Exchange about Newspaper Advertisements","08-Nov-2022 10:46:03","2022-11-08 10:46:03","08-Nov-2022 10:46:11","00:00:08","https://nsearchives.nseindia.com/corporate/BSE_08112022104603_NSEIntimationNewspaperAdvertisementmerged.pdf"
"BSE","BSE Limited","Investor Presentation","BSE Limited has informed the Exchange about Investor Presentation","07-Nov-2022 17:15:21","2022-11-07 17:15:21","07-Nov-2022 17:15:29","00:00:08","https://nsearchives.nseindia.com/corporate/BSE_07112022171521_NSeintimationinvestorpresentationsigned.pdf"
"BSE","BSE Limited","Outcome of Board Meeting","BSE Limited  has informed the Exchange about Board Meeting held on 07-Nov-2022 to consider financial statements for the period ended September 2022","07-Nov-2022 16:52:12","2022-11-07 16:52:12","07-Nov-2022 16:52:14","00:00:02","https://nsearchives.nseindia.com/corporate/BSE_07112022165212_NSEintimation.pdf"
"BSE","BSE Limited","Schedule of Analysts/Institutional Investor Meet/Con. Call","BSE Limited has informed the Exchange about Schedule of Analysts/Institutional Investor Meet/Con. Call ","31-Oct-2022 17:37:42","2022-10-31 17:37:42","31-Oct-2022 17:37:45","00:00:03","https://nsearchives.nseindia.com/corporate/BSE_31102022173742_NSEIntimation.pdf"
"BSE","BSE Limited","Closure of trading window","BSE Limited has informed the Exchange about Closure of trading window","17-Oct-2022 14:47:42","2022-10-17 14:47:42","17-Oct-2022 14:47:44","00:00:02","https://nsearchives.nseindia.com/corporate/BSE_17102022144742_NSEIntimation.pdf"
"BSE","BSE Limited","General updates","BSE Limited has informed the Exchange about Certificate in terms of regulation 74(5) of SEBI (Depository and Participants) Regulations, 2018","13-Oct-2022 16:58:54","2022-10-13 16:58:54","13-Oct-2022 16:58:58","00:00:04","https://nsearchives.nseindia.com/corporate/BSE_13102022165854_NSEIntimation.pdf"
"BSE","BSE Limited","General updates","BSE Limited has informed the Exchange about SEBI In-principle approval for introducing Social Stock Exchange (SSE) as a separate Segment on BSE Limited","07-Oct-2022 11:50:09","2022-10-07 11:50:09","07-Oct-2022 11:50:19","00:00:10","https://nsearchives.nseindia.com/corporate/BSE_07102022115009_NSEIntimation.pdf"
"BSE","BSE Limited","General updates","BSE Limited has informed the Exchange about final approval from SEBI for introducing EGR (Electronic Gold Receipt) Segment on BSE Limited","26-Sep-2022 12:54:00","2022-09-26 12:54:00","26-Sep-2022 12:54:05","00:00:05","https://nsearchives.nseindia.com/corporate/BSE_26092022125400_NSEIntimationEGR.pdf"
"BSE","BSE Limited","Schedule of Analysts/Institutional Investor Meet/Con. Call","BSE Limited has informed the Exchange about Schedule of Analysts/Institutional Investor Meet/Con. Call ","23-Sep-2022 15:52:39","2022-09-23 15:52:39","23-Sep-2022 15:52:43","00:00:04","https://nsearchives.nseindia.com/corporate/BSE_23092022155239_NSEIntimation26092022.pdf"
"BSE","BSE Limited","Schedule of Analysts/Institutional Investor Meet/Con. Call","BSE Limited has informed the Exchange about Cancellation of Analysts/Institutional Investor Meet/Con. Call Scheduled on September 20, 2022","20-Sep-2022 12:38:54","2022-09-20 12:38:54","20-Sep-2022 12:38:58","00:00:04","https://nsearchives.nseindia.com/corporate/BSE_20092022123854_NSEIntimation20092022.pdf"
"BSE","BSE Limited","Schedule of Analysts/Institutional Investor Meet/Con. Call","BSE Limited has informed the Exchange about Schedule of Analysts/Institutional Investor Meet/Con. Call ","19-Sep-2022 15:48:36","2022-09-19 15:48:36","19-Sep-2022 15:48:41","00:00:05","https://nsearchives.nseindia.com/corporate/BSE_19092022154836_NSEIntimation20092022.pdf"
"BSE","BSE Limited","Transcript of Analysts/Institutional Investor Meet/Con. Call","BSE Limited has informed the Exchange about Transcript of Analysts/Institutional Investor Meet/Con. Call ","10-Aug-2022 15:07:45","2022-08-10 15:07:45","10-Aug-2022 15:07:55","00:00:10","https://nsearchives.nseindia.com/corporate/BSE_10082022150745_NSEIntimation.pdf"
"BSE","BSE Limited","Schedule of Analysts/Institutional Investor Meet/Con. Call","BSE Limited has informed the Exchange about Schedule of Analysts/Institutional Investor Meet/Con. Call ","10-Aug-2022 11:47:30","2022-08-10 11:47:30","10-Aug-2022 11:47:33","00:00:03","https://nsearchives.nseindia.com/corporate/BSE_10082022114730_NSEIntimation11082022.pdf"
"BSE","BSE Limited","Schedule of Analysts/Institutional Investor Meet/Con. Call","BSE Limited has informed the Exchange about Schedule of Analysts/Institutional Investor Meet/Con. Call ","10-Aug-2022 11:46:00","2022-08-10 11:46:00","10-Aug-2022 11:46:12","00:00:12","https://nsearchives.nseindia.com/corporate/BSE_10082022114600_NSEIntimation09082022.pdf"
"BSE","BSE Limited","Recording of Analysts/Institutional Investor Meet/Con. Call","BSE Limited has informed the Exchange about Recording of Analysts/Institutional Investor Meet/Con. Call","04-Aug-2022 16:57:39","2022-08-04 16:57:39","04-Aug-2022 16:57:42","00:00:03","https://nsearchives.nseindia.com/corporate/BSE_04082022165739_NSEintimation04082022Signed.pdf"
"BSE","BSE Limited","Newspaper Advertisements","BSE Limited has informed the Exchange about Newspaper Advertisements","04-Aug-2022 13:09:24","2022-08-04 13:09:24","04-Aug-2022 13:09:29","00:00:05","https://nsearchives.nseindia.com/corporate/BSE_04082022130924_Nseintimation.pdf"
"BSE","BSE Limited","Investor Presentation","BSE Limited has informed the Exchange about Investor Presentation","03-Aug-2022 15:07:36","2022-08-03 15:07:36","03-Aug-2022 15:07:40","00:00:04","https://nsearchives.nseindia.com/corporate/BSE_03082022150736_NSeintimationinvestorpresentation.pdf"
"BSE","BSE Limited","Outcome of Board Meeting","BSE Limited  has informed the Exchange about Board Meeting held on 03-Aug-2022 to consider financial statements for the period ended June 2022","03-Aug-2022 15:03:06","2022-08-03 15:03:06","03-Aug-2022 15:03:15","00:00:09","https://nsearchives.nseindia.com/corporate/BSE_03082022150306_NSEintimationOutcome.pdf"
"BSE","BSE Limited","Disclosure of other UPSI/material event","Pursuant to Regulation 30 read with Schedule III of SEBI (Listing Obligations and Disclosure Requirements) Regulations, 2015, we intimate that SEBI has passed an Order dated July 29, 2022 imposing a penalty of Rs. 3 lakhs on BSE Limited. The said Order is being reviewed and shall be dealt suitably as per advice of legal counsel. ","01-Aug-2022 12:14:18","2022-08-01 12:14:18","01-Aug-2022 12:14:23","00:00:05","https://nsearchives.nseindia.com/corporate/BSE_01082022121418_NSEIntimation.pdf"
"BSE","BSE Limited","Schedule of Analysts/Institutional Investor Meet/Con. Call","BSE Limited has informed the Exchange about Schedule of Analysts/Institutional Investor Meet/Con. Call ","29-Jul-2022 16:26:48","2022-07-29 16:26:48","29-Jul-2022 16:26:50","00:00:02","https://nsearchives.nseindia.com/corporate/BSE_29072022162648_NSEIntimation.pdf"
"BSE","BSE Limited","General updates","BSE Limited has informed the Exchange regarding change in ""Authorized KMPs to determine materiality of events/information""","27-Jul-2022 16:52:42","2022-07-27 16:52:42","27-Jul-2022 16:52:45","00:00:03","https://nsearchives.nseindia.com/corporate/BSE_27072022165240_NSEIntimation.pdf"
"BSE","BSE Limited","Resignation","BSE Limited  has informed the Exchange about resignation of Ashishkumar Chauhan as Managing Director & CEO of the Company w.e.f. July 25, 2022","25-Jul-2022 16:06:03","2022-07-25 16:06:03","25-Jul-2022 16:06:13","00:00:10","https://nsearchives.nseindia.com/corporate/BSE_25072022160603_NSEIntimationResignationofMD.pdf"
"BSE","BSE Limited","Disclosure of other UPSI/material event","This is to inform that pursuant to Regulation 30 read with Schedule III of SEBI (Listing Obligations and Disclosure Requirements) Regulations, 2015, Shri Ashishkumar Chauhan, has tendered his resignation from the post of Managing Director & CEO of the company. A Board meeting in this regard will be scheduled shortly to consider the said matter. ","18-Jul-2022 20:22:42","2022-07-18 20:22:42","18-Jul-2022 20:22:44","00:00:02","https://nsearchives.nseindia.com/corporate/BSE_18072022202242_NSEIntimation.pdf"
"BSE","BSE Limited","Closure of trading window","BSE Limited has informed the Exchange about Closure of trading window","15-Jul-2022 17:06:36","2022-07-15 17:06:36","15-Jul-2022 17:06:38","00:00:02","https://nsearchives.nseindia.com/corporate/BSE_15072022170636_NSEIntimation.pdf"
"BSE","BSE Limited","Annual General Meeting","BSE Limited has informed the Exchange about Proceedings of 17th Annual General Meeting held on 14-Jul-2022","15-Jul-2022 15:01:03","2022-07-15 15:01:03","15-Jul-2022 15:01:08","00:00:05","https://nsearchives.nseindia.com/corporate/BSE_15072022150103_Proceedings.pdf"
"BSE","BSE Limited","Annual General Meeting","BSE Limited has informed the Exchange about Voting results and  Scrutinizer report of 17th Annual General Meeting held on 14-July-2022","14-Jul-2022 22:41:09","2022-07-14 22:41:09","14-Jul-2022 22:41:12","00:00:03","https://nsearchives.nseindia.com/corporate/BSE_14072022224109_VotingResultsFinal.pdf"
"BSE","BSE Limited","Disclosure of other UPSI/material event","Pursuant to Regulation 30 of the SEBI (Listing Obligations and Disclosure Requirements) Regulations, 2015 and Regulation 33(1) of Securities Contracts (Regulation)(Stock Exchanges and Clearing Corporations) Regulations, 2018, the Board of Directors of the Company at their meeting held today i.e. July 11, 2022, have shortlisted the names for the post of Managing Director & CEO, for recommending to SEBI","11-Jul-2022 17:03:48","2022-07-11 17:03:48","11-Jul-2022 17:03:53","00:00:05","https://nsearchives.nseindia.com/corporate/BSE_11072022170348_NSEIntimation.pdf"
"BSE","BSE Limited","Schedule of Analysts/Institutional Investor Meet/Con. Call","BSE Limited has informed the Exchange about Schedule of Analysts/Institutional Investor Meet/Con. Call ","29-Jun-2022 14:07:45","2022-06-29 14:07:45","29-Jun-2022 14:07:51","00:00:06","https://nsearchives.nseindia.com/corporate/BSE_29062022140745_NSEIntimation.pdf"
"BSE","BSE Limited","Press Release","BSE Limited has informed the Exchange about press release dated 27-Jun-2022 titled BSE and MACCIA join hands to create awareness about the benefits of SME listing across Maharashtra","27-Jun-2022 14:37:24","2022-06-27 14:37:24","27-Jun-2022 14:37:26","00:00:02","https://nsearchives.nseindia.com/corporate/BSE_27062022143724_NSEIntimation.pdf"
"BSE","BSE Limited","Appointment","BSE Limited  has informed the Exchange about appointment of Shri SS Mundra as Chairperson of the company w.e.f. 26-May-2022","24-Jun-2022 16:11:19","2022-06-24 16:11:19","24-Jun-2022 16:11:23","00:00:04","https://nsearchives.nseindia.com/corporate/BSE_24062022161114_NSEIntimationChairman.pdf"
"BSE","BSE Limited","Newspaper Advertisements","BSE Limited has informed the Exchange about Newspaper Advertisements as per Rule 6(3)(a) of Investor Education and Protection Fund Authority (Accounting, Audit, Transfer and Refund) Rules, 2016","23-Jun-2022 11:17:19","2022-06-23 11:17:19","23-Jun-2022 17:47:13","06:29:54","https://nsearchives.nseindia.com/corporate/BSE_23062022111719_NSEIntimationIEPFNotice.pdf"
"BSE","BSE Limited","Newspaper Advertisements","BSE Limited has informed the Exchange about copy of Newspaper Publication.","18-Jun-2022 10:57:49","2022-06-18 10:57:49","18-Jun-2022 10:57:52","00:00:03","https://nsearchives.nseindia.com/corporate/BSE_18062022105748_NSEIntimation.pdf"
"BSE","BSE Limited","Annual General Meeting","BSE Limited has informed the Exchange about Notice of 17th Annual General Meeting to be held on 14-Jul-2022","17-Jun-2022 15:54:53","2022-06-17 15:54:53","17-Jun-2022 15:54:56","00:00:03","https://nsearchives.nseindia.com/corporate/BSE_17062022155447_NSEIntimation.pdf"
"BSE","BSE Limited","Schedule of Analysts/Institutional Investor Meet/Con. Call","BSE Limited has informed the Exchange about Schedule of Analysts/Institutional Investor Meet/Con. Call ","16-Jun-2022 13:09:56","2022-06-16 13:09:56","16-Jun-2022 13:09:59","00:00:03","https://nsearchives.nseindia.com/corporate/BSE_16062022130956_NSEIntimation.pdf"
"BSE","BSE Limited","Schedule of Analysts/Institutional Investor Meet/Con. Call","BSE Limited has informed the Exchange about cancellation of Analysts/Institutional Investor Meet/Con. Call Scheduled on June 10, 2022","10-Jun-2022 16:03:33","2022-06-10 16:03:33","10-Jun-2022 16:03:35","00:00:02","https://nsearchives.nseindia.com/corporate/BSE_10062022160333_NSEIntimation.pdf"
"BSE","BSE Limited","Schedule of Analysts/Institutional Investor Meet/Con. Call","BSE Limited has informed the Exchange about Schedule of Analysts/Institutional Investor Meet/Con. Call ","09-Jun-2022 14:45:45","2022-06-09 14:45:45","09-Jun-2022 14:45:48","00:00:03","https://nsearchives.nseindia.com/corporate/BSE_09062022144545_NSEIntimation.pdf"
"BSE","BSE Limited","Schedule of Analysts/Institutional Investor Meet/Con. Call","BSE Limited has informed the Exchange about Schedule of Analysts/Institutional Investor Meet/Con. Call ","02-Jun-2022 13:28:01","2022-06-02 13:28:01","02-Jun-2022 13:28:13","00:00:12","https://nsearchives.nseindia.com/corporate/BSE_02062022132801_NSEIntimation.pdf"
"BSE","BSE Limited","Newspaper Advertisements","BSE Limited has informed the Exchange about Newspaper Advertisements","01-Jun-2022 15:20:38","2022-06-01 15:20:38","01-Jun-2022 15:20:40","00:00:02","https://nsearchives.nseindia.com/corporate/BSE_01062022152037_NSEIntimation.pdf"
"BSE","BSE Limited","Related Party Transaction","BSE Limited has informed the Exchange about related party transaction for the period ended March 2022","25-May-2022 15:22:53","2022-05-25 15:22:53","25-May-2022 15:22:58","00:00:05","https://nsearchives.nseindia.com/corporate/BSE_25052022152252_NSEIntimation.pdf"
"BSE","BSE Limited","Schedule of Analysts/Institutional Investor Meet/Con. Call","BSE Limited has informed the Exchange about Schedule of Analysts/Institutional Investor Meet/Con. Call ","23-May-2022 16:07:50","2022-05-23 16:07:50","23-May-2022 16:07:53","00:00:03","https://nsearchives.nseindia.com/corporate/BSE_23052022160745_NSEIntimation24052022.pdf"
"BSE","BSE Limited","Record Date","BSE Limited has informed the Exchange that Record date for the purpose of Dividend  is 24-Jun-2022.","20-May-2022 17:28:15","2022-05-20 17:28:15","20-May-2022 17:28:17","00:00:02","https://nsearchives.nseindia.com/corporate/BSE_20052022172808_NSEIntimation.pdf"
"BSE","BSE Limited","General updates","BSE Limited has informed the Exchange about Date of Annual General Meeting and Record Date","20-May-2022 17:01:06","2022-05-20 17:01:06","20-May-2022 17:01:10","00:00:04","https://nsearchives.nseindia.com/corporate/BSE_20052022170105_NSEIntimation.pdf"
"BSE","BSE Limited","Appointment","BSE Limited  has informed the Exchange about appointment of Prof. Subhasis Chaudhuri as Public Interest Director of the company w.e.f. May 19, 2022","20-May-2022 15:46:38","2022-05-20 15:46:38","20-May-2022 15:46:47","00:00:09","https://nsearchives.nseindia.com/corporate/BSE_20052022154637_NSEIntimation.pdf"
"BSE","BSE Limited","Appointment","BSE Limited  has informed the Exchange about appointment of Justice Shiavax Jal Vazifdar as Public Interest Director of the company w.e.f. May 19, 2022","20-May-2022 15:42:04","2022-05-20 15:42:04","20-May-2022 15:42:12","00:00:08","https://nsearchives.nseindia.com/corporate/BSE_20052022154151_NSEIntimation.pdf"
"BSE","BSE Limited","Cessation","BSE Limited  has informed the Exchange about completion of tenure of Justice Vikramajit Sen as Chairman on the Board of BSE Limited with effect from the closure of working hours on May 18, 2022","19-May-2022 15:13:39","2022-05-19 15:13:39","19-May-2022 15:13:44","00:00:05","https://nsearchives.nseindia.com/corporate/BSE_19052022151336_NSEIntimation.pdf"
"BSE","BSE Limited","Cessation","BSE Limited  has informed the Exchange about completion of tenure of Shri Sumit Bose  as Public Interest Director on the Board of BSE Limited with effect from the closure of working hours on May 18, 2022.","19-May-2022 15:10:55","2022-05-19 15:10:55","19-May-2022 15:10:59","00:00:04","https://nsearchives.nseindia.com/corporate/BSE_19052022151053_NSEIntimation.pdf"
"BSE","BSE Limited","Cessation","BSE Limited  has informed the Exchange about completion of tenure of Justice Vikramajit Sen as Public Interest Director on the Board of BSE Limited with effect from the closure of working hours on May 18, 2022.","19-May-2022 15:09:35","2022-05-19 15:09:35","19-May-2022 15:09:40","00:00:05","https://nsearchives.nseindia.com/corporate/BSE_19052022150903_NSEIntimation.pdf"
"BSE","BSE Limited","Schedule of Analysts/Institutional Investor Meet/Con. Call","BSE Limited has informed the Exchange about Schedule of Analysts/Institutional Investor Meet/Con. Call ","19-May-2022 12:02:55","2022-05-19 12:02:55","19-May-2022 12:03:02","00:00:07","https://nsearchives.nseindia.com/corporate/BSE_19052022120252_NSEIntimation20052022.pdf"
"BSE","BSE Limited","General updates","BSE Limited has informed the Exchange about Appointment of Chairman, subject to approval of SEBI.","17-May-2022 13:08:42","2022-05-17 13:08:42","17-May-2022 13:08:47","00:00:05","https://nsearchives.nseindia.com/corporate/BSE_17052022130834_NSEIntimation.pdf"
"BSE","BSE Limited","Transcript of Analysts/Institutional Investor Meet/Con. Call","BSE Limited has informed the Exchange about Transcript of Analysts/Institutional Investor Meet/Con. Call ","16-May-2022 17:37:48","2022-05-16 17:37:48","16-May-2022 17:37:50","00:00:02","https://nsearchives.nseindia.com/corporate/BSE_16052022173741_NSEIntimation.pdf"
"BSE","BSE Limited","Schedule of Analysts/Institutional Investor Meet/Con. Call","BSE Limited has informed the Exchange about Schedule of Analysts/Institutional Investor Meet/Con. Call ","12-May-2022 16:21:13","2022-05-12 16:21:13","12-May-2022 16:21:16","00:00:03","https://nsearchives.nseindia.com/corporate/BSE_12052022162106_NSEIntimation13052022.pdf"
"BSE","BSE Limited","Newspaper Advertisements","BSE Limited has informed the Exchange about Newspaper Advertisements","12-May-2022 16:20:04","2022-05-12 16:20:04","12-May-2022 16:20:20","00:00:16","https://nsearchives.nseindia.com/corporate/BSE_12052022161958_NSEIntimation.pdf"
"BSE","BSE Limited","Financial Result Updates","BSE Limited has submitted to the Exchange, the financial results for the period ended March 31, 2022.","11-May-2022 16:41:40","2022-05-11 16:41:40","11-May-2022 16:43:01","00:01:21","https://nsearchives.nseindia.com/corporate/Financials_11052022164140.pdf"
"BSE","BSE Limited","Investor Presentation","BSE Limited has informed the Exchange about Investor Presentation","11-May-2022 16:23:17","2022-05-11 16:23:17","11-May-2022 16:23:21","00:00:04","https://nsearchives.nseindia.com/corporate/BSE_11052022162315_NSEintimationQ1.pdf"
"BSE","BSE Limited","General updates","BSE Limited has informed the Exchange about Declaration of audit reports with unmodified opinion","11-May-2022 16:20:45","2022-05-11 16:20:45","11-May-2022 16:20:48","00:00:03","https://nsearchives.nseindia.com/corporate/BSE_11052022162043_Unmodifiedopinion.pdf"
"BSE","BSE Limited","Re-appointment","BSE Limited  has informed the Exchange about re-appointment of M/s S. Panse & Co LLP, Chartered Accountants as Internal Auditor of the company with effect from April 1, 2022.","11-May-2022 16:16:54","2022-05-11 16:16:54","11-May-2022 16:16:59","00:00:05","https://nsearchives.nseindia.com/corporate/BSE_11052022161650_Outcome.pdf"
"BSE","BSE Limited","Re-appointment","BSE Limited  has informed the Exchange about re-appointment of M/s. Dhrumil M. Shah & Co, Practicing Company Secretaries as Secretarial Auditor of the company","11-May-2022 15:58:19","2022-05-11 15:58:19","11-May-2022 15:58:23","00:00:04","https://nsearchives.nseindia.com/corporate/BSE_11052022155816_Outcome.pdf"
"BSE","BSE Limited","Re-appointment","BSE Limited  has informed the Exchange about re-appointment of M/s S. R. Batliboi and Co. LLP, Chartered Accountants as Statutory Auditor of the company","11-May-2022 15:56:19","2022-05-11 15:56:19","11-May-2022 15:56:21","00:00:02","https://nsearchives.nseindia.com/corporate/BSE_11052022155615_Outcome.pdf"
"BSE","BSE Limited","Dividend","BSE Limited has informed the Exchange that Board of Directors at its meeting held on 11-May-2022, declared Dividend of Rs. 13.50 per equity share.","11-May-2022 15:52:53","2022-05-11 15:52:53","11-May-2022 15:52:58","00:00:05","https://nsearchives.nseindia.com/corporate/BSE_11052022155248_Outcome.pdf"
"BSE","BSE Limited","Outcome of Board Meeting","BSE Limited  has informed the Exchange about Board Meeting held on 11-May-2022 to consider financial statements for the period ended March 2022 and Dividend","11-May-2022 15:52:50","2022-05-11 15:52:50","11-May-2022 15:52:55","00:00:05","https://nsearchives.nseindia.com/corporate/BSE_11052022155248_Outcome.pdf"
"BSE","BSE Limited","Schedule of Analysts/Institutional Investor Meet/Con. Call","BSE Limited has informed the Exchange about Schedule of Analysts/Institutional Investor Meet/Con. Call ","27-Apr-2022 17:54:42","2022-04-27 17:54:42","27-Apr-2022 17:54:47","00:00:05","https://nsearchives.nseindia.com/corporate/BSE_27042022175440_NSEIntimation.pdf"
"BSE","BSE Limited","Closure of trading window","BSE Limited has informed the Exchange about Closure of trading window","20-Apr-2022 17:00:47","2022-04-20 17:00:47","20-Apr-2022 17:00:50","00:00:03","https://nsearchives.nseindia.com/corporate/BSE_20042022170043_NSEIntimation.pdf"
"BSE","BSE Limited","General updates","BSE Limited has informed the Exchange about Change in name of Registrar and Share Transfer Agent from KFin Technologies Private Limited to KFin Technologies Limited.","13-Apr-2022 16:56:55","2022-04-13 16:56:55","13-Apr-2022 16:57:15","00:00:20","https://nsearchives.nseindia.com/corporate/BSE_13042022165655_NSEIntimation.pdf"
"BSE","BSE Limited","Press Release","BSE Limited has informed the Exchange about press release dated 07-Apr-2022 titled BSE Technologies Private Limited receives authorization from Securities and Exchange Board of India (SEBI) to operate as a KYC Registration Agency (KYC KRA)","07-Apr-2022 14:52:25","2022-04-07 14:52:25","07-Apr-2022 14:53:29","00:01:04","https://nsearchives.nseindia.com/corporate/BSE_07042022145216_NSEIntimation.pdf"
"BSE","BSE Limited","Schedule of Analysts/Institutional Investor Meet/Con. Call","BSE Limited has informed the Exchange about Schedule of Analysts/Institutional Investor Meet/Con. Call ","01-Apr-2022 10:48:59","2022-04-01 10:48:59","01-Apr-2022 10:49:07","00:00:08","https://nsearchives.nseindia.com/corporate/BSE_01042022104514_NSEIntimation.pdf"
"BSE","BSE Limited","Newspaper Advertisements","BSE Limited has informed the Exchange about Newspaper Advertisements in respect of inviting applicationfor the post of Managing Director & Chief Executive Officer (MD & CEO) ","29-Mar-2022 14:55:53","2022-03-29 14:55:53","29-Mar-2022 14:55:59","00:00:06","https://nsearchives.nseindia.com/corporate/BSE_29032022145543_NSEIntimation.pdf"
"BSE","BSE Limited","Schedule of Analysts/Institutional Investor Meet/Con. Call","BSE Limited has informed the Exchange about Schedule of Analysts/Institutional Investor Meet/Con. Call ","29-Mar-2022 14:42:36","2022-03-29 14:42:36","29-Mar-2022 14:42:42","00:00:06","https://nsearchives.nseindia.com/corporate/BSE_29032022144221_NSEIntimation.pdf"
"BSE","BSE Limited","Schedule of Analysts/Institutional Investor Meet/Con. Call","BSE Limited has informed the Exchange about Schedule of Analysts/Institutional Investor Meet/Con. Call ","28-Mar-2022 12:52:55","2022-03-28 12:52:55","28-Mar-2022 12:53:00","00:00:05","https://nsearchives.nseindia.com/corporate/BSE_28032022125250_NSEIntimation.pdf"
"BSE","BSE Limited","Press Release","BSE Limited has informed the Exchange about press release dated 25-Mar-2022 titled BSE Investments Limited acquires 5.88% stake in Open Network for Digital Commerce (ONDC)","25-Mar-2022 12:48:46","2022-03-25 12:48:46","25-Mar-2022 12:48:51","00:00:05","https://nsearchives.nseindia.com/corporate/BSE_25032022124842_NSEIntimation.pdf"
"BSE","BSE Limited","Bonus","BSE Limited has informed the Exchange about Allotment of Bonus Equity Shares ","24-Mar-2022 19:04:48","2022-03-24 19:04:48","24-Mar-2022 19:04:51","00:00:03","https://nsearchives.nseindia.com/corporate/BSE_24032022190447_NSEIntimation.pdf"
"BSE","BSE Limited","Schedule of Analysts/Institutional Investor Meet/Con. Call","BSE Limited has informed the Exchange about Schedule of Analysts/Institutional Investor Meet/Con. Call ","24-Mar-2022 17:29:47","2022-03-24 17:29:47","24-Mar-2022 17:29:51","00:00:04","https://nsearchives.nseindia.com/corporate/BSE_24032022172945_NSEIntimation.pdf"
"BSE","BSE Limited","Press Release","BSE Limited has informed the Exchange about press release dated 23-Mar-2022 titled BSE and Federal Bank join hands to promote listing of SMEs & Startups","23-Mar-2022 17:34:40","2022-03-23 17:34:40","23-Mar-2022 17:34:43","00:00:03","https://nsearchives.nseindia.com/corporate/BSE_23032022173435_NSEIntimation.pdf"
"BSE","BSE Limited","Schedule of Analysts/Institutional Investor Meet/Con. Call","BSE Limited has informed the Exchange about Schedule of Analysts/Institutional Investor Meet/Con. Call ","22-Mar-2022 14:51:11","2022-03-22 14:51:11","22-Mar-2022 14:51:18","00:00:07","https://nsearchives.nseindia.com/corporate/BSE_22032022145109_NSEIntimation.pdf"
"BSE","BSE Limited","Schedule of Analysts/Institutional Investor Meet/Con. Call","BSE Limited has informed the Exchange about Schedule of Analysts/Institutional Investor Meet/Con. Call ","17-Mar-2022 17:36:17","2022-03-17 17:36:17","17-Mar-2022 17:36:22","00:00:05","https://nsearchives.nseindia.com/corporate/BSE_17032022173613_NSEIntimation.pdf"
"BSE","BSE Limited","Disclosure of other UPSI/material event","BSE Limited has informed the Exchange about Disclosure of other UPSI/material event","16-Mar-2022 15:22:17","2022-03-16 15:22:17","16-Mar-2022 15:22:23","00:00:06","https://nsearchives.nseindia.com/corporate/BSE_16032022152213_NSEIntimation.pdf"
"BSE","BSE Limited","Postal Ballot","BSE Limited has informed the Exchange about Voting results and  Scrutinizer report of Postal Ballot","15-Mar-2022 17:34:03","2022-03-15 17:34:03","15-Mar-2022 17:34:10","00:00:07","https://nsearchives.nseindia.com/corporate/BSE_15032022173357_NSEIntimation.pdf"
"BSE","BSE Limited","Schedule of Analysts/Institutional Investor Meet/Con. Call","BSE Limited has informed the Exchange about Schedule of Analysts/Institutional Investor Meet/Con. Call ","15-Mar-2022 17:30:42","2022-03-15 17:30:42","15-Mar-2022 17:30:58","00:00:16","https://nsearchives.nseindia.com/corporate/BSE_15032022173036_NSEIntimation16032022.pdf"
"BSE","BSE Limited","Schedule of Analysts/Institutional Investor Meet/Con. Call","BSE Limited has informed the Exchange about Schedule of Analysts/Institutional Investor Meet/Con. Call ","14-Mar-2022 17:41:06","2022-03-14 17:41:06","14-Mar-2022 17:41:15","00:00:09","https://nsearchives.nseindia.com/corporate/BSE_14032022174102_NSEIntimation.pdf"
"BSE","BSE Limited","Schedule of Analysts/Institutional Investor Meet/Con. Call","BSE Limited has informed the Exchange about Schedule of Analysts/Institutional Investor Meet/Con. Call ","12-Mar-2022 19:00:35","2022-03-12 19:00:35","12-Mar-2022 19:00:40","00:00:05","https://nsearchives.nseindia.com/corporate/BSE_12032022190031_NSEIntimation.pdf"
"BSE","BSE Limited","Press Release","BSE Limited has informed the Exchange about press release dated 12-Mar-2022 titled BSE joins hands with Onsurity to provide affordable healthcare and to promote listing to SME network","12-Mar-2022 18:58:37","2022-03-12 18:58:37","12-Mar-2022 18:58:40","00:00:03","https://nsearchives.nseindia.com/corporate/BSE_12032022185831_NSEIntimationMediaRelease.pdf"
"BSE","BSE Limited","Price movement","BSE : Significant movement in price has been observed in BSE Limited. The Exchange, in order to ensure that investors have latest relevant information about the company and to inform the market place so that the interest of the investors is safeguarded, had written to the company. BSE Limited has submitted their response.","11-Mar-2022 12:37:01","2022-03-11 12:37:01","11-Mar-2022 12:37:12","00:00:11","https://nsearchives.nseindia.com/corporate/BSE_11032022123655_ReplytoNewsclarification.pdf"
"BSE","BSE Limited","Price movement","BSE : Significant movement in price has been observed in BSE Limited. The Exchange, in order to ensure that investors have latest relevant information about the company and to inform the market place so that the interest of the investors is safeguarded, has written to the company. The response from the company is awaited.","11-Mar-2022 11:08:05","2022-03-11 11:08:05","11-Mar-2022 11:08:16","00:00:11","-"
"BSE","BSE Limited","Newspaper Advertisements","BSE Limited has informed the Exchange about Newspaper Advertisements","07-Mar-2022 11:56:00","2022-03-07 11:56:00","07-Mar-2022 11:56:13","00:00:13","https://nsearchives.nseindia.com/corporate/BSE_07032022115556_NseIntimationNewspaperPublication.pdf"
"BSE","BSE Limited","Press Release","BSE Limited has informed the Exchange about press release dated 05-Mar-2022 titled BSE and MSME Trade and Investment Promotion Bureau, Government of Tamil Nadu sign MoU  to promote listing of MSMEs","07-Mar-2022 01:18:46","2022-03-07 01:18:46","07-Mar-2022 01:18:53","00:00:07","https://nsearchives.nseindia.com/corporate/BSE_07032022011327_NSEIntimationMediaRelease.pdf"
"BSE","BSE Limited","General updates","BSE Limited has informed the Exchange about the  Record date for the purpose of Bonus  is 22-Mar-2022.","04-Mar-2022 20:00:15","2022-03-04 20:00:15","04-Mar-2022 20:00:18","00:00:03","https://nsearchives.nseindia.com/corporate/BSE_04032022200015_NseintimationRecordDateforbonus.pdf"
"BSE","BSE Limited","Record Date","BSE Limited has informed the Exchange that Record date for the purpose of Bonus  is 22-Mar-2022.","04-Mar-2022 19:49:41","2022-03-04 19:49:41","07-Apr-2022 18:36:22","814:46:41","https://nsearchives.nseindia.com/corporate/BSE_04032022194912_NseintimationRecordDateforbonus.pdf"
"BSE","BSE Limited","Schedule of Analysts/Institutional Investor Meet/Con. Call","BSE Limited has informed the Exchange about Schedule of Analysts/Institutional Investor Meet/Con. Call ","23-Feb-2022 11:18:29","2022-02-23 11:18:29","23-Feb-2022 11:18:33","00:00:04","https://nsearchives.nseindia.com/corporate/BSE_23022022111828_NSEIntimation.pdf"
"BSE","BSE Limited","Analysts/Institutional Investor Meet/Con. Call Updates","BSE Limited has informed the Exchange about Schedule of meet","17-Feb-2022 12:07:08","2022-02-17 12:07:08","17-Feb-2022 12:07:17","00:00:09","https://nsearchives.nseindia.com/corporate/BSE_17022022120708_Nseintimation.pdf"
"BSE","BSE Limited","Press Release","BSE Limited has informed the Exchange regarding a press release dated February 16, 2022, titled ""BSE signs MoUwith four regional associations to promote EGRs and International Bullion Exchange"".","16-Feb-2022 18:13:24","2022-02-16 18:13:24","16-Feb-2022 18:13:30","00:00:06","https://nsearchives.nseindia.com/corporate/BSE_16022022181324_NSEIntimationMediaRelease.pdf"
"BSE","BSE Limited","Analysts/Institutional Investor Meet/Con. Call Updates","BSE Limited has informed the Exchange about Transcript","15-Feb-2022 12:10:19","2022-02-15 12:10:19","15-Feb-2022 12:10:34","00:00:15","https://nsearchives.nseindia.com/corporate/BSE_15022022121019_NSEIntimationQ3FY22.pdf"
"BSE","BSE Limited","Copy of Newspaper Publication","BSE Limited has informed the Exchange about Copy of Newspaper Publication","14-Feb-2022 11:02:25","2022-02-14 11:02:25","14-Feb-2022 11:02:37","00:00:12","https://nsearchives.nseindia.com/corporate/BSE_14022022110225_NSEIntimation.pdf"
"BSE","BSE Limited","Shareholders meeting","BSE Limited has informed the Exchange regarding Notice of Postal Ballot","11-Feb-2022 18:42:25","2022-02-11 18:42:25","11-Feb-2022 18:42:33","00:00:08","https://nsearchives.nseindia.com/corporate/BSE_11022022184225_NSEIntimationPostalBallot.pdf"
"BSE","BSE Limited","Analysts/Institutional Investor Meet/Con. Call Updates","BSE Limited has informed the Exchange about Schedule of meet","10-Feb-2022 20:27:57","2022-02-10 20:27:57","10-Feb-2022 20:28:09","00:00:12","https://nsearchives.nseindia.com/corporate/BSE_10022022202757_CoveringLetter11022022.pdf"
"BSE","BSE Limited","Updates","BSE Limited has informed the Exchange regarding ' SEBI In-principle approval for introducing EGR (Electronic Grid Receipt) Segment on BSE Limited'.","09-Feb-2022 20:13:13","2022-02-09 20:13:13","09-Feb-2022 20:13:17","00:00:04","https://nsearchives.nseindia.com/corporate/BSE_09022022201313_NSEIntimation_EGR.pdf"
"BSE","BSE Limited","Copy of Newspaper Publication","BSE Limited has informed the Exchange about Copy of Newspaper Publication","09-Feb-2022 14:50:08","2022-02-09 14:50:08","09-Feb-2022 14:50:33","00:00:25","https://nsearchives.nseindia.com/corporate/BSE_09022022145008_NSEIntimation.pdf"
"BSE","BSE Limited","Appointment","BSE Limited has informed the Exchange regarding Appointment of Mr Vishal Bhat as Company Secretary & Compliance Officer of the company w.e.f. March 15, 2022.","08-Feb-2022 16:54:24","2022-02-08 16:54:24","08-Feb-2022 16:54:28","00:00:04","https://nsearchives.nseindia.com/corporate/BSE_08022022165424_OutcomeBM08022022.pdf"
"BSE","BSE Limited","Investor Presentation","BSE Limited has informed the Exchange about Investor Presentation","08-Feb-2022 16:51:42","2022-02-08 16:51:42","08-Feb-2022 16:51:47","00:00:05","https://nsearchives.nseindia.com/corporate/BSE_08022022165142_NSEIntimationInvestorPresentation.pdf"
"BSE","BSE Limited","Bonus","BSE Limited has informed the Exchange that the Board of Directors at its meeting held on February 08, 2022, have considered and approved bonus at the ratio of 2 : 1, i.e 2 Equity Shares for every 1 Equity Shares held.","08-Feb-2022 16:40:52","2022-02-08 16:40:52","08-Feb-2022 16:41:02","00:00:10","https://nsearchives.nseindia.com/corporate/BSE_08022022164052_OutcomeBM08022022.pdf"
"BSE","BSE Limited","Outcome of Board Meeting","BSE Limited has informed the Exchange regarding Outcome of Board Meeting held on February 08, 2022.","08-Feb-2022 16:36:39","2022-02-08 16:36:39","08-Feb-2022 16:36:49","00:00:10","https://nsearchives.nseindia.com/corporate/BSE_08022022163639_OutcomeBM08022022.pdf"
"BSE","BSE Limited","Financial Result Updates","BSE Limited has submitted to the Exchange, the financial results for the period ended December 31, 2021.","08-Feb-2022 16:35:16","2022-02-08 16:35:16","08-Feb-2022 16:37:01","00:01:45","https://nsearchives.nseindia.com/corporate/OutcomeBM08022022_08022022163516.pdf"
"BSE","BSE Limited","Analysts/Institutional Investor Meet/Con. Call Updates","BSE Limited has informed the Exchange about Schedule of meet","01-Feb-2022 16:27:42","2022-02-01 16:27:42","01-Feb-2022 16:27:48","00:00:06","https://nsearchives.nseindia.com/corporate/BSE_01022022162742_NSEintimationResultsConferenceCall.pdf"
"BSE","BSE Limited","Resignation","BSE Limited has informed the Exchange regarding Resignation of Ms Prajakta Powle as Company Secretary & Compliance Officer of the company w.e.f. March 14, 2022.","17-Jan-2022 18:58:01","2022-01-17 18:58:01","17-Jan-2022 18:58:13","00:00:12","https://nsearchives.nseindia.com/corporate/BSE_17012022185801_NSEIntimationChangeofCS.pdf"
"BSE","BSE Limited","Analysts/Institutional Investor Meet/Con. Call Updates","BSE Limited has informed the Exchange about Schedule of meet","04-Jan-2022 13:03:20","2022-01-04 13:03:20","04-Jan-2022 13:03:24","00:00:04","https://nsearchives.nseindia.com/corporate/BSE_04012022130320_NSEIntimation04012022.pdf"
"BSE","BSE Limited","Analysts/Institutional Investor Meet/Con. Call Updates","BSE Limited has informed the Exchange about Schedule of meet","28-Dec-2021 19:51:00","2021-12-28 19:51:00","28-Dec-2021 19:51:05","00:00:05","https://nsearchives.nseindia.com/corporate/BSE_28122021195100_CoveringLetter29122021Investormeet.pdf"
"BSE","BSE Limited","Trading Window","BSE Limited has informed the Exchange regarding the Trading Window closure pursuant to SEBI (Prohibition of Insider Trading) Regulations, 2015","27-Dec-2021 18:09:49","2021-12-27 18:09:49","27-Dec-2021 18:09:54","00:00:05","https://nsearchives.nseindia.com/corporate/BSE_27122021180949_NSEIntimationBM08022022.pdf"
"BSE","BSE Limited","Press Release","BSE Limited has informed the Exchange regarding a press release dated December 22, 2021, titled ""BSE signs MoU with Nashik Sarafa Association to develop the commodity derivatives market in India"".","22-Dec-2021 16:32:21","2021-12-22 16:32:21","22-Dec-2021 16:32:26","00:00:05","https://nsearchives.nseindia.com/corporate/BSE_22122021163221_NSEintimationmediarelease22122021.pdf"
"BSE","BSE Limited","Analysts/Institutional Investor Meet/Con. Call Updates","BSE Limited has informed the Exchange about Schedule of meet","22-Dec-2021 10:57:08","2021-12-22 10:57:08","22-Dec-2021 10:57:17","00:00:09","https://nsearchives.nseindia.com/corporate/BSE_22122021105708_CoveringLetter22122021Investormeet.pdf"
"BSE","BSE Limited","Analysts/Institutional Investor Meet/Con. Call Updates","BSE Limited has informed the Exchange about Schedule of meet","21-Dec-2021 14:57:33","2021-12-21 14:57:33","21-Dec-2021 14:57:40","00:00:07","https://nsearchives.nseindia.com/corporate/BSE_21122021145733_CoveringLetter22122021.pdf"
"BSE","BSE Limited","Press Release","BSE Limited has informed the Exchange regarding a press release dated December 15, 2021, titled ""BSE, Gem & Jewellery Council sign MoU to promote EGRs and IIBX "".","15-Dec-2021 16:04:43","2021-12-15 16:04:43","15-Dec-2021 16:04:48","00:00:05","https://nsearchives.nseindia.com/corporate/BSE_15122021160443_NSEintimation15122021.pdf"
"BSE","BSE Limited","Press Release","BSE Limited has informed the Exchange regarding a press release dated December 07, 2021, titled ""BSE and HBF Direct Limited sign MoU to promote listing of SMEs and Start-ups"".","07-Dec-2021 16:44:53","2021-12-07 16:44:53","07-Dec-2021 16:44:59","00:00:06","https://nsearchives.nseindia.com/corporate/BSE_07122021164453_NSEintimation07122021.pdf"
"BSE","BSE Limited","Related Party Transactions","BSE Limited has informed the Exchange about related Party Transactions","06-Dec-2021 11:55:02","2021-12-06 11:55:02","06-Dec-2021 11:55:08","00:00:06","https://nsearchives.nseindia.com/corporate/BSE_06122021115502_NSEintimationRPT.pdf"
"BSE","BSE Limited","Analysts/Institutional Investor Meet/Con. Call Updates","BSE Limited has informed the Exchange about Schedule of meet","02-Dec-2021 15:59:03","2021-12-02 15:59:03","02-Dec-2021 15:59:08","00:00:05","https://nsearchives.nseindia.com/corporate/BSE_02122021155903_CoveringLetter02122021.pdf"
"BSE","BSE Limited","Analysts/Institutional Investor Meet/Con. Call Updates","BSE Limited has informed the Exchange about Schedule of meet","26-Nov-2021 15:37:06","2021-11-26 15:37:06","26-Nov-2021 15:37:10","00:00:04","https://nsearchives.nseindia.com/corporate/BSE_26112021153706_CoveringLetter.pdf"
"BSE","BSE Limited","Press Release","BSE Limited has informed the Exchange regarding a press release dated November 24, 2021, titled ""BSE signs MoU with Madurai District Gold and Silver Merchant Association to Promote EGR, IIBX"".","24-Nov-2021 16:28:48","2021-11-24 16:28:48","24-Nov-2021 16:28:54","00:00:06","https://nsearchives.nseindia.com/corporate/BSE_24112021162848_NSEIntimation.pdf"
"BSE","BSE Limited","Analysts/Institutional Investor Meet/Con. Call Updates","BSE Limited has informed the Exchange about Transcript","18-Nov-2021 15:36:54","2021-11-18 15:36:54","18-Nov-2021 15:36:58","00:00:04","https://nsearchives.nseindia.com/corporate/BSE_18112021153654_NSEIntimation.pdf"
"BSE","BSE Limited","Analysts/Institutional Investor Meet/Con. Call Updates","BSE Limited has informed the Exchange about Schedule of meet","17-Nov-2021 16:27:25","2021-11-17 16:27:25","17-Nov-2021 16:27:29","00:00:04","https://nsearchives.nseindia.com/corporate/BSE_17112021162725_CoveringLetter.pdf"
"BSE","BSE Limited","Analysts/Institutional Investor Meet/Con. Call Updates","BSE Limited has informed the Exchange about Schedule of meet","15-Nov-2021 14:19:27","2021-11-15 14:19:27","15-Nov-2021 14:19:31","00:00:04","https://nsearchives.nseindia.com/corporate/BSE_15112021141927_CoveringLetter.pdf"
"BSE","BSE Limited","Copy of Newspaper Publication","BSE Limited has informed the Exchange about Copy of Newspaper Publication","13-Nov-2021 16:15:29","2021-11-13 16:15:29","13-Nov-2021 16:15:33","00:00:04","https://nsearchives.nseindia.com/corporate/BSE_13112021161529_NSEIntimationnewspaperpublicn13112021.pdf"
"BSE","BSE Limited","Investor Presentation","BSE Limited has informed the Exchange about Investor Presentation","12-Nov-2021 17:57:43","2021-11-12 17:57:43","12-Nov-2021 17:57:47","00:00:04","https://nsearchives.nseindia.com/corporate/BSE_12112021175743_InvestorPresentationQ2FY22merged.pdf"
"BSE","BSE Limited","Registrar & Share Transfer Agent Update","BSE Limited has informed the Exchange about Registrar & Share Transfer Agent Update","12-Nov-2021 16:49:25","2021-11-12 16:49:25","12-Nov-2021 16:49:29","00:00:04","https://nsearchives.nseindia.com/corporate/BSE_12112021164925_NSEInitimation12112021.pdf"
"BSE","BSE Limited","Financial Result Updates","BSE Limited has submitted to the Exchange, the financial results for the period ended September 30, 2021.","12-Nov-2021 16:44:33","2021-11-12 16:44:33","12-Nov-2021 16:46:06","00:01:33","https://nsearchives.nseindia.com/corporate/NSEIntimationOutcome12112021_12112021164433.pdf"
"BSE","BSE Limited","Outcome of Board Meeting","BSE Limited has informed the Exchange regarding  Board meeting held on November 12, 2021.","12-Nov-2021 16:42:36","2021-11-12 16:42:36","12-Nov-2021 16:42:42","00:00:06","https://nsearchives.nseindia.com/corporate/BSE_12112021164236_NSEIntimationOutcome12112021.pdf"
"BSE","BSE Limited","Press Release","BSE Limited has informed the Exchange regarding a press release dated November 11, 2021, titled ""BSE and AIMAMSME sign MoU to promote listing of SMEs"".","11-Nov-2021 17:32:52","2021-11-11 17:32:52","11-Nov-2021 17:33:07","00:00:15","https://nsearchives.nseindia.com/corporate/BSE_11112021173252_Merged.pdf"
"BSE","BSE Limited","Analysts/Institutional Investor Meet/Con. Call Updates","BSE Limited has informed the Exchange about Schedule of meet","06-Nov-2021 16:55:35","2021-11-06 16:55:35","06-Nov-2021 16:55:39","00:00:04","https://nsearchives.nseindia.com/corporate/BSE_06112021165534_NSEintimation06112021.pdf"
"BSE","BSE Limited","Press Release","BSE Limited has informed the Exchange regarding a press release dated November 02, 2021, titled ""BSE signs MoU with HDFC Bank to promote listing of Start-ups and SMEs"".","02-Nov-2021 14:58:22","2021-11-02 14:58:22","02-Nov-2021 14:58:26","00:00:04","https://nsearchives.nseindia.com/corporate/BSE_02112021145822_NSEIntimation.pdf"
"BSE","BSE Limited","Press Release","BSE Limited has informed the Exchange regarding a press release dated October 27, 2021, titled ""BSE signs MoU with Government of Chhattisgarh to promote listing of SMEs in thestate"".","28-Oct-2021 11:44:24","2021-10-28 11:44:24","28-Oct-2021 11:44:29","00:00:05","https://nsearchives.nseindia.com/corporate/BSE_28102021114424_NSEIntimation.pdf"
"BSE","BSE Limited","Trading Window","BSE Limited has informed the Exchange regarding the Trading Window closure pursuant to SEBI (Prohibition of Insider Trading) Regulations, 2015","26-Oct-2021 17:28:04","2021-10-26 17:28:04","26-Oct-2021 17:36:09","00:08:05","https://nsearchives.nseindia.com/corporate/BSE_26102021172804_NSEIntimationBM.pdf"
"BSE","BSE Limited","Press Release","BSE Limited has informed the Exchange regarding a press release dated October 12, 2021, titled ""BSE and Business Leadership League join hands to enhance opportunities available to the SMEs through listing"".","12-Oct-2021 12:17:21","2021-10-12 12:17:21","12-Oct-2021 12:17:26","00:00:05","https://nsearchives.nseindia.com/corporate/BSE_12102021121721_NSEIntimation.pdf"
"BSE","BSE Limited","Press Release","BSE Limited has informed the Exchange regarding a press release dated October 07, 2021, titled ""BSE signs MOU with 2 industry associations to deepen its reach in Commodity Derivatives and EGR segment"".","07-Oct-2021 17:24:19","2021-10-07 17:24:19","07-Oct-2021 17:24:24","00:00:05","https://nsearchives.nseindia.com/corporate/BSE_07102021172419_NSEintimation.pdf"
"BSE","BSE Limited","Press Release","BSE Limited has informed the Exchange regarding a press release dated October 05, 2021, titled ""BSE receives in-principleapproval from RBI for TReDS business"".","05-Oct-2021 16:43:21","2021-10-05 16:43:21","05-Oct-2021 16:43:26","00:00:05","https://nsearchives.nseindia.com/corporate/BSE_05102021164321_NSEintimation05102021.pdf"
"BSE","BSE Limited","Analysts/Institutional Investor Meet/Con. Call Updates","BSE Limited has informed the Exchange about Analysts/Institutional Investor Meet/Con. Call Updates","22-Sep-2021 14:26:48","2021-09-22 14:26:48","22-Sep-2021 14:26:54","00:00:06","https://nsearchives.nseindia.com/corporate/BSE_22092021142648_CoveringLetter23092021.pdf"
"BSE","BSE Limited","Investor Presentation","BSE Limited has informed the Exchange about Investor Presentation","26-Aug-2021 10:50:15","2021-08-26 10:50:15","26-Aug-2021 10:50:22","00:00:07","https://nsearchives.nseindia.com/corporate/BSE_26082021105015_NSEintimationupdatedinvestorpresentation.pdf"
"BSE","BSE Limited","Shareholders meeting","BSE Limited has informed the Exchange regarding Proceedings of Annual General Meeting held on August 24, 2021","24-Aug-2021 23:57:44","2021-08-24 23:57:44","25-Aug-2021 00:11:06","00:13:22","https://nsearchives.nseindia.com/corporate/BSE_24082021235744_Proceedings.pdf"
"BSE","BSE Limited","Shareholders meeting","BSE Limited has informed the Exchange about Shareholders meeting","24-Aug-2021 23:54:23","2021-08-24 23:54:23","25-Aug-2021 00:11:05","00:16:42","https://nsearchives.nseindia.com/corporate/BSE_24082021235423_FinalNSEIntimation.pdf"
"BSE","BSE Limited","Analysts/Institutional Investor Meet/Con. Call Updates","BSE Limited has informed the Exchange about Analysts/Institutional Investor Meet/Con. Call Updates","17-Aug-2021 15:51:29","2021-08-17 15:51:29","17-Aug-2021 15:51:33","00:00:04","https://nsearchives.nseindia.com/corporate/BSE_17082021155129_NSEintimation.pdf"
"BSE","BSE Limited","Analysts/Institutional Investor Meet/Con. Call Updates","BSE Limited has informed the Exchange about Analysts/Institutional Investor Meet/Con. Call Updates","10-Aug-2021 18:49:19","2021-08-10 18:49:19","10-Aug-2021 18:49:25","00:00:06","https://nsearchives.nseindia.com/corporate/BSE_10082021184919_NSEIntimation.pdf"
"BSE","BSE Limited","Analysts/Institutional Investor Meet/Con. Call Updates","BSE Limited has informed the Exchange about Analysts/Institutional Investor Meet/Con. Call Updates","10-Aug-2021 18:42:28","2021-08-10 18:42:28","10-Aug-2021 18:42:32","00:00:04","https://nsearchives.nseindia.com/corporate/BSE_10082021184228_NSEintimationTranscriptQ1FY22.pdf"
"BSE","BSE Limited","Analysts/Institutional Investor Meet/Con. Call Updates","BSE Limited has informed the Exchange about Analysts/Institutional Investor Meet/Con. Call Updates","10-Aug-2021 18:39:52","2021-08-10 18:39:52","10-Aug-2021 18:39:56","00:00:04","https://nsearchives.nseindia.com/corporate/BSE_10082021183952_NseIntimation.pdf"
"BSE","BSE Limited","Analysts/Institutional Investor Meet/Con. Call Updates","BSE Limited has informed the Exchange about Analysts/Institutional Investor Meet/Con. Call Updates","09-Aug-2021 12:38:46","2021-08-09 12:38:46","09-Aug-2021 12:39:00","00:00:14","https://nsearchives.nseindia.com/corporate/BSE_09082021123846_NSEintimationinvestorcall13082021.pdf"
"BSE","BSE Limited","Copy of Newspaper Publication","BSE Limited has informed the Exchange about Copy of Newspaper Publication","09-Aug-2021 12:35:02","2021-08-09 12:35:02","09-Aug-2021 12:35:14","00:00:12","https://nsearchives.nseindia.com/corporate/BSE_09082021123502_NSEIntimationNewspaperAdvertisement07082021.pdf"
"BSE","BSE Limited","Investor Presentation","BSE Limited has informed the Exchange about Investor Presentation","06-Aug-2021 17:33:58","2021-08-06 17:33:58","06-Aug-2021 17:34:04","00:00:06","https://nsearchives.nseindia.com/corporate/BSE_06082021173358_NSEintimationinvestorpresentation.pdf"
"BSE","BSE Limited","Outcome of Board Meeting","BSE Limited has informed the Exchange regarding  Board meeting held on August 06, 2021.","06-Aug-2021 16:39:31","2021-08-06 16:39:31","06-Aug-2021 16:39:35","00:00:04","https://nsearchives.nseindia.com/corporate/BSE_06082021163931_OutcomeAugustMeeting.pdf"
"BSE","BSE Limited","Financial Result Updates","BSE Limited has submitted to the Exchange, the financial results for the period ended June 30, 2021.","06-Aug-2021 16:35:43","2021-08-06 16:35:43","06-Aug-2021 16:37:01","00:01:18","https://nsearchives.nseindia.com/corporate/OutcomeAugustMeeting_06082021163543.pdf"
"BSE","BSE Limited","Analysts/Institutional Investor Meet/Con. Call Updates","BSE Limited has informed the Exchange about Analysts/Institutional Investor Meet/Con. Call Updates","03-Aug-2021 21:42:31","2021-08-03 21:42:31","03-Aug-2021 21:42:36","00:00:05","https://nsearchives.nseindia.com/corporate/BSE_03082021214231_NSeintimationinvestormeetQ1FY2022.pdf"
"BSE","BSE Limited","Copy of Newspaper Publication","BSE Limited has informed the Exchange about Copy of Newspaper Publication","30-Jul-2021 18:18:26","2021-07-30 18:18:26","30-Jul-2021 18:18:31","00:00:05","https://nsearchives.nseindia.com/corporate/BSE_30072021181826_Nseintimation.pdf"
"BSE","BSE Limited","Trading Window","BSE Limited has informed the Exchange regarding the Trading Window closure pursuant to SEBI (Prohibition of Insider Trading) Regulations, 2015","23-Jul-2021 17:34:45","2021-07-23 17:34:45","23-Jul-2021 17:34:49","00:00:04","https://nsearchives.nseindia.com/corporate/BSE_23072021173445_NSEintimationBoardmeeting06082021.pdf"
"BSE","BSE Limited","Analysts/Institutional Investor Meet/Con. Call Updates","BSE Limited has informed the Exchange about Analysts/Institutional Investor Meet/Con. Call Updates","05-Jul-2021 14:39:39","2021-07-05 14:39:39","05-Jul-2021 14:39:50","00:00:11","https://nsearchives.nseindia.com/corporate/BSE_05072021143939_CoveringLetter09072021.pdf"
"BSE","BSE Limited","Copy of Newspaper Publication","BSE Limited has informed the Exchange about Copy of Newspaper Publication","25-Jun-2021 16:00:53","2021-06-25 16:00:53","25-Jun-2021 17:35:28","01:34:35","https://nsearchives.nseindia.com/corporate/BSE_25062021160052_NSEIntimation.pdf"
"BSE","BSE Limited","Updates","BSE Limited has informed the Exchange regarding 'Pursuant to Regulation 30 of the SEBI (Listing Obligations and Disclosure Requirements), Regulations, 2015, it is hereby informed that BSE Sammaan CSR Limited ( BSE Sammaan ), a wholly owned subsidiary of BSE Limited, is under the process of voluntary liquidation. BSE Sammaan had built a business that was predicated on its platform Sammaan 2.0 and its source of revenue was through subscription and consulting fees. Now, BSE Sammaan has handed over this platform to the Ministry of Corporate Affairs and is to be relaunched as the National CSR Exchange. Hence, there will be no further business operations and therefore management of BSE Sammaan has initiated the process of voluntary liquidation.It may be noted that BSE Sammaan is not a material subsidiary of BSE Limited and therefore it will not impact materially on consolidated financials of BSE Limited.'.","24-Jun-2021 15:30:26","2021-06-24 15:30:26","24-Jun-2021 15:30:32","00:00:06","https://nsearchives.nseindia.com/corporate/BSE_24062021153026_NSEintimation.pdf"
"BSE","BSE Limited","Analysts/Institutional Investor Meet/Con. Call Updates","BSE Limited has informed the Exchange about Analysts/Institutional Investor Meet/Con. Call Updates","08-Jun-2021 16:38:12","2021-06-08 16:38:12","08-Jun-2021 16:38:19","00:00:07","https://nsearchives.nseindia.com/corporate/BSE_08062021163812_CoveringLetter09062021.pdf"
"BSE","BSE Limited","Press Release","BSE Limited has informed the Exchange regarding a press release dated Jun 04, 2021, titled ""BSE StAR MF signs MoU with Godavari Urban Multi State Co-Op Society Ltd, Nanded to deepen Rural Engagement for  Greater Financial inclusion."".","04-Jun-2021 19:15:26","2021-06-04 19:15:26","04-Jun-2021 19:15:34","00:00:08","https://nsearchives.nseindia.com/corporate/BSE_04062021191526_NSEintimation.pdf"
"BSE","BSE Limited","Record Date","BSE Limited has informed the Exchange that Record date for the purpose of Dividend  is 06-Aug-2021.","02-Jun-2021 10:35:43","2021-06-02 10:35:43","02-Jun-2021 10:35:52","00:00:09","https://nsearchives.nseindia.com/corporate/BSE_02062021103543_NseintimationAGMrecorddate.pdf"
"BSE","BSE Limited","Updates","BSE Limited has informed the Exchange regarding 'Sixteenth Annual General Meeting of the Company is scheduled to be held on Tuesday, August 24, 2021.'.","02-Jun-2021 10:30:22","2021-06-02 10:30:22","02-Jun-2021 10:30:28","00:00:06","https://nsearchives.nseindia.com/corporate/BSE_02062021103022_NseintimationAGMrecorddate.pdf"
"BSE","BSE Limited","Related Party Transactions","BSE Limited has informed the Exchange about related Party Transactions","02-Jun-2021 10:21:42","2021-06-02 10:21:42","02-Jun-2021 10:21:49","00:00:07","https://nsearchives.nseindia.com/corporate/BSE_02062021102142_NSEintimationRPT.pdf"
"BSE","BSE Limited","Analysts/Institutional Investor Meet/Con. Call Updates","BSE Limited has informed the Exchange about Analysts/Institutional Investor Meet/Con. Call Updates","01-Jun-2021 16:47:53","2021-06-01 16:47:53","01-Jun-2021 16:48:00","00:00:07","https://nsearchives.nseindia.com/corporate/BSE_01062021164753_CoveringLetter02062021.pdf"
"BSE","BSE Limited","Press Release","BSE Limited has informed the Exchange regarding a press release dated Jun 01, 2021, titled ""BSE Signs MOU with Electronics and Computer Software Export Promotion Council     "".","01-Jun-2021 12:24:35","2021-06-01 12:24:35","01-Jun-2021 12:24:40","00:00:05","https://nsearchives.nseindia.com/corporate/BSE_01062021122435_NSEintimation.pdf"
"BSE","BSE Limited","Analysts/Institutional Investor Meet/Con. Call Updates","BSE Limited has informed the Exchange about Analysts/Institutional Investor Meet/Con. Call Updates","24-May-2021 18:59:25","2021-05-24 18:59:25","24-May-2021 18:59:32","00:00:07","https://nsearchives.nseindia.com/corporate/BSE_24052021185925_CoveringLetter24052021.pdf"
"BSE","BSE Limited","Analysts/Institutional Investor Meet/Con. Call Updates","BSE Limited has informed the Exchange about Analysts/Institutional Investor Meet/Con. Call Updates","19-May-2021 17:49:15","2021-05-19 17:49:15","19-May-2021 17:49:22","00:00:07","https://nsearchives.nseindia.com/corporate/BSE_19052021174915_NSEintimationtranscriptQ4.pdf"
"BSE","BSE Limited","Press Release","BSE Limited has informed the Exchange regarding a press release dated May 19, 2021, titled ""BSE signs MOU with Dun & Bradstreet India to foster MSME growth in India"".","19-May-2021 17:01:10","2021-05-19 17:01:10","19-May-2021 17:01:21","00:00:11","https://nsearchives.nseindia.com/corporate/BSE_19052021170110_NSEintimation.pdf"
"BSE","BSE Limited","Analysts/Institutional Investor Meet/Con. Call Updates","BSE Limited has informed the Exchange about Analysts/Institutional Investor Meet/Con. Call Updates","18-May-2021 17:21:02","2021-05-18 17:21:02","18-May-2021 17:21:17","00:00:15","https://nsearchives.nseindia.com/corporate/BSE_18052021172102_Coveringletter20052021.pdf"
"BSE","BSE Limited","Copy of Newspaper Publication","BSE Limited has informed the Exchange about Copy of Newspaper Publication","15-May-2021 18:28:17","2021-05-15 18:28:17","15-May-2021 18:28:25","00:00:08","https://nsearchives.nseindia.com/corporate/BSE_15052021182817_NSEintimationfinancials.pdf"
"BSE","BSE Limited","Financial Result Updates","BSE Limited has submitted to the Exchange, the financial results for the period ended March 31, 2021.","13-May-2021 23:06:39","2021-05-13 23:06:39","13-May-2021 23:08:01","00:01:22","https://nsearchives.nseindia.com/corporate/Consolidated_13052021230639.pdf"
"BSE","BSE Limited","Financial Result Updates","BSE Limited has submitted to the Exchange, the financial results for the period ended March 31, 2021.","13-May-2021 23:03:33","2021-05-13 23:03:33","13-May-2021 23:05:02","00:01:29","https://nsearchives.nseindia.com/corporate/Standalone_13052021230333.pdf"
"BSE","BSE Limited","Investor Presentation","BSE Limited has informed the Exchange about Investor Presentation","13-May-2021 18:18:32","2021-05-13 18:18:32","13-May-2021 18:18:40","00:00:08","https://nsearchives.nseindia.com/corporate/BSE_13052021181832_NSeintimationinvestorpresentationupload.pdf"
"BSE","BSE Limited","Declaration for audit reports with unmodified opinion(s)","BSE Limited has informed the Exchange about Declaration for audit reports with unmodified opinion(s)","13-May-2021 17:29:58","2021-05-13 17:29:58","13-May-2021 17:30:13","00:00:15","https://nsearchives.nseindia.com/corporate/BSE_13052021172958_Declaration.pdf"
"BSE","BSE Limited","Dividend","BSE Limited has informed the Exchange that Board of Directors at its meeting held on May 13, 2021, recommended Final Dividend of 21 per equity share.","13-May-2021 16:59:39","2021-05-13 16:59:39","13-May-2021 16:59:46","00:00:07","https://nsearchives.nseindia.com/corporate/BSE_13052021165939_OutcomeBoardMeeting.pdf"
"BSE","BSE Limited","Updates","BSE Limited has informed the Exchange regarding 'Audited Financial Results (Consolidated and Standalone) for year ended March 31, 2021 along with the audit report of the statutory auditor.'.","13-May-2021 16:57:39","2021-05-13 16:57:39","13-May-2021 16:57:46","00:00:07","https://nsearchives.nseindia.com/corporate/BSE_13052021165739_Conso.pdf"
"BSE","BSE Limited","Financial Results Updates","Audited Financial Results (Consolidated and Standalone) for year ended March 31, 2021 along with the audit report of the statutory auditor.","13-May-2021 16:56:04","2021-05-13 16:56:04","13-May-2021 16:56:15","00:00:11","https://nsearchives.nseindia.com/corporate/BSE_13052021165604_Standalone.pdf"
"BSE","BSE Limited","Analysts/Institutional Investor Meet/Con. Call Updates","BSE Limited has informed the Exchange about Analysts/Institutional Investor Meet/Con. Call Updates","11-May-2021 17:58:53","2021-05-11 17:58:53","11-May-2021 17:59:08","00:00:15","https://nsearchives.nseindia.com/corporate/BSE_11052021175853_NSEintimationIRcall13052021.pdf"
"BSE","BSE Limited","Copy of Newspaper Publication","BSE Limited has informed the Exchange about Copy of Newspaper Publication","03-May-2021 15:08:03","2021-05-03 15:08:03","03-May-2021 15:08:13","00:00:10","https://nsearchives.nseindia.com/corporate/BSE_03052021150803_NSEIntimationIEPF.pdf"
"BSE","BSE Limited","Copy of Newspaper Publication","BSE Limited has informed the Exchange about Copy of Newspaper Publication","29-Apr-2021 15:56:14","2021-04-29 15:56:14","29-Apr-2021 15:56:21","00:00:07","https://nsearchives.nseindia.com/corporate/BSE_29042021155614_NSEintimation.pdf"
"BSE","BSE Limited","Trading Window","BSE Limited has informed the Exchange regarding the Trading Window closure pursuant to SEBI (Prohibition of Insider Trading) Regulations, 2015","26-Apr-2021 17:13:46","2021-04-26 17:13:46","26-Apr-2021 17:13:56","00:00:10","https://nsearchives.nseindia.com/corporate/BSE_26042021171346_NSEIntimationMeeting13052021.pdf"
"BSE","BSE Limited","Annual Disclosure","BSE Limited has submitted to the Exchange Annual Disclosure as per SEBI Circular dated November 26, 2018.","16-Apr-2021 05:04:47","2021-04-16 05:04:47","16-Apr-2021 17:24:50","12:20:03","https://nsearchives.nseindia.com/corporate/BSE_16042021172348_CertificatetobesubmittedwithNSE_008.pdf"
"BSE","BSE Limited","Analysts/Institutional Investor Meet/Con. Call Updates","BSE Limited has informed the Exchange about Analysts/Institutional Investor Meet/Con. Call Updates","12-Apr-2021 11:44:17","2021-04-12 11:44:17","12-Apr-2021 11:44:21","00:00:04","https://nsearchives.nseindia.com/corporate/BSE_12042021114417_CoveringLetter12042021.pdf"
"BSE","BSE Limited","Analysts/Institutional Investor Meet/Con. Call Updates","BSE Limited has informed the Exchange about Analysts/Institutional Investor Meet/Con. Call Updates","07-Apr-2021 14:02:38","2021-04-07 14:02:38","07-Apr-2021 14:02:47","00:00:09","https://nsearchives.nseindia.com/corporate/BSE_07042021140238_Coveringletter07042021.pdf"
"BSE","BSE Limited","Analysts/Institutional Investor Meet/Con. Call Updates","BSE Limited has informed the Exchange about Analysts/Institutional Investor Meet/Con. Call Updates","25-Mar-2021 15:15:51","2021-03-25 15:15:51","25-Mar-2021 15:15:56","00:00:05","https://nsearchives.nseindia.com/corporate/BSE_25032021151551_Coveringletter26032021.pdf"
"BSE","BSE Limited","Analysts/Institutional Investor Meet/Con. Call Updates","BSE Limited has informed the Exchange about Analysts/Institutional Investor Meet/Con. Call Updates","13-Mar-2021 12:54:26","2021-03-13 12:54:26","13-Mar-2021 12:54:31","00:00:05","https://nsearchives.nseindia.com/corporate/BSE_13032021125426_Coveringletter15032021.pdf"
"BSE","BSE Limited","Analysts/Institutional Investor Meet/Con. Call Updates","BSE Limited has informed the Exchange about Analysts/Institutional Investor Meet/Con. Call Updates","06-Mar-2021 19:34:40","2021-03-06 19:34:40","06-Mar-2021 19:34:45","00:00:05","https://nsearchives.nseindia.com/corporate/BSE_06032021193440_Coveringletter08032021.pdf"
"BSE","BSE Limited","Analysts/Institutional Investor Meet/Con. Call Updates","BSE Limited has informed the Exchange about Analysts/Institutional Investor Meet/Con. Call Updates","03-Mar-2021 14:31:12","2021-03-03 14:31:12","03-Mar-2021 14:31:22","00:00:10","https://nsearchives.nseindia.com/corporate/BSE_03032021143112_Coveringletter03032021.pdf"
"BSE","BSE Limited","Analysts/Institutional Investor Meet/Con. Call Updates","BSE Limited has informed the Exchange about Analysts/Institutional Investor Meet/Con. Call Updates","18-Feb-2021 10:55:19","2021-02-18 10:55:19","18-Feb-2021 10:55:23","00:00:04","https://nsearchives.nseindia.com/corporate/BSE_18022021105519_CoveringLetter.pdf"
"BSE","BSE Limited","Analysts/Institutional Investor Meet/Con. Call Updates","BSE Limited has informed the Exchange about Analysts/Institutional Investor Meet/Con. Call Updates","16-Feb-2021 19:20:33","2021-02-16 19:20:33","16-Feb-2021 19:20:36","00:00:03","https://nsearchives.nseindia.com/corporate/BSE_16022021192033_NSEintimationtranscript.pdf"
"BSE","BSE Limited","Analysts/Institutional Investor Meet/Con. Call Updates","BSE Limited has informed the Exchange about Analysts/Institutional Investor Meet/Con. Call Updates","16-Feb-2021 14:45:33","2021-02-16 14:45:33","16-Feb-2021 14:45:38","00:00:05","https://nsearchives.nseindia.com/corporate/BSE_16022021144533_NSEintimation16022021.pdf"
"BSE","BSE Limited","Copy of Newspaper Publication","BSE Limited has informed the Exchange about Copy of Newspaper Publication","13-Feb-2021 18:31:34","2021-02-13 18:31:34","13-Feb-2021 18:31:40","00:00:06","https://nsearchives.nseindia.com/corporate/BSE_13022021183134_NSESubmission11022021.pdf"
"BSE","BSE Limited","Investor Presentation","BSE Limited has informed the Exchange about Investor Presentation","11-Feb-2021 19:39:40","2021-02-11 19:39:40","11-Feb-2021 19:39:45","00:00:05","https://nsearchives.nseindia.com/corporate/BSE_11022021193940_InvestorpresentationQ3.pdf"
"BSE","BSE Limited","Financial Result Updates","BSE Limited has submitted to the Exchange, the financial results for the period ended December 31, 2020.","11-Feb-2021 19:33:40","2021-02-11 19:33:40","11-Feb-2021 19:35:02","00:01:22","https://nsearchives.nseindia.com/corporate/Quickresults_11022021193340.zip"
"BSE","BSE Limited","Outcome of Board Meeting","BSE Limited has informed the Exchange regarding  Board meeting held on February 11, 2021.","11-Feb-2021 19:27:58","2021-02-11 19:27:58","11-Feb-2021 19:28:07","00:00:09","https://nsearchives.nseindia.com/corporate/BSE_11022021192758_OutcomeQ3.pdf"
"BSE","BSE Limited","Analysts/Institutional Investor Meet/Con. Call Updates","BSE Limited has informed the Exchange about Analysts/Institutional Investor Meet/Con. Call Updates","05-Feb-2021 14:59:34","2021-02-05 14:59:34","05-Feb-2021 14:59:38","00:00:04","https://nsearchives.nseindia.com/corporate/BSE_05022021145934_NSEintimationfinal.pdf"
"BSE","BSE Limited","Press Release","BSE Limited has informed the Exchange regarding a press release dated January 19, 2021, titled ""BSE signs MoU with Government of Maharashtra to encourage SME listing"".","20-Jan-2021 12:53:52","2021-01-20 12:53:52","20-Jan-2021 12:53:55","00:00:03","https://nsearchives.nseindia.com/corporate/BSE_20012021125352_CoveringLetter.pdf"
"BSE","BSE Limited","Copy of Newspaper Publication","BSE Limited has informed the Exchange about Copy of Newspaper Publication","18-Jan-2021 15:43:46","2021-01-18 15:43:46","18-Jan-2021 15:43:51","00:00:05","https://nsearchives.nseindia.com/corporate/BSE_18012021154346_NSEIntimation.pdf"
"BSE","BSE Limited","Trading Window","BSE Limited has informed the Exchange regarding the Trading Window closure pursuant to SEBI (Prohibition of Insider Trading) Regulations, 2015","14-Jan-2021 15:39:53","2021-01-14 15:39:53","14-Jan-2021 15:39:57","00:00:04","https://nsearchives.nseindia.com/corporate/BSE_14012021153953_NSEIntimationBoardmeeting.pdf"
"BSE","BSE Limited","Press Release","BSE Limited has informed the Exchange regarding a press release dated December 15, 2020, titled ""BSE EBIX Beta Launches Term Insurance for ICICI a Pari on its On-Demand Hi-Tech Platform."".","15-Dec-2020 13:49:32","2020-12-15 13:49:32","15-Dec-2020 13:49:35","00:00:03","https://nsearchives.nseindia.com/corporate/BSE_15122020134932_NseIntimation.pdf"
"BSE","BSE Limited","Press Release","BSE Limited has informed the Exchange regarding a press release dated December 11, 2020, titled ""BSE launches e-Agricultural spot market platform"".","11-Dec-2020 13:21:26","2020-12-11 13:21:26","11-Dec-2020 13:21:32","00:00:06","https://nsearchives.nseindia.com/corporate/BSE_11122020132126_PressRelease_11122020.pdf"
"BSE","BSE Limited","Updates","BSE Limited has informed the Exchange regarding 'Extension of tenure of Shri S. S. Mundra, Public Interest Directors on the Board of the Company'.","09-Dec-2020 18:50:40","2020-12-09 18:50:40","09-Dec-2020 18:50:44","00:00:04","https://nsearchives.nseindia.com/corporate/BSE_09122020185040_NSEIntimationSSMundra.pdf"
"BSE","BSE Limited","Analysts/Institutional Investor Meet/Con. Call Updates","BSE Limited has informed the Exchange about Analysts/Institutional Investor Meet/Con. Call Updates","09-Dec-2020 13:12:45","2020-12-09 13:12:45","09-Dec-2020 13:12:50","00:00:05","https://nsearchives.nseindia.com/corporate/BSE_09122020131245_Coveringletter10122020.pdf"
"BSE","BSE Limited","Press Release","BSE Limited has informed the Exchange regarding a press release dated November 28, 2020, titled ""Mission Youth, Government of J&K inks MoU with BSE to spread financial literacy"".","28-Nov-2020 10:06:21","2020-11-28 10:06:21","28-Nov-2020 10:06:26","00:00:05","https://nsearchives.nseindia.com/corporate/BSE_28112020100621_MediaRelease_28112020.pdf"
"BSE","BSE Limited","Analysts/Institutional Investor Meet/Con. Call Updates","BSE Limited has informed the Exchange about Analysts/Institutional Investor Meet/Con. Call Updates","23-Nov-2020 19:26:03","2020-11-23 19:26:03","23-Nov-2020 19:26:08","00:00:05","https://nsearchives.nseindia.com/corporate/BSE_23112020192603_NSEintimation_23112020.pdf"
"BSE","BSE Limited","Related Party Transactions","BSE Limited has informed the Exchange about related Party Transactions for half year ended September 30, 2020","17-Nov-2020 14:43:12","2020-11-17 14:43:12","17-Nov-2020 14:43:14","00:00:02","https://nsearchives.nseindia.com/corporate/BSE_17112020144312_NSEIntimation.pdf"
"BSE","BSE Limited","Analysts/Institutional Investor Meet/Con. Call Updates","BSE Limited has informed the Exchange about Analysts/Institutional Investor Meet/Con. Call Updates","12-Nov-2020 10:40:48","2020-11-12 10:40:48","12-Nov-2020 10:40:52","00:00:04","https://nsearchives.nseindia.com/corporate/BSE_12112020104048_NSEintimation12112020.pdf"
"BSE","BSE Limited","Copy of Newspaper Publication","BSE Limited has informed the Exchange about Copy of Newspaper Publication","09-Nov-2020 12:13:37","2020-11-09 12:13:37","09-Nov-2020 12:13:44","00:00:07","https://nsearchives.nseindia.com/corporate/BSE_09112020121337_NSESubmission_07112020_.pdf"
"BSE","BSE Limited","Investor Presentation","BSE Limited has informed the Exchange about Investor Presentation","07-Nov-2020 18:48:54","2020-11-07 18:48:54","07-Nov-2020 18:49:00","00:00:06","https://nsearchives.nseindia.com/corporate/BSE_07112020184854_InvestorPPT.pdf"
"BSE","BSE Limited","Financial Results Updates","We are enclosing herewith the Unaudited Financial Results (Consolidated and Standalone) along with the Limited Review Report of the statutory auditor for the quarter and half year ended September 30, 2020.","07-Nov-2020 18:45:51","2020-11-07 18:45:51","07-Nov-2020 18:45:55","00:00:04","https://nsearchives.nseindia.com/corporate/BSE_07112020184551_SeptResults.pdf"
"BSE","BSE Limited","Financial Result Updates","BSE Limited has submitted to the Exchange, the financial results for the period ended September 30, 2020.","07-Nov-2020 18:42:11","2020-11-07 18:42:11","07-Nov-2020 18:44:01","00:01:50","https://nsearchives.nseindia.com/corporate/SeptResults_07112020184211.zip"
"BSE","BSE Limited","Outcome of Board Meeting","BSE Limited has informed the Exchange regarding  Board meeting held on November 07, 2020.","07-Nov-2020 18:40:16","2020-11-07 18:40:16","07-Nov-2020 18:40:19","00:00:03","https://nsearchives.nseindia.com/corporate/BSE_07112020184016_OutcomeSeptResults.pdf"
"BSE","BSE Limited","Analysts/Institutional Investor Meet/Con. Call Updates","BSE Limited has informed the Exchange about Analysts/Institutional Investor Meet/Con. Call Updates","06-Nov-2020 10:18:23","2020-11-06 10:18:23","06-Nov-2020 10:18:27","00:00:04","https://nsearchives.nseindia.com/corporate/BSE_06112020101823_NSEIntimation.pdf"
"BSE","BSE Limited","Press Release","BSE Limited has informed the Exchange regarding a press release dated November 04, 2020, titled ""BSE gets exemptive relief under CFTC Regulation 30.10; enables members to accept futures and options orders from customers located in the US"".","05-Nov-2020 12:18:56","2020-11-05 12:18:56","05-Nov-2020 12:19:01","00:00:05","https://nsearchives.nseindia.com/corporate/BSE_05112020121856_CoveringLetter.pdf"
"BSE","BSE Limited","Trading Window","BSE Limited has informed the Exchange regarding the Trading Window closure pursuant to SEBI (Prohibition of Insider Trading) Regulations, 2015","28-Oct-2020 18:11:53","2020-10-28 18:11:53","28-Oct-2020 18:11:56","00:00:03","https://nsearchives.nseindia.com/corporate/BSE_28102020181152_NSEIntimationMeeting.pdf"
"BSE","BSE Limited","Press Release","BSE Limited has informed the Exchange regarding a press release dated October 24, 2020, titled ""BSE, Inventivepreneur Chamber of Commerce & Industries (ICCI) tie-up to empower SMEs and Startups"".","24-Oct-2020 16:39:17","2020-10-24 16:39:17","24-Oct-2020 16:39:24","00:00:07","https://nsearchives.nseindia.com/corporate/BSE_24102020163917_Mediarelease.pdf"
"BSE","BSE Limited","Copy of Newspaper Publication","BSE Limited has informed the Exchange about Copy of Newspaper Publication","24-Oct-2020 16:35:35","2020-10-24 16:35:35","24-Oct-2020 16:35:38","00:00:03","https://nsearchives.nseindia.com/corporate/BSE_24102020163535_NSEIntimation_Newspaper_Advertisement.pdf"
"BSE","BSE Limited","Change in Director(s)","BSE Limited has informed the Exchange regarding Change in Director(s) of the company.","22-Oct-2020 21:32:51","2020-10-22 21:32:51","22-Oct-2020 21:32:56","00:00:05","https://nsearchives.nseindia.com/corporate/BSE_22102020213251_NSEIntimationTCSusheel.pdf"
"BSE","BSE Limited","Press Release","BSE Limited has informed the Exchange regarding a press release dated October 19, 2020, titled ""BSE signs MoU with Industries & Commerce Department"".","19-Oct-2020 16:46:01","2020-10-19 16:46:01","19-Oct-2020 16:46:10","00:00:09","https://nsearchives.nseindia.com/corporate/BSE_19102020164601_PressRelease_19102020.pdf"
"BSE","BSE Limited","Analysts/Institutional Investor Meet/Con. Call Updates","BSE Limited has informed the Exchange about Analysts/Institutional Investor Meet/Con. Call Updates","09-Oct-2020 18:39:39","2020-10-09 18:39:39","09-Oct-2020 18:39:44","00:00:05","https://nsearchives.nseindia.com/corporate/BSE_09102020183939_Coveringletter_09102020.pdf"
"BSE","BSE Limited","Analysts/Institutional Investor Meet/Con. Call Updates","BSE Limited has informed the Exchange about Analysts/Institutional Investor Meet/Con. Call Updates","08-Oct-2020 10:08:50","2020-10-08 10:08:50","08-Oct-2020 10:08:54","00:00:04","https://nsearchives.nseindia.com/corporate/BSE_08102020100850_Coveringletter_08102020.pdf"
"BSE","BSE Limited","Analysts/Institutional Investor Meet/Con. Call Updates","BSE Limited has informed the Exchange about Analysts/Institutional Investor Meet/Con. Call Updates","24-Sep-2020 09:39:38","2020-09-24 09:39:38","24-Sep-2020 09:39:43","00:00:05","https://nsearchives.nseindia.com/corporate/BSE_24092020093938_Coveringletter_24092020.pdf"
"BSE","BSE Limited","Analysts/Institutional Investor Meet/Con. Call Updates","BSE Limited has informed the Exchange about Analysts/Institutional Investor Meet/Con. Call Updates","22-Sep-2020 12:16:17","2020-09-22 12:16:17","22-Sep-2020 12:16:23","00:00:06","https://nsearchives.nseindia.com/corporate/BSE_22092020121617_Coveringletter_21092020.pdf"
"BSE","BSE Limited","Analysts/Institutional Investor Meet/Con. Call Updates","BSE Limited has informed the Exchange about Analysts/Institutional Investor Meet/Con. Call Updates","21-Sep-2020 15:14:38","2020-09-21 15:14:38","21-Sep-2020 15:14:42","00:00:04","https://nsearchives.nseindia.com/corporate/BSE_21092020151438_Coveringletter_21092020.pdf"
"BSE","BSE Limited","Updates","BSE Limited has informed the Exchange regarding 'Regarding agreement with S&P Dow Jones Indices LLC, in reference to our earlier disclosures dated November 2, 2018 and February 5, 2019'.","18-Sep-2020 17:43:59","2020-09-18 17:43:59","18-Sep-2020 17:44:09","00:00:10","https://nsearchives.nseindia.com/corporate/BSE_18092020174359_NSEIntimation_18092020.pdf"
"BSE","BSE Limited","Analysts/Institutional Investor Meet/Con. Call Updates","BSE Limited has informed the Exchange about Analysts/Institutional Investor Meet/Con. Call Updates","15-Sep-2020 10:46:37","2020-09-15 10:46:37","15-Sep-2020 10:46:44","00:00:07","https://nsearchives.nseindia.com/corporate/BSE_15092020104637_Coveringletter_15092020.pdf"
"BSE","BSE Limited","Analysts/Institutional Investor Meet/Con. Call Updates","BSE Limited has informed the Exchange about Analysts/Institutional Investor Meet/Con. Call Updates","14-Sep-2020 10:26:28","2020-09-14 10:26:28","14-Sep-2020 10:26:34","00:00:06","https://nsearchives.nseindia.com/corporate/BSE_14092020102628_Coveringletter_14092020.pdf"
"BSE","BSE Limited","Analysts/Institutional Investor Meet/Con. Call Updates","BSE Limited has informed the Exchange about Analysts/Institutional Investor Meet/Con. Call Updates","10-Sep-2020 16:10:54","2020-09-10 16:10:54","10-Sep-2020 16:10:58","00:00:04","https://nsearchives.nseindia.com/corporate/BSE_10092020161054_Coveringletter_11092020.pdf"
"BSE","BSE Limited","Analysts/Institutional Investor Meet/Con. Call Updates","BSE Limited has informed the Exchange about Analysts/Institutional Investor Meet/Con. Call Updates","10-Sep-2020 11:06:35","2020-09-10 11:06:35","10-Sep-2020 11:06:39","00:00:04","https://nsearchives.nseindia.com/corporate/BSE_10092020110635_Coveringletter_10092020.pdf"
"BSE","BSE Limited","Analysts/Institutional Investor Meet/Con. Call Updates","BSE Limited has informed the Exchange about Analysts/Institutional Investor Meet/Con. Call Updates","07-Sep-2020 17:13:36","2020-09-07 17:13:36","07-Sep-2020 17:13:40","00:00:04","https://nsearchives.nseindia.com/corporate/BSE_07092020171336_NSEIntimation_08092020.pdf"
"BSE","BSE Limited","Analysts/Institutional Investor Meet/Con. Call Updates","BSE Limited has informed the Exchange about Analysts/Institutional Investor Meet/Con. Call Updates","19-Aug-2020 16:54:51","2020-08-19 16:54:51","19-Aug-2020 16:54:56","00:00:05","https://nsearchives.nseindia.com/corporate/BSE_19082020165451_NSEintimation_20082020.pdf"
"BSE","BSE Limited","Press Release","BSE Limited has informed the Exchange regarding a press release dated August 14, 2020, titled ""BSE signs MoU with Gujarat Student Startup and Innovation Hub  (Government of Gujarat)"".","14-Aug-2020 16:25:12","2020-08-14 16:25:12","14-Aug-2020 16:25:17","00:00:05","https://nsearchives.nseindia.com/corporate/BSE_14082020162512_PressRelease_14082020.pdf"
"BSE","BSE Limited","Analysts/Institutional Investor Meet/Con. Call Updates","BSE Limited has informed the Exchange about Analysts/Institutional Investor Meet/Con. Call Updates","10-Aug-2020 17:03:39","2020-08-10 17:03:39","10-Aug-2020 17:03:42","00:00:03","https://nsearchives.nseindia.com/corporate/BSE_10082020170339_NSEintimation_11082020.pdf"
"BSE","BSE Limited","Analysts/Institutional Investor Meet/Con. Call Updates","BSE Limited has informed the Exchange about Analysts/Institutional Investor Meet/Con. Call Updates","08-Aug-2020 10:26:01","2020-08-08 10:26:01","08-Aug-2020 10:26:04","00:00:03","https://nsearchives.nseindia.com/corporate/BSE_08082020102601_NSEintimation_Transcipt_08082020.pdf"
"BSE","BSE Limited","Copy of Newspaper Publication","BSE Limited has informed the Exchange about Copy of Newspaper Publication of Unaudited Financial Results (Consolidated & Standalone) for the quarter ended June 30, 2020","04-Aug-2020 17:08:09","2020-08-04 17:08:09","04-Aug-2020 17:08:13","00:00:04","https://nsearchives.nseindia.com/corporate/BSE_04082020170809_NSESubmission_03082020.pdf"
"BSE","BSE Limited","Analysts/Institutional Investor Meet/Con. Call Updates","BSE Limited has informed the Exchange about Analysts/Institutional Investor Meet/Con. Call Updates","04-Aug-2020 16:01:03","2020-08-04 16:01:03","04-Aug-2020 16:01:29","00:00:26","https://nsearchives.nseindia.com/corporate/BSE_04082020160103_NSEintimation_05082020.pdf"
"BSE","BSE Limited","Investor Presentation","BSE Limited has informed the Exchange about Investor Presentation","03-Aug-2020 18:36:36","2020-08-03 18:36:36","03-Aug-2020 18:36:40","00:00:04","https://nsearchives.nseindia.com/corporate/BSE_03082020183635_NSeintimationInvestorpresentation.pdf"
"BSE","BSE Limited","Updates","BSE Limited has informed the Exchange regarding 'Disclosure under Code of Practices and Procedures for Fair Disclosure of Unpublished Price Sensitive Information '.","03-Aug-2020 18:35:26","2020-08-03 18:35:26","03-Aug-2020 18:35:30","00:00:04","https://nsearchives.nseindia.com/corporate/BSE_03082020183526_Update_03082020_MF.pdf"
"BSE","BSE Limited","Updates","BSE Limited has informed the Exchange regarding 'Board meeting dated August 3, 2020 : Consolidated financials of the Company'.","03-Aug-2020 18:33:22","2020-08-03 18:33:22","03-Aug-2020 18:33:26","00:00:04","https://nsearchives.nseindia.com/corporate/BSE_03082020183322_ConsolidatedResults.pdf"
"BSE","BSE Limited","Financial Result Updates","BSE Limited has submitted to the Exchange, the financial results for the period ended June 30, 2020.","03-Aug-2020 18:31:01","2020-08-03 18:31:01","03-Aug-2020 18:33:01","00:02:00","https://nsearchives.nseindia.com/corporate/Standaloneresults_03082020183101.zip"
"BSE","BSE Limited","Outcome of Board Meeting","BSE Limited has informed the Exchange regarding  Board meeting held on August 03, 2020.","03-Aug-2020 18:29:13","2020-08-03 18:29:13","03-Aug-2020 18:29:16","00:00:03","https://nsearchives.nseindia.com/corporate/BSE_03082020182913_Outcome.pdf"
"BSE","BSE Limited","Analysts/Institutional Investor Meet/Con. Call Updates","BSE Limited has informed the Exchange about Analysts/Institutional Investor Meet/Con. Call Updates","31-Jul-2020 21:03:00","2020-07-31 21:03:00","-","-","https://nsearchives.nseindia.com/corporate/BSE_31072020210327_NSEintimation_31072020.pdf"
"BSE","BSE Limited","Shareholders meeting","BSE Limited has submitted the Exchange a copy Srutinizers report of  Annual General Meeting held on July 30, 2020. Further, the company has informed the Exchange regarding voting results.","31-Jul-2020 18:35:00","2020-07-31 18:35:00","-","-","https://nsearchives.nseindia.com/corporate/BSE_31072020183559_NSESubmissionResultsCoveringLetter.pdf"
"BSE","BSE Limited","Change in Director(s)","BSE Limited has informed the Exchange regarding retirement of Smt. Usha Sangwan from post of Shareholder Director of the Company","31-Jul-2020 14:55:00","2020-07-31 14:55:00","-","-","https://nsearchives.nseindia.com/corporate/BSE_31072020145519_NSEIntimation_RetirementofDirector.pdf"
"BSE","BSE Limited","Shareholders meeting","BSE Limited has informed the Exchange regarding Proceedings of Annual General Meeting held on July 30, 2020","31-Jul-2020 14:44:00","2020-07-31 14:44:00","-","-","https://nsearchives.nseindia.com/corporate/BSE_31072020144429_NSESubmission_ProceedingsofAGM.pdf"
"BSE","BSE Limited","Copy of Newspaper Publication","BSE Limited has informed the Exchange about Copy of Newspaper Publication regarding notice of Board Meeting of the Company","20-Jul-2020 21:26:00","2020-07-20 21:26:00","-","-","https://nsearchives.nseindia.com/corporate/BSE_20072020212618_NSEIntimation_Newspaperadv_20072020.pdf"
"BSE","BSE Limited","Trading Window","BSE Limited has informed the Exchange regarding the Trading Window closure pursuant to SEBI (Prohibition of Insider Trading) Regulations, 2015","16-Jul-2020 14:02:00","2020-07-16 14:02:00","-","-","https://nsearchives.nseindia.com/corporate/BSE_16072020140236_NSEIntimationMeeting.pdf"
"BSE","BSE Limited","Analysts/Institutional Investor Meet/Con. Call Updates","BSE Limited has informed the Exchange about Analysts/Institutional Investor Meet/Con. Call Updates","13-Jul-2020 14:40:00","2020-07-13 14:40:00","-","-","https://nsearchives.nseindia.com/corporate/BSE_13072020144049_NSEintimation_13072020.pdf"
"BSE","BSE Limited","Press Release","BSE Limited has informed the Exchange regarding a press release dated July 13, 2020, titled ""BSE EBIX Beta Launches Life Insurance on its On-Demand Hi-Tech Platform"".","13-Jul-2020 11:03:00","2020-07-13 11:03:00","-","-","https://nsearchives.nseindia.com/corporate/BSE_13072020110327_NSEintimation.pdf"
"BSE","BSE Limited","Press Release","BSE Limited has informed the Exchange regarding a press release dated July 13, 2020, titled ""BSE signs pact with IIT Alumni Council to encourage listing and boost the startup ecosystem"".","13-Jul-2020 10:58:00","2020-07-13 10:58:00","-","-","https://nsearchives.nseindia.com/corporate/BSE_13072020105845_NSESubmission_MR_13072020.pdf"
"BSE","BSE Limited","Copy of Newspaper Publication","BSE Limited has informed the Exchange about Copy of Newspaper Publication regarding Notice of the 15th Annual General Meeting of Shareholders of the Company to be held through Video Conferencing / Other Audio Visual Means, E-voting information and Record Date for Final Dividend for Financial Year 2019 - 2020","08-Jul-2020 17:02:00","2020-07-08 17:02:00","-","-","https://nsearchives.nseindia.com/corporate/BSE_08072020170222_Nseintimation_AGM.pdf"
"BSE","BSE Limited","Analysts/Institutional Investor Meet/Con. Call Updates","BSE Limited has informed the Exchange about Analysts/Institutional Investor Meet/Con. Call Updates","07-Jul-2020 12:13:00","2020-07-07 12:13:00","-","-","https://nsearchives.nseindia.com/corporate/BSE_07072020121307_NSEintimation_07072020.pdf"
"BSE","BSE Limited","Analysts/Institutional Investor Meet/Con. Call Updates","BSE Limited has informed the Exchange about Analysts/Institutional Investor Meet/Con. Call Updates","27-Jun-2020 14:10:00","2020-06-27 14:10:00","-","-","https://nsearchives.nseindia.com/corporate/BSE_27062020141009_NSEintimation.pdf"
"BSE","BSE Limited","Copy of Newspaper Publication","BSE Limited has informed the Exchange about Copy of Newspaper Publication under Investor Education and Protection Fund Authority (Accounting, Audit, Transfer and Refund) Rules, 2016","25-Jun-2020 19:55:00","2020-06-25 19:55:00","-","-","https://nsearchives.nseindia.com/corporate/BSE_25062020195511_Nseintimation_IEPF25062020.pdf"
"BSE","BSE Limited","Copy of Newspaper Publication","BSE Limited has informed the Exchange about Copy of Newspaper Publication regarding 15th Annual General Meeting of the Company scheduled to be held on Thursday, July 30, 2020 through Video Conferencing / Other Audio Visual Means.","19-Jun-2020 16:56:00","2020-06-19 16:56:00","-","-","https://nsearchives.nseindia.com/corporate/BSE_19062020165613_Nseintimation_Newspaperadv_AGM19062020.pdf"
"BSE","BSE Limited","Updates","BSE Limited has informed the Exchange regarding 'BSE Limited has informed the Exchange that Fifteenth Annual General Meeting of the Company is scheduled to be held on Thursday, July 30, 2020.'.","18-Jun-2020 15:32:00","2020-06-18 15:32:00","-","-","https://nsearchives.nseindia.com/corporate/BSE_18062020153214_Nseintimation_AGM.pdf"
"BSE","BSE Limited","Record Date","BSE Limited has informed the Exchange that Record date for the purpose of Dividend  is 23-Jul-2020.","18-Jun-2020 15:20:00","2020-06-18 15:20:00","-","-","https://nsearchives.nseindia.com/corporate/BSE_18062020152020_Nseintimation_AGM.pdf"
"BSE","BSE Limited","Related Party Transactions","BSE Limited has informed the Exchange about Disclosure of Related Party Transactions for half year and financial year ended March 31, 2020","11-Jun-2020 17:24:00","2020-06-11 17:24:00","-","-","https://nsearchives.nseindia.com/corporate/BSE_11062020172413_NSEintimation.pdf"
"BSE","BSE Limited","Analysts/Institutional Investor Meet/Con. Call Updates","BSE Limited has informed the Exchange regarding Analysts/Institutional Investor Meet/Con. Call Updates","05-Jun-2020 19:06:00","2020-06-05 19:06:00","-","-","https://nsearchives.nseindia.com/corporate/BSE_05062020190642_NSEintimation_05062020.pdf"
"BSE","BSE Limited","Analysts/Institutional Investor Meet/Con. Call Updates","BSE Limited has informed the Exchange regarding Analysts/Institutional Investor Meet/Con. Call Updates","03-Jun-2020 10:42:00","2020-06-03 10:42:00","-","-","https://nsearchives.nseindia.com/corporate/BSE_03062020104214_NSEintimation_Investormeeting.pdf"
"BSE","BSE Limited","Press Release","BSE Limited has informed the Exchange regarding a press release dated Jun 03, 2020, titled ""After Auto Insurance, BSE EBIX Beta Launches Health Insurance on its On-Demand Hi-Tech Platform"".","03-Jun-2020 10:37:00","2020-06-03 10:37:00","-","-","https://nsearchives.nseindia.com/corporate/BSE_03062020103759_NSEIntimation_Mediarelease_03062020.pdf"
"BSE","BSE Limited","Analysts/Institutional Investor Meet/Con. Call Updates","BSE Limited has informed the Exchange regarding Analysts/Institutional Investor Meet/Con. Call Updates","28-May-2020 12:40:00","2020-05-28 12:40:00","-","-","https://nsearchives.nseindia.com/corporate/BSE_28052020124059_NSEintimation_28052020.pdf"
"BSE","BSE Limited","Press Release","BSE Limited has informed the Exchange regarding a press release dated May 26, 2020, titled ""BSE launches eKYC services on StAR MF platform to provide seamless experience of onboarding investors"".","26-May-2020 15:50:00","2020-05-26 15:50:00","-","-","https://nsearchives.nseindia.com/corporate/BSE_26052020155025_NSEIntimation.pdf"
"BSE","BSE Limited","Analysts/Institutional Investor Meet/Con. Call Updates","BSE Limited has informed the Exchange regarding Analysts/Institutional Investor Meet/Con. Call Updates","26-May-2020 10:39:00","2020-05-26 10:39:00","-","-","https://nsearchives.nseindia.com/corporate/BSE_26052020103910_NSEIntimation_26052020.pdf"
"BSE","BSE Limited","Declaration for audit reports with unmodified opinion(s)","BSE Limited has informed the Exchange regarding Declaration for audit reports with unmodified opinion(s).","21-May-2020 21:37:00","2020-05-21 21:37:00","-","-","https://nsearchives.nseindia.com/corporate/BSE_21052020213735_Reg33_unmodified_Declaration.pdf"
"BSE","BSE Limited","Investor Presentation","BSE Limited has informed the Exchange regarding Investor Presentation","21-May-2020 19:53:00","2020-05-21 19:53:00","-","-","https://nsearchives.nseindia.com/corporate/BSE_21052020195357_NSeintimation_investorpresentation.pdf"
"BSE","BSE Limited","Updates","BSE Limited has informed the Exchange regarding 'Financial results '.","21-May-2020 19:44:00","2020-05-21 19:44:00","-","-","https://nsearchives.nseindia.com/corporate/BSE_21052020194434_Nseintimation_21.pdf"
"BSE","BSE Limited","Dividend","BSE Limited has informed the Exchange that Board of Directors at its meeting held on May 21, 2020, recommended Final Dividend of Rs. 17 per equity share.","21-May-2020 19:36:00","2020-05-21 19:36:00","-","-","https://nsearchives.nseindia.com/corporate/BSE_21052020193658_Nseintimation.pdf"
"BSE","BSE Limited","Financial Result Updates","BSE Limited has submitted to the Exchange, the financial results for the period ended March 31, 2020.","21-May-2020 19:35:14","2020-05-21 19:35:14","-","-","https://nsearchives.nseindia.com/corporate/Nseintimation_21052020193514.zip"
"BSE","BSE Limited","Analysts/Institutional Investor Meet/Con. Call Updates","BSE Limited has informed the Exchange regarding Analysts/Institutional Investor Meet/Con. Call Updates","19-May-2020 12:15:00","2020-05-19 12:15:00","-","-","https://nsearchives.nseindia.com/corporate/BSE_19052020121551_NSEIntimation.pdf"
"BSE","BSE Limited","Trading Window","BSE Limited has informed the Exchange regarding the Trading Window closure pursuant to SEBI (Prohibition of Insider Trading) Regulations, 2015","16-May-2020 14:43:00","2020-05-16 14:43:00","-","-","https://nsearchives.nseindia.com/corporate/BSE_16052020144340_NSEIntimation_BoardMeeting.pdf"
"BSE","BSE Limited","Shareholders meeting","BSE Limited has submitted the Exchange a copy Srutinizers report of  Postal Ballot. Further, the company has informed the Exchange regarding voting results.","24-Mar-2020 20:04:00","2020-03-24 20:04:00","-","-","https://nsearchives.nseindia.com/corporate/BSE_24032020200452_PostalballotResult_2432020.pdf"
"BSE","BSE Limited","Analysts/Institutional Investor Meet/Con. Call Updates","BSE Limited has informed the Exchange regarding Analysts/Institutional Investor Meet/Con. Call Updates","11-Mar-2020 13:51:00","2020-03-11 13:51:00","-","-","https://nsearchives.nseindia.com/corporate/BSE_11032020135105_NSEintimation.pdf"
"BSE","BSE Limited","Analysts/Institutional Investor Meet/Con. Call Updates","BSE Limited has informed the Exchange regarding Analysts/Institutional Investor Meet/Con. Call Updates","27-Feb-2020 10:42:00","2020-02-27 10:42:00","-","-","https://nsearchives.nseindia.com/corporate/BSE_27022020104220_NSEintimation.pdf"
"BSE","BSE Limited","Analysts/Institutional Investor Meet/Con. Call Updates","BSE Limited has informed the Exchange regarding Analysts/Institutional Investor Meet/Con. Call Updates","26-Feb-2020 11:55:00","2020-02-26 11:55:00","-","-","https://nsearchives.nseindia.com/corporate/BSE_26022020115550_NSEintimation.pdf"
"BSE","BSE Limited","Updates","BSE Limited has informed the Exchange regarding 'Newspaper Advertisement to members intimating about completion of dispatch of postal ballot notices and forms.'.","24-Feb-2020 17:56:00","2020-02-24 17:56:00","-","-","https://nsearchives.nseindia.com/corporate/BSE_24022020175621_NSEintimation.pdf"
"BSE","BSE Limited","Shareholders meeting","BSE Limited has informed the Exchange regarding Notice of Postal Ballot","24-Feb-2020 17:51:00","2020-02-24 17:51:00","-","-","https://nsearchives.nseindia.com/corporate/BSE_24022020175120_NSEintimation.pdf"
"BSE","BSE Limited","Analysts/Institutional Investor Meet/Con. Call Updates","BSE Limited has informed the Exchange regarding Analysts/Institutional Investor Meet/Con. Call Updates","19-Feb-2020 18:19:00","2020-02-19 18:19:00","-","-","https://nsearchives.nseindia.com/corporate/BSE_19022020181947_NSEintimation.pdf"
"BSE","BSE Limited","Analysts/Institutional Investor Meet/Con. Call Updates","BSE Limited has informed the Exchange regarding Analysts/Institutional Investor Meet/Con. Call Updates","19-Feb-2020 15:06:00","2020-02-19 15:06:00","-","-","https://nsearchives.nseindia.com/corporate/BSE_19022020150653_NSEintimation.pdf"
"BSE","BSE Limited","Analysts/Institutional Investor Meet/Con. Call Updates","BSE Limited has informed the Exchange regarding Analysts/Institutional Investor Meet/Con. Call Updates","18-Feb-2020 19:15:00","2020-02-18 19:15:00","-","-","https://nsearchives.nseindia.com/corporate/BSE_18022020191512_NSEintimation18022020.pdf"
"BSE","BSE Limited","Analysts/Institutional Investor Meet/Con. Call Updates","BSE Limited has informed the Exchange regarding Analysts/Institutional Investor Meet/Con. Call Updates","18-Feb-2020 19:05:00","2020-02-18 19:05:00","-","-","https://nsearchives.nseindia.com/corporate/BSE_18022020190550_NSEintimation18022020.pdf"
"BSE","BSE Limited","Analysts/Institutional Investor Meet/Con. Call Updates","BSE Limited has informed the Exchange regarding Analysts/Institutional Investor Meet/Con. Call Updates","17-Feb-2020 15:59:00","2020-02-17 15:59:00","-","-","https://nsearchives.nseindia.com/corporate/BSE_17022020155933_NSEintimation.pdf"
"BSE","BSE Limited","Analysts/Institutional Investor Meet/Con. Call Updates","BSE Limited has informed the Exchange regarding Analysts/Institutional Investor Meet/Con. Call Updates","13-Feb-2020 18:48:00","2020-02-13 18:48:00","-","-","https://nsearchives.nseindia.com/corporate/BSE_13022020184809_NSEintimation.pdf"
"BSE","BSE Limited","Analysts/Institutional Investor Meet/Con. Call Updates","BSE Limited has informed the Exchange regarding Analysts/Institutional Investor Meet/Con. Call Updates","12-Feb-2020 20:02:00","2020-02-12 20:02:00","-","-","https://nsearchives.nseindia.com/corporate/BSE_12022020200211_NSEintimation.pdf"
"BSE","BSE Limited","Copy of Newspaper Publication","BSE Limited has informed the Exchange regarding Publication of financial results in Newspaper.","12-Feb-2020 13:27:00","2020-02-12 13:27:00","-","-","https://nsearchives.nseindia.com/corporate/BSE_12022020132720_NSEsubmissionfinancial.pdf"
"BSE","BSE Limited","Investor Presentation","BSE Limited has informed the Exchange regarding Investor Presentation","11-Feb-2020 17:07:00","2020-02-11 17:07:00","-","-","https://nsearchives.nseindia.com/corporate/BSE_11022020170707_NSEInvestorPresentationQ3FY20.pdf"
"BSE","BSE Limited","Outcome of Board Meeting","BSE Limited has informed the Exchange regarding  Board meeting held on February 11, 2020.","11-Feb-2020 17:04:00","2020-02-11 17:04:00","-","-","https://nsearchives.nseindia.com/corporate/BSE_11022020170434_BSE_outcome.pdf"
"BSE","BSE Limited","Financial Result Updates","BSE Limited has submitted to the Exchange, the financial results for the period ended December 31, 2019.","11-Feb-2020 16:35:49","2020-02-11 16:35:49","-","-","https://nsearchives.nseindia.com/corporate/Outcomeofboardmeeting_11022020163549.zip"
"BSE","BSE Limited","Updates","BSE Limited has informed the Exchange regarding 'BSE Ebix Insurance Broking Private Limited started a limited betatesting today using live feed and live data'.","07-Feb-2020 20:01:00","2020-02-07 20:01:00","-","-","https://nsearchives.nseindia.com/corporate/BSE_07022020200104_NSEintimation.pdf"
"BSE","BSE Limited","Analysts/Institutional Investor Meet/Con. Call Updates","BSE Limited has informed the Exchange regarding Analysts/Institutional Investor Meet/Con. Call Updates","04-Feb-2020 15:20:00","2020-02-04 15:20:00","-","-","https://nsearchives.nseindia.com/corporate/BSE_04022020152038_NSEintimation.pdf"
"BSE","BSE Limited","Updates","BSE Limited has informed the Exchange regarding 'Publication of newspaper advertisement regarding Board Meeting and closure of Trading Window'.","17-Jan-2020 12:57:00","2020-01-17 12:57:00","-","-","https://nsearchives.nseindia.com/corporate/BSE_17012020125628_NSEintimation_047.pdf"
"BSE","BSE Limited","Analysts/Institutional Investor Meet/Con. Call Updates","BSE Limited has informed the Exchange regarding Analysts/Institutional Investor Meet/Con. Call Updates","16-Jan-2020 12:43:00","2020-01-16 12:43:00","-","-","https://nsearchives.nseindia.com/corporate/BSE_16012020124142_NSEintimation_046.pdf"
"BSE","BSE Limited","Trading Window","BSE Limited has informed the Exchange regarding the Trading Window closure pursuant to SEBI (Prohibition of Insider Trading) Regulations, 2015","15-Jan-2020 12:40:00","2020-01-15 12:40:00","-","-","https://nsearchives.nseindia.com/corporate/BSE_15012020124016_NSEintimation_039.pdf"
"BSE","BSE Limited","Analysts/Institutional Investor Meet/Con. Call Updates","BSE Limited has informed the Exchange regarding Analysts/Institutional Investor Meet/Con. Call Updates","14-Jan-2020 09:25:00","2020-01-14 09:25:00","-","-","https://nsearchives.nseindia.com/corporate/BSE_14012020092439_NSEIntimation_005.pdf"
"BSE","BSE Limited","Updates","BSE Limited has informed the Exchange regarding 'Update on BSE EBIX Insurance Broking Pvt Ltd (BSE EBIX)'.","09-Jan-2020 18:37:00","2020-01-09 18:37:00","-","-","https://nsearchives.nseindia.com/corporate/BSE_09012020183718_NSEUpdate09012020_021.pdf"
"BSE","BSE Limited","Press Release","BSE Limited has informed the Exchange regarding a press release dated December 20, 2019, titled ""BSE signs pact with Si Consult to strengthen cyber security practices and solutions"".","20-Dec-2019 16:26:00","2019-12-20 16:26:00","-","-","https://nsearchives.nseindia.com/corporate/BSE_20122019162502_NSEintimation_091.pdf"
"BSE","BSE Limited","Press Release","BSE Limited has informed the Exchange regarding a press release dated December 17, 2019, titled ""BSE signs MoU with IHS Markit for developing new bond valuation service in India"".","17-Dec-2019 16:25:00","2019-12-17 16:25:00","-","-","https://nsearchives.nseindia.com/corporate/BSE_17122019162351_NSEintimation_096.pdf"
"BSE","BSE Limited","Analysts/Institutional Investor Meet/Con. Call Updates","BSE Limited has informed the Exchange regarding Analysts/Institutional Investor Meet/Con. Call Updates","06-Dec-2019 16:54:00","2019-12-06 16:54:00","-","-","https://nsearchives.nseindia.com/corporate/BSE_06122019165220_NSEintimation_170.pdf"
"BSE","BSE Limited","Analysts/Institutional Investor Meet/Con. Call Updates","BSE Limited has informed the Exchange regarding Analysts/Institutional Investor Meet/Con. Call Updates","29-Nov-2019 17:17:00","2019-11-29 17:17:00","-","-","https://nsearchives.nseindia.com/corporate/BSE_29112019171652_NSEintimation_009.pdf"
"BSE","BSE Limited","Updates","BSE Limited has informed the Exchange regarding 'Intimation for divestment in terms of Regulation 30 of SEBI (LODR) Regulations 2015'.","27-Nov-2019 16:54:00","2019-11-27 16:54:00","-","-","https://nsearchives.nseindia.com/corporate/BSE_27112019165346_NSEintimation_186.pdf"
"BSE","BSE Limited","Related Party Transactions","BSE Limited has informed the Exchange regarding Regulation 23(9) of SEBI (Listing Obligations and Disclosure Requirements) Regulations, 2015 on a consolidated basis for half year ended September 30, 2019.","26-Nov-2019 18:02:00","2019-11-26 18:02:00","-","-","https://nsearchives.nseindia.com/corporate/tkarbhari_2611201918144_NSEIntimation_209.pdf"
"BSE","BSE Limited","Analysts/Institutional Investor Meet/Con. Call Updates","BSE Limited has informed the Exchange regarding Analysts/Institutional Investor Meet/Con. Call Updates","22-Nov-2019 16:26:00","2019-11-22 16:26:00","-","-","https://nsearchives.nseindia.com/corporate/BSE_22112019162351_NSEintimation_166.pdf"
"BSE","BSE Limited","Analysts/Institutional Investor Meet/Con. Call Updates","BSE Limited has informed the Exchange regarding Analysts/Institutional Investor Meet/Con. Call Updates","21-Nov-2019 17:50:00","2019-11-21 17:50:00","-","-","https://nsearchives.nseindia.com/corporate/BSE_21112019174944_NSEintimation_227.pdf"
"BSE","BSE Limited","Analysts/Institutional Investor Meet/Con. Call Updates","BSE Limited has informed the Exchange regarding Analysts/Institutional Investor Meet/Con. Call Updates","21-Nov-2019 10:16:00","2019-11-21 10:16:00","-","-","https://nsearchives.nseindia.com/corporate/BSE_21112019101557_NSEintimation_010.pdf"
"BSE","BSE Limited","Analysts/Institutional Investor Meet/Con. Call Updates","BSE Limited has informed the Exchange regarding Analysts/Institutional Investor Meet/Con. Call Updates","13-Nov-2019 17:13:00","2019-11-13 17:13:00","-","-","https://nsearchives.nseindia.com/corporate/BSE_13112019171235_NSEIntimationInvestorMeet13112019_026.pdf"
"BSE","BSE Limited","Analysts/Institutional Investor Meet/Con. Call Updates","BSE Limited has informed the Exchange regarding Analysts/Institutional Investor Meet/Con. Call Updates","11-Nov-2019 18:07:00","2019-11-11 18:07:00","-","-","https://nsearchives.nseindia.com/corporate/BSE_11112019180637_NSEintimation_020.pdf"
"BSE","BSE Limited","Copy of Newspaper Publication","BSE Limited has informed the Exchange regarding Intimation on publication of financial results in the newspapers.","07-Nov-2019 15:38:00","2019-11-07 15:38:00","-","-","https://nsearchives.nseindia.com/corporate/listcontract1_7112019152942_NseIntimation_213.pdf"
"BSE","BSE Limited","Investor Presentation","BSE Limited has informed the Exchange regarding Investor Presentation","06-Nov-2019 16:05:00","2019-11-06 16:05:00","-","-","https://nsearchives.nseindia.com/corporate/BSE_06112019160516_InvestorPPT_021.pdf"
"BSE","BSE Limited","Analysts/Institutional Investor Meet/Con. Call Updates","BSE Limited has informed the Exchange regarding Analysts/Institutional Investor Meet/Con. Call Updates","06-Nov-2019 16:01:00","2019-11-06 16:01:00","-","-","https://nsearchives.nseindia.com/corporate/BSE_06112019160102_InvestorPPT_020.pdf"
"BSE","BSE Limited","Outcome of Board Meeting","BSE Limited has informed the Exchange regarding  Board meeting held on November 06, 2019.","06-Nov-2019 15:54:00","2019-11-06 15:54:00","-","-","https://nsearchives.nseindia.com/corporate/BSE_06112019155411_NSEOutcome1_017.pdf"
"BSE","BSE Limited","Financial Result Updates","BSE Limited has submitted to the Exchange, the financial results for the period ended September 30, 2019.","06-Nov-2019 15:53:17","2019-11-06 15:53:17","-","-","https://nsearchives.nseindia.com/corporate/NSEOutcome1_06112019155317.zip"
"BSE","BSE Limited","Analysts/Institutional Investor Meet/Con. Call Updates","BSE Limited has informed the Exchange regarding Analysts/Institutional Investor Meet/Con. Call Updates","05-Nov-2019 20:06:00","2019-11-05 20:06:00","-","-","https://nsearchives.nseindia.com/corporate/BSE_05112019200353_Nseintimation_498.pdf"
"BSE","BSE Limited","Trading Window","BSE Limited has informed the Exchange regarding the Trading Window closure pursuant to SEBI (Prohibition of Insider Trading) Regulations, 2015","01-Nov-2019 11:31:00","2019-11-01 11:31:00","-","-","https://nsearchives.nseindia.com/corporate/BSE_01112019113028_NSEIntimation_037.pdf"
"BSE","BSE Limited","Analysts/Institutional Investor Meet/Con. Call Updates","BSE Limited has informed the Exchange regarding Analysts/Institutional Investor Meet/Con. Call Updates","30-Oct-2019 17:25:00","2019-10-30 17:25:00","-","-","https://nsearchives.nseindia.com/corporate/BSE_30102019172453_NSEIntimation_234.pdf"
"BSE","BSE Limited","Press Release","BSE Limited has informed the Exchange regarding a press release dated October 28, 2019, titled ""BSE - Ebix Receives In-principle Approval from IRDAI to Start Insurance Distribution"".","29-Oct-2019 08:45:00","2019-10-29 08:45:00","-","-","https://nsearchives.nseindia.com/corporate/BSE_29102019084517_NSEImtimation_030.pdf"
"BSE","BSE Limited","Analysts/Institutional Investor Meet/Con. Call Updates","BSE Limited has informed the Exchange regarding Analysts/Institutional Investor Meet/Con. Call Updates","17-Oct-2019 14:28:00","2019-10-17 14:28:00","-","-","https://nsearchives.nseindia.com/corporate/BSE_17102019142736_NseIntimation_086.pdf"
"BSE","BSE Limited","Updates","BSE Limited has informed the Exchange regarding 'Intimation on publication of newspaper advertisement   Intimation of Board Meeting'.","15-Oct-2019 14:46:00","2019-10-15 14:46:00","-","-","https://nsearchives.nseindia.com/corporate/BSE_15102019144512_NSEIntimation_007.pdf"
"BSE","BSE Limited","Disclosure under SEBI Takeover Regulations","Life Insurance Corporation of India has submitted to the Exchange a copy of Disclosure under Regulation 29(1) of SEBI (SAST) Regulations, 2011.","11-Oct-2019 20:14:00","2019-10-11 20:14:00","-","-","https://nsearchives.nseindia.com/corporate/listcontract1_11102019201155_BSE_29__310.pdf"
"BSE","BSE Limited","Analysts/Institutional Investor Meet/Con. Call Updates","BSE Limited has informed the Exchange regarding Analysts/Institutional Investor Meet/Con. Call Updates","11-Oct-2019 13:28:00","2019-10-11 13:28:00","-","-","https://nsearchives.nseindia.com/corporate/BSE_11102019132659_NSEINTIMATION_095.pdf"
"BSE","BSE Limited","Disclosure under SEBI Takeover Regulations","Life Insurance Corporation of India has submitted to the Exchange vide letter dated September 30, 2019 a copy of Disclosure under Regulation 29(1) of SEBI (SAST) Regulations, 2011.","03-Oct-2019 16:28:00","2019-10-03 16:28:00","-","-","https://nsearchives.nseindia.com/corporate/listcontract3_03102019162519_BSE_29_400_114.pdf"
"BSE","BSE Limited","Post Buyback Public Announcement","BSE Limited has submitted to the Exchange newspaper publication of��post Buyback public advertisement.","26-Sep-2019 12:42:00","2019-09-26 12:42:00","-","-","https://nsearchives.nseindia.com/corporate/listcontract3_2692019123723_NSEintimationPA_094.pdf"
"BSE","BSE Limited","Analysts/Institutional Investor Meet/Con. Call Updates","BSE Limited has informed the Exchange regarding Analysts/Institutional Investor Meet/Con. Call Updates","20-Sep-2019 16:17:00","2019-09-20 16:17:00","-","-","https://nsearchives.nseindia.com/corporate/BSE_20092019161530_NseInvestorsmeet_131.pdf"
"BSE","BSE Limited","Analysts/Institutional Investor Meet/Con. Call Updates","BSE Limited has informed the Exchange regarding Analysts/Institutional Investor Meet/Con. Call Updates","16-Sep-2019 12:29:00","2019-09-16 12:29:00","-","-","https://nsearchives.nseindia.com/corporate/BSE_16092019122754_NSEintimationinvestormeet_092.pdf"
"BSE","BSE Limited","Analysts/Institutional Investor Meet/Con. Call Updates","BSE Limited has informed the Exchange regarding Analysts/Institutional Investor Meet/Con. Call Updates","11-Sep-2019 17:36:00","2019-09-11 17:36:00","-","-","https://nsearchives.nseindia.com/corporate/BSE_11092019173454_NSEintimationinvmeet_220.pdf"
"BSE","BSE Limited","Analysts/Institutional Investor Meet/Con. Call Updates","BSE Limited has informed the Exchange regarding Analysts/Institutional Investor Meet/Con. Call Updates","11-Sep-2019 10:41:00","2019-09-11 10:41:00","-","-","https://nsearchives.nseindia.com/corporate/BSE_11092019103926_NSEintimationinvestormeet_053.pdf"
"BSE","BSE Limited","Analysts/Institutional Investor Meet/Con. Call Updates","BSE Limited has informed the Exchange regarding Analysts/Institutional Investor Meet/Con. Call Updates","09-Sep-2019 10:48:00","2019-09-09 10:48:00","-","-","https://nsearchives.nseindia.com/corporate/BSE_09092019104700_NSEIntimation_103.pdf"
"BSE","BSE Limited","Analysts/Institutional Investor Meet/Con. Call Updates","BSE Limited has informed the Exchange regarding Analysts/Institutional Investor Meet/Con. Call Updates","03-Sep-2019 12:43:00","2019-09-03 12:43:00","-","-","https://nsearchives.nseindia.com/corporate/BSE_03092019124230_NSEintimation_171.pdf"
"BSE","BSE Limited","Analysts/Institutional Investor Meet/Con. Call Updates","BSE Limited has informed the Exchange regarding Analysts/Institutional Investor Meet/Con. Call Updates","28-Aug-2019 16:59:00","2019-08-28 16:59:00","-","-","https://nsearchives.nseindia.com/corporate/BSE_28082019165747_NSEinvestormeet28082019_261.pdf"
"BSE","BSE Limited","Analysts/Institutional Investor Meet/Con. Call Updates","BSE Limited has informed the Exchange regarding Analysts/Institutional Investor Meet/Con. Call Updates","23-Aug-2019 18:14:00","2019-08-23 18:14:00","-","-","https://nsearchives.nseindia.com/corporate/BSE_23082019181246_nseintimationinvestorcall_300.pdf"
"BSE","BSE Limited","Analysts/Institutional Investor Meet/Con. Call Updates","BSE Limited has informed the Exchange regarding Analysts/Institutional Investor Meet/Con. Call Updates","22-Aug-2019 11:05:00","2019-08-22 11:05:00","-","-","https://nsearchives.nseindia.com/corporate/BSE_22082019110338_NSEIntimationinvestormeet22082019_037.pdf"
"BSE","BSE Limited","Buyback","BSE Limited has informed the Exchange has submitted to the Exchange a copy of Letter of Offer.","20-Aug-2019 15:00:00","2019-08-20 15:00:00","-","-","https://nsearchives.nseindia.com/corporate/listcontract1_2082019144419_NSEintimation_121.pdf"
"BSE","BSE Limited","Analysts/Institutional Investor Meet/Con. Call Updates","BSE Limited has informed the Exchange regarding Analysts/Institutional Investor Meet/Con. Call Updates","19-Aug-2019 13:31:00","2019-08-19 13:31:00","-","-","https://nsearchives.nseindia.com/corporate/BSE_19082019133038_NSEintimationinvestormeet_161.pdf"
"BSE","BSE Limited","Analysts/Institutional Investor Meet/Con. Call Updates","BSE Limited has informed the Exchange regarding Analysts/Institutional Investor Meet/Con. Call Updates","08-Aug-2019 12:18:00","2019-08-08 12:18:00","-","-","https://nsearchives.nseindia.com/corporate/BSE_08082019121649_NSEintimationinvestormeet__068.pdf"
"BSE","BSE Limited","Updates","BSE Limited has informed the Exchange regarding 'Intimation on publication of financial results in the newspaper - Regulation 47(1) of SEBI (Listing Obligations and Disclosure Requirements)Regulations, 2015 '.","05-Aug-2019 12:37:00","2019-08-05 12:37:00","-","-","https://nsearchives.nseindia.com/corporate/BSE_05082019123510_NSEIntimation_125.pdf"
"BSE","BSE Limited","Investor Presentation","BSE Limited has informed the Exchange regarding Investor Presentation","02-Aug-2019 15:25:00","2019-08-02 15:25:00","-","-","https://nsearchives.nseindia.com/corporate/BSE_02082019152446_Investorpresentation_259.pdf"
"BSE","BSE Limited","Financial Result Updates","BSE Limited has submitted to the Exchange, the financial results for the period ended June 30, 2019.","02-Aug-2019 14:16:14","2019-08-02 14:16:14","-","-","https://nsearchives.nseindia.com/corporate/outcome_02082019141614.zip"
"BSE","BSE Limited","Outcome of Board Meeting","BSE Limited has informed the Exchange regarding  Board meeting held on August 02, 2019.","02-Aug-2019 14:11:00","2019-08-02 14:11:00","-","-","https://nsearchives.nseindia.com/corporate/BSE_02082019141113_outcome_186.pdf"
"BSE","BSE Limited","Analysts/Institutional Investor Meet/Con. Call Updates","BSE Limited has informed the Exchange regarding Analysts/Institutional Investor Meet/Con. Call Updates","31-Jul-2019 18:26:00","2019-07-31 18:26:00","-","-","https://nsearchives.nseindia.com/corporate/BSE_31072019182521_NSEintimation_383.pdf"
"BSE","BSE Limited","Analysts/Institutional Investor Meet/Con. Call Updates","BSE Limited has informed the Exchange regarding Analysts/Institutional Investor Meet/Con. Call Updates","31-Jul-2019 10:31:00","2019-07-31 10:31:00","-","-","https://nsearchives.nseindia.com/corporate/BSE_31072019102848_NSEintimationinvestormeet_013.pdf"
"BSE","BSE Limited","Analysts/Institutional Investor Meet/Con. Call Updates","BSE Limited has informed the Exchange regarding Analysts/Institutional Investor Meet/Con. Call Updates","26-Jul-2019 17:21:00","2019-07-26 17:21:00","-","-","https://nsearchives.nseindia.com/corporate/BSE_26072019172020_NSEintimation_309.pdf"
"BSE","BSE Limited","Press Release","BSE Limited has informed the Exchange regarding a press release dated July 22, 2019, titled ""BSE signs MoU with Shanghai Stock Exchange"".","22-Jul-2019 18:07:00","2019-07-22 18:07:00","-","-","https://nsearchives.nseindia.com/corporate/BSE_22072019180619_NSEIntimation_303.pdf"
"BSE","BSE Limited","Public Announcement - Buyback of Shares","BSE Limited has submitted to the Exchange a copy of public announcement for buyback being made pursuant to provision of Securities and Exchange Board of India (Buyback of Securities) Regulations, 2018.","17-Jul-2019 08:45:00","2019-07-17 08:45:00","-","-","https://nsearchives.nseindia.com/corporate/listcontract1_17720198266_Publicannouncment_008.pdf"
"BSE","BSE Limited","Record Date","BSE Limited has informed the Exchange that the Company has fixed Record Date as July 29, 2019 for the purpose of Buyback of the equity shares","16-Jul-2019 18:07:00","2019-07-16 18:07:00","-","-","https://nsearchives.nseindia.com/corporate/listcontract3_1672019171934_Recorddate_277.pdf"
"BSE","BSE Limited","Change in Director(s)","BSE Limited has informed the Exchange regarding Change in Director(s) of the company.","16-Jul-2019 17:21:00","2019-07-16 17:21:00","-","-","https://nsearchives.nseindia.com/corporate/BSE_16072019172007_Changeindirector_228.pdf"
"BSE","BSE Limited","Shareholders meeting","BSE Limited has informed the Exchange regarding Proceedings of Annual General Meeting held on July 15, 2019","16-Jul-2019 17:11:00","2019-07-16 17:11:00","-","-","https://nsearchives.nseindia.com/corporate/BSE_16072019170920_AGMProceeding_215.pdf"
"BSE","BSE Limited","Shareholders meeting","BSE Limited has submitted the Exchange a copy Srutinizers report of  Annual General Meeting held on July 15, 2019. Further, the company has informed the Exchange regarding voting results.","15-Jul-2019 22:09:00","2019-07-15 22:09:00","-","-","https://nsearchives.nseindia.com/corporate/BSE_15072019220817_NSESubmission15072019_423.pdf"
"BSE","BSE Limited","Updates","BSE Limited has informed the Exchange regarding 'News clarification under Regulation 30 of the SEBI (Listing Obligations and Disclosure Requirements) Regulations, 2015'.","13-Jul-2019 18:35:00","2019-07-13 18:35:00","-","-","https://nsearchives.nseindia.com/corporate/BSE_13072019183524_NSEintimationnewsclarification_070.pdf"
"BSE","BSE Limited","Analysts/Institutional Investor Meet/Con. Call Updates","BSE Limited has informed the Exchange regarding Analysts/Institutional Investor Meet/Con. Call Updates","09-Jul-2019 15:12:00","2019-07-09 15:12:00","-","-","https://nsearchives.nseindia.com/corporate/BSE_09072019151010_NSEintimationinvestormeet_152.pdf"
"BSE","BSE Limited","Updates","BSE Limited has informed the Exchange regarding 'Newspaper advertisement for intimation of Board Meeting '.","02-Jul-2019 15:03:00","2019-07-02 15:03:00","-","-","https://nsearchives.nseindia.com/corporate/BSE_02072019150134_NSEIntimation_119.pdf"
"BSE","BSE Limited","Trading Window","BSE Limited has informed the Exchange regarding the Trading Window closure pursuant to SEBI (Prohibition of Insider Trading) Regulations, 2015","28-Jun-2019 16:02:00","2019-06-28 16:02:00","-","-","https://nsearchives.nseindia.com/corporate/BSE_28062019160053_NSEIntimationBM_345.pdf"
"BSE","BSE Limited","Updates","BSE Limited has informed the Exchange regarding 'Newspaper advertisement of proposed transfer of equity shares to IEPF DEMAT Account '.","24-Jun-2019 15:36:00","2019-06-24 15:36:00","-","-","https://nsearchives.nseindia.com/corporate/BSE_24062019153436_Intimationfornseiepf_244.pdf"
"BSE","BSE Limited","Updates","BSE Limited has informed the Exchange regarding 'Newspaper advertisement of Notice of the fourteenth Annual General Meeting '.","24-Jun-2019 15:29:00","2019-06-24 15:29:00","-","-","https://nsearchives.nseindia.com/corporate/BSE_24062019152840_NSEintimationAGMnotice_240.pdf"
"BSE","BSE Limited","Analysts/Institutional Investor Meet/Con. Call Updates","BSE Limited has informed the Exchange regarding Analysts/Institutional Investor Meet/Con. Call Updates","20-Jun-2019 12:18:00","2019-06-20 12:18:00","-","-","https://nsearchives.nseindia.com/corporate/BSE_20062019121708_NSEintimationinvestormeet_074.pdf"
"BSE","BSE Limited","Shareholders meeting","BSE Limited has informed the Exchange regarding Notice of Annual General Meeting to be held on July 15, 2019","17-Jun-2019 16:28:00","2019-06-17 16:28:00","-","-","https://nsearchives.nseindia.com/corporate/BSE_17062019162527_NSEintimationAnnualreport_249.pdf"
"BSE","BSE Limited","Related Party Transactions","BSE Limited has informed the Exchange that In compliance with Regulation 23(9) of SEBI (Listing Obligations and Disclosure Requirements) Regulations, 2015,  The Company has submitted to the Exchange a copy of disclosure of Related Party Transactions, on a consolidated basis as on March 31, 2019.","04-Jun-2019 18:42:00","2019-06-04 18:42:00","-","-","https://nsearchives.nseindia.com/corporate/listcontract1_462019171959_NSEIntimationRPT_280.pdf"
"BSE","BSE Limited","Analysts/Institutional Investor Meet/Con. Call Updates","BSE Limited has informed the Exchange regarding Analysts/Institutional Investor Meet/Con. Call Updates","27-May-2019 17:09:00","2019-05-27 17:09:00","-","-","https://nsearchives.nseindia.com/corporate/BSE_27052019170610_NSEIntimation_338.pdf"
"BSE","BSE Limited","Analysts/Institutional Investor Meet/Con. Call Updates","BSE Limited has informed the Exchange regarding Analysts/Institutional Investor Meet/Con. Call Updates","23-May-2019 14:33:00","2019-05-23 14:33:00","-","-","https://nsearchives.nseindia.com/corporate/BSE_23052019142128_NSEIntimationfinal_137.pdf"
"BSE","BSE Limited","Analysts/Institutional Investor Meet/Con. Call Updates","BSE Limited has informed the Exchange regarding Analysts/Institutional Investor Meet/Con. Call Updates","23-May-2019 12:06:00","2019-05-23 12:06:00","-","-","https://nsearchives.nseindia.com/corporate/BSE_23052019120312_NSEIntimationfinal_053.pdf"
"BSE","BSE Limited","Updates","BSE Limited has informed the Exchange regarding 'Appointment of Chairman of the Board of the Company '.","22-May-2019 19:48:00","2019-05-22 19:48:00","-","-","https://nsearchives.nseindia.com/corporate/BSE_22052019194734_NSEIntimation_614.pdf"
"BSE","BSE Limited","Analysts/Institutional Investor Meet/Con. Call Updates","BSE Limited has informed the Exchange regarding Analysts/Institutional Investor Meet/Con. Call Updates","21-May-2019 14:54:00","2019-05-21 14:54:00","-","-","https://nsearchives.nseindia.com/corporate/BSE_21052019145238_NSEintimationinvestormeet_212.pdf"
"BSE","BSE Limited","Analysts/Institutional Investor Meet/Con. Call Updates","BSE Limited has informed the Exchange regarding Analysts/Institutional Investor Meet/Con. Call Updates","13-May-2019 11:48:00","2019-05-13 11:48:00","-","-","https://nsearchives.nseindia.com/corporate/BSE_13052019114641_NSEIntimationinvestormeet13052019_093.pdf"
"BSE","BSE Limited","Updates","BSE Limited has informed the Exchange regarding 'Code of Practices and Procedures for Fair Disclosure of Unpublished Price Sensitive Information (UPSI)'.","08-May-2019 16:38:00","2019-05-08 16:38:00","-","-","https://nsearchives.nseindia.com/corporate/BSE_08052019163654_NSEintimation_175.pdf"
"BSE","BSE Limited","Updates","BSE Limited has informed the Exchange regarding 'Intimation on publication of newspaper advertisement as required under Regulation 47(1) of SEBI (Listing Obligations and Disclosure Requirements) Regulations, 2015 (��Listing Regulations��)'.","08-May-2019 16:01:00","2019-05-08 16:01:00","-","-","https://nsearchives.nseindia.com/corporate/BSE_08052019155334_NSEintimation_153.pdf"
"BSE","BSE Limited","Press Release","BSE Limited has informed the Exchange regarding a press release dated May 07, 2019, titled ""Issue of Media Release regarding Q4 Results"".","07-May-2019 18:32:00","2019-05-07 18:32:00","-","-","https://nsearchives.nseindia.com/corporate/BSE_07052019182935_NSEIntimationMediarelease_258.pdf"
"BSE","BSE Limited","Investor Presentation","BSE Limited has informed the Exchange regarding Investor Presentation","07-May-2019 18:21:00","2019-05-07 18:21:00","-","-","https://nsearchives.nseindia.com/corporate/BSE_07052019181836_InvestorPresentationQ4FY19_250.pdf"
"BSE","BSE Limited","Record Date","BSE Limited has informed the Exchange that the Company has fixed Record Date as June 28, 2019 for the purpose of Final Dividend for FY 2018 - 19","07-May-2019 17:08:00","2019-05-07 17:08:00","-","-","https://nsearchives.nseindia.com/corporate/listcontract3_752019162450_NSEIntimation_209.pdf"
"BSE","BSE Limited","Outcome of Board Meeting","BSE Limited has informed the Exchange regarding Outcome of Board Meeting held on May 07, 2019.","07-May-2019 17:06:00","2019-05-07 17:06:00","-","-","https://nsearchives.nseindia.com/corporate/listcontract3_07052019161801_BSE_206.pdf"
"BSE","BSE Limited","Buyback","BSE Limited has informed the Exchange that the meeting of the Board of Directors of the Company held on May 07, 2019, the Board of Directors has approved a proposal for buyback of fully paid up equity shares of the Company having face value of Rs. 2/- each (Indian Rupees Two only) (""Equity Shares"") from the shareholders/ beneficial owners of the Company as on record date which will be decided in due course, on a proportionate basis through the 'Tender Offer' method in accordance with the provisions of Securities and Exchange Board of India (Buy-Back of Securities) Regulations, 2018 (""SEBI Buyback Regulations"") and such other circulars or notifications issued by the Securities and Exchange Board of India, and the Companies Act, 2013 and rules made thereunder, as amended from time to time, at a price of Rs. 680/- per Equity Share (Indian Rupees Six Hundred and Eight only) (""Buyback Offer Price""), payable in cash, for an aggregate maximum amount or Rs. 460 crore (Indian Rupees Four Hundred and Sixty Crore) which excludes any expenses incurred or to be incurred for the Buyback viz., brokerage, costs, fees, turnover charges, taxes such as securities transaction tax and goods and services tax (in any), stamp duty advisors fees, filing fees, printing and dispatch expenses and other incidental and related expenses and charges (""Buyback Offer Size"").","07-May-2019 17:01:00","2019-05-07 17:01:00","-","-","https://nsearchives.nseindia.com/corporate/listcontract3_7520191683_NSEIntimation_202.pdf"
"BSE","BSE Limited","Financial Result Updates","BSE Limited has submitted to the Exchange, the financial results for the period ended March 31, 2019.","07-May-2019 15:58:24","2019-05-07 15:58:24","-","-","https://nsearchives.nseindia.com/corporate/NSEIntimation_07052019155824.zip"
"BSE","BSE Limited","Dividend","BSE Limited has informed the Exchange that Board of Directors at its meeting held on May 07, 2019, recommended Final Dividend of 25 per equity share.","07-May-2019 15:54:00","2019-05-07 15:54:00","-","-","https://nsearchives.nseindia.com/corporate/BSE_07052019155317_NSEIntimation_142.pdf"
"BSE","BSE Limited","Updates","BSE Limited has informed the Exchange regarding 'Intimation on publication of newspaper advertisement �� intimation of Board Meeting scheduled to be held on Tuesday, May 7, 2019 to consider and approve Audited Financial Results (Standalone and Consolidated) of the Company for the financial year ended March 31, 2019.'.","02-May-2019 11:22:00","2019-05-02 11:22:00","-","-","https://nsearchives.nseindia.com/corporate/BSE_02052019111443_NSEintimation_069.pdf"
"BSE","BSE Limited","Analysts/Institutional Investor Meet/Con. Call Updates","BSE Limited has informed the Exchange regarding Analysts/Institutional Investor Meet/Con. Call Updates","30-Apr-2019 15:41:00","2019-04-30 15:41:00","-","-","https://nsearchives.nseindia.com/corporate/BSE_30042019153912_NSEIntimation30042019_282.pdf"
"BSE","BSE Limited","Appointment","BSE Limited has informed the Exchange regarding Appointment of Mrs Jayshree Vyas as Non- Executive Independent Director of the company w.e.f. April 25, 2019.","25-Apr-2019 20:26:00","2019-04-25 20:26:00","-","-","https://nsearchives.nseindia.com/corporate/BSE_25042019202422_NSEintimationaboutappointment_893.pdf"
"BSE","BSE Limited","Press Release","BSE Limited has informed the Exchange regarding a press release dated April 15, 2019, titled ""BSE ties up with Network Intelligence to provide security services to its members under the SEBI Cybersecurity Guidelines"".","15-Apr-2019 13:32:00","2019-04-15 13:32:00","-","-","https://nsearchives.nseindia.com/corporate/BSE_15042019132934_NSEIntimation_128.pdf"
"BSE","BSE Limited","Analysts/Institutional Investor Meet/Con. Call Updates","BSE Limited has informed the Exchange regarding Analysts/Institutional Investor Meet/Con. Call Updates","12-Apr-2019 10:27:00","2019-04-12 10:27:00","-","-","https://nsearchives.nseindia.com/corporate/BSE_12042019102456_NSEintimationinvestormeet_046.pdf"
"BSE","BSE Limited","Updates","BSE Limited has informed the Exchange regarding 'Code of Practices and Procedures for Fair Disclosure of Unpublished Price Sensitive Information (UPSI)'.","11-Apr-2019 17:43:00","2019-04-11 17:43:00","-","-","https://nsearchives.nseindia.com/corporate/BSE_11042019174013_codeofupsi_280.pdf"
"BSE","BSE Limited","Analysts/Institutional Investor Meet/Con. Call Updates","BSE Limited has informed the Exchange regarding Analysts/Institutional Investor Meet/Con. Call Updates","10-Apr-2019 17:51:00","2019-04-10 17:51:00","-","-","https://nsearchives.nseindia.com/corporate/BSE_10042019174829_NSEintimationinvestormeet_248.pdf"
"BSE","BSE Limited","Updates","BSE Limited has informed the Exchange regarding 'Extension of terms of Justice Vikaramajit Sen and Shri Sumit Bose, Public Interest Directors on the Board of the Company'.","09-Apr-2019 17:12:00","2019-04-09 17:12:00","-","-","https://nsearchives.nseindia.com/corporate/BSE_09042019170855_NSEIntimationchangeindirectorate09042019_280.pdf"
"BSE","BSE Limited","Press Release","BSE Limited has informed the Exchange regarding a press release dated April 08, 2019, titled ""BSE inks pact with HDFC Bank to give a boost to the Startups platform"".","08-Apr-2019 16:54:00","2019-04-08 16:54:00","-","-","https://nsearchives.nseindia.com/corporate/BSE_08042019165118_NSEIntimation08042019_370.pdf"
"BSE","BSE Limited","Analysts/Institutional Investor Meet/Con. Call Updates","BSE Limited has informed the Exchange regarding Analysts/Institutional Investor Meet/Con. Call Updates","05-Apr-2019 13:07:00","2019-04-05 13:07:00","-","-","https://nsearchives.nseindia.com/corporate/BSE_05042019130505_NSEintimationinvestormeet_130.pdf"
"BSE","BSE Limited","Press Release","BSE Limited has informed the Exchange regarding a press release dated April 03, 2019, titled ""BSE, India INX becomes the first Indian exchanges to sign an MoU with Moscow Exchange"".","03-Apr-2019 18:19:00","2019-04-03 18:19:00","-","-","https://nsearchives.nseindia.com/corporate/BSE_03042019181647_LettertoNSEMediaRelease_892.pdf"
"BSE","BSE Limited","Analysts/Institutional Investor Meet/Con. Call Updates","BSE Limited has informed the Exchange regarding Analysts/Institutional Investor Meet/Con. Call Updates","14-Mar-2019 19:53:00","2019-03-14 19:53:00","-","-","https://nsearchives.nseindia.com/corporate/BSE_14032019194932_NSEIntimationInvestormeet_236.pdf"
"BSE","BSE Limited","Analysts/Institutional Investor Meet/Con. Call Updates","BSE Limited has informed the Exchange regarding Analysts/Institutional Investor Meet/Con. Call Updates","14-Mar-2019 14:14:00","2019-03-14 14:14:00","-","-","https://nsearchives.nseindia.com/corporate/BSE_14032019141308_NSEIntimationInvestormeet_082.pdf"
"BSE","BSE Limited","Analysts/Institutional Investor Meet/Con. Call Updates","BSE Limited has informed the Exchange regarding Analysts/Institutional Investor Meet/Con. Call Updates","11-Mar-2019 17:56:00","2019-03-11 17:56:00","-","-","https://nsearchives.nseindia.com/corporate/BSE_11032019175408_Investormeet_211.pdf"
"BSE","BSE Limited","Analysts/Institutional Investor Meet/Con. Call Updates","BSE Limited has informed the Exchange regarding Analysts/Institutional Investor Meet/Con. Call Updates","06-Mar-2019 16:11:00","2019-03-06 16:11:00","-","-","https://nsearchives.nseindia.com/corporate/BSE_06032019160955_Investormeet_123.pdf"
"BSE","BSE Limited","Analysts/Institutional Investor Meet/Con. Call Updates","BSE Limited has informed the Exchange regarding Analysts/Institutional Investor Meet/Con. Call Updates","05-Mar-2019 16:05:00","2019-03-05 16:05:00","-","-","https://nsearchives.nseindia.com/corporate/BSE_05032019160424_Investormeet_197.pdf"
"BSE","BSE Limited","Change in Director(s)","BSE Limited has informed the Exchange regarding Change in Director(s) of the company.","26-Feb-2019 17:25:00","2019-02-26 17:25:00","-","-","https://nsearchives.nseindia.com/corporate/BSE_26022019172417_NSEIntimation_202.pdf"
"BSE","BSE Limited","Analysts/Institutional Investor Meet/Con. Call Updates","BSE Limited has informed the Exchange regarding Analysts/Institutional Investor Meet/Con. Call Updates","14-Feb-2019 18:50:00","2019-02-14 18:50:00","-","-","https://nsearchives.nseindia.com/corporate/BSE_14022019184655_Investorconference_482.pdf"
"BSE","BSE Limited","Analysts/Institutional Investor Meet/Con. Call Updates","BSE Limited has informed the Exchange regarding Analysts/Institutional Investor Meet/Con. Call Updates","08-Feb-2019 18:27:00","2019-02-08 18:27:00","-","-","https://nsearchives.nseindia.com/corporate/BSE_08022019182539_Investormeet_439.pdf"
"BSE","BSE Limited","Analysts/Institutional Investor Meet/Con. Call Updates","BSE Limited has informed the Exchange regarding Analysts/Institutional Investor Meet/Con. Call Updates","06-Feb-2019 18:41:00","2019-02-06 18:41:00","-","-","https://nsearchives.nseindia.com/corporate/BSE_06022019183447_NSEinvesorconf_453.pdf"
"BSE","BSE Limited","Updates","BSE Limited has informed the Exchange regarding 'This is with respect to our earlier disclosure dated November 2, 2018 regarding agreement with S & P Dow Jones Indices LLC. In this regard, we inform that BSE is in receipt of a Notice for Arbitration from S&P Dow Jones Indices LLC and SPDJ Singapore PTE Ltd and same is being reviewed and shall be dealt with suitably, as per the advice of our legal counsel.'.","05-Feb-2019 20:22:00","2019-02-05 20:22:00","-","-","https://nsearchives.nseindia.com/corporate/BSE_05022019202107_NSEIntimation_575.pdf"
"BSE","BSE Limited","Change in Director(s)","BSE Limited has informed the Exchange regarding Change in Director(s) of the company.","05-Feb-2019 17:20:00","2019-02-05 17:20:00","-","-","https://nsearchives.nseindia.com/corporate/BSE_05022019171638_NSEIntimation_381.pdf"
"BSE","BSE Limited","Analysts/Institutional Investor Meet/Con. Call Updates","BSE Limited has informed the Exchange regarding Analysts/Institutional Investor Meet/Con. Call Updates","04-Feb-2019 19:53:00","2019-02-04 19:53:00","-","-","https://nsearchives.nseindia.com/corporate/BSE_04022019195148_NSEintimationinvestormeet_626.pdf"
"BSE","BSE Limited","Updates","BSE Limited has informed the Exchange regarding 'Intimation on publication of newspaper advertisement for unaudited financial results (standalone and consolidated) of the company for quarter and nine months ended December 31, 2018'.","04-Feb-2019 15:37:00","2019-02-04 15:37:00","-","-","https://nsearchives.nseindia.com/corporate/BSE_04022019152157_NSEintimation_231.pdf"
"BSE","BSE Limited","Investor Presentation","BSE Limited has informed the Exchange regarding Investor Presentation","01-Feb-2019 15:50:00","2019-02-01 15:50:00","-","-","https://nsearchives.nseindia.com/corporate/BSE_01022019154757_NSEIntimationInvestorcall_230.PDF"
"BSE","BSE Limited","Financial Result Updates","BSE Limited has submitted to the Exchange, the financial results for the period ended December 31, 2018.","01-Feb-2019 15:18:45","2019-02-01 15:18:45","-","-","https://nsearchives.nseindia.com/corporate/NSEIntimationoutcome_01022019151845.zip"
"BSE","BSE Limited","Outcome of Board Meeting","BSE Limited has informed the Exchange regarding  Board meeting held on February 01, 2019.","01-Feb-2019 15:14:00","2019-02-01 15:14:00","-","-","https://nsearchives.nseindia.com/corporate/BSE_01022019151224_NSEIntimationoutcome_193.pdf"
"BSE","BSE Limited","Analysts/Institutional Investor Meet/Con. Call Updates","BSE Limited has informed the Exchange regarding Analysts/Institutional Investor Meet/Con. Call Updates","28-Jan-2019 15:37:00","2019-01-28 15:37:00","-","-","https://nsearchives.nseindia.com/corporate/BSE_28012019153352_NSEIntimation_28012019_219.pdf"
"BSE","BSE Limited","Updates","BSE Limited has informed the Exchange regarding 'Intimation on publication of newspaper advertisement �� Intimation of Board Meeting scheduled to be held on Friday, February 1, 2019 to consider and approve unaudited financial results (standalone and consolidated) for the quarter and nine month ended December 31, 2018'.","18-Jan-2019 14:50:00","2019-01-18 14:50:00","-","-","https://nsearchives.nseindia.com/corporate/BSE_18012019144625_NSEIntimation18012019_085.pdf"
"BSE","BSE Limited","Press Release","BSE Limited has informed the Exchange regarding a press release dated January 15, 2019, titled """"BSE partners with John Chambers�� backed Lucideus to secure stock brokers as per SEBI guidelines using SAFE��"".","15-Jan-2019 10:26:00","2019-01-15 10:26:00","-","-","https://nsearchives.nseindia.com/corporate/BSE_15012019102430_NSEintimationmediarelease_026.pdf"
"BSE","BSE Limited","Analysts/Institutional Investor Meet/Con. Call Updates","BSE Limited has informed the Exchange regarding Analysts/Institutional Investor Meet/Con. Call Updates","08-Jan-2019 13:40:00","2019-01-08 13:40:00","-","-","https://nsearchives.nseindia.com/corporate/BSE_08012019133831_Investormeetcancellation_8012018_050.pdf"
"BSE","BSE Limited","Analysts/Institutional Investor Meet/Con. Call Updates","BSE Limited has informed the Exchange regarding Analysts/Institutional Investor Meet/Con. Call Updates","04-Jan-2019 16:43:00","2019-01-04 16:43:00","-","-","https://nsearchives.nseindia.com/corporate/BSE_04012019163707_NSEIntimationinvestormeet_115.pdf"
"BSE","BSE Limited","Analysts/Institutional Investor Meet/Con. Call Updates","BSE Limited has informed the Exchange regarding Analysts/Institutional Investor Meet/Con. Call Updates","03-Jan-2019 15:33:00","2019-01-03 15:33:00","-","-","https://nsearchives.nseindia.com/corporate/BSE_03012019153210_NSEIntimation03012019_075.pdf"
"BSE","BSE Limited","Press Release","BSE Limited has informed the Exchange regarding a press release dated December 22, 2018, titled ""BSE launches ��BSE Startups��, a new platform for entrepreneurs to list their startups"".","24-Dec-2018 12:58:00","2018-12-24 12:58:00","-","-","https://nsearchives.nseindia.com/corporate/BSE_24122018125718_NSEIntimationMediarelease_046.pdf"
"BSE","BSE Limited","Analysts/Institutional Investor Meet/Con. Call Updates","BSE Limited has informed the Exchange regarding Analysts/Institutional Investor Meet/Con. Call Updates","13-Dec-2018 16:44:00","2018-12-13 16:44:00","-","-","https://nsearchives.nseindia.com/corporate/BSE_13122018164318_investormeet_105.pdf"
"BSE","BSE Limited","Record Date Updates","BSE Limited has informed the Exchange regarding  Intimation on publication of newspaper advertisement with respect to record date fixed for interim dividend for F.Y 2018-19","03-Dec-2018 19:08:00","2018-12-03 19:08:00","-","-","https://nsearchives.nseindia.com/corporate/listcontract3_3122018182229_NSEintimationrecorddate_357.pdf"
"BSE","BSE Limited","Analysts/Institutional Investor Meet/Con. Call Updates","BSE Limited has informed the Exchange regarding Analysts/Institutional Investor Meet/Con. Call Updates","03-Dec-2018 18:22:00","2018-12-03 18:22:00","-","-","https://nsearchives.nseindia.com/corporate/BSE_03122018182113_NSEintimationinvestormeet_314.pdf"
"BSE","BSE Limited","Record Date","BSE Limited has informed the Exchange that the Company has fixed Record Date as December 12, 2018 for the purpose of Interim Dividend","30-Nov-2018 15:39:00","2018-11-30 15:39:00","-","-","https://nsearchives.nseindia.com/corporate/listcontract1_30112018153805_BSE_RD_128.zip"
"BSE","BSE Limited","Clarification","BSE Limited has informed the Exchange that the announcements made on November 30, 2018 with respect to Outcome of Board meeting, it is inadvertently mentioned December 11, 2018 as record date instead of December 12, 2018 for the purpose of determining the eligibility for interim dividend declared by the Board of Directors of the Company in its meeting held on November 30, 2018.","30-Nov-2018 15:38:00","2018-11-30 15:38:00","-","-","https://nsearchives.nseindia.com/corporate/Mchheda_3011201815376_Clarificationletter_127.pdf"
"BSE","BSE Limited","Registrar & Share Transfer Agent Update","BSE Limited has informed the Exchange regarding the Registrar & Share Transfer Agent Update","30-Nov-2018 14:15:00","2018-11-30 14:15:00","-","-","https://nsearchives.nseindia.com/corporate/BSE_30112018141510_Outcome30112018_081.pdf"
"BSE","BSE Limited","Dividend","BSE Limited has informed the Exchange that Board of Directors at its meeting held on November 30, 2018, declared Interim Dividend of 5 per equity share.","30-Nov-2018 13:49:00","2018-11-30 13:49:00","-","-","https://nsearchives.nseindia.com/corporate/BSE_30112018134636_Outcome30112018_071.pdf"
"BSE","BSE Limited","Analysts/Institutional Investor Meet/Con. Call Updates","BSE Limited has informed the Exchange regarding Analysts/Institutional Investor Meet/Con. Call Updates","26-Nov-2018 18:04:00","2018-11-26 18:04:00","-","-","https://nsearchives.nseindia.com/corporate/BSE_26112018180157_NSEintimationinvestormeet_201.pdf"
"BSE","BSE Limited","Trading Window","BSE Limited has informed the Exchange regarding the Trading Window closure pursuant to SEBI (Prohibition of Insider Trading) Regulations, 2015","26-Nov-2018 13:32:00","2018-11-26 13:32:00","-","-","https://nsearchives.nseindia.com/corporate/BSE_26112018133134_NSEintimation_076.pdf"
"BSE","BSE Limited","Analysts/Institutional Investor Meet/Con. Call Updates","BSE Limited has informed the Exchange regarding Analysts/Institutional Investor Meet/Con. Call Updates","19-Nov-2018 17:46:00","2018-11-19 17:46:00","-","-","https://nsearchives.nseindia.com/corporate/BSE_19112018174249_NSEintimationinvestormeet_984.pdf"
"BSE","BSE Limited","Analysts/Institutional Investor Meet/Con. Call Updates","BSE Limited has informed the Exchange regarding Analysts/Institutional Investor Meet/Con. Call Updates - Transcript of the Conference Call held on November 2, 2018","16-Nov-2018 11:09:00","2018-11-16 11:09:00","-","-","https://nsearchives.nseindia.com/corporate/BSE_16112018105257_LettertoNSE_392.pdf"
"BSE","BSE Limited","Analysts/Institutional Investor Meet/Con. Call Updates","BSE Limited has informed the Exchange regarding Analysts/Institutional Investor Meet/Con. Call Updates","13-Nov-2018 14:57:00","2018-11-13 14:57:00","-","-","https://nsearchives.nseindia.com/corporate/BSE_13112018145527_Investormeet_584.pdf"
"BSE","BSE Limited","Analysts/Institutional Investor Meet/Con. Call Updates","BSE Limited has informed the Exchange regarding Analysts/Institutional Investor Meet/Con. Call Updates","12-Nov-2018 14:30:00","2018-11-12 14:30:00","-","-","https://nsearchives.nseindia.com/corporate/BSE_12112018142721_Investormeet_025.pdf"
"BSE","BSE Limited","Updates","BSE Limited has informed the Exchange regarding 'Intimation on publication of newspaper advertisement for unaudited financial results (standalone and consolidated) of the company for quarter and half year ended september 30, 2018'.","05-Nov-2018 17:30:00","2018-11-05 17:30:00","-","-","https://nsearchives.nseindia.com/corporate/BSE_05112018172845_NSEIntimationResults_880.pdf"
"BSE","BSE Limited","Press Release","BSE Limited has informed the Exchange regarding a press release dated November 02, 2018, titled ""Standalone Total Income up for the quarter ended September 30, 2018 by 4% to &#8377; 152.47 crore from &#8377; 146.15 crore for the quarter ended June 30, 2018"".","02-Nov-2018 16:45:00","2018-11-02 16:45:00","-","-","https://nsearchives.nseindia.com/corporate/BSE_02112018164432_LettertoNSEMediaRelease_533.pdf"
"BSE","BSE Limited","Investor Presentation","BSE Limited has informed the Exchange regarding Investor Presentation","02-Nov-2018 16:26:00","2018-11-02 16:26:00","-","-","https://nsearchives.nseindia.com/corporate/BSE_02112018162439_NSEInvestorPresentation_510.pdf"
"BSE","BSE Limited","Outcome of Board Meeting","BSE Limited has informed the Exchange regarding  Board meeting held on November 02, 2018.","02-Nov-2018 15:57:00","2018-11-02 15:57:00","-","-","https://nsearchives.nseindia.com/corporate/BSE_02112018155606_toNSEOutcome_462.pdf"
"BSE","BSE Limited","Financial Result Updates","BSE Limited has submitted to the Exchange, the financial results for the period ended September 30, 2018.","02-Nov-2018 15:54:37","2018-11-02 15:54:37","-","-","https://nsearchives.nseindia.com/corporate/toNSEOutcome_02112018155437.zip"
"BSE","BSE Limited","Analysts/Institutional Investor Meet/Con. Call Updates","BSE Limited has informed the Exchange regarding Analysts/Institutional Investor Meet/Con. Call Updates","31-Oct-2018 17:34:00","2018-10-31 17:34:00","-","-","https://nsearchives.nseindia.com/corporate/BSE_31102018173115_NSEIntimationInvestorCall_352.pdf"
"BSE","BSE Limited","Updates","BSE Limited has informed the Exchange regarding 'Intimation on publication of newspaper advertisement �� Intimation of Board Meeting.'.","22-Oct-2018 17:41:00","2018-10-22 17:41:00","-","-","https://nsearchives.nseindia.com/corporate/BSE_22102018173732_NSEintimationNewspaper_799.pdf"
"BSE","BSE Limited","Analysts/Institutional Investor Meet/Con. Call Updates","BSE Limited has informed the Exchange regarding Analysts/Institutional Investor Meet/Con. Call Updates","22-Oct-2018 15:30:00","2018-10-22 15:30:00","-","-","https://nsearchives.nseindia.com/corporate/BSE_22102018152742_NSEinvestormeetSBI_677.pdf"
"BSE","BSE Limited","Trading Window","BSE Limited has informed the Exchange regarding the Trading Window closure pursuant to SEBI (Prohibition of Insider Trading) Regulations, 2015","19-Oct-2018 15:04:00","2018-10-19 15:04:00","-","-","https://nsearchives.nseindia.com/corporate/BSE_19102018150328_Boardmeetingintimation_230.pdf"
"BSE","BSE Limited","Analysts/Institutional Investor Meet/Con. Call Updates","BSE Limited has informed the Exchange regarding Analysts/Institutional Investor Meet/Con. Call Updates","17-Oct-2018 15:46:00","2018-10-17 15:46:00","-","-","https://nsearchives.nseindia.com/corporate/BSE_17102018154213_NSEIntimationinvestormeet_157.pdf"
"BSE","BSE Limited","Analysts/Institutional Investor Meet/Con. Call Updates","BSE Limited has informed the Exchange regarding Analysts/Institutional Investor Meet/Con. Call Updates","16-Oct-2018 16:36:00","2018-10-16 16:36:00","-","-","https://nsearchives.nseindia.com/corporate/BSE_16102018163400_NSEintimationinvestormeet_561.pdf"
"BSE","BSE Limited","Press Release","BSE Limited has informed the Exchange regarding a press release dated October 03, 2018, titled ""BSE Sign��s Agreement with London Metal Exchange Limited (LME)"".","03-Oct-2018 18:22:00","2018-10-03 18:22:00","-","-","https://nsearchives.nseindia.com/corporate/BSE_03102018182009_NSEintimationmediarelease_244.pdf"
"BSE","BSE Limited","Analysts/Institutional Investor Meet/Con. Call Updates","BSE Limited has informed the Exchange regarding Analysts/Institutional Investor Meet/Con. Call Updates","03-Oct-2018 15:55:00","2018-10-03 15:55:00","-","-","https://nsearchives.nseindia.com/corporate/BSE_03102018154816_NSEintimationinvestormeet_148.pdf"
"BSE","BSE Limited","Analysts/Institutional Investor Meet/Con. Call Updates","BSE Limited has informed the Exchange regarding Analysts/Institutional Investor Meet/Con. Call Updates","26-Sep-2018 17:07:00","2018-09-26 17:07:00","-","-","https://nsearchives.nseindia.com/corporate/BSE_26092018170005_NSEinvestormeet_499.pdf"
"BSE","BSE Limited","Reply to Clarification Sought","BSE:The Exchange had sought clarification from BSE Limited with respect to announcement dated 10-Sep-2018, regarding "" BSE Limited has informed the Exchange regarding a press release dated September 10, 2018, titled ""Filing of petition for development of new Power Exchange in India""."".On basis of above the Company is required to clarify following:1. Quantum of claims, if any<br>2. Expected financial implications, if any, due to compensation, penalty etc;<br>The response of the Company is attached.","24-Sep-2018 18:56:00","2018-09-24 18:56:00","-","-","https://nsearchives.nseindia.com/corporate/listcontract3_24092018183606_ReplytoNSEonPowerexchange_372.pdf"
"BSE","BSE Limited","Updates","BSE Limited has informed the Exchange regarding 'This is to inform you that SEBI vide its letter no. SEBI/HO/CDMRD/DEA/OW/P/2018/ 25880/1 dated September 19, 2018 has granted its approval to BSE to introduce the Commodity Derivative Segment, subject to fulfillment of certain conditions as prescribed therein.'.","19-Sep-2018 19:22:00","2018-09-19 19:22:00","-","-","https://nsearchives.nseindia.com/corporate/BSE_19092018192053_NSEintimationCommodity_485.pdf"
"BSE","BSE Limited","Clarification","BSE:The Exchange has sought clarification from BSE Limited with respect to announcement dated 10-Sep-2018, regarding "" BSE Limited has informed the Exchange regarding a press release dated September 10, 2018, titled ""Filing of petition for development of new Power Exchange in India""."".  On basis of above the Company is required to clarify following: 1. Quantum of claims, if any<br> 2. Expected financial implications, if any, due to compensation, penalty etc;<br>   The response of the Company is awaited.","19-Sep-2018 08:51:00","2018-09-19 08:51:00","-","-","-"
"BSE","BSE Limited","Press Release","BSE Limited has informed the Exchange regarding a press release dated September 10, 2018, titled ""Filing of petition for development of new Power Exchange in India"".","10-Sep-2018 19:14:00","2018-09-10 19:14:00","-","-","https://nsearchives.nseindia.com/corporate/BSE_10092018191321_NSEintimationmediarelease_525.pdf"
"BSE","BSE Limited","Analysts/Institutional Investor Meet/Con. Call Updates","BSE Limited has informed the Exchange regarding Analysts/Institutional Investor Meet/Con. Call Updates","04-Sep-2018 12:56:00","2018-09-04 12:56:00","-","-","https://nsearchives.nseindia.com/corporate/BSE_04092018125542_NSEintimationinvestormeet_501.pdf"
"BSE","BSE Limited","Analysts/Institutional Investor Meet/Con. Call Updates","BSE Limited has informed the Exchange regarding Analysts/Institutional Investor Meet/Con. Call Updates","30-Aug-2018 17:27:00","2018-08-30 17:27:00","-","-","https://nsearchives.nseindia.com/corporate/BSE_30082018171808_NSEintimationinvestormeet_727.pdf"
"BSE","BSE Limited","Analysts/Institutional Investor Meet/Con. Call Updates","BSE Limited has informed the Exchange regarding Analysts/Institutional Investor Meet/Con. Call Updates","21-Aug-2018 17:40:00","2018-08-21 17:40:00","-","-","https://nsearchives.nseindia.com/corporate/BSE_21082018173917_CoveringLetter_211.pdf"
"BSE","BSE Limited","Analysts/Institutional Investor Meet/Con. Call Updates","BSE Limited has informed the Exchange regarding Analysts/Institutional Investor Meet/Con. Call Updates","21-Aug-2018 17:30:00","2018-08-21 17:30:00","-","-","https://nsearchives.nseindia.com/corporate/BSE_21082018172828_NSEIntimationInvestorsmeet21082018_202.pdf"
"BSE","BSE Limited","Analysts/Institutional Investor Meet/Con. Call Updates","BSE Limited has informed the Exchange regarding Analysts/Institutional Investor Meet/Con. Call Updates","14-Aug-2018 12:33:00","2018-08-14 12:33:00","-","-","https://nsearchives.nseindia.com/corporate/Investormeeting1482018_14082018123322_145.zip"
"BSE","BSE Limited","Analysts/Institutional Investor Meet/Con. Call Updates","BSE Limited has informed the Exchange regarding Analysts/Institutional Investor Meet/Con. Call Updates","07-Aug-2018 18:22:00","2018-08-07 18:22:00","-","-","https://nsearchives.nseindia.com/corporate/NSEIntimation_07082018182205_002.zip"
"BSE","BSE Limited","Updates","BSE Limited has informed the Exchange regarding 'Intimation on publication of Newspaper Advertisement - Extract of Standalone and Consolidated Unaudited Financial Results for the Quarter ended June 30, 2018.'.","06-Aug-2018 14:09:00","2018-08-06 14:09:00","-","-","https://nsearchives.nseindia.com/corporate/Newspaperadvt682018_06082018140933_139.zip"
"BSE","BSE Limited","Analysts/Institutional Investor Meet/Con. Call Updates","BSE Limited has informed the Exchange regarding Analysts/Institutional Investor Meet/Con. Call Updates","06-Aug-2018 13:59:00","2018-08-06 13:59:00","-","-","https://nsearchives.nseindia.com/corporate/Investorcall_06082018135938_134.zip"
"BSE","BSE Limited","Shareholders meeting","BSE Limited has submitted the Exchange a copy Srutinizers report of  Annual General Meeting held on August 02, 2018. Further, the company has informed the Exchange regarding voting results.","03-Aug-2018 20:33:00","2018-08-03 20:33:00","-","-","https://nsearchives.nseindia.com/corporate/AGMResults_03082018203333_595.zip"
"BSE","BSE Limited","Investor Presentation","BSE Limited has informed the Exchange regarding Investor Presentation","03-Aug-2018 17:33:00","2018-08-03 17:33:00","-","-","https://nsearchives.nseindia.com/corporate/InvestorPresentationQ1FY19_03082018173331_405.zip"
"BSE","BSE Limited","Outcome of Board Meeting","BSE Limited has informed the Exchange regarding Outcome of Board Meeting held on August 03, 2018.","03-Aug-2018 16:53:00","2018-08-03 16:53:00","-","-","https://nsearchives.nseindia.com/corporate/Outcome_03082018165311_322.zip"
"BSE","BSE Limited","Financial Result Updates","BSE Limited has submitted to the Exchange, the financial results for the period ended June 30, 2018.","03-Aug-2018 16:47:51","2018-08-03 16:47:51","-","-","https://nsearchives.nseindia.com/corporate/quickresults_03082018164751.zip"
"BSE","BSE Limited","Shareholders meeting","BSE Limited has informed the Exchange regarding Proceedings of Annual General Meeting held on August 02, 2018","02-Aug-2018 20:35:00","2018-08-02 20:35:00","-","-","https://nsearchives.nseindia.com/corporate/BSEAGMProceedings_02082018203510_278.zip"
"BSE","BSE Limited","Analysts/Institutional Investor Meet/Con. Call Updates","BSE Limited has informed the Exchange regarding Analysts/Institutional Investor Meet/Con. Call Updates","01-Aug-2018 19:43:00","2018-08-01 19:43:00","-","-","https://nsearchives.nseindia.com/corporate/NSEConferenceCallQ1FY19_01082018194311_637.zip"
"BSE","BSE Limited","Press Release","BSE Limited has informed the Exchange regarding a press release dated August 01, 2018, titled ""BSE Investments Limited acquires 24% stake in CDSL Commodity Repository Limited (CCRL) "".","01-Aug-2018 18:03:00","2018-08-01 18:03:00","-","-","https://nsearchives.nseindia.com/corporate/NSEMediaReleaseCDSLCRLFinal_01082018180338_536.zip"
"BSE","BSE Limited","Updates","BSE Limited has informed the Exchange regarding 'Intimation on publication of newspaper advertisement �� Intimation of Board Meeting.'.","23-Jul-2018 18:13:00","2018-07-23 18:13:00","-","-","https://nsearchives.nseindia.com/corporate/NSEnewspaperadvReg47_23072018181326_835.zip"
"BSE","BSE Limited","Trading Window","BSE Limited has informed the Exchange regarding the Trading Window closure pursuant to SEBI (Prohibition of Insider Trading) Regulations, 2015","19-Jul-2018 18:12:00","2018-07-19 18:12:00","-","-","https://nsearchives.nseindia.com/corporate/NSEintimationBM19072018_19072018181227_623.zip"
"BSE","BSE Limited","Post Buyback Public Announcement","BSE Limited has informed the Exchange regarding Intimation on publication of public advertisement post closure of Buyback.","11-Jul-2018 17:57:00","2018-07-11 17:57:00","-","-","https://nsearchives.nseindia.com/corporate/Newspaperadvertisement_11072018175704_239.zip"
"BSE","BSE Limited","Closure of Buy Back","BSE Limited has informed the Exchange regarding Closure of Buy Back on July 09, 2018","09-Jul-2018 20:35:00","2018-07-09 20:35:00","-","-","https://nsearchives.nseindia.com/corporate/NSEBBClosure09072018_09072018203520_405.zip"
"BSE","BSE Limited","Updates","BSE Limited has informed the Exchange regarding 'Regulation 47(1) of SEBI (Listing Obligations and Disclosure Requirements) Regulations, 2015 (��Listing Regulations��)'.","09-Jul-2018 17:49:00","2018-07-09 17:49:00","-","-","https://nsearchives.nseindia.com/corporate/NSEintimationReg47_09072018_09072018174938_350.zip"
"BSE","BSE Limited","Analysts/Institutional Investor Meet/Con. Call Updates","BSE Limited has informed the Exchange regarding Analysts/Institutional Investor Meet/Con. Call Updates","09-Jul-2018 17:45:00","2018-07-09 17:45:00","-","-","https://nsearchives.nseindia.com/corporate/NSEInvestorMeet09072018_09072018174541_344.zip"
"BSE","BSE Limited","Reply to Clarification Sought","BSE:The Exchange had sought clarification from BSE Limited with respect to announcement dated 30-Jun-2018, regarding "" BSE Limited has informed the Exchange regarding a press release dated Jun 30, 2018, titled ""BSE signs MoU with Bombay Metal Exchange"".On basis of above the Company is required to clarify following:1. Any other disclosures related to such agreements, viz., details of nominee on the board of directors of the listed entity, potential conflict of interest arising out of such agreements, etc;<br>2. Whether�� the�� transaction�� would�� fall�� within�� related�� party�� transactions?�� If�� yes, whether the same is done at�� arms length ;<br>3. Whether,�� the�� said�� parties�� are�� related�� to�� promoter/promoter�� group/�� group companies in any manner. If yes, nature of relationship;<br>4. Significant terms of the agreement (in brief) special rights like right to appoint directors, first right to share subscription in case of issuance of shares, right to restrict any change in capital structure etc.;<br>The response of the Company is attached.","06-Jul-2018 13:35:00","2018-07-06 13:35:00","-","-","https://nsearchives.nseindia.com/corporate/Replytoclarification06072018_06072018133521_115.zip"
"BSE","BSE Limited","Analysts/Institutional Investor Meet/Con. Call Updates","BSE Limited has informed the Exchange regarding Analysts/Institutional Investor Meet/Con. Call Updates","06-Jul-2018 13:21:00","2018-07-06 13:21:00","-","-","https://nsearchives.nseindia.com/corporate/NSEinvestormeet6072018_06072018132137_104.zip"
"BSE","BSE Limited","Shareholders meeting","BSE Limited has informed the Exchange regarding Notice of Annual General Meeting to be held on August 02, 2018","05-Jul-2018 18:20:00","2018-07-05 18:20:00","-","-","https://nsearchives.nseindia.com/corporate/BSEAnnualReport201718_05072018182037_309.zip"
"BSE","BSE Limited","Analysts/Institutional Investor Meet/Con. Call Updates","BSE Limited has informed the Exchange regarding Analysts/Institutional Investor Meet/Con. Call Updates","04-Jul-2018 17:46:00","2018-07-04 17:46:00","-","-","https://nsearchives.nseindia.com/corporate/NSEInvestorMeet04072018_04072018174608_541.zip"
"BSE","BSE Limited","Clarification","BSE:The Exchange has sought clarification from BSE Limited with respect to announcement dated 30-Jun-2018, regarding "" BSE Limited has informed the Exchange regarding a press release dated Jun 30, 2018, titled ""BSE signs MoU with Bombay Metal Exchange""."".  On basis of above the Company is required to clarify following: 1. Any other disclosures related to such agreements, viz., details of nominee on the board of directors of the listed entity, potential conflict of interest arising out of such agreements, etc;<br> 2. Whether  the  transaction  would  fall  within  related  party  transactions?  If  yes, whether the same is done at  arms length ;<br> 3. Whether,  the  said  parties  are  related  to  promoter/promoter  group/  group companies in any manner. If yes, nature of relationship;<br> 4. Significant terms of the agreement (in brief) special rights like right to appoint directors, first right to share subscription in case of issuance of shares, right to restrict any change in capital structure etc.;<br>   The response of the Company is awaited.","03-Jul-2018 19:18:00","2018-07-03 19:18:00","-","-","-"
"BSE","BSE Limited","Press Release","BSE Limited has informed the Exchange regarding a press release dated Jun 30, 2018, titled ""BSE signs MoU with Bombay Metal Exchange"".","30-Jun-2018 13:12:00","2018-06-30 13:12:00","-","-","https://nsearchives.nseindia.com/corporate/NSEMediaRelease30062018_30062018131236_421.zip"
"BSE","BSE Limited","Analysts/Institutional Investor Meet/Con. Call Updates","BSE Limited has informed the Exchange regarding Analysts/Institutional Investor Meet/Con. Call Updates","29-Jun-2018 17:51:00","2018-06-29 17:51:00","-","-","https://nsearchives.nseindia.com/corporate/NSEinvestormeet29062018_29062018175150_302.zip"
"BSE","BSE Limited","Analysts/Institutional Investor Meet/Con. Call Updates","BSE Limited has informed the Exchange regarding Analysts/Institutional Investor Meet/Con. Call Updates","25-Jun-2018 17:45:00","2018-06-25 17:45:00","-","-","https://nsearchives.nseindia.com/corporate/NSEInvestorMeet25062018_25062018174530_306.zip"
"BSE","BSE Limited","Analysts/Institutional Investor Meet/Con. Call Updates","BSE Limited has informed the Exchange regarding Analysts/Institutional Investor Meet/Con. Call Updates","21-Jun-2018 17:25:00","2018-06-21 17:25:00","-","-","https://nsearchives.nseindia.com/corporate/NSEinvestormeet21062018_21062018172537_630.zip"
"BSE","BSE Limited","Analysts/Institutional Investor Meet/Con. Call Updates","BSE Limited has informed the Exchange regarding Analysts/Institutional Investor Meet/Con. Call Updates","12-Jun-2018 17:41:00","2018-06-12 17:41:00","-","-","https://nsearchives.nseindia.com/corporate/NSEinvestormeet12062018_12062018174106_166.zip"
"BSE","BSE Limited","Analysts/Institutional Investor Meet/Con. Call Updates","BSE Limited has informed the Exchange regarding Analysts/Institutional Investor Meet/Con. Call Updates","11-Jun-2018 18:17:00","2018-06-11 18:17:00","-","-","https://nsearchives.nseindia.com/corporate/NSEInvestorMeet11062018_11062018181747_627.zip"
"BSE","BSE Limited","Analysts/Institutional Investor Meet/Con. Call Updates","BSE Limited has informed the Exchange regarding Analysts/Institutional Investor Meet/Con. Call Updates","04-Jun-2018 17:32:00","2018-06-04 17:32:00","-","-","https://nsearchives.nseindia.com/corporate/Investormeeting4062018_04062018173202_496.zip"
"BSE","BSE Limited","Updates","BSE Limited has informed the Exchange regarding 'publication of newspaper advertisement as required under Regulation 47 of SEBI (Listing Obligations and Disclosure Requirements) Regulations, 2015 (��Listing Regulations��)'.","28-May-2018 17:52:00","2018-05-28 17:52:00","-","-","https://nsearchives.nseindia.com/corporate/NSEintimation28052018_28052018175214_309.zip"
"BSE","BSE Limited","Analysts/Institutional Investor Meet/Con. Call Updates","BSE Limited has informed the Exchange regarding Analysts/Institutional Investor Meet/Con. Call Updates","28-May-2018 17:45:00","2018-05-28 17:45:00","-","-","https://nsearchives.nseindia.com/corporate/NSEInvestormeet28052018_28052018174542_291.zip"
"BSE","BSE Limited","Press Release","BSE Limited has informed the Exchange regarding a press release dated May 24, 2018, titled ""BSE signs Memorandum of Understanding with Brink's India Pvt Ltd"".","25-May-2018 11:45:00","2018-05-25 11:45:00","-","-","https://nsearchives.nseindia.com/corporate/NSEMediarelease25052018_25052018114544_054.zip"
"BSE","BSE Limited","Analysts/Institutional Investor Meet/Con. Call Updates","BSE Limited has informed the Exchange regarding Analysts/Institutional Investor Meet/Con. Call Updates","22-May-2018 17:32:00","2018-05-22 17:32:00","-","-","https://nsearchives.nseindia.com/corporate/NSEinvestormeet_22052018173238_453.zip"
"BSE","BSE Limited","Analysts/Institutional Investor Meet/Con. Call Updates","BSE Limited has informed the Exchange regarding Analysts/Institutional Investor Meet/Con. Call Updates","21-May-2018 17:24:00","2018-05-21 17:24:00","-","-","https://nsearchives.nseindia.com/corporate/NSEintimationinvestormeet21052018_21052018172451_523.zip"
"BSE","BSE Limited","Press Release","BSE Limited has informed the Exchange regarding a press release dated May 16, 2018, titled ""BSE becomes India��s first exchange to be recognized as a DesignatedOffshore Securities Market by the US SEC"".","16-May-2018 18:28:00","2018-05-16 18:28:00","-","-","https://nsearchives.nseindia.com/corporate/NSE_MediaRelase16052018_16052018182829_509.zip"
"BSE","BSE Limited","Analysts/Institutional Investor Meet/Con. Call Updates","BSE Limited has informed the Exchange regarding Analysts/Institutional Investor Meet/Con. Call Updates","15-May-2018 18:22:00","2018-05-15 18:22:00","-","-","https://nsearchives.nseindia.com/corporate/NSEinvestormeet15052018_15052018182257_105.zip"
"BSE","BSE Limited","News Clarification","The Exchange has sought clarification from the Company with respect to news item captioned- "" BSE plans to begin insurance distribution biz by year-end"". The response from the company is attached.","14-May-2018 18:20:00","2018-05-14 18:20:00","-","-","https://nsearchives.nseindia.com/corporate/NSENewsClarification14052018_14052018182020_556.zip"
"BSE","BSE Limited","News Clarification","The Exchange has sought clarification from the Company with respect to news item captioned- "" BSE plans to begin insurance distribution biz by year-end"" In this regard, Exchange has advised the Company to provide clarification/confirmation on the news item in detail including the following: a) Whether such event/negotiations/article stated in published news were taking place? If so, you are advised to provide the said information along with the sequence of events in chronological order and the material impact of this article on the Company. b) Whether company is aware of any information that has not been announced to the Exchanges under regulation 30 of Listing Regulations. The response from the Company is awaited.","14-May-2018 12:14:00","2018-05-14 12:14:00","-","-","-"
"BSE","BSE Limited","Analysts/Institutional Investor Meet/Con. Call Updates","BSE Limited has informed the Exchange regarding Analysts/Institutional Investor Meet/Con. Call Updates","10-May-2018 18:50:00","2018-05-10 18:50:00","-","-","https://nsearchives.nseindia.com/corporate/TranscriptBSELimitedQ4FY18EarningsConferenceCall_10052018185041_341.zip"
"BSE","BSE Limited","Analysts/Institutional Investor Meet/Con. Call Updates","BSE Limited has informed the Exchange regarding Analysts/Institutional Investor Meet/Con. Call Updates","10-May-2018 18:45:00","2018-05-10 18:45:00","-","-","https://nsearchives.nseindia.com/corporate/InvestorMeet10052018_10052018184539_337.zip"
"BSE","BSE Limited","Investor Presentation","BSE Limited has informed the Exchange regarding Investor Presentation","04-May-2018 16:03:00","2018-05-04 16:03:00","-","-","https://nsearchives.nseindia.com/corporate/InvestorpresentationQ4FY2018_04052018160302_190.zip"
"BSE","BSE Limited","Record Date","BSE Limited has informed the Exchange that the Company has fixed Record Date as July 26, 2018 for the purpose of Final Dividend, Subject to Shareholders Approval.","04-May-2018 14:49:00","2018-05-04 14:49:00","-","-","https://nsearchives.nseindia.com/corporate/outcomeBM452018_04052018144901_124.zip"
"BSE","BSE Limited","Dividend","BSE Limited has informed the Exchange that the Board of Directors of the Company at its meeting held on May 04, 2018 has Recommended a payment of dividend of Rs.31 /- per equity share of face value of Rs.2 /- each. The proposal is subject to the approval of shareholders at the ensuing thirteenth Annual General Meeting scheduled to be held on August 2, 2018. After taking into account the interim dividend of Rs.5/- per equity share paid in the month of February, 2018, the total dividend for the financial year stands at Rs.36 /- per equity share of face value of Rs. 2/- each.","04-May-2018 14:44:00","2018-05-04 14:44:00","-","-","https://nsearchives.nseindia.com/corporate/BSE_oBM_04052018144455.zip"
"BSE","BSE Limited","Outcome of Board Meeting","BSE Limited has informed the Exchange regarding  Board meeting held on May 04, 2018.","04-May-2018 14:34:00","2018-05-04 14:34:00","-","-","https://nsearchives.nseindia.com/corporate/outcomeBM452018_04052018143457_110.zip"
"BSE","BSE Limited","Financial Result Updates","BSE Limited has submitted to the Exchange, the financial results for the period ended March 31, 2018.","04-May-2018 14:32:40","2018-05-04 14:32:40","-","-","https://nsearchives.nseindia.com/corporate/outcomeBM452018_04052018143240.zip"
"BSE","BSE Limited","Analysts/Institutional Investor Meet/Con. Call Updates","BSE Limited has informed the Exchange regarding Analysts/Institutional Investor Meet/Con. Call Updates","03-May-2018 18:39:00","2018-05-03 18:39:00","-","-","https://nsearchives.nseindia.com/corporate/ConferencecallMay42018_03052018183916_228.zip"
"BSE","BSE Limited","Clarification","BSE Limited has informed the Exchange that News clarification under Regulation 30 (11) of SEBI (Listing Obligations and Disclosure Requirements) Regulations, 2015.","30-Apr-2018 08:31:00","2018-04-30 08:31:00","-","-","https://nsearchives.nseindia.com/corporate/Newsclarification29042018_30042018083147_485.zip"
"BSE","BSE Limited","Updates","BSE Limited has informed the Exchange regarding 'Intimation on publication of newspaper advertisement as required under Regulation 47(1) of SEBI (Listing Obligations and Disclosure Requirements) Regulations, 2015 (��Listing Regulations��)'.","25-Apr-2018 18:03:00","2018-04-25 18:03:00","-","-","https://nsearchives.nseindia.com/corporate/NSEintimationREG47-25042018_25042018180317_264.zip"
"BSE","BSE Limited","Trading Window","BSE Limited has informed the Exchange regarding the Trading Window closure pursuant to SEBI (Prohibition of Insider Trading) Regulations, 2015","24-Apr-2018 19:16:00","2018-04-24 19:16:00","-","-","https://nsearchives.nseindia.com/corporate/NSEBMintimation04052018_24042018191639_919.zip"
"BSE","BSE Limited","Updates","BSE Limited has informed the Exchange regarding update on Buyback of equity shares of face value of Rs. 2 each ( Equity shares) by BSE Limited ( the Company) from the open market through stock exchanges (""Buyback"") in accordance with the Securities and exchange Board of India (Buy back of Securities) regulation, 1998,as amended.","11-Apr-2018 20:12:00","2018-04-11 20:12:00","-","-","https://nsearchives.nseindia.com/corporate/NSEreportingExtinguishment_11042018201204_586.zip"
"BSE","BSE Limited","Analysts/Institutional Investor Meet/Con. Call Updates","BSE Limited has informed the Exchange regarding Analysts/Institutional Investor Meet/Con. Call Updates","10-Apr-2018 14:53:00","2018-04-10 14:53:00","-","-","https://nsearchives.nseindia.com/corporate/NSEinvestormeet10042018_10042018145334_137.zip"
"BSE","BSE Limited","Change in Director(s)","BSE Limited has informed the Exchange regarding Change in Director(s) of the company.","02-Apr-2018 19:31:00","2018-04-02 19:31:00","-","-","https://nsearchives.nseindia.com/corporate/NSEIntimationRolandSchwinn_02042018193113_551.zip"
"BSE","BSE Limited","Resignation","BSE Limited has informed the Exchange regarding Resignation of Mr Roland Schwinn as Non- Executive Director of the company w.e.f. April 02, 2018.","02-Apr-2018 19:28:00","2018-04-02 19:28:00","-","-","https://nsearchives.nseindia.com/corporate/NSEIntimationRolandSchwinn_02042018192834_549.zip"
"BSE","BSE Limited","Analysts/Institutional Investor Meet/Con. Call Updates","BSE Limited has informed the Exchange regarding Analysts/Institutional Investor Meet/Con. Call Updates","02-Apr-2018 13:21:00","2018-04-02 13:21:00","-","-","https://nsearchives.nseindia.com/corporate/NSEInvestormeet02042018_02042018132158_213.zip"
"BSE","BSE Limited","Analysts/Institutional Investor Meet/Con. Call Updates","BSE Limited has informed the Exchange regarding Analysts/Institutional Investor Meet/Con. Call Updates","27-Mar-2018 18:24:00","2018-03-27 18:24:00","-","-","https://nsearchives.nseindia.com/corporate/NSEInvestormeet27032018_27032018182425_189.zip"
"BSE","BSE Limited","Analysts/Institutional Investor Meet/Con. Call Updates","BSE Limited has informed the Exchange regarding Analysts/Institutional Investor Meet/Con. Call Updates","26-Mar-2018 13:10:00","2018-03-26 13:10:00","-","-","https://nsearchives.nseindia.com/corporate/NSEinvestormeet26032018_26032018131006_106.zip"
"BSE","BSE Limited","Analysts/Institutional Investor Meet/Con. Call Updates","BSE Limited has informed the Exchange regarding Analysts/Institutional Investor Meet/Con. Call Updates","21-Mar-2018 17:52:00","2018-03-21 17:52:00","-","-","https://nsearchives.nseindia.com/corporate/InvestorMeet21032018_21032018175256_330.zip"
"BSE","BSE Limited","Analysts/Institutional Investor Meet/Con. Call Updates","BSE Limited has informed the Exchange regarding Analysts/Institutional Investor Meet/Con. Call Updates","16-Mar-2018 20:16:00","2018-03-16 20:16:00","-","-","https://nsearchives.nseindia.com/corporate/InvestorMeet16032018_16032018201625_521.zip"
"BSE","BSE Limited","Appointment","BSE Limited has informed the Exchange regarding Appointment of Mr David Wright as Non- Executive Independent Director of the company w.e.f. March 16, 2018.","16-Mar-2018 17:30:00","2018-03-16 17:30:00","-","-","https://nsearchives.nseindia.com/corporate/NSEintimationsapptDavidWright_16032018173032_421.zip"
"BSE","BSE Limited","Analysts/Institutional Investor Meet/Con. Call Updates","BSE Limited has informed the Exchange regarding Analysts/Institutional Investor Meet/Con. Call Updates","13-Mar-2018 18:41:00","2018-03-13 18:41:00","-","-","https://nsearchives.nseindia.com/corporate/InvestorMeet13032018_13032018184139_999.zip"
"BSE","BSE Limited","Analysts/Institutional Investor Meet/Con. Call Updates","BSE Limited has informed the Exchange regarding Analysts/Institutional Investor Meet/Con. Call Updates","12-Mar-2018 16:13:00","2018-03-12 16:13:00","-","-","https://nsearchives.nseindia.com/corporate/NSEIntimationInvestorMeet12032018_12032018161328_663.zip"
"BSE","BSE Limited","Analysts/Institutional Investor Meet/Con. Call Updates","BSE Limited has informed the Exchange regarding Analysts/Institutional Investor Meet/Con. Call Updates","06-Mar-2018 16:39:00","2018-03-06 16:39:00","-","-","https://nsearchives.nseindia.com/corporate/InvestorMeet_06032018163922_141.zip"
"BSE","BSE Limited","Analysts/Institutional Investor Meet/Con. Call Updates","BSE Limited has informed the Exchange regarding Analysts/Institutional Investor Meet/Con. Call Updates","01-Mar-2018 15:44:00","2018-03-01 15:44:00","-","-","https://nsearchives.nseindia.com/corporate/NSEInvestormeet01032018_01032018154441_002.zip"
"BSE","BSE Limited","Analysts/Institutional Investor Meet/Con. Call Updates","BSE Limited has informed the Exchange regarding Analysts/Institutional Investor Meet/Con. Call Updates","01-Mar-2018 15:23:00","2018-03-01 15:23:00","-","-","https://nsearchives.nseindia.com/corporate/NSEInvestorMeetCancelIntimation_01032018152318_134.zip"
"BSE","BSE Limited","Analysts/Institutional Investor Meet/Con. Call Updates","BSE Limited has informed the Exchange regarding Analysts/Institutional Investor Meet/Con. Call Updates","28-Feb-2018 18:12:00","2018-02-28 18:12:00","-","-","https://nsearchives.nseindia.com/corporate/NSEInvestormeet28022018_28022018181258_207.zip"
"BSE","BSE Limited","Analysts/Institutional Investor Meet/Con. Call Updates","BSE Limited has informed the Exchange regarding Analysts/Institutional Investor Meet/Con. Call Updates","27-Feb-2018 11:13:00","2018-02-27 11:13:00","-","-","https://nsearchives.nseindia.com/corporate/NSEInvestormeet27022018_27022018111356_807.zip"
"BSE","BSE Limited","Analysts/Institutional Investor Meet/Con. Call Updates","BSE Limited has informed the Exchange regarding Analysts/Institutional Investor Meet/Con. Call Updates","22-Feb-2018 16:15:00","2018-02-22 16:15:00","-","-","https://nsearchives.nseindia.com/corporate/NSEIntimationInvestorCall22022018_22022018161530_105.zip"
"BSE","BSE Limited","Updates","BSE Limited has informed the Exchange regarding report pursuant to Regulation 19 (4) of the Buyback Regulations regarding the equity shares bought-back on from February 01, 2018 to February 14, 2018. Total no. of equity shares bought back are 106680","20-Feb-2018 17:56:00","2018-02-20 17:56:00","-","-","https://nsearchives.nseindia.com/corporate/NSEIntimationforextinguishment_20022018175653_845.zip"
"BSE","BSE Limited","Analysts/Institutional Investor Meet/Con. Call Updates","BSE Limited has informed the Exchange regarding Analysts/Institutional Investor Meet/Con. Call Updates","19-Feb-2018 14:55:00","2018-02-19 14:55:00","-","-","https://nsearchives.nseindia.com/corporate/NSEIntimationInvestorMeet19022018_19022018145526_513.zip"
"BSE","BSE Limited","Analysts/Institutional Investor Meet/Con. Call Updates","BSE Limited has informed the Exchange regarding Analysts/Institutional Investor Meet/Con. Call Updates","12-Feb-2018 16:43:00","2018-02-12 16:43:00","-","-","https://nsearchives.nseindia.com/corporate/BSETranscriptConferencecall_12022018164309_082.zip"
"BSE","BSE Limited","Analysts/Institutional Investor Meet/Con. Call Updates","BSE Limited has informed the Exchange regarding Analysts/Institutional Investor Meet/Con. Call Updates","05-Feb-2018 17:43:00","2018-02-05 17:43:00","-","-","https://nsearchives.nseindia.com/corporate/NSEintimationInvestorMeet_05022018174346_611.zip"
"BSE","BSE Limited","Investor Presentation","BSE Limited has informed the Exchange regarding Investor Presentation","02-Feb-2018 17:11:00","2018-02-02 17:11:00","-","-","https://nsearchives.nseindia.com/corporate/NSEIntimation_02022018171142_426.zip"
"BSE","BSE Limited","Record Date","BSE Limited has informed the Exchange that the Company has fixed Record Date as February 17, 2018 for the purpose of Interim Dividend","02-Feb-2018 14:19:00","2018-02-02 14:19:00","-","-","https://nsearchives.nseindia.com/corporate/Recorddate_02022018141948_216.zip"
"BSE","BSE Limited","Record Date","BSE Limited has informed the Exchange that the Company has fixed Record Date as February 17, 2018 for the purpose of interim dividend","02-Feb-2018 13:43:00","2018-02-02 13:43:00","-","-","https://nsearchives.nseindia.com/corporate/BSE_02022018134312.zip"
"BSE","BSE Limited","Dividend","BSE Limited has informed the Exchange that the Board of Directors of the Company at its meeting held on February 02, 2018 has declared an Interim dividend of Rs.5.00 per equity share.","02-Feb-2018 13:37:00","2018-02-02 13:37:00","-","-","https://nsearchives.nseindia.com/corporate/BSE_02022018133725.zip"
"BSE","BSE Limited","Financial Result Updates","BSE Limited has submitted to the Exchange, the financial results for the period ended December 31, 2017.","02-Feb-2018 13:31:33","2018-02-02 13:31:33","-","-","https://nsearchives.nseindia.com/corporate/BSE_02022018133133.zip"
"BSE","BSE Limited","Outcome of Board Meeting","BSE Limited has informed the Exchange regarding Outcome of Board Meeting held on February 02, 2018.","02-Feb-2018 13:28:00","2018-02-02 13:28:00","-","-","https://nsearchives.nseindia.com/corporate/BMOutcome222018_02022018132848_179.zip"
"BSE","BSE Limited","Analysts/Institutional Investor Meet/Con. Call Updates","BSE Limited has informed the Exchange regarding Analysts/Institutional Investor Meet/Con. Call Updates","30-Jan-2018 16:11:00","2018-01-30 16:11:00","-","-","https://nsearchives.nseindia.com/corporate/NSEIntimation_30012018161146_325.zip"
"BSE","BSE Limited","Change in Director(s)","BSE Limited has informed the Exchange regarding Change in Director(s) of the company. Dr. Krishnaswamy Kasturirangan has retired from the position of Public Interest Director, from the Board of the Company, with effect from January 22, 2018, on successful completion of his term as Public Interest Director.","23-Jan-2018 11:20:00","2018-01-23 11:20:00","-","-","https://nsearchives.nseindia.com/corporate/NSEIntimationKasturiranganRetirement_23012018112030_437.zip"
"BSE","BSE Limited","Public Announcement - Buyback of Shares","BSE Limited has submitted to the Exchange that a copy of the Public Announcement for the Buyback being made pursuant to the provisions of the Securities and Exchange Board of India (Buy back of Securities) Regulations, 1998","23-Jan-2018 08:46:00","2018-01-23 08:46:00","-","-","https://nsearchives.nseindia.com/corporate/NSEIntimationPABSE_23012018084652_414.zip"
"BSE","BSE Limited","Updates","BSE Limited has informed the Exchange regarding 'Intimation on publication of newspaper advertisement as required under Regulation 47(1) of SEBI (Listing Obligations and Disclosure Requirements) Regulations, 2015 (��Listing Regulations��)'.","22-Jan-2018 18:35:00","2018-01-22 18:35:00","-","-","https://nsearchives.nseindia.com/corporate/NSEintimationReg47_1__22012018183509_327.zip"
"BSE","BSE Limited","Trading Window","BSE Limited has informed the Exchange regarding the Trading Window closure pursuant to SEBI (Prohibition of Insider Trading) Regulations, 2015","18-Jan-2018 17:49:00","2018-01-18 17:49:00","-","-","https://nsearchives.nseindia.com/corporate/NSEIntimation_18012018174928_270.zip"
"BSE","BSE Limited","Appointment","BSE Limited has informed the Exchange regarding Appointment of Mr Shri S S Mundra as Non- Executive Independent Director of the company w.e.f. January 17, 2018.","17-Jan-2018 18:58:00","2018-01-17 18:58:00","-","-","https://nsearchives.nseindia.com/corporate/NSEIntimationapptofssmundra_17012018185807_322.zip"
"BSE","BSE Limited","Buyback","BSE Limited has informed the Exchange regarding Proposed Buy-back of equity shares of BSE Limited from the Open Market through Stock Exchange.","16-Jan-2018 18:29:00","2018-01-16 18:29:00","-","-","https://nsearchives.nseindia.com/corporate/LettertoNSEBoardResolution_16012018182920_616.zip"
"BSE","BSE Limited","Press Release","BSE Limited has informed the Exchange regarding a press release dated January 15, 2018, titled ""BSE Limited��s (��Company��) Board approves the proposal for Buyback of its Equity Shares"".","15-Jan-2018 17:59:00","2018-01-15 17:59:00","-","-","https://nsearchives.nseindia.com/corporate/BSEMEDIARELEASE_15012018175903_265.zip"
"BSE","BSE Limited","Buyback","BSE Limited has informed the Exchange that the Board of Directors of the Company at its meeting held January 15, 2018 has inter-alia approved the Buyback proposal for purchase by the Company of its fully paid-up equity shares of face value of Re. 2/- each (""Equity Shares"" and such buyback, the ""Buyback""), from the shareholders/beneficial owners of the Company, at a price not exceeding Re. 1,100 (Rupees One Thousand and One Hundred Only) per Equity Share (""Maximum Buyback Price"") from the open market through stock exchange mechanism in such manner as may be prescribed in the Securities and Exchange Board of India (Buy Back of Securities) Regulations, 1998 (""Buy-back Regulations"") and the Companies Act, 2013 (""Act"") (including any statutory modification(s) or re-enactment of the Act or Buy-back Regulations, for the time being in force).","15-Jan-2018 17:01:00","2018-01-15 17:01:00","-","-","https://nsearchives.nseindia.com/corporate/bm_15012018170150_233.zip"
"BSE","BSE Limited","Outcome of Board Meeting","BSE Limited has informed the Exchange regarding Outcome of Board Meeting held on January 15, 2018 - Buyback of Equity Shares","15-Jan-2018 16:56:00","2018-01-15 16:56:00","-","-","https://nsearchives.nseindia.com/corporate/bm_15012018165618_229.zip"
"BSE","BSE Limited","Shareholders meeting","BSE Limited has submitted the Exchange a copy Srutinizers report of  Postal Ballot. Further, the company has informed the Exchange regarding voting results.","11-Jan-2018 17:59:00","2018-01-11 17:59:00","-","-","https://nsearchives.nseindia.com/corporate/PostalBallotResultsandscrutinizerreportBSE_11012018175931_208.zip"
"BSE","BSE Limited","Analysts/Institutional Investor Meet/Con. Call Updates","BSE Limited has informed the Exchange regarding Analysts/Institutional Investor Meet/Con. Call Updates","27-Dec-2017 12:32:00","2017-12-27 12:32:00","-","-","https://nsearchives.nseindia.com/corporate/InvestormeetBSE_27122017123219_677.zip"
"BSE","BSE Limited","Analysts/Institutional Investor Meet/Con. Call Updates","BSE Limited has informed the Exchange regarding Analysts/Institutional Investor Meet/Con. Call Updates","22-Dec-2017 15:22:00","2017-12-22 15:22:00","-","-","https://nsearchives.nseindia.com/corporate/AnalystMeet22Dec2017_22122017152238_080.zip"
"BSE","BSE Limited","Analysts/Institutional Investor Meet/Con. Call Updates","BSE Limited has informed the Exchange regarding Analysts/Institutional Investor Meet/Con. Call Updates","12-Dec-2017 18:26:00","2017-12-12 18:26:00","-","-","https://nsearchives.nseindia.com/corporate/Investormeet_12122017182643_630.zip"
"BSE","BSE Limited","Press Release","BSE Limited has informed the Exchange regarding a press release dated December 12, 2017, titled ""BSE to file proceedings against defaulting listed companies under Insolvency and Bankruptcy Code, 2016"".","12-Dec-2017 18:20:00","2017-12-12 18:20:00","-","-","https://nsearchives.nseindia.com/corporate/MediaRelease12122017_12122017182050_621.zip"
"BSE","BSE Limited","Shareholders meeting","BSE Limited has informed the Exchange regarding Notice of Postal Ballot","08-Dec-2017 17:59:00","2017-12-08 17:59:00","-","-","https://nsearchives.nseindia.com/corporate/IntimationPostalBallotnotice_08122017175949_900.zip"
"BSE","BSE Limited","Analysts/Institutional Investor Meet/Con. Call Updates","BSE Limited has informed the Exchange regarding Analysts/Institutional Investor Meet/Con. Call Updates","08-Dec-2017 11:01:00","2017-12-08 11:01:00","-","-","https://nsearchives.nseindia.com/corporate/Investoranalystmeetbse_08122017110100_688.zip"
"BSE","BSE Limited","Analysts/Institutional Investor Meet/Con. Call Updates","BSE Limited has informed the Exchange regarding Analysts/Institutional Investor Meet/Con. Call Updates","04-Dec-2017 15:16:00","2017-12-04 15:16:00","-","-","https://nsearchives.nseindia.com/corporate/InvestorMeet5122017_04122017151650_023.zip"
"BSE","BSE Limited","Analysts/Institutional Investor Meet/Con. Call Updates","BSE Limited has informed the Exchange regarding Analysts/Institutional Investor Meet/Con. Call Updates","01-Dec-2017 11:48:00","2017-12-01 11:48:00","-","-","https://nsearchives.nseindia.com/corporate/InvestorMeet1122017_01122017114835_412.zip"
"BSE","BSE Limited","Analysts/Institutional Investor Meet/Con. Call Updates","BSE Limited has informed the Exchange regarding Analysts/Institutional Investor Meet/Con. Call Updates","24-Nov-2017 17:02:00","2017-11-24 17:02:00","-","-","https://nsearchives.nseindia.com/corporate/Investors_Presentation_Q2_FY18_Nov17_Updated_24112017170259_825.zip"
"BSE","BSE Limited","Analysts/Institutional Investor Meet/Con. Call Updates","BSE Limited has informed the Exchange regarding Analysts/Institutional Investor Meet/Con. Call Updates","20-Nov-2017 11:18:00","2017-11-20 11:18:00","-","-","https://nsearchives.nseindia.com/corporate/InvestorMeetCancellation_20112017111808_565.zip"
"BSE","BSE Limited","Analysts/Institutional Investor Meet/Con. Call Updates","BSE Limited has informed the Exchange regarding Analysts/Institutional Investor Meet/Con. Call Updates","17-Nov-2017 18:34:00","2017-11-17 18:34:00","-","-","https://nsearchives.nseindia.com/corporate/Investor_Meeting_20_Nov_2017_17112017183441_323.zip"
"BSE","BSE Limited","Analysts/Institutional Investor Meet/Con. Call Updates","BSE Limited has informed the Exchange regarding Analysts/Institutional Investor Meet/Con. Call Updates","17-Nov-2017 18:32:00","2017-11-17 18:32:00","-","-","https://nsearchives.nseindia.com/corporate/Conference_Call_Transcript_03_Nov_2017_17112017183223_318.zip"
"BSE","BSE Limited","Analysts/Institutional Investor Meet/Con. Call Updates","BSE Limited has informed the Exchange regarding Analysts/Institutional Investor Meet/Con. Call Updates","15-Nov-2017 10:33:00","2017-11-15 10:33:00","-","-","https://nsearchives.nseindia.com/corporate/InvestorMeet15112017_15112017103356_289.zip"
"BSE","BSE Limited","Analysts/Institutional Investor Meet/Con. Call Updates","BSE Limited has informed the Exchange regarding Analysts/Institutional Investor Meet/Con. Call Updates","14-Nov-2017 10:38:00","2017-11-14 10:38:00","-","-","https://nsearchives.nseindia.com/corporate/InvestorMeet_14112017103838_475.zip"
"BSE","BSE Limited","Updates","BSE Limited has informed the Exchange regarding 'Further to our letter dated November 3, 2017 on captioned subject, we would like to inform you that, SEBI vide its letter No. MRD/OW/27928/1/2017, has approved the appointment of Shri S Ravi, Public Interest Director as the Chairman of the Board of Directors of the Company w.e.f. November 13, 2017. Copy of SEBI letter dated November 13, 2017 attached herewith for your ready reference.'.","13-Nov-2017 13:30:00","2017-11-13 13:30:00","-","-","https://nsearchives.nseindia.com/corporate/Chairperson_intimation_13112017133053_876.zip"
"BSE","BSE Limited","Press Release","BSE Limited has informed the Exchange regarding a press release dated November 10, 2017, titled ""Marketplace to become Service Bureau of SWIFT in India"".","10-Nov-2017 11:15:00","2017-11-10 11:15:00","-","-","https://nsearchives.nseindia.com/corporate/BSEPR10112017_10112017111503_060.zip"
"BSE","BSE Limited","Analysts/Institutional Investor Meet/Con. Call Updates","BSE Limited has informed the Exchange regarding Analysts/Institutional Investor Meet/Con. Call Updates","09-Nov-2017 10:44:00","2017-11-09 10:44:00","-","-","https://nsearchives.nseindia.com/corporate/InvestorMeet8112017_09112017104419_514.zip"
"BSE","BSE Limited","Analysts/Institutional Investor Meet/Con. Call Updates","BSE Limited has informed the Exchange regarding Analysts/Institutional Investor Meet/Con. Call Updates","08-Nov-2017 10:59:00","2017-11-08 10:59:00","-","-","https://nsearchives.nseindia.com/corporate/InvestorMeeting_08112017105939_031.zip"
"BSE","BSE Limited","Analysts/Institutional Investor Meet/Con. Call Updates","BSE Limited has informed the Exchange regarding Analysts/Institutional Investor Meet/Con. Call Updates","03-Nov-2017 17:07:00","2017-11-03 17:07:00","-","-","https://nsearchives.nseindia.com/corporate/Investor_Meeting_06_Nov_2017_03112017170707_512.zip"
"BSE","BSE Limited","Investor Presentation","BSE Limited has informed the Exchange regarding Investor Presentation","03-Nov-2017 17:01:00","2017-11-03 17:01:00","-","-","https://nsearchives.nseindia.com/corporate/Investor_Presentation_Nov_2017_03112017170136_504.zip"
"BSE","BSE Limited","Change in Director(s)","BSE Limited has informed the Exchange regarding Change in Director(s) of the company.","03-Nov-2017 16:25:00","2017-11-03 16:25:00","-","-","https://nsearchives.nseindia.com/corporate/Change_in_Directorate_03112017162507_449.zip"
"BSE","BSE Limited","Financial Result Updates","BSE Limited has submitted to the Exchange, the financial results for the period ended September 30, 2017.","03-Nov-2017 16:19:39","2017-11-03 16:19:39","-","-","https://nsearchives.nseindia.com/corporate/Quick_Results_BM_03_Nov_2017_03112017161939.zip"
"BSE","BSE Limited","Outcome of Board Meeting","BSE Limited has informed the Exchange regarding Outcome of Board Meeting held on November 03, 2017.","03-Nov-2017 16:16:00","2017-11-03 16:16:00","-","-","https://nsearchives.nseindia.com/corporate/Outcome_BM_03_Nov_2017_03112017161659_421.zip"
"BSE","BSE Limited","Analysts/Institutional Investor Meet/Con. Call Updates","BSE Limited has informed the Exchange regarding Analysts/Institutional Investor Meet/Con. Call Updates","30-Oct-2017 17:18:00","2017-10-30 17:18:00","-","-","https://nsearchives.nseindia.com/corporate/ConCallSigned4Nov2017_30102017171808_268.zip"
"BSE","BSE Limited","News Clarification","The Exchange had sought clarification from the Company with respect to news item captioned ""Bombay Stock Exchange and Mumbai civic body squabble over Rs 1.4 crore penalty"". The response from the Company as follow - a. Whether such article stated in published news were taking place? If so, you are advised to provide the said information along with the sequence of events in chronological order. Response: At the outset, we would like to strongly deny ��illegal�� activity being carried on by the Company. The Company has taken permission and BMC has provided written permission to put up the bollard and barriers as per the instructions of the Mumbai Police. The barriers and bollards have been erected only after receiving the permission from the Corporation. b. The material impact of this article on the Company. Response: There is no material impact of this article on the Company. c. Whether company is aware of any information that has not been announced to the Exchanges under regulation 30 of Listing Regulations. If so, you are advised to provide the said information and the reasons for not disclosing the same to the Exchange earlier as required under Regulation 30 of the Listing Regulations. Response: The Company has been and will continue to disseminate all material information that is required to be disclosed to the Exchange under Regulation 30 of the Listing Regulations. To our knowledge, there is no information under Regulation 30 of the Listing Regulations that requires disclosure and has not been announced by the Company to the Exchange.","27-Oct-2017 19:07:00","2017-10-27 19:07:00","-","-","-"
"BSE","BSE Limited","News Clarification","The Exchange has sought clarification from the Company with respect to news item captioned ��Bombay Stock Exchange and Mumbai civic body squabble over Rs 1.4 crore penalty��. In this regard, Exchange has advised the Company to provide clarification/confirmation on the news item in detail including the following: a) Whether such event/negotiations/article stated in published news were taking place? If so, you are advised to provide the said information along with the sequence of events in chronological order and the material impact of this article on the Company. b) Whether company is aware of any information that has not been announced to the Exchanges under regulation 30 of Listing Regulations. The response from the Company is awaited","27-Oct-2017 17:04:00","2017-10-27 17:04:00","-","-","-"
"BSE","BSE Limited","Press Release","BSE Limited has informed the Exchange regarding a press release dated October 26, 2017, titled ""India��s Premier Stock Exchange BSE and World��s largest Insurance Exchange Ebix, Inc. Sign MOU to Launch Joint Venture Company, for Setting up Pioneering Insurance Distribution Network in India"".","26-Oct-2017 13:25:00","2017-10-26 13:25:00","-","-","https://nsearchives.nseindia.com/corporate/BSE_26102017132554_118.zip"
"BSE","BSE Limited","Trading Window","BSE Limited has informed the Exchange regarding the Trading Window closure pursuant to SEBI (Prohibition of Insider Trading) Regulations, 2015","23-Oct-2017 18:50:00","2017-10-23 18:50:00","-","-","https://nsearchives.nseindia.com/corporate/BMintimation3112017_23102017185012_900.zip"
"BSE","BSE Limited","Shareholders meeting","BSE Limited has submitted the Exchange a copy Srutinizers report of  Postal Ballot. Further, the company has informed the Exchange regarding voting results.","17-Oct-2017 19:37:00","2017-10-17 19:37:00","-","-","https://nsearchives.nseindia.com/corporate/PostalBallotResultsBSE_17102017193721_106.zip"
"BSE","BSE Limited","News Clarification","The Exchange had sought clarification from the Company with respect to news item captioned ""Massive data breach hits 6,000 Indian organisations including govt offices, banks: Quick Heal"". The response from the Company is enclosed.","09-Oct-2017 08:51:00","2017-10-09 08:51:00","-","-","https://nsearchives.nseindia.com/corporate/BSEReplynewsclarification_09102017085116_430.zip"
"BSE","BSE Limited","News Clarification","The Exchange has sought clarification from the Company with respect to news item captioned ��Massive data breach hits 6,000 Indian organisations including govt offices, banks: Quick Heal��. In this regard, Exchange has advised the Company to provide clarification/confirmation on the news item in detail including the following: a) Whether such event/negotiations/article stated in published news were taking place? If so, you are advised to provide the said information along with the sequence of events in chronological order and the material impact of this article on the Company. b) Whether company is aware of any information that has not been announced to the Exchanges under regulation 30 of Listing Regulations. The response from the Company is awaited.","05-Oct-2017 19:23:00","2017-10-05 19:23:00","-","-","-"
"BSE","BSE Limited","Analysts/Institutional Investor Meet/Con. Call Updates","BSE Limited has informed the Exchange regarding Analysts/Institutional Investor Meet/Con. Call Updates","26-Sep-2017 17:09:00","2017-09-26 17:09:00","-","-","https://nsearchives.nseindia.com/corporate/InvestoMeet2809_26092017170906_291.zip"
"BSE","BSE Limited","Analysts/Institutional Investor Meet/Con. Call Updates","BSE Limited has informed the Exchange regarding Analysts/Institutional Investor Meet/Con. Call Updates","26-Sep-2017 16:02:00","2017-09-26 16:02:00","-","-","https://nsearchives.nseindia.com/corporate/InvestorMeet2609_26092017160256_246.zip"
"BSE","BSE Limited","Analysts/Institutional Investor Meet/Con. Call Updates","BSE Limited has informed the Exchange regarding Analysts/Institutional Investor Meet/Con. Call Updates","21-Sep-2017 13:08:00","2017-09-21 13:08:00","-","-","https://nsearchives.nseindia.com/corporate/NSEIntimationPostponement_21092017130806_088.zip"
"BSE","BSE Limited","Shareholders meeting","BSE Limited has informed the Exchange regarding Notice of Postal Ballot","18-Sep-2017 11:23:00","2017-09-18 11:23:00","-","-","https://nsearchives.nseindia.com/corporate/BSEPostalBallotNotice_18092017112328_226.zip"
"BSE","BSE Limited","Analysts/Institutional Investor Meet/Con. Call Updates","BSE Limited has informed the Exchange regarding Analysts/Institutional Investor Meet/Con. Call Updates","15-Sep-2017 17:09:00","2017-09-15 17:09:00","-","-","https://nsearchives.nseindia.com/corporate/InvestorMeet15092017_15092017170929_508.zip"
"BSE","BSE Limited","Analysts/Institutional Investor Meet/Con. Call Updates","BSE Limited has informed the Exchange regarding Analysts/Institutional Investor Meet/Con. Call Updates","14-Sep-2017 15:09:00","2017-09-14 15:09:00","-","-","https://nsearchives.nseindia.com/corporate/InvestorMeetingBSE1492017_14092017150916_938.zip"
"BSE","BSE Limited","Change in Auditors","BSE Limited has informed the Exchange regarding Change in Auditors of the company.","05-Sep-2017 12:09:00","2017-09-05 12:09:00","-","-","https://nsearchives.nseindia.com/corporate/BSE_Intimation_of_appointment_of_Auditors_05092017120935_489.zip"
"BSE","BSE Limited","Shareholders meeting","BSE Limited has submitted the Exchange a copy Srutinizers report of  Annual General Meeting held on September 04, 2017. Further, the company has informed the Exchange regarding voting results.","04-Sep-2017 21:59:00","2017-09-04 21:59:00","-","-","https://nsearchives.nseindia.com/corporate/12_AGM_Results_Reg_44_SEBI_LODR_04092017215926_432.zip"
"BSE","BSE Limited","Shareholders meeting","BSE Limited has informed the Exchange regarding Proceedings of Annual General Meeting held on September 04, 2017","04-Sep-2017 21:52:00","2017-09-04 21:52:00","-","-","https://nsearchives.nseindia.com/corporate/BSE12thAGMproceedings_04092017215245_431.zip"
"BSE","BSE Limited","Analysts/Institutional Investor Meet/Con. Call Updates","BSE Limited has informed the Exchange regarding Analysts/Institutional Investor Meet/Con. Call Updates","04-Sep-2017 18:33:00","2017-09-04 18:33:00","-","-","https://nsearchives.nseindia.com/corporate/InvestorConference06092017_04092017183323_400.zip"
"BSE","BSE Limited","Press Release","BSE Limited has informed the Exchange regarding a press release dated August 28, 2017, titled ""Re-appointment of Shri Ashishkumar Chauhan as Managing Director & CEO subject to Shareholders  Approval"".","28-Aug-2017 18:24:00","2017-08-28 18:24:00","-","-","https://nsearchives.nseindia.com/corporate/MediaReleaseMDReappointment_28082017182416_132.zip"
"BSE","BSE Limited","Analysts/Institutional Investor Meet/Con. Call Updates","BSE Limited has informed the Exchange regarding Analysts/Institutional Investor Meet/Con. Call Updates","22-Aug-2017 16:56:00","2017-08-22 16:56:00","-","-","https://nsearchives.nseindia.com/corporate/BSEInvestorConference23082017_22082017165634_726.zip"
"BSE","BSE Limited","Analysts/Institutional Investor Meet/Con. Call Updates","BSE Limited has informed the Exchange regarding Analysts/Institutional Investor Meet/Con. Call Updates","17-Aug-2017 18:09:00","2017-08-17 18:09:00","-","-","https://nsearchives.nseindia.com/corporate/InvestorMeet1822082017_17082017180902_223.zip"
"BSE","BSE Limited","Analysts/Institutional Investor Meet/Con. Call Updates","BSE Limited has informed the Exchange regarding Analysts/Institutional Investor Meet/Con. Call Updates","17-Aug-2017 11:32:00","2017-08-17 11:32:00","-","-","https://nsearchives.nseindia.com/corporate/InvestorMeet17082017_17082017113211_087.zip"
"BSE","BSE Limited","Analysts/Institutional Investor Meet/Con. Call Updates","BSE Limited has informed the Exchange regarding Analysts/Institutional Investor Meet/Con. Call Updates","11-Aug-2017 13:32:00","2017-08-11 13:32:00","-","-","https://nsearchives.nseindia.com/corporate/Transcript_Conferecne_Call_Aug_3_2017_11082017133225_246.zip"
"BSE","BSE Limited","Record Date","BSE Limited has informed the Exchange that the Company has fixed Record Date as August 28, 2017 for the purpose of Record Date for Final Dividend, if declared in AGM","05-Aug-2017 13:42:00","2017-08-05 13:42:00","-","-","https://nsearchives.nseindia.com/corporate/IntimationforAGMnoticeandrecorddate-BSE_05082017134219_049.zip"
"BSE","BSE Limited","Shareholders meeting","BSE Limited has informed the Exchange regarding Notice of Annual General Meeting to be held on September 04, 2017","04-Aug-2017 23:28:00","2017-08-04 23:28:00","-","-","https://nsearchives.nseindia.com/corporate/IntimationforAGMnoticeandrecorddate-BSE_04082017232844_260.zip"
"BSE","BSE Limited","Investor Presentation","BSE Limited has informed the Exchange regarding Investor Presentation","03-Aug-2017 16:03:00","2017-08-03 16:03:00","-","-","https://nsearchives.nseindia.com/corporate/BSEInvestorPresentation03082017_03082017160324_386.zip"
"BSE","BSE Limited","Outcome of Board Meeting","BSE Limited has informed the Exchange regarding Outcome of Board Meeting held on August 03, 2017.","03-Aug-2017 13:58:00","2017-08-03 13:58:00","-","-","https://nsearchives.nseindia.com/corporate/OutcomeofBoardMeeting3082017_03082017135856_246.zip"
"BSE","BSE Limited","Financial Result Updates","BSE Limited has submitted to the Exchange, the financial results for the period ended June 30, 2017.","03-Aug-2017 13:49:36","2017-08-03 13:49:36","-","-","https://nsearchives.nseindia.com/corporate/OutcomeofBoardMeeting3082017_03082017134936.zip"
"BSE","BSE Limited","Press Release","BSE Limited has informed the Exchange regarding a press release dated August 01, 2017, titled ""BSE receives SEBI  No Objection  to act as a  Facilitator  in non-competitive bidding in the auction of Government Securities and T-Bills"".","01-Aug-2017 18:34:00","2017-08-01 18:34:00","-","-","https://nsearchives.nseindia.com/corporate/MediaReleaseAugust12017_01082017183436_458.zip"
"BSE","BSE Limited","Appointment of Chairman","BSE Limited has informed the Exchange that SEBI vide its letter has approved the appointment of Shri Dhirendra Swarup, Public Interest Director as the Chairman of the Board of Directors of the Company w.e.f. July 31, 2017.","01-Aug-2017 16:49:00","2017-08-01 16:49:00","-","-","https://nsearchives.nseindia.com/corporate/AppointmentofChairmanBSE_01082017164908_287.zip"
"BSE","BSE Limited","Analysts/Institutional Investor Meet/Con. Call Updates","BSE Limited has informed the Exchange regarding Analysts/Institutional Investor Meet/Con. Call Updates","31-Jul-2017 19:09:00","2017-07-31 19:09:00","-","-","https://nsearchives.nseindia.com/corporate/ConCallJuly312017_31072017190932_699.zip"
"BSE","BSE Limited","Press Release","BSE Limited has informed the Exchange regarding a press release dated July 21, 2017, titled "" BSE wins Business World Digital Leadership and CIO Award "".","21-Jul-2017 15:11:00","2017-07-21 15:11:00","-","-","https://nsearchives.nseindia.com/corporate/MediaRelease-BSEwinsBusinessWorldDigitalLeadershipandCIOAward-21072017_21072017151155_645.zip"
"BSE","BSE Limited","Analysts/Institutional Investor Meet/Con. Call Updates","BSE Limited has informed the Exchange regarding Analysts/Institutional Investor Meet/Con. Call Updates","12-Jul-2017 12:39:00","2017-07-12 12:39:00","-","-","https://nsearchives.nseindia.com/corporate/InvestorMeetIntimation_12072017123920_072.zip"
"BSE","BSE Limited","Analysts/Institutional Investor Meet/Con. Call Updates","BSE Limited has informed the Exchange regarding Analysts/Institutional Investor Meet/Con. Call Updates","11-Jul-2017 14:55:00","2017-07-11 14:55:00","-","-","https://nsearchives.nseindia.com/corporate/InvestorMeetIntimation11072017_11072017145527_640.zip"
"BSE","BSE Limited","Spurt in Volume","Significant increase in volume has been observed in BSE Limited. The Exchange, in order to ensure that investors have latest relevant information about the company and to inform the market place so that the interest of the investors is safeguarded, had written to the company. BSE Limited has submitted their response.","10-Jul-2017 13:18:00","2017-07-10 13:18:00","-","-","https://nsearchives.nseindia.com/corporate/BSE_6872_reply_10072017131821.zip"
"BSE","BSE Limited","Spurt in Volume","Significant increase in volume has been observed in BSE Limited. The Exchange, in order to ensure that investors have latest relevant information about the company and to inform the market place so that the interest of the investors is safeguarded, has written to the company. The response from the company is awaited.","10-Jul-2017 11:33:00","2017-07-10 11:33:00","-","-","-"
"BSE","BSE Limited","Appointment of Chairman","BSE Limited has informed the Exchange that the Board of Directors of the Company has, at its meeting held on July 07, 2017 approved the appointment of Shri Dhirendra Swarup , Public Interest Director as the Chairman of the Board of Directors of the Company, subject to the approval of SEBI.","07-Jul-2017 19:05:00","2017-07-07 19:05:00","-","-","https://nsearchives.nseindia.com/corporate/Intimationaboutchairmanappointment_07072017190508_080.zip"
"BSE","BSE Limited","Analysts/Institutional Investor Meet/Con. Call Updates","BSE Limited has informed the Exchange regarding Analysts/Institutional Investor Meet/Con. Call Updates","06-Jul-2017 11:40:00","2017-07-06 11:40:00","-","-","https://nsearchives.nseindia.com/corporate/InvestorMeetCancelled06072017_06072017114007_077.zip"
"BSE","BSE Limited","Press Release","BSE Limited has informed the Exchange regarding a press release dated July 04, 2017, titled ""Promoter s pledged share s data for the month of June 2017 listed on BSE"".","04-Jul-2017 18:25:00","2017-07-04 18:25:00","-","-","https://nsearchives.nseindia.com/corporate/NseIntimationPressRelease04072017(2)final_04072017182549_040.zip"
"BSE","BSE Limited","Press Release","BSE Limited has informed the Exchange regarding a press release dated July 04, 2017, titled ""TRADE-TO-TRADE SCRIPS   Inclusions in  T , XT  or  ST  Group"".","04-Jul-2017 13:32:00","2017-07-04 13:32:00","-","-","https://nsearchives.nseindia.com/corporate/NseIntimationPressrelease04072017_04072017133225_830.zip"
"BSE","BSE Limited","Press Release","BSE Limited has informed the Exchange regarding a press release dated July 03, 2017, titled ""BSE resolved 75 investors  complaints against companies during the month of June, 2017"".","03-Jul-2017 17:53:00","2017-07-03 17:53:00","-","-","https://nsearchives.nseindia.com/corporate/BSEMediaRelease3072017_03072017175337_547.zip"
"BSE","BSE Limited","Updates","BSE Limited has informed the Exchange that 26.05% stake sale in Central Depository Services (India) Ltd. ( CDSL ) subsidiary of the Company. Accordingly, CDSL ceased to be a subsidiary of the Company and will become an associate company with effect from June 29, 2017.","30-Jun-2017 21:08:00","2017-06-30 21:08:00","-","-","https://nsearchives.nseindia.com/corporate/IntimationofCDSLstakesale_30062017210813_957.zip"
"BSE","BSE Limited","Change in Director(s)","BSE Limited has informed the Exchange that Shri Sudhakar Rao has retired from the position of Public Interest Director and Chairman, from the Board of the Company, with effect from June 28, 2017, on successful completion of his term as Public Interest Director. Further, the Board meeting of the Company is scheduled to be held on July 7, 2017, to select the Chairman.","29-Jun-2017 13:24:00","2017-06-29 13:24:00","-","-","https://nsearchives.nseindia.com/corporate/IntimationofCessationShriSudhakarRao_29062017132456_121.zip"
"BSE","BSE Limited","Analysts/Institutional Investor Meet/Con. Call Updates","BSE Limited has informed the Exchange regarding Analysts/Institutional Investor Meet/Con. Call Updates","27-Jun-2017 17:06:00","2017-06-27 17:06:00","-","-","https://nsearchives.nseindia.com/corporate/InvestorMeetIntimation_27062017170629_143.zip"
"BSE","BSE Limited","Press Release","BSE Limited has informed the Exchange regarding a press release dated Jun 27, 2017, titled ""BSE Ltd and Legasis Services Pvt Ltd enter into a strategic engagement for jointly promoting Compliance, Ethics and Governance for companies and other relevant stakeholders "".","27-Jun-2017 13:39:00","2017-06-27 13:39:00","-","-","https://nsearchives.nseindia.com/corporate/BSELegasisMediaReleaseJune272017_27062017133909_024.zip"
"BSE","BSE Limited","Updates","BSE Limited has informed the Exchange regarding Intimation for publication of newspaper advertisement as required under Regulation 47 of SEBI (Listing Obligations and Disclosure Requirements) Regulations, 2015 ( Listing Regulations ).","15-Jun-2017 13:15:00","2017-06-15 13:15:00","-","-","https://nsearchives.nseindia.com/corporate/NewspaperPublicationIntimation_15062017131507_209.zip"
"BSE","BSE Limited","Analysts/Institutional Investor Meet/Con. Call Updates","BSE Limited has informed the Exchange regarding Analysts/Institutional Investor Meet/Con. Call Updates","13-Jun-2017 16:33:00","2017-06-13 16:33:00","-","-","https://nsearchives.nseindia.com/corporate/Investor_intimation_13062017163324_702.zip"
"BSE","BSE Limited","Analysts/Institutional Investor Meet/Con. Call Updates","BSE Limited has informed the Exchange regarding Analysts/Institutional Investor Meet/Con. Call Updates","13-Jun-2017 14:45:00","2017-06-13 14:45:00","-","-","https://nsearchives.nseindia.com/corporate/InvestorMeetIntimation_13062017144528_645.zip"
"BSE","BSE Limited","Change in Director(s)","BSE Limited has informed the Exchange regarding Appointment of Mr. Roland Schwinn in place of Mr. Thomas Bendixen.","13-Jun-2017 14:39:00","2017-06-13 14:39:00","-","-","https://nsearchives.nseindia.com/corporate/intimation_of_change_in_director_13062017143948_641.zip"
"BSE","BSE Limited","Analysts/Institutional Investor Meet/Con. Call Updates","BSE Limited has informed the Exchange regarding Analysts/Institutional Investor Meet/Con. Call Updates","12-Jun-2017 13:35:00","2017-06-12 13:35:00","-","-","https://nsearchives.nseindia.com/corporate/InvestorMeetingIntimation_12062017133527_290.zip"
"BSE","BSE Limited","Analysts/Institutional Investor Meet/Con. Call Updates","BSE Limited has informed the Exchange regarding Analysts/Institutional Investor Meet/Con. Call Updates","09-Jun-2017 15:20:00","2017-06-09 15:20:00","-","-","https://nsearchives.nseindia.com/corporate/InvestorMeetIntimation_09062017152026_153.zip"
"BSE","BSE Limited","Analysts/Institutional Investor Meet/Con. Call Updates","BSE Limited has informed the Exchange regarding Analysts/Institutional Investor Meet/Con. Call Updates","06-Jun-2017 17:43:00","2017-06-06 17:43:00","-","-","https://nsearchives.nseindia.com/corporate/InvestorMeet06062017_06062017174337_271.zip"
"BSE","BSE Limited","Analysts/Institutional Investor Meet/Con. Call Updates","BSE Limited has informed the Exchange regarding Analysts/Institutional Investor Meet/Con. Call Updates","05-Jun-2017 18:40:00","2017-06-05 18:40:00","-","-","https://nsearchives.nseindia.com/corporate/InvestorMeet06062017(2)_05062017184049_641.zip"
"BSE","BSE Limited","Analysts/Institutional Investor Meet/Con. Call Updates","BSE Limited has informed the Exchange regarding Analysts/Institutional Investor Meet/Con. Call Updates","05-Jun-2017 18:10:00","2017-06-05 18:10:00","-","-","https://nsearchives.nseindia.com/corporate/InvestorMeet06062017_05062017181058_624.zip"
"BSE","BSE Limited","Investor Presentation","BSE Limited has informed the Exchange regarding Investor Presentation","05-Jun-2017 11:28:00","2017-06-05 11:28:00","-","-","https://nsearchives.nseindia.com/corporate/Investorpresentation6062017_05062017112847_375.zip"
"BSE","BSE Limited","Analysts/Institutional Investor Meet/Con. Call Updates","BSE Limited has informed the Exchange regarding Analysts/Institutional Investor Meet/Con. Call Updates","01-Jun-2017 15:49:00","2017-06-01 15:49:00","-","-","https://nsearchives.nseindia.com/corporate/Investor_Meet_intimation_01062017154922_692.zip"
"BSE","BSE Limited","Analysts/Institutional Investor Meet/Con. Call Updates","BSE Limited has informed the Exchange regarding Analysts/Institutional Investor Meet/Con. Call Updates","31-May-2017 10:52:00","2017-05-31 10:52:00","-","-","https://nsearchives.nseindia.com/corporate/Investor_Meeting_Intimation_31052017105226_876.zip"
"BSE","BSE Limited","Analysts/Institutional Investor Meet/Con. Call Updates","BSE Limited has informed the Exchange regarding Analysts/Institutional Investor Meet/Con. Call Updates","30-May-2017 14:44:00","2017-05-30 14:44:00","-","-","https://nsearchives.nseindia.com/corporate/Investor_Meeting_Intitmation_30052017144423_883.zip"
"BSE","BSE Limited","Analysts/Institutional Investor Meet/Con. Call Updates","BSE Limited has informed the Exchange regarding Analysts/Institutional Investor Meet/Con. Call Updates","30-May-2017 10:48:00","2017-05-30 10:48:00","-","-","https://nsearchives.nseindia.com/corporate/Investor_Meeting_Intitmation_30052017104848_666.zip"
"BSE","BSE Limited","Investor Presentation","BSE Limited has informed the Exchange regarding Investor Presentation","29-May-2017 09:36:00","2017-05-29 09:36:00","-","-","https://nsearchives.nseindia.com/corporate/Investor_Presentation_29052017093625_607.zip"
"BSE","BSE Limited","Analysts/Institutional Investor Meet/Con. Call Updates","BSE Limited has informed the Exchange regarding Analysts/Institutional Investor Meet/Con. Call Updates","29-May-2017 09:32:00","2017-05-29 09:32:00","-","-","https://nsearchives.nseindia.com/corporate/Investor_Meeting_Intitmation_29052017093251_606.zip"
"BSE","BSE Limited","Analysts/Institutional Investor Meet/Con. Call Updates","BSE Limited has informed the Exchange regarding Analysts/Institutional Investor Meet/Con. Call Updates","22-May-2017 12:12:00","2017-05-22 12:12:00","-","-","https://nsearchives.nseindia.com/corporate/Investor_Meeting_Intitmation_22052017121231_621.zip"
"BSE","BSE Limited","Updates","BSE Limited has informed the Exchange regarding update on appointment of Shri Kuldip Singh Dhingra as Shareholder Director.","18-May-2017 16:56:00","2017-05-18 16:56:00","-","-","https://nsearchives.nseindia.com/corporate/ShriKuldipSinghDhingra_18052017165617_206.zip"
"BSE","BSE Limited","Analysts/Institutional Investor Meet/Con. Call Updates","BSE Limited has informed the Exchange regarding Analysts/Institutional Investor Meet/Con. Call Updates","17-May-2017 10:52:00","2017-05-17 10:52:00","-","-","https://nsearchives.nseindia.com/corporate/Investor_Meeting_Intitmation_17052017105236_113.zip"
"BSE","BSE Limited","Analysts/Institutional Investor Meet/Con. Call Updates","BSE Limited has informed the Exchange regarding Analysts/Institutional Investor Meet/Con. Call Updates","16-May-2017 13:19:00","2017-05-16 13:19:00","-","-","https://nsearchives.nseindia.com/corporate/Investor_Meeting_Intitmation_16052017131909_291.zip"
"BSE","BSE Limited","Updates","BSE Limited has informed the Exchange regarding Transcript of the Conference Call held on May 05, 2017.","12-May-2017 16:07:00","2017-05-12 16:07:00","-","-","https://nsearchives.nseindia.com/corporate/Transcript_Conference_Call_May_05_2017_12052017160757_304.zip"
"BSE","BSE Limited","Analysts/Institutional Investor Meet/Con. Call Updates","BSE Limited has informed the Exchange regarding Analysts/Institutional Investor Meet/Con. Call Updates","09-May-2017 18:20:00","2017-05-09 18:20:00","-","-","https://nsearchives.nseindia.com/corporate/Investor_Meeting_Intimation_09052017182059_726.zip"
"BSE","BSE Limited","Updates","BSE Limited has informed the Exchange regarding Contact Details of Personnel of the Company authorized under Regulation 30(5) of the Securities and Exchange Board of India (Listing Obligations and Disclosure Requirements) Regulations, 2015.","08-May-2017 17:06:00","2017-05-08 17:06:00","-","-","https://nsearchives.nseindia.com/corporate/Contact_Details_KMP_to_determine_materiality_of_event_and_information_08052017170605_118.zip"
"BSE","BSE Limited","Investor Presentation","BSE Limited has informed the Exchange regarding Investor Presentation","05-May-2017 17:10:00","2017-05-05 17:10:00","-","-","https://nsearchives.nseindia.com/corporate/Investor_Presentation_Q4_FY17_05052017171035_263.zip"
"BSE","BSE Limited","Outcome of Board Meeting","BSE Limited has informed the Exchange regarding Outcome of Board Meeting held on May 05, 2017.","05-May-2017 14:29:00","2017-05-05 14:29:00","-","-","https://nsearchives.nseindia.com/corporate/Outcome_of_Board_meeting_05052017142928_100.zip"
"BSE","BSE Limited","Financial Result Updates","BSE Limited has submitted to the Exchange, the financial results for the period ended March 31, 2017.","05-May-2017 14:28:42","2017-05-05 14:28:42","-","-","https://nsearchives.nseindia.com/corporate/Outcome_of_Board_meeting_05052017142842.zip"
"BSE","BSE Limited","Dividend","BSE Limited has informed the Exchange that Board of Directors at its meeting held on May 05, 2017, recommended Final Dividend of Rs. 23 per equity share.","05-May-2017 14:22:00","2017-05-05 14:22:00","-","-","https://nsearchives.nseindia.com/corporate/Outcome_of_Board_meeting_05052017142206_095.zip"
"BSE","BSE Limited","Analysts/Institutional Investor Meet/Con. Call Updates","BSE Limited has informed the Exchange regarding Analysts/Institutional Investor Meet/Con. Call Updates","04-May-2017 09:36:00","2017-05-04 09:36:00","-","-","https://nsearchives.nseindia.com/corporate/Investor_Meeting_Intitmation_04052017093602_467.zip"
"BSE","BSE Limited","Analysts/Institutional Investor Meet/Con. Call Updates","BSE Limited has informed the Exchange regarding Analysts/Institutional Investor Meet/Con. Call Updates","17-Apr-2017 14:03:00","2017-04-17 14:03:00","-","-","https://nsearchives.nseindia.com/corporate/Investor_Meeting_Intimation_17042017140306_285.zip"
"BSE","BSE Limited","Analysts/Institutional Investor Meet/Con. Call Updates","BSE Limited has informed the Exchange regarding Analysts/Institutional Investor Meet/Con. Call Updates","17-Apr-2017 13:40:00","2017-04-17 13:40:00","-","-","https://nsearchives.nseindia.com/corporate/Investor_Meeting_Intitmation_17042017134007_278.zip"
"BSE","BSE Limited","Analysts/Institutional Investor Meet/Con. Call Updates","BSE Limited has informed the Exchange regarding Analysts/Institutional Investor Meet/Con. Call Updates","13-Apr-2017 14:05:00","2017-04-13 14:05:00","-","-","https://nsearchives.nseindia.com/corporate/Investor_Meeting_Intimation_13042017140541_424.zip"
"BSE","BSE Limited","Analysts/Institutional Investor Meet/Con. Call Updates","BSE Limited has informed the Exchange regarding Analysts/Institutional Investor Meet/Con. Call Updates","12-Apr-2017 11:38:00","2017-04-12 11:38:00","-","-","https://nsearchives.nseindia.com/corporate/Investor_Meeting_Intitmation_12042017113848_930.zip"
"BSE","BSE Limited","Analysts/Institutional Investor Meet/Con. Call Updates","BSE Limited has informed the Exchange regarding Analysts/Institutional Investor Meet/Con. Call Updates","11-Apr-2017 16:16:00","2017-04-11 16:16:00","-","-","https://nsearchives.nseindia.com/corporate/Investor_Meeting_Intimation_11042017161651_449.zip"
"BSE","BSE Limited","Analysts/Institutional Investor Meet/Con. Call Updates","BSE Limited has informed the Exchange regarding Analysts/Institutional Investor Meet/Con. Call Updates","10-Apr-2017 17:52:00","2017-04-10 17:52:00","-","-","https://nsearchives.nseindia.com/corporate/Investor_Meeting_Intitmation_10042017175201_213.zip"
"BSE","BSE Limited","Shareholders meeting","BSE Limited has submitted the Exchange a copy Srutinizers report of  Postal Ballot. Further, the company has informed the Exchange regarding voting results.","05-Apr-2017 14:36:00","2017-04-05 14:36:00","-","-","https://nsearchives.nseindia.com/corporate/Postal_Ballot_Result_05_April_2017_05042017143605_597.zip"
"BSE","BSE Limited","Updates","BSE Limited has informed the Exchange regarding Code of Practices and Procedures for Fair Disclosure of Unpublished Price Sensitive Information (UPSI).","31-Mar-2017 17:58:00","2017-03-31 17:58:00","-","-","https://nsearchives.nseindia.com/corporate/Code_of_fair_disclosure_of_UPSI_31032017175830_436.zip"
"BSE","BSE Limited","Analysts/Institutional Investor Meet/Con. Call Updates","BSE Limited has informed the Exchange regarding Analysts/Institutional Investor Meet/Con. Call Updates","30-Mar-2017 18:23:00","2017-03-30 18:23:00","-","-","https://nsearchives.nseindia.com/corporate/Investor_Meeting_Intitmation_30032017182337_396.zip"
"BSE","BSE Limited","Analysts/Institutional Investor Meet/Con. Call Updates","BSE Limited has informed the Exchange regarding Analysts/Institutional Investor Meet/Con. Call Updates","27-Mar-2017 17:18:00","2017-03-27 17:18:00","-","-","https://nsearchives.nseindia.com/corporate/Investor_Meeting_Intitmation_27032017171810_614.zip"
"BSE","BSE Limited","Analysts/Institutional Investor Meet/Con. Call Updates","BSE Limited has informed the Exchange regarding Analysts/Institutional Investor Meet/Con. Call Updates","24-Mar-2017 11:27:00","2017-03-24 11:27:00","-","-","https://nsearchives.nseindia.com/corporate/Investor_Meeting_Intitmation_24032017112752_039.zip"
"BSE","BSE Limited","Analysts/Institutional Investor Meet/Con. Call Updates","BSE Limited has informed the Exchange regarding Analysts/Institutional Investor Meet/Con. Call Updates","22-Mar-2017 15:11:00","2017-03-22 15:11:00","-","-","https://nsearchives.nseindia.com/corporate/Investor_Meeting_Intitmation_22032017151143_900.zip"
"BSE","BSE Limited","Analysts/Institutional Investor Meet/Con. Call Updates","BSE Limited has informed the Exchange regarding Analysts/Institutional Investor Meet/Con. Call Updates","21-Mar-2017 12:00:00","2017-03-21 12:00:00","-","-","https://nsearchives.nseindia.com/corporate/Investor_Meeting_Intitmation_21032017120046_414.zip"
"BSE","BSE Limited","Investor Presentation","BSE Limited has informed the Exchange regarding Investor Presentation","17-Mar-2017 11:36:00","2017-03-17 11:36:00","-","-","https://nsearchives.nseindia.com/corporate/Investor_Presentation_17_March_2017_17032017113620_414.zip"
"BSE","BSE Limited","Analysts/Institutional Investor Meet/Con. Call Updates","BSE Limited has informed the Exchange regarding Analysts/Institutional Investor Meet/Con. Call Updates","16-Mar-2017 12:33:00","2017-03-16 12:33:00","-","-","https://nsearchives.nseindia.com/corporate/Investor_Meeting_Intitmation_16032017123334_086.zip"
"BSE","BSE Limited","Postal Ballot Updates","BSE Limited has submitted to the Exchange the newspaper advertisement to members intimating about completion of the dispatch of postal ballot notices and forms.","10-Mar-2017 13:13:00","2017-03-10 13:13:00","-","-","https://nsearchives.nseindia.com/corporate/BSE_10032017131357.zip"
"BSE","BSE Limited","Analysts/Institutional Investor Meet/Con. Call Updates","BSE Limited has informed the Exchange regarding Analysts/Institutional Investor Meet/Con. Call Updates","09-Mar-2017 14:45:00","2017-03-09 14:45:00","-","-","https://nsearchives.nseindia.com/corporate/Investor_Meeting_Intitmation_09032017144510_141.zip"
"BSE","BSE Limited","Shareholders meeting","BSE Limited has informed the Exchange regarding Notice of Postal Ballot","23-Feb-2017 14:07:00","2017-02-23 14:07:00","-","-","https://nsearchives.nseindia.com/corporate/Postal_Ballot_Notice_14_02_2017_BSE_23022017140737_159.zip"
"BSE","BSE Limited","Analysts/Institutional Investor Meet/Con. Call Updates","BSE Limited has informed the Exchange regarding Analysts/Institutional Investor Meet/Con. Call Updates","22-Feb-2017 18:40:00","2017-02-22 18:40:00","-","-","https://nsearchives.nseindia.com/corporate/Intimation_Analyst_Institutional_Investor_Meeting_22022017184020_850.zip"
"BSE","BSE Limited","Investor Presentation","BSE Limited has informed the Exchange regarding Investor Presentation","14-Feb-2017 19:16:00","2017-02-14 19:16:00","-","-","https://nsearchives.nseindia.com/corporate/Investor_Presentation_Febraury_2017_14022017191652_496.zip"
"BSE","BSE Limited","Record Date","BSE Limited has informed the Exchange that the Company has fixed Record Date as February 24, 2017 for the purpose of interim dividend of Rs.5/- per equity share.","14-Feb-2017 15:18:00","2017-02-14 15:18:00","-","-","https://nsearchives.nseindia.com/corporate/Interim_Dividend_Record_Date_14022017151812_078.zip"
"BSE","BSE Limited","Outcome of Board Meeting","BSE Limited has informed the Exchange regarding the Outcome of Board Meeting of the Company held on February 14, 2017.","14-Feb-2017 14:54:00","2017-02-14 14:54:00","-","-","https://nsearchives.nseindia.com/corporate/BSE_14022017145407.zip"
"BSE","BSE Limited","Financial Result Updates","BSE Limited has submitted to the Exchange, the financial results for the period ended December 31, 2016.","14-Feb-2017 14:52:44","2017-02-14 14:52:44","-","-","https://nsearchives.nseindia.com/corporate/BSE_Outcome_of_BM_14_02_2017_14022017145244.zip"
"BSE","BSE Limited","Dividend","BSE Limited has informed the Exchange that the Board of Directors of the Company has, at its meeting held on February 14, 2017, declared an interim dividend of Rs. 5 /- per equity share.","14-Feb-2017 14:51:00","2017-02-14 14:51:00","-","-","https://nsearchives.nseindia.com/corporate/BSE_Outcome_of_BM_14_02_2017_14022017145149_034.zip"