"SYMBOL","COMPANY NAME","SUBJECT","DETAILS","BROADCAST DATE/TIME","RECEIPT","DISSEMINATION","DIFFERENCE","ATTACHMENT"
"COALINDIA","Coal India Limited","Press Release","Coal India Limited has informed the Exchange regarding a press release dated October 01, 2026, titled ""Coal India Ramps Up Coal Supplies by 12.5% in September Amid Rising Power Demand"".","01-Oct-2026 15:41:50","2026-10-01 15:41:50","01-Oct-2026 15:41:51","00:00:01","https://nsearchives.nseindia.com/corporate/COALINDIA_01102026154137_Press_Release.pdf"
"COALINDIA","Coal India Limited","General Updates","Single Window Mode Agnostic (SWMA) E-auction Data of CIL and Subsidiary Companies for the month of Sep 26 & cumulative for the month of Apr 26-Sep 26.","01-Oct-2026 12:35:35","2026-10-01 12:35:35","01-Oct-2026 12:35:37","00:00:02","https://nsearchives.nseindia.com/corporate/COALINDIA_01102026123140_SWMA_E-auction_Data.pdf"
"COALINDIA","Coal India Limited","General Updates","Provisional Production and Off-take Performance of CIL and Subsidiary Companies for the month of September 26 and Progressive September 26.","01-Oct-2026 11:31:46","2026-10-01 11:31:46","01-Oct-2026 11:31:47","00:00:01","https://nsearchives.nseindia.com/corporate/COALINDIA_01102026113136_Production_Sep_26.pdf"
"COALINDIA","Coal India Limited","General Updates","Non-Binding Memorandum of Understanding (MoU) between Coal India Limited and Hindustan Urvarak & Rasayan Limited (HURL) - Reg","29-Sep-2026 14:33:01","2026-09-29 14:33:01","29-Sep-2026 14:33:02","00:00:01","https://nsearchives.nseindia.com/corporate/COALINDIA_29092026143252_HURL_MOU.pdf"
"COALINDIA","Coal India Limited","Change in Management","Disclosure under Regulation 30 of SEBI (Listing Obligations and Disclosure Requirements), Regulations 2015- Change in Senior Management","29-Sep-2026 10:03:19","2026-09-29 10:03:19","29-Sep-2026 10:03:20","00:00:01","https://nsearchives.nseindia.com/corporate/COALINDIA_29092026100307_Shri_Anjani_Kumar.pdf"
"COALINDIA","Coal India Limited","Trading Window","Coal India Limited has informed the Exchange regarding the Trading Window closure pursuant to SEBI (Prohibition of Insider Trading) Regulations, 2015","24-Sep-2026 14:46:07","2026-09-24 14:46:07","24-Sep-2026 14:46:09","00:00:02","https://nsearchives.nseindia.com/corporate/COALINDIA_24092026144558_Letter_Stock_Exchange.pdf"
"COALINDIA","Coal India Limited","Disclosure under SEBI Takeover Regulations","Coal India Limited has Submitted to the Exchange a copy of Disclosure under Regulation 31(4) of the Securities and Exchange Board of India (Substantial Acquisition of Shares and Takeovers) Regulations, 2011.","24-Sep-2026 12:12:25","2026-09-24 12:12:25","24-Sep-2026 12:12:25","00:00:00","https://nsearchives.nseindia.com/corporate/team_bbodade_20052026165249_COALINDIA.pdf"
"COALINDIA","Coal India Limited","General Updates","Appointment of Smt. Sona Kumari (DIN-11835630) as Non- Official Independent Director, on the Board of Northern Coalfields Limited (NCL), a wholly owned subsidiary of Coal India Limited.","17-Sep-2026 17:42:38","2026-09-17 17:42:38","17-Sep-2026 17:42:39","00:00:01","https://nsearchives.nseindia.com/corporate/COALINDIA_17092026174227_Sonancl.pdf"
"COALINDIA","Coal India Limited","Press Release","Coal India Limited has informed the Exchange regarding a press release dated September 09, 2026, titled ""NCL picks up Production and Dispatch pace as Monsoon recedes"".","09-Sep-2026 16:52:46","2026-09-09 16:52:46","09-Sep-2026 16:52:46","00:00:00","https://nsearchives.nseindia.com/corporate/COALINDIA_09092026165222_Press_Release_0909.pdf"
"COALINDIA","Coal India Limited","Change in Auditors","Coal India Limited has informed the Exchange regarding Change in Auditors of the company.","09-Sep-2026 16:36:34","2026-09-09 16:36:34","09-Sep-2026 16:36:35","00:00:01","https://nsearchives.nseindia.com/corporate/COALINDIA_09092026163610_Auditor_for_FY_2027.pdf"
"COALINDIA","Coal India Limited","General Updates","Disclosure under Regulation 30 of SEBI LODR, 2015   Filing of DRHP of Mahanadi Coalfields Limited (MCL), a wholly owned Subsidiary of CIL.","02-Sep-2026 10:33:35","2026-09-02 10:33:35","02-Sep-2026 10:33:36","00:00:01","https://nsearchives.nseindia.com/corporate/COALINDIA_02092026103250_Draft_letter_to_stock_exchange_DRHP_MCL_signed.pdf"
"COALINDIA","Coal India Limited","Press Release","Coal India Limited has informed the Exchange regarding a press release dated September 01, 2026, titled ""Press Release on  Coal India Supplies Rise 5.5 % in August FY'27. "".","01-Sep-2026 17:32:51","2026-09-01 17:32:51","01-Sep-2026 17:32:52","00:00:01","https://nsearchives.nseindia.com/corporate/COALINDIA_01092026173245_Press_Release_10.pdf"
"COALINDIA","Coal India Limited","General Updates","Coal India Limited has informed the Exchange about Single Window Mode Agnostic (SWMA) E-auction Data of CIL and Subsidiary Companies for the month of Aug 26 & cumulative for the month of Apr 26-Aug 26.","01-Sep-2026 15:59:57","2026-09-01 15:59:57","01-Sep-2026 15:59:58","00:00:01","https://nsearchives.nseindia.com/corporate/COALINDIA_01092026155929_SWMA_AUG.pdf"
"COALINDIA","Coal India Limited","General Updates","Coal India Limited has informed the Exchange about Newspaper publication of Chairman s Speech at 52nd AGM of Coal India Limited held on 31st August  2026.","01-Sep-2026 15:33:03","2026-09-01 15:33:03","01-Sep-2026 15:33:05","00:00:02","https://nsearchives.nseindia.com/corporate/COALINDIA_01092026153251_NP_AGM.pdf"
"COALINDIA","Coal India Limited","Shareholders meeting","Coal India Limited has submitted the Exchange a copy Srutinizers report of  Annual General Meeting held on August 31, 2026. Further, the company has informed the Exchange regarding voting results.","01-Sep-2026 12:57:09","2026-09-01 12:57:09","01-Sep-2026 12:57:11","00:00:02","https://nsearchives.nseindia.com/corporate/COALINDIA_01092026124721_Results.pdf"
"COALINDIA","Coal India Limited","General Updates","Provisional Production and Off-take Performance of CIL and Subsidiary Companies for the month of August 26 and Progressive August 26.","01-Sep-2026 11:40:17","2026-09-01 11:40:17","01-Sep-2026 11:40:18","00:00:01","https://nsearchives.nseindia.com/corporate/COALINDIA_01092026114010_Production_August.pdf"
"COALINDIA","Coal India Limited","Change in Management","Coal India Limited has informed the Exchange about change in Management","01-Sep-2026 10:02:33","2026-09-01 10:02:33","01-Sep-2026 10:02:34","00:00:01","https://nsearchives.nseindia.com/corporate/COALINDIA_01092026100224_Cessation_of_ED_Corporate_Planning_and_Project_Monitoring.pdf"
"COALINDIA","Coal India Limited","Shareholders meeting","Coal India Limited has informed the Exchange regarding Proceedings of Annual General Meeting held on August 31, 2026 along with Chairman  Speech.","31-Aug-2026 14:21:10","2026-08-31 14:21:10","31-Aug-2026 14:21:11","00:00:01","https://nsearchives.nseindia.com/corporate/COALINDIA_31082026142049_Proceeding_AGM_final.pdf"
"COALINDIA","Coal India Limited","General Updates","Coal India Limited has informed the Exchange about General Updates","26-Aug-2026 13:10:54","2026-08-26 13:10:54","26-Aug-2026 13:10:55","00:00:01","https://nsearchives.nseindia.com/corporate/COALINDIA_26082026130947_FINE_Jun_26_signed.pdf"
"COALINDIA","Coal India Limited","General Updates","Incorporation Of Singapore Based Wholly Owned Subsidiary Of Coal India Limited Viz, CIL Global Pte. Ltd.","24-Aug-2026 18:19:30","2026-08-24 18:19:30","24-Aug-2026 18:19:31","00:00:01","https://nsearchives.nseindia.com/corporate/COALINDIA_24082026181924_CIL_global.pdf"
"COALINDIA","Coal India Limited","General Updates","Incorporation of Singapore based wholly owned subsidiary of Coal India Limited viz, CIL Global Pte. Ltd.","24-Aug-2026 18:04:53","2026-08-24 18:04:53","24-Aug-2026 18:04:54","00:00:01","https://nsearchives.nseindia.com/corporate/COALINDIA_24082026180430_CIL_global.pdf"
"COALINDIA","Coal India Limited","General Updates","Coal India Limited has informed the Exchange about Newspaper publication on  Special Window for Re-lodgement of Transfer Requests of Physical Equity Shares of Coal India Limited- 4th Intimation","14-Aug-2026 10:23:09","2026-08-14 10:23:09","14-Aug-2026 10:23:09","00:00:00","https://nsearchives.nseindia.com/corporate/COALINDIA_14082026102302_4th_Intimation_Signed.pdf"
"COALINDIA","Coal India Limited","General Updates","Coal India Limited has informed the Exchange about Non-Binding Memorandum of Understanding (MoU) between Coal India Limited and ArcelorMittal Nippon Steel India Private Limited.","12-Aug-2026 14:53:23","2026-08-12 14:53:23","12-Aug-2026 14:53:24","00:00:01","https://nsearchives.nseindia.com/corporate/COALINDIA_12082026145301_Mou.pdf"
"COALINDIA","Coal India Limited","General Updates","Coal India Limited has informed the Exchange about Newspaper publication on  Notice of 52nd Annual General Meeting (AGM) of Coal India Limited","12-Aug-2026 11:35:27","2026-08-12 11:35:27","12-Aug-2026 11:35:28","00:00:01","https://nsearchives.nseindia.com/corporate/COALINDIA_12082026113513_POst_AGM_NP.pdf"
"COALINDIA","Coal India Limited","General Updates","Coal India Limited has informed the Exchange about General Updates","07-Aug-2026 22:04:29","2026-08-07 22:04:29","07-Aug-2026 22:04:30","00:00:01","https://nsearchives.nseindia.com/corporate/COALINDIA_07082026220411_bsecompro.pdf"
"COALINDIA","Coal India Limited","General Updates","Integrated Annual Report of CIL for FY 2025-26","07-Aug-2026 16:35:17","2026-08-07 16:35:17","07-Aug-2026 16:35:17","00:00:00","https://nsearchives.nseindia.com/corporate/COALINDIA_07082026163502_IAR_final.pdf"
"COALINDIA","Coal India Limited","General Updates","Letter to Shareholder for weblink of Integrated Annual Report for FY 2025-26","07-Aug-2026 16:12:24","2026-08-07 16:12:24","07-Aug-2026 16:12:25","00:00:01","https://nsearchives.nseindia.com/corporate/COALINDIA_07082026161215_Weblink_final.pdf"
"COALINDIA","Coal India Limited","Shareholders meeting","Notice of 52nd Annual General Meeting (AGM) of Coal India Limited to be held on 31.08.2026 at 11.00 A.M.","07-Aug-2026 15:37:36","2026-08-07 15:37:36","07-Aug-2026 15:37:37","00:00:01","https://nsearchives.nseindia.com/corporate/COALINDIA_07082026153712_Notice_final.pdf"
"COALINDIA","Coal India Limited","Bagging/Receiving of orders/contracts","Coal India Limited has informed the Exchange about Bagging/Receiving of orders/contracts - Iron Ore Block","06-Aug-2026 17:05:37","2026-08-06 17:05:37","06-Aug-2026 17:05:38","00:00:01","https://nsearchives.nseindia.com/corporate/COALINDIA_06082026170529_Bagging_odisha.pdf"
"COALINDIA","Coal India Limited","Press Release","Coal India Limited has informed the Exchange regarding a press release dated August 01, 2026, titled ""Coal India Logs Over 8% Growth in Production in July FY'27; Supplies Surge 18.38%"".","01-Aug-2026 14:23:12","2026-08-01 14:23:12","01-Aug-2026 14:23:14","00:00:02","https://nsearchives.nseindia.com/corporate/COALINDIA_01082026142259_pressjul.pdf"
"COALINDIA","Coal India Limited","General Updates","Single Window Mode Agnostic (SWMA) E-auction Data of CIL and SubsidiaryCompanies (Provisional) for the month of Jul 26.","01-Aug-2026 14:09:03","2026-08-01 14:09:03","01-Aug-2026 14:09:05","00:00:02","https://nsearchives.nseindia.com/corporate/COALINDIA_01082026140843_eauctionjul.pdf"
"COALINDIA","Coal India Limited","General Updates","Provisional Production and Off-take Performance of CIL and Subsidiary Companies for the month of July 26 and for the period April 26-July 26","01-Aug-2026 13:15:23","2026-08-01 13:15:23","01-Aug-2026 13:15:24","00:00:01","https://nsearchives.nseindia.com/corporate/COALINDIA_01082026131424_production.pdf"
"COALINDIA","Coal India Limited","Change in Management","Shri C. Jayadev (EIS No. 90082603) on attaining the age of superannuation,relinquished the charge as Executive Director (Environment) of Coal IndiaLimited w.e.f 01.08.2026","01-Aug-2026 08:20:11","2026-08-01 08:20:11","01-Aug-2026 08:20:12","00:00:01","https://nsearchives.nseindia.com/corporate/COALINDIA_01082026081942_Jaydev.pdf"
"COALINDIA","Coal India Limited","General Updates","Coal India Limited has informed the Exchange about Newspaper publication on  Tax on 1st Interim Dividend for FY 2026-27","30-Jul-2026 13:12:22","2026-07-30 13:12:22","30-Jul-2026 13:12:23","00:00:01","https://nsearchives.nseindia.com/corporate/COALINDIA_30072026131204_NP.pdf"
"COALINDIA","Coal India Limited","Press Release","Coal India Limited has informed the Exchange regarding a press release dated July 28, 2026, titled "" Coal India s Capex Rises 16.64% in Q1 FY 27, Surpasses Quarterly Target "".","28-Jul-2026 13:29:52","2026-07-28 13:29:52","28-Jul-2026 13:29:53","00:00:01","https://nsearchives.nseindia.com/corporate/COALINDIA_28072026132930_Press_Release.pdf"
"COALINDIA","Coal India Limited","General Updates","Coal India Limited has informed the Exchange about Newspaper publication on  Unaudited Financial Results of Coal India Limited (Standalone & Consolidated) for the 1st Quarter ended 30th June  2026","28-Jul-2026 13:19:31","2026-07-28 13:19:31","28-Jul-2026 13:19:32","00:00:01","https://nsearchives.nseindia.com/corporate/COALINDIA_28072026131828_Newspaper_publication_Q1.pdf"
"COALINDIA","Coal India Limited","Appointment","Coal India Limited has informed the Exchange regarding Appointment of Mr Mukesh Choudhary as Executive Director of the company w.e.f. July 28, 2026.","28-Jul-2026 12:38:20","2026-07-28 12:38:20","28-Jul-2026 12:38:21","00:00:01","https://nsearchives.nseindia.com/corporate/COALINDIA_28072026123754_Appointment_of_DHR.pdf"
"COALINDIA","Coal India Limited","Cessation","Cessation of Dr. Vinay Ranjan, Director (Human Resource) (DIN- 03636743) from the Board of CIL w.e.f. 28.07.2026","28-Jul-2026 12:22:39","2026-07-28 12:22:39","28-Jul-2026 12:22:40","00:00:01","https://nsearchives.nseindia.com/corporate/COALINDIA_28072026122216_Cessation_of_DHR.pdf"
"COALINDIA","Coal India Limited","General Updates","Tax on 1st Interim Dividend for FY 2026-27","27-Jul-2026 18:52:45","2026-07-27 18:52:45","27-Jul-2026 18:52:45","00:00:00","https://nsearchives.nseindia.com/corporate/COALINDIA_27072026185234_Shareholder_Communication.pdf"
"COALINDIA","Coal India Limited","General Updates","Investment in Rights Issue of CIL Rajasthan Akshay Urja Limited (CRAUL) a subsidiary of CIL","27-Jul-2026 18:47:39","2026-07-27 18:47:39","27-Jul-2026 18:47:40","00:00:01","https://nsearchives.nseindia.com/corporate/COALINDIA_27072026184728_right_issue.pdf"
"COALINDIA","Coal India Limited","General Updates","Investor Presentation made by Company on the Unaudited Financial Results of Coal India Limited (Standalone & Consolidated) for the 1st Quarter ended 30th Jun 26.","27-Jul-2026 17:58:05","2026-07-27 17:58:05","27-Jul-2026 17:58:06","00:00:01","https://nsearchives.nseindia.com/corporate/COALINDIA_27072026175754_Presentation.pdf"
"COALINDIA","Coal India Limited","Record Date","Coal India Limited has informed the Exchange that Record date for the purpose of Dividend  is 31-Jul-2026.","27-Jul-2026 17:29:18","2026-07-27 17:29:18","27-Jul-2026 17:29:20","00:00:02","https://nsearchives.nseindia.com/corporate/COALINDIA_27072026172906_Dividend.pdf"
"COALINDIA","Coal India Limited","Outcome of Board Meeting","Unaudited Financial Results of Coal India Limited (Standalone & Consolidated) for the 1st Quarter ended 30th Jun 2026 and declaration of Interim Dividend for FY 2026-27","27-Jul-2026 17:25:36","2026-07-27 17:25:36","27-Jul-2026 17:25:37","00:00:01","https://nsearchives.nseindia.com/corporate/COALINDIA_27072026172437_Results.pdf"
"COALINDIA","Coal India Limited","Disclosure under SEBI Takeover Regulations","Pradeep Raj Nayan, Government of India, Ministry of Coal has Submitted to the Exchange a copy of Disclosure under Regulation 31(4) of the Securities and Exchange Board of India (Substantial Acquisition of Shares and Takeovers) Regulations, 2011.","27-Jul-2026 16:46:52","2026-07-27 16:46:52","27-Jul-2026 16:46:53","00:00:01","https://nsearchives.nseindia.com/corporate/team_sandeshc_11052026135123_coal.pdf"
"COALINDIA","Coal India Limited","Press Release","Coal India Limited has informed the Exchange regarding a press release dated July 25, 2026, titled ""Details regarding holding of 52nd Annual General Meeting (AGM) through Video Conferencing, Record Date and Tax on Final Dividend for F.Y. 2025-26 "".","27-Jul-2026 12:44:40","2026-07-27 12:44:40","27-Jul-2026 12:44:41","00:00:01","https://nsearchives.nseindia.com/corporate/COALINDIA_27072026124427_Newspaper_publication_on_Q1.pdf"
"COALINDIA","Coal India Limited","General Updates","Details Regarding Holding Of 52Nd Annual General Meeting(AGM) Through Video Conferencing, Record Date And Tax On Final Dividend For F.Y. 2025-26 Of Coal India Limited","22-Jul-2026 13:52:50","2026-07-22 13:52:50","22-Jul-2026 13:52:50","00:00:00","https://nsearchives.nseindia.com/corporate/COALINDIA_22072026135233_Pre_AGM.pdf"
"COALINDIA","Coal India Limited","Record Date","Coal India Limited has informed the Exchange that Record date for the purpose of Dividend  is 04-Sep-2026.","22-Jul-2026 13:50:49","2026-07-22 13:50:49","22-Jul-2026 13:50:50","00:00:01","https://nsearchives.nseindia.com/corporate/COALINDIA_22072026134918_Pre_AGM.pdf"
"COALINDIA","Coal India Limited","General Updates","Coal India Limited has informed the Exchange about Newspaper publication on  Notice of Board Meeting","20-Jul-2026 11:31:34","2026-07-20 11:31:34","20-Jul-2026 11:31:35","00:00:01","https://nsearchives.nseindia.com/corporate/COALINDIA_20072026113106_Annoucement.pdf"
"COALINDIA","Coal India Limited","Appointment","Appointment of Smt. Sona Kumari (DIN-11835630) as non-official Independent Director on the Board of Coal India Limited (CIL)","18-Jul-2026 14:08:13","2026-07-18 14:08:13","18-Jul-2026 14:08:14","00:00:01","https://nsearchives.nseindia.com/corporate/COALINDIA_18072026140754_ID.pdf"
"COALINDIA","Coal India Limited","General Updates","Commissioning of 200 MW Solar Power Capacity out of the 300 MW Solar Power Project at Khavda, Gujarat","16-Jul-2026 17:06:07","2026-07-16 17:06:07","16-Jul-2026 17:06:08","00:00:01","https://nsearchives.nseindia.com/corporate/COALINDIA_16072026170549_Khavda.pdf"
"COALINDIA","Coal India Limited","General Updates","Coal India Limited has informed the Exchange about Certificate under Regulation 74(5) of the SEBI (Depository and Participants) Regulations, 2018 for the 1st quarter ended 30th Jun 26.","15-Jul-2026 12:39:03","2026-07-15 12:39:03","15-Jul-2026 12:39:04","00:00:01","https://nsearchives.nseindia.com/corporate/COALINDIA_15072026123847_Certificate_of_PCS_Regulation_74_5.pdf"
"COALINDIA","Coal India Limited","Agreements","Signing of JV agreement between  Coal India Limited (CIL) and U.P. Rajya Vidyut Utpadan Nigam Limited (UPRVUNL).","03-Jul-2026 21:43:51","2026-07-03 21:43:51","03-Jul-2026 21:43:52","00:00:01","https://nsearchives.nseindia.com/corporate/COALINDIA_03072026214339_signing_of_jv__1___1_.pdf"
"COALINDIA","Coal India Limited","Press Release","Coal India Limited has informed the Exchange regarding a press release dated July 02, 2026, titled ""Coal India's Supplies to Power Sector Grow 5.9% in June FY 27"".","02-Jul-2026 17:13:43","2026-07-02 17:13:43","02-Jul-2026 17:13:43","00:00:00","https://nsearchives.nseindia.com/corporate/COALINDIA_02072026165732_Press_Release.pdf"
"COALINDIA","Coal India Limited","Awarding of order(s)/contract(s)","Bagging/Receiving of orders/contracts-Setting up of 600 MW of Plant at Jalaun Solar Park UP","01-Jul-2026 17:41:42","2026-07-01 17:41:42","01-Jul-2026 17:41:43","00:00:01","https://nsearchives.nseindia.com/corporate/COALINDIA_01072026174133_Bagging.pdf"
"COALINDIA","Coal India Limited","General Updates","Coal India Limited has informed the Exchange about Single Window Mode Agnostic (SWMA) E-auction Data of CIL and Subsidiary Companies (Provisional) for the month of Jun 26.","01-Jul-2026 16:48:26","2026-07-01 16:48:26","01-Jul-2026 16:48:27","00:00:01","https://nsearchives.nseindia.com/corporate/COALINDIA_01072026164803_SWMA_JUNE_26.pdf"
"COALINDIA","Coal India Limited","General Updates","Coal India Limited has informed the Exchange about Provisional Production and Off-Take Performance of CIL And Subsidiary Companies for the month of June 26 And ProgressiveJune 26.","01-Jul-2026 11:00:00","2026-07-01 11:00:00","01-Jul-2026 11:00:01","00:00:01","https://nsearchives.nseindia.com/corporate/COALINDIA_01072026105950_Production_June_2026.pdf"
"COALINDIA","Coal India Limited","Press Release","Coal India Limited has informed the Exchange regarding a press release dated Jun 30, 2026, titled ""CIL Sharpens R&D Focus; Targets &#8377;1,900 Cr investment by FY2030"".","30-Jun-2026 13:24:18","2026-06-30 13:24:18","30-Jun-2026 13:24:19","00:00:01","https://nsearchives.nseindia.com/corporate/COALINDIA_30062026132407_Press_Release.pdf"
"COALINDIA","Coal India Limited","Trading Window","Coal India Limited has informed the Exchange regarding the Trading Window closure pursuant to SEBI (Prohibition of Insider Trading) Regulations, 2015","29-Jun-2026 11:50:19","2026-06-29 11:50:19","29-Jun-2026 11:50:20","00:00:01","https://nsearchives.nseindia.com/corporate/COALINDIA_29062026114949_TWCQ1.pdf"
"COALINDIA","Coal India Limited","Appointment","Coal India Limited has informed the Exchange regarding Appointment of Ms Bandyopadhyaya Bhaumik & Co as Other of the company w.e.f. April 01, 2026.","16-Jun-2026 16:05:16","2026-06-16 16:05:16","16-Jun-2026 16:05:17","00:00:01","https://nsearchives.nseindia.com/corporate/COALINDIA_16062026160506_Cost_Auditor.pdf"
"COALINDIA","Coal India Limited","Press Release","Coal India Limited has informed the Exchange regarding a press release dated Jun 11, 2026, titled ""Special Window for Re-lodgement of Transfer Requests of Physical Equity Shares of Coal India Limited -3rd Intimation"".","11-Jun-2026 15:14:37","2026-06-11 15:14:37","11-Jun-2026 15:14:38","00:00:01","https://nsearchives.nseindia.com/corporate/COALINDIA_11062026151425_SINGLE_C.pdf"
"COALINDIA","Coal India Limited","Press Release","Coal India Limited has informed the Exchange regarding a press release dated Jun 05, 2026, titled ""CIL takes steps to offer more coal to NRS"".","05-Jun-2026 12:58:32","2026-06-05 12:58:32","05-Jun-2026 12:58:33","00:00:01","https://nsearchives.nseindia.com/corporate/COALINDIA_05062026125818_Press_Release05062026.pdf"
"COALINDIA","Coal India Limited","General Updates","Coal India Limited has informed the Exchange about disclosure under Regulation 30 of SEBI (LoDR), Regulations 2015.","03-Jun-2026 11:55:38","2026-06-03 11:55:38","03-Jun-2026 11:55:38","00:00:00","https://nsearchives.nseindia.com/corporate/COALINDIA_03062026115528_NSE_Mar26.pdf"
"COALINDIA","Coal India Limited","General Updates","Coal India Limited has informed about Intimation under Regulation 29(2) of the Securities and Exchange Board of India (Substantial Acquisition of Shares and Takeovers) Regulations, 2011, as amended (""SEBI Takeover Regulations"").","01-Jun-2026 17:45:06","2026-06-01 17:45:06","01-Jun-2026 17:45:07","00:00:01","https://nsearchives.nseindia.com/corporate/COALINDIA_01062026174456_Regulation_29.pdf"
"COALINDIA","Coal India Limited","General Updates","Sub: Disclosure of pursuant to 7 (2) (b) of the SEBI (Prohibition of Insider Trading)Regulation , 2015","01-Jun-2026 17:32:09","2026-06-01 17:32:09","01-Jun-2026 17:32:10","00:00:01","https://nsearchives.nseindia.com/corporate/COALINDIA_01062026173200_PIT.pdf"
"COALINDIA","Coal India Limited","General Updates","Coal India Limited has informed the Exchange about Single Window Mode Agnostic (SWMA) E-auction Data of CIL and Subsidiary Companies for the month of May 26 and for the FY 2026-27 (Apr-May 2026).","01-Jun-2026 16:23:27","2026-06-01 16:23:27","01-Jun-2026 16:23:27","00:00:00","https://nsearchives.nseindia.com/corporate/COALINDIA_01062026162259_organized.pdf"
"COALINDIA","Coal India Limited","General Updates","Coal India Limited has informed the Exchange about Provisional Production and Off-take Performance of CIL and Subsidiary Companies for the month of May 26 and Progressive May 26.","01-Jun-2026 11:39:50","2026-06-01 11:39:50","01-Jun-2026 11:39:51","00:00:01","https://nsearchives.nseindia.com/corporate/COALINDIA_01062026113942_Provisional_Production_May_2026.pdf"
"COALINDIA","Coal India Limited","Cessation","Coal India Limited has informed the Exchange regarding Cessation of Mr Goutam Banerjee as Executive Director (HR) of the company w.e.f. Jun 01, 2026.","01-Jun-2026 11:26:06","2026-06-01 11:26:06","01-Jun-2026 11:26:07","00:00:01","https://nsearchives.nseindia.com/corporate/COALINDIA_01062026112549_CISM__G_Banerjee__010626.pdf"
"COALINDIA","Coal India Limited","Offer for sale","The President of India, acting through and represented by the Ministry of Coal, Government of India has informed the Exchange about its intention to exercise over-subscription option for 6,16,27,283 equity shares.","27-May-2026 17:36:22","2026-05-27 17:36:22","27-May-2026 17:36:23","00:00:01","https://nsearchives.nseindia.com/corporate/tchari_27052026173419_oversubscription.pdf"
"COALINDIA","Coal India Limited","General Updates","Disclosure under Regulation 30 of SEBI (Listing Obligations and Disclosure Requirements), Regulations 2015- Imposition of fine by BSE for quarter ended 31.03.26","27-May-2026 17:22:30","2026-05-27 17:22:30","27-May-2026 17:22:31","00:00:01","https://nsearchives.nseindia.com/corporate/COALINDIA_27052026172221_Finesmar.pdf"
"COALINDIA","Coal India Limited","Offer for sale","The President of India, acting through and represented by the Ministry of Coal, Government of India has informed the Exchange about an announcement with respect to offer for sale through Stock Exchange Mechanism for sale upto 6,16,27,283 Equity shares of face value of INR 10/- each of Coal India Limited. Date and time of the opening of the offer for Non-Retail Investors: May 27, 2026 at 9:15 a.m.; Date and time of the closing of the offer for Non-Retail Investors: May 27, 2026 at 3:30 p.m.; Date and time of the opening of the offer for Retail Investors: May 29, 2026 at 9:15 a.m.; Date and time of the closing of the offer for Retail Investors: May 29, 2026 at 3:30 p.m. The Sale shall continue to take place on a separate window of the Stock Exchanges commencing at 9:15 a.m. and shall close at 3:30 p.m. (Indian Standard Time) on the same date. The Floor Price for the Offer shall be INR 412/- (Rupees Four Hundred and Twelve only).","26-May-2026 19:46:50","2026-05-26 19:46:50","26-May-2026 19:46:50","00:00:00","https://nsearchives.nseindia.com/corporate/tchari_26052026193958_Notice_0001.pdf"
"COALINDIA","Coal India Limited","Press Release","Coal India Limited has informed the Exchange regarding a press release dated May 26, 2026, titled ""CIL allays supply worries as coal use goes up"".","26-May-2026 14:32:32","2026-05-26 14:32:32","26-May-2026 14:32:33","00:00:01","https://nsearchives.nseindia.com/corporate/COALINDIA_26052026143219_Press_Release_26052026.pdf"
"COALINDIA","Coal India Limited","Updates","Coal India Limited has informed the Exchange regarding 'Alternative Mechanism(AM) approval for Listing of Mahanadi Coalfields Limited (MCL) through fresh issue of equity shares and disinvestment of Coal India Limited  (CIL) equity in MCL, through public offering to the extent of 25% of CIL s stake in MCL in the domestic market as per SEBI Rules and Regulation'.","15-May-2026 17:11:24","2026-05-15 17:11:24","15-May-2026 17:11:25","00:00:01","https://nsearchives.nseindia.com/corporate/COALINDIA_15052026171108_MCL.pdf"
"COALINDIA","Coal India Limited","Updates","Coal India Limited has informed the Exchange regarding 'Striking Off and Dissolution of CIL Solar PV Limited (A wholly owned subsidiary of Coal India Ltd.) under section 248(2) of the Companies Act, 2013.'.","12-May-2026 11:29:15","2026-05-12 11:29:15","12-May-2026 11:29:16","00:00:01","https://nsearchives.nseindia.com/corporate/COALINDIA_12052026112850_Strike_off_of_CIL_Solar_PV.pdf"
"COALINDIA","Coal India Limited","General Updates","Coal India Limited has informed the Exchange about General Updates on Commissioning of 100 MW, Solar Power Plant in Gujarat","05-May-2026 13:35:56","2026-05-05 13:35:56","05-May-2026 13:35:57","00:00:01","https://nsearchives.nseindia.com/corporate/COALINDIA_05052026133544_AWARD.pdf"
"COALINDIA","Coal India Limited","General Updates","Single Window Mode Agnostic (SWMA) E-auction Data of CIL and SubsidiaryCompanies for the month of Apr 26","01-May-2026 13:19:09","2026-05-01 13:19:09","01-May-2026 13:19:10","00:00:01","https://nsearchives.nseindia.com/corporate/COALINDIA_01052026131842_SWMAapr.pdf"
"COALINDIA","Coal India Limited","Monthly Business Updates","Provisional Production and Off-take Performance of CIL and Subsidiary Companies for the month of Apr 26","01-May-2026 10:47:40","2026-05-01 10:47:40","01-May-2026 10:47:41","00:00:01","https://nsearchives.nseindia.com/corporate/COALINDIA_01052026104719_Prodf.pdf"
"COALINDIA","Coal India Limited","General Updates","Shri P. Madhusudan Rao (EIS No. 90115460) on attaining the age of superannuation, relinquished the charge of Executive Director (Excvn.) of Coal India Limited w.e.f 01.05.2026","01-May-2026 10:27:07","2026-05-01 10:27:07","01-May-2026 10:27:08","00:00:01","https://nsearchives.nseindia.com/corporate/COALINDIA_01052026102655_Cessation_of_ED.pdf"
"COALINDIA","Coal India Limited","Bagging/Receiving of orders/contracts","Coal India Limited has informed the Exchange about Bagging/Receiving of orders/contracts","30-Apr-2026 22:10:41","2026-04-30 22:10:41","30-Apr-2026 22:10:42","00:00:01","https://nsearchives.nseindia.com/corporate/COALINDIA_30042026221026_award.pdf"
"COALINDIA","Coal India Limited","Cessation","Coal India Limited has informed the Exchange regarding Cessation of Mr Satyabrata Panda as Independent Director of the company w.e.f. April 30, 2026.","30-Apr-2026 11:05:11","2026-04-30 11:05:11","30-Apr-2026 11:05:13","00:00:02","https://nsearchives.nseindia.com/corporate/COALINDIA_30042026110402_Cessation_of_Panda.pdf"
"COALINDIA","Coal India Limited","Copy of Newspaper Publication","Coal India Limited has informed the Exchange about Copy of Newspaper Publication on Audited Financial Results for FY 25-26.","28-Apr-2026 12:30:27","2026-04-28 12:30:27","28-Apr-2026 12:30:28","00:00:01","https://nsearchives.nseindia.com/corporate/COALINDIA_28042026122930_Newpaper_Publication.pdf"
"COALINDIA","Coal India Limited","General Updates","Investor Presentation made by Company on the Audited Financial Results of Coal India Limited (Standalone & Consolidated) for the 4th Quarter and Financial year ended 31st Mar 26.","27-Apr-2026 20:36:02","2026-04-27 20:36:02","27-Apr-2026 20:36:03","00:00:01","https://nsearchives.nseindia.com/corporate/COALINDIA_27042026203552_Presentation_final.pdf"
"COALINDIA","Coal India Limited","Dividend","Coal India Limited has informed the Exchange that Board of Directors at its meeting held on April 27, 2026, recommended Final Dividend of Rs. 5.25 per equity share.","27-Apr-2026 20:33:51","2026-04-27 20:33:51","27-Apr-2026 20:33:52","00:00:01","https://nsearchives.nseindia.com/corporate/COALINDIA_27042026203309_Dividend.pdf"
"COALINDIA","Coal India Limited","Outcome of Board Meeting","Coal India Limited has submitted to the Exchange, the financial results for the period ended March 31, 2026.","27-Apr-2026 20:31:07","2026-04-27 20:31:07","27-Apr-2026 20:31:08","00:00:01","https://nsearchives.nseindia.com/corporate/COALINDIA_27042026202823_result_final.pdf"
"COALINDIA","Coal India Limited","Credit Rating","Coal India Limited has informed the Exchange about Credit Rating","23-Apr-2026 15:16:21","2026-04-23 15:16:21","23-Apr-2026 15:16:21","00:00:00","https://nsearchives.nseindia.com/corporate/COALINDIA_23042026151605_credit_rating.pdf"
"COALINDIA","Coal India Limited","Updates","Coal India Limited has informed the Exchange regarding 'Public Notice No.- STK-6/010648/2026-Striking off or removal of the name of CIL Solar PV Ltd (A wholly owned subsidiary of Coal India Ltd.) under section 248(2) of the CompaniesAct, 2013'.","20-Apr-2026 19:40:12","2026-04-20 19:40:12","20-Apr-2026 19:40:13","00:00:01","https://nsearchives.nseindia.com/corporate/COALINDIA_20042026193912_closure_of_Sol.pdf"
"COALINDIA","Coal India Limited","Press Release","Coal India Limited has informed the Exchange regarding a press release dated April 16, 2026, titled ""Notice of Board meeting for 4th Quarter and Financial year ended 31st March 2026 and consideration of Final Dividend FY 25-26, if any. "".","16-Apr-2026 13:08:31","2026-04-16 13:08:31","16-Apr-2026 13:08:32","00:00:01","https://nsearchives.nseindia.com/corporate/COALINDIA_16042026130817_PREss.pdf"
"COALINDIA","Coal India Limited","Press Release","Coal India Limited has informed the Exchange regarding a press release dated April 10, 2026, titled ""CIL Press release on CIL insulates Indian coal users from increasing input costs."".","10-Apr-2026 12:38:59","2026-04-10 12:38:59","10-Apr-2026 12:39:00","00:00:01","https://nsearchives.nseindia.com/corporate/COALINDIA_10042026123818_Press_Release.pdf"
"COALINDIA","Coal India Limited","Copy of Newspaper Publication","Coal India Limited has informed the Exchange about Copy of Newspaper Publication","07-Apr-2026 15:01:22","2026-04-07 15:01:22","07-Apr-2026 15:01:23","00:00:01","https://nsearchives.nseindia.com/corporate/COALINDIA_07042026150110_Newspaper_SEBI.pdf"
"COALINDIA","Coal India Limited","Certificate under SEBI (Depositories and Participants) Regulations, 2018","Coal India Limited has informed the Exchange about Certificate under SEBI (Depositories and Participants) Regulations, 2018","06-Apr-2026 16:43:56","2026-04-06 16:43:56","06-Apr-2026 16:43:58","00:00:02","https://nsearchives.nseindia.com/corporate/COALINDIA_06042026164344_745_final.pdf"
"COALINDIA","Coal India Limited","General Updates","Coal India Limited has informed the Exchange about General Updates - Single Window Mode Agnostic (SWMA) E-auction Data of CIL and Subsidiary Companies for the month of Mar 26 and for the FY-2025-26.","01-Apr-2026 16:50:47","2026-04-01 16:50:47","01-Apr-2026 16:50:48","00:00:01","https://nsearchives.nseindia.com/corporate/COALINDIA_01042026165006_eacu_merged.pdf"
"COALINDIA","Coal India Limited","General Updates","Coal India Limited has informed the Exchange about General Updates- Provisional Production and Off-take Performance of CIL and Subsidiary Companies for the month of Mar 26 and for the period Apr 25-Mar 26.","01-Apr-2026 12:44:45","2026-04-01 12:44:45","01-Apr-2026 12:44:45","00:00:00","https://nsearchives.nseindia.com/corporate/COALINDIA_01042026124423_Production.pdf"
"COALINDIA","Coal India Limited","General Updates","Coal India Limited has informed the Exchange about General Updates-Disclosure under Regulation 30 of Securities and Exchange Board of India (Listing Obligations and Disclosure Requirements) Regulations, 2015 ( Listing Regulations )   Initial public offering ( IPO ) of equity shares of face value &#8377; 2 each ( Equity Shares ) of Central Mine Planning & Design Institute Limited, a subsidiary of Coal India Limited ( Company )","30-Mar-2026 17:34:24","2026-03-30 17:34:24","30-Mar-2026 17:34:25","00:00:01","https://nsearchives.nseindia.com/corporate/COALINDIA_30032026173416_siged.pdf"
"COALINDIA","Coal India Limited","Bagging/Receiving of orders/contracts","Coal India Limited has informed the Exchange about Bagging/Receiving of orders/contracts- Receipt of Letter of Award (LOA) from Telangana Power Generation Corporation Limited","28-Mar-2026 21:07:51","2026-03-28 21:07:51","28-Mar-2026 21:07:52","00:00:01","https://nsearchives.nseindia.com/corporate/COALINDIA_28032026210731_signedloa.pdf"
"COALINDIA","Coal India Limited","Change in Director(s)","Coal India Limited has informed the Exchange regarding Change in Director(s) of the company.","28-Mar-2026 07:50:18","2026-03-28 07:50:18","28-Mar-2026 07:50:21","00:00:03","https://nsearchives.nseindia.com/corporate/COALINDIA_28032026074935_signedcessation.pdf"
"COALINDIA","Coal India Limited","General Updates","Coal India Limited has informed the Exchange about General Updates-Regulation 30 of the SEBI (Listing Obligations and Disclosure Requirements) Regulations, 2015-Incorporation of Joint Venture Company i.e, DVC CIL Power Private Limited between Coal India Limited (CIL) and Damodar Valley Corporation (DVC).","27-Mar-2026 17:43:49","2026-03-27 17:43:49","27-Mar-2026 17:43:50","00:00:01","https://nsearchives.nseindia.com/corporate/COALINDIA_27032026174318_signedletterincorporation.pdf"
"COALINDIA","Coal India Limited","Press Release","Coal India Limited has informed the Exchange regarding a press release dated March 27, 2026, titled ""CIL s Rs.3300 Cr push for 8 new Coking Coal Washeries"".","27-Mar-2026 12:54:10","2026-03-27 12:54:10","27-Mar-2026 12:54:12","00:00:02","https://nsearchives.nseindia.com/corporate/COALINDIA_27032026125334_press_merged.pdf"
"COALINDIA","Coal India Limited","Trading Window","Coal India Limited has informed the Exchange regarding the Trading Window closure pursuant to SEBI (Prohibition of Insider Trading) Regulations, 2015","25-Mar-2026 17:17:20","2026-03-25 17:17:20","25-Mar-2026 17:17:21","00:00:01","https://nsearchives.nseindia.com/corporate/COALINDIA_25032026171702_Letter_Stock_Exchange__1_.pdf"
"COALINDIA","Coal India Limited","Updates","Coal India Limited has informed the Exchange regarding ''.Initial Public Offering ( IPO ) Of Equity Shares of Face Value Rs. 2 Each ( Equity Shares ) Of Central Mine Planning & Design Institute Limited, A Subsidiary of Coal India Limited ( Company )-Filing of Prospectus","25-Mar-2026 16:18:55","2026-03-25 16:18:55","25-Mar-2026 16:18:56","00:00:01","https://nsearchives.nseindia.com/corporate/COALINDIA_25032026161724_prospectus_CMPDIL.pdf"
"COALINDIA","Coal India Limited","Updates","Coal India Limited has informed the Exchange regarding 'In-principle approval for disinvestment of South Eastern Coalfields Limited (SECL) through Offer for Sale (OFS) of up to 25% equity by CIL and fresh issue of up to 10% equity shares by SECL'.","23-Mar-2026 20:06:31","2026-03-23 20:06:31","23-Mar-2026 20:06:32","00:00:01","https://nsearchives.nseindia.com/corporate/COALINDIA_23032026200606_SECL_dis.pdf"
"COALINDIA","Coal India Limited","Updates","Coal India Limited has informed the Exchange regarding 'In-principle approval for divestment up to 25% equity shares of Coal India Limited (CIL) in Mahanadi Coalfields Limited (MCL), a wholly owned subsidiary of Coal India Limited'.","23-Mar-2026 20:04:46","2026-03-23 20:04:46","23-Mar-2026 20:04:47","00:00:01","https://nsearchives.nseindia.com/corporate/COALINDIA_23032026200426_MCL_dis.pdf"
"COALINDIA","Coal India Limited","Updates","Coal India Limited has informed the Exchange regarding 'Incorporation of an Intermediate Holding Company (IHC) at Singapore '.","23-Mar-2026 19:58:07","2026-03-23 19:58:07","23-Mar-2026 19:58:07","00:00:00","https://nsearchives.nseindia.com/corporate/COALINDIA_23032026195757_Intimation_of_Sigapore.pdf"
"COALINDIA","Coal India Limited","Updates","Coal India Limited has informed the Exchange regarding 'Regulation 30 of the SEBI (Listing Obligations and Disclosure Requirements) Regulations, 2015- Giving of guarantee to CIL Rajasthan Akshay Urja Limited (CRAUL), a subsidiary of CIL'.","23-Mar-2026 19:54:10","2026-03-23 19:54:10","23-Mar-2026 19:54:12","00:00:02","https://nsearchives.nseindia.com/corporate/COALINDIA_23032026195356_guarantee_of_CRAUL.pdf"
"COALINDIA","Coal India Limited","Updates","Coal India Limited has informed the Exchange regarding 'Regulation 30 of the SEBI (Listing Obligations and Disclosure Requirements) Regulations, 2015- Closure of step-down subsidiary'.","23-Mar-2026 19:50:34","2026-03-23 19:50:34","23-Mar-2026 19:50:35","00:00:01","https://nsearchives.nseindia.com/corporate/COALINDIA_23032026195025_Closure_of_MJSJ.pdf"
"COALINDIA","Coal India Limited","Updates","Coal India Limited has informed the Exchange regarding 'Filing of Red Herring Prospectus(RHP) of Central Mine Planning and Design Institute Limited (CMPDIL), a wholly owned Subsidiary of CIL, with SEBI'.","13-Mar-2026 14:44:15","2026-03-13 14:44:15","13-Mar-2026 14:44:16","00:00:01","https://nsearchives.nseindia.com/corporate/COALINDIA_13032026144405_RHP.pdf"
"COALINDIA","Coal India Limited","Analysts/Institutional Investor Meet/Con. Call Updates","Coal India Limited has informed the Exchange about Schedule of meet","05-Mar-2026 13:13:29","2026-03-05 13:13:29","05-Mar-2026 13:13:31","00:00:02","https://nsearchives.nseindia.com/corporate/COALINDIA_05032026131318_Schedule_of_Analyst__Meet.pdf"
"COALINDIA","Coal India Limited","Analysts/Institutional Investor Meet/Con. Call Updates","Coal India Limited has informed the Exchange about Schedule of meet","03-Mar-2026 12:15:11","2026-03-03 12:15:11","03-Mar-2026 12:15:12","00:00:01","https://nsearchives.nseindia.com/corporate/COALINDIA_03032026121500_Schedule_of_Analyst__Meet.pdf"
"COALINDIA","Coal India Limited","General Updates","Coal India Limited has informed the Exchange about General Updates of SWMA E-auction Data of CIL and Subsidiary Companies for the month of Feb 26 and for the period Apr 25-Feb 26 (Cumulative).","03-Mar-2026 11:14:07","2026-03-03 11:14:07","03-Mar-2026 11:14:08","00:00:01","https://nsearchives.nseindia.com/corporate/COALINDIA_03032026111348_E-Auction.pdf"
"COALINDIA","Coal India Limited","Updates","Coal India Limited has informed the Exchange regarding ''Imposition of fine by BSE for the quarter ended December 2025","02-Mar-2026 16:19:19","2026-03-02 16:19:19","02-Mar-2026 16:19:20","00:00:01","https://nsearchives.nseindia.com/corporate/COALINDIA_02032026161829_FinesBSE.pdf"
"COALINDIA","Coal India Limited","Cessation","Coal India Limited has informed the Exchange regarding Cessation of Mr Ghanshyam Singh Rathore as Independent Director of the company w.e.f. March 01, 2026.","01-Mar-2026 12:44:44","2026-03-01 12:44:44","01-Mar-2026 12:44:45","00:00:01","https://nsearchives.nseindia.com/corporate/COALINDIA_01032026124430_rathoref.pdf"
"COALINDIA","Coal India Limited","General Updates","Provisional Production and Off-take Performance of CIL and Subsidiary Companies for the month of Feb 26 and for the period Apr 25-Feb 26","01-Mar-2026 12:41:36","2026-03-01 12:41:36","01-Mar-2026 12:41:37","00:00:01","https://nsearchives.nseindia.com/corporate/COALINDIA_01032026124123_Productionf.pdf"
"COALINDIA","Coal India Limited","Press Release","Coal India Limited has informed the Exchange regarding a press release dated February 27, 2026, titled ""CIL geared up to meet spurt in summer coal demand"".","27-Feb-2026 12:54:51","2026-02-27 12:54:51","27-Feb-2026 12:54:52","00:00:01","https://nsearchives.nseindia.com/corporate/COALINDIA_27022026125441_Press_Release.pdf"
"COALINDIA","Coal India Limited","Press Release","Press Release on  CIL s Capex on Solar at Rs.961 Crores till Jan FY 26 logs 2.33X growth","16-Feb-2026 12:40:04","2026-02-16 12:40:04","16-Feb-2026 12:40:05","00:00:01","https://nsearchives.nseindia.com/corporate/COALINDIA_16022026123936_Press_Release.pdf"
"COALINDIA","Coal India Limited","Copy of Newspaper Publication","Newspaper Publication of Tax on 3rd Interim Dividend for FY 2025-26","16-Feb-2026 11:47:01","2026-02-16 11:47:01","16-Feb-2026 11:47:02","00:00:01","https://nsearchives.nseindia.com/corporate/COALINDIA_16022026114652_Newspaper_publication_on_Tax.pdf"
"COALINDIA","Coal India Limited","Copy of Newspaper Publication","Newspaper publication on  Un-Audited Financial Results of Coal India Limited(Standalone & Consolidated) for the 3rd Quarter and Nine Months ended 31stDecember  2025","13-Feb-2026 12:10:05","2026-02-13 12:10:05","13-Feb-2026 12:10:06","00:00:01","https://nsearchives.nseindia.com/corporate/COALINDIA_13022026120929_paper_publication.pdf"
"COALINDIA","Coal India Limited","General Updates","Shareholder s Communication on Tax on 3rd Interim Dividend for FY 2025-26","12-Feb-2026 19:17:03","2026-02-12 19:17:03","12-Feb-2026 19:17:04","00:00:01","https://nsearchives.nseindia.com/corporate/COALINDIA_12022026191643_3rd_ID.pdf"
"COALINDIA","Coal India Limited","General Updates","Presentation made by Company on the Un-Audited Financial Results of Coal India Limited (Standalone & Consolidated) for the 3rd Quarter and Nine Months ended 31st December  2025","12-Feb-2026 19:03:40","2026-02-12 19:03:40","12-Feb-2026 19:03:41","00:00:01","https://nsearchives.nseindia.com/corporate/COALINDIA_12022026190314_Presentation.pdf"
"COALINDIA","Coal India Limited","Dividend","Coal India Limited has informed the Exchange that Board of Directors at its meeting held on February 12, 2026, declared 3rd Interim Dividend of Rs. 5.50 per equity share.","12-Feb-2026 18:56:51","2026-02-12 18:56:51","12-Feb-2026 18:56:52","00:00:01","https://nsearchives.nseindia.com/corporate/COALINDIA_12022026185551_Dividend.pdf"
"COALINDIA","Coal India Limited","Record Date","Coal India Limited has informed the Exchange that Record date for the purpose of Dividend  is 18-Feb-2026.","12-Feb-2026 18:54:55","2026-02-12 18:54:55","12-Feb-2026 18:54:56","00:00:01","https://nsearchives.nseindia.com/corporate/COALINDIA_12022026185439_Dividend.pdf"
"COALINDIA","Coal India Limited","Outcome of Board Meeting","Un-Audited Financial Results of Coal India Limited (Standalone & Consolidated) for the 3rd Quarter and Nine Months ended 31st December  2025 and declaration of 3rd Interim Dividend for FY 2025-26","12-Feb-2026 18:53:58","2026-02-12 18:53:58","12-Feb-2026 18:53:59","00:00:01","https://nsearchives.nseindia.com/corporate/COALINDIA_12022026185237_results.pdf"
"COALINDIA","Coal India Limited","Copy of Newspaper Publication","Newspaper publication on  Special Window for Re-lodgement of Transfer Requests of Physical Equity Shares of Coal India Limited","09-Feb-2026 12:33:03","2026-02-09 12:33:03","09-Feb-2026 12:33:05","00:00:02","https://nsearchives.nseindia.com/corporate/COALINDIA_09022026123247_Newspaper.pdf"
"COALINDIA","Coal India Limited","General Updates","In-principle approval for equity infusion in JV of Coal India Limited with DVC","04-Feb-2026 17:34:36","2026-02-04 17:34:36","04-Feb-2026 17:34:37","00:00:01","https://nsearchives.nseindia.com/corporate/COALINDIA_04022026173424_Invet_in_DVC.pdf"
"COALINDIA","Coal India Limited","General Updates","Incorporation of Joint Venture Company between Coal India Limited (CIL) and U.P. Rajya Vidyut Utpadan Nigam Limited (UPRVUNL) for development of renewable energy projects in Uttar Pradesh","04-Feb-2026 17:32:37","2026-02-04 17:32:37","04-Feb-2026 17:32:38","00:00:01","https://nsearchives.nseindia.com/corporate/COALINDIA_04022026173159_Invet_in_UPRVUNL.pdf"
"COALINDIA","Coal India Limited","General Updates","Approval to invest in Bharat Coal Gasification and Chemicals Limited (BCGCL), a subsidiary of Coal India Limited, by way of subscription to Equity shares","04-Feb-2026 17:24:47","2026-02-04 17:24:47","04-Feb-2026 17:24:47","00:00:00","https://nsearchives.nseindia.com/corporate/COALINDIA_04022026172434_Invet_in_BCGCL.pdf"
"COALINDIA","Coal India Limited","General Updates","Incorporation of an Intermediate Holding Company (IHC) at Chile.","04-Feb-2026 17:23:16","2026-02-04 17:23:16","04-Feb-2026 17:23:16","00:00:00","https://nsearchives.nseindia.com/corporate/COALINDIA_04022026172246_Intimation_of_chile.pdf"
"COALINDIA","Coal India Limited","Copy of Newspaper Publication","Coal India Limited has informed the Exchange about Copy of Newspaper Publication","03-Feb-2026 12:42:43","2026-02-03 12:42:43","03-Feb-2026 12:42:44","00:00:01","https://nsearchives.nseindia.com/corporate/COALINDIA_03022026124230_Newspaper.pdf"
"COALINDIA","Coal India Limited","General Updates","Disclosure under Regulation 30 of SEBI (Listing Obligations and Disclosure Requirements), Regulations 2015   Upgradation of Pay Scale of Executives (up to mid-level)","02-Feb-2026 20:51:35","2026-02-02 20:51:35","02-Feb-2026 20:51:36","00:00:01","https://nsearchives.nseindia.com/corporate/COALINDIA_02022026205123_payrevisef.pdf"
"COALINDIA","Coal India Limited","General Updates","Provisional Production and Off-take Performance of CIL and Subsidiary Companies for the month of Jan 26 and for the period Apr 25-Jan 26","01-Feb-2026 11:03:18","2026-02-01 11:03:18","01-Feb-2026 11:03:20","00:00:02","https://nsearchives.nseindia.com/corporate/COALINDIA_01022026110305_Prodf.pdf"
"COALINDIA","Coal India Limited","General Updates","Shri Alok Lalit Kumar on attaining the age of superannuation, relinquished the charge as Executive Director (Co-ordination) of Coal India Limited with effect from 01.02.2026","01-Feb-2026 06:45:12","2026-02-01 06:45:12","01-Feb-2026 06:45:13","00:00:01","https://nsearchives.nseindia.com/corporate/COALINDIA_01022026064455_Change_in_Managementf.pdf"
"COALINDIA","Coal India Limited","Press Release","Coal India Limited has informed the Exchange regarding a press release dated January 22, 2026, titled ""CIL s major focus is on automated coal sampling"".","22-Jan-2026 11:16:30","2026-01-22 11:16:30","22-Jan-2026 11:16:30","00:00:00","https://nsearchives.nseindia.com/corporate/COALINDIA_22012026111619_Press_Realese.pdf"
"COALINDIA","Coal India Limited","General Updates","Grant Of Mineral Concession By Ministry Of Mines, Government Of India","20-Jan-2026 11:29:04","2026-01-20 11:29:04","20-Jan-2026 11:29:05","00:00:01","https://nsearchives.nseindia.com/corporate/COALINDIA_20012026112850_Intimation_of_mine.pdf"
"COALINDIA","Coal India Limited","General Updates","Listing of Bharat Coking Coal Limited, a subsidiary of Coal India Limited","19-Jan-2026 11:12:51","2026-01-19 11:12:51","19-Jan-2026 11:12:53","00:00:02","https://nsearchives.nseindia.com/corporate/COALINDIA_19012026111242_listingbccl.pdf"
"COALINDIA","Coal India Limited","General Updates","Filing of Prospectus of Bharat Coking Coal Limited (BCCL) , A Wholly Owned Subsidiary of Coal India Limited, With the Registrar of Companies, Jharkhand at Ranchi on January 14, 2026.","14-Jan-2026 11:50:44","2026-01-14 11:50:44","14-Jan-2026 11:50:44","00:00:00","https://nsearchives.nseindia.com/corporate/COALINDIA_14012026115033_BCCLProspectus.pdf"
"COALINDIA","Coal India Limited","Rumour Verification - Regulation 30(11)","Coal India Limited has informed the Exchange about Rumour Verification - Regulation 30(11)","12-Jan-2026 19:19:45","2026-01-12 19:19:45","12-Jan-2026 19:19:46","00:00:01","https://nsearchives.nseindia.com/corporate/COALINDIA_12012026191925_RumourVerificationf.pdf"
"COALINDIA","Coal India Limited","Certificate under SEBI (Depositories and Participants) Regulations, 2018","Coal India Limited has informed the Exchange about Certificate under SEBI (Depositories and Participants) Regulations, 2018","06-Jan-2026 16:58:55","2026-01-06 16:58:55","06-Jan-2026 16:58:56","00:00:01","https://nsearchives.nseindia.com/corporate/COALINDIA_06012026165759_745.pdf"
"COALINDIA","Coal India Limited","General Updates","Coal India Limited has informed the Exchange about General Updates","03-Jan-2026 14:59:05","2026-01-03 14:59:05","03-Jan-2026 14:59:06","00:00:01","https://nsearchives.nseindia.com/corporate/COALINDIA_03012026145853_RHPf.pdf"
"COALINDIA","Coal India Limited","Rumour Verification - Regulation 30(11)","Coal India Limited has informed the Exchange about Rumour Verification - Regulation 30(11)","02-Jan-2026 19:28:34","2026-01-02 19:28:34","02-Jan-2026 19:28:35","00:00:01","https://nsearchives.nseindia.com/corporate/COALINDIA_02012026192819_RumourVerificationf.pdf"
"COALINDIA","Coal India Limited","Press Release","Coal India Limited has informed the Exchange regarding a press release dated January 02, 2026, titled ""CIL permits direct participation of foreign coal buyers in e-auction"".","02-Jan-2026 12:17:31","2026-01-02 12:17:31","02-Jan-2026 12:17:32","00:00:01","https://nsearchives.nseindia.com/corporate/COALINDIA_02012026121703_Press_Realese.pdf"
"COALINDIA","Coal India Limited","Updates","Coal India Limited has informed the Exchange regarding 'Provisional Production And Off-Take Performance Of CIL And Subsidiary Companies For The Month Of Dec'25 And For The Period Apr'25-Dec'25'.","01-Jan-2026 11:56:56","2026-01-01 11:56:56","01-Jan-2026 11:56:57","00:00:01","https://nsearchives.nseindia.com/corporate/COALINDIA_01012026115644_Dec25.pdf"
"COALINDIA","Coal India Limited","Trading Window","Coal India Limited has informed the Exchange regarding the Trading Window closure pursuant to SEBI (Prohibition of Insider Trading) Regulations, 2015","29-Dec-2025 16:46:10","2025-12-29 16:46:10","29-Dec-2025 16:46:10","00:00:00","https://nsearchives.nseindia.com/corporate/COALINDIA_29122025164546_Letter_Stock_Exchange.pdf"
"COALINDIA","Coal India Limited","Appointment","Coal India Limited has informed the Exchange regarding Appointment of Mr R K Singh as Other of the company w.e.f. December 29, 2025.","29-Dec-2025 13:06:52","2025-12-29 13:06:52","29-Dec-2025 13:06:53","00:00:01","https://nsearchives.nseindia.com/corporate/COALINDIA_29122025130524_NSERajiva.pdf"
"COALINDIA","Coal India Limited","Updates","Coal India Limited has informed the Exchange regarding ''.","26-Dec-2025 17:10:40","2025-12-26 17:10:40","26-Dec-2025 17:10:41","00:00:01","https://nsearchives.nseindia.com/corporate/COALINDIA_26122025170911_NSEgarg.pdf"
"COALINDIA","Coal India Limited","Appointment","Coal India Limited has informed the Exchange regarding Appointment of Mr B.Sairam as Chief Executive Officer of the company w.e.f. December 26, 2025.","26-Dec-2025 14:14:40","2025-12-26 14:14:40","26-Dec-2025 14:14:41","00:00:01","https://nsearchives.nseindia.com/corporate/COALINDIA_26122025141308_NSECEO.pdf"
"COALINDIA","Coal India Limited","General Updates","Coal India Limited has informed the Exchange about General Updates-In-principle approval of Listing of South Eastern Coalfields Limited (SECL), a Wholly owned subsidiary of Coal India Limited.","23-Dec-2025 17:06:22","2025-12-23 17:06:22","23-Dec-2025 17:06:22","00:00:00","https://nsearchives.nseindia.com/corporate/COALINDIA_23122025170609_SECLsigned.pdf"
"COALINDIA","Coal India Limited","General Updates","Coal India Limited has informed the Exchange about General Updates-In-principle approval of Listing of Mahanadi Coalfields Limited (MCL) a Wholly owned subsidiary of Coal India Limited.","23-Dec-2025 17:05:09","2025-12-23 17:05:09","23-Dec-2025 17:05:10","00:00:01","https://nsearchives.nseindia.com/corporate/COALINDIA_23122025170458_MCLsigned.pdf"
"COALINDIA","Coal India Limited","Rumour Verification - Regulation 30(11)","Coal India Limited has informed the Exchange about Rumour Verification - Regulation 30(11)-Intimation under Regulation 30(11) of SEBI (Listing Obligations &Disclosure Requirements) Regulations, 2015","23-Dec-2025 16:05:42","2025-12-23 16:05:42","23-Dec-2025 16:05:43","00:00:01","https://nsearchives.nseindia.com/corporate/COALINDIA_23122025160527_signedMPM.pdf"
"COALINDIA","Coal India Limited","General Updates","Coal India Limited has informed the Exchange about General Updates-Additional charge arrangement for the post of Chairman cum Managing Director, Northern Coalfields Limited (NCL) to CMD, CIL.","16-Dec-2025 16:35:48","2025-12-16 16:35:48","16-Dec-2025 16:35:49","00:00:01","https://nsearchives.nseindia.com/corporate/COALINDIA_16122025163538_cmdnclsigned.pdf"
"COALINDIA","Coal India Limited","Press Release","Coal India Limited has informed the Exchange regarding a press release dated December 16, 2025, titled ""Mr. B Sairam new Coal India Chief"".","16-Dec-2025 10:42:43","2025-12-16 10:42:43","16-Dec-2025 10:42:44","00:00:01","https://nsearchives.nseindia.com/corporate/COALINDIA_16122025104237_letter1612signed.pdf"
"COALINDIA","Coal India Limited","Change in Director(s)","Coal India Limited has informed the Exchange regarding Change in Director(s) of the company.","15-Dec-2025 21:31:56","2025-12-15 21:31:56","15-Dec-2025 21:31:57","00:00:01","https://nsearchives.nseindia.com/corporate/COALINDIA_15122025213137_lettersigned.pdf"
"COALINDIA","Coal India Limited","General Updates","Coal India Limited has informed the Exchange about General Updates-Disclosure under Regulation 30 read with Schedule III of the SEBI (Listing Obligations and Disclosure Requirements) Regulations, 2015 ( SEBI Listing Regulations ).","09-Dec-2025 17:16:10","2025-12-09 17:16:10","09-Dec-2025 17:16:11","00:00:01","https://nsearchives.nseindia.com/corporate/COALINDIA_09122025171556_letteresgsigned.pdf"
"COALINDIA","Coal India Limited","Copy of Newspaper Publication","Coal India Limited has informed the Exchange about Copy of Newspaper Publication about i) Special Window for Re-lodgement of Transfer Requests of Physical               Shares of Coal India Limited.           ii) Electronic payment of Dividend.","05-Dec-2025 12:48:06","2025-12-05 12:48:06","05-Dec-2025 12:48:07","00:00:01","https://nsearchives.nseindia.com/corporate/COALINDIA_05122025124758_press0312sigend.pdf"
"COALINDIA","Coal India Limited","General Updates","Coal India Limited has informed the Exchange about General Updates - Provisional Production and Off-take Performance of CIL and Subsidiary Companies for the month of November 25 and for the period Apr 25-Nov 25","01-Dec-2025 14:58:22","2025-12-01 14:58:22","01-Dec-2025 14:58:22","00:00:00","https://nsearchives.nseindia.com/corporate/COALINDIA_01122025145758_PRODSIGNED.pdf"
"COALINDIA","Coal India Limited","General Updates","Coal India Limited has informed the Exchange about General Updates- Disclosure under Regulation 30 of SEBI (Listing Obligations and Disclosure Requirements), Regulations 2015.","28-Nov-2025 20:50:50","2025-11-28 20:50:50","28-Nov-2025 20:50:52","00:00:02","https://nsearchives.nseindia.com/corporate/COALINDIA_28112025205008_BSE_letter.pdf"
"COALINDIA","Coal India Limited","General Updates","Coal India Limited has informed the Exchange about General updates - Disclosure under Regulation 30 of SEBI (Listing Obligations and Disclosure Requirements), Regulations 2015.","28-Nov-2025 17:21:45","2025-11-28 17:21:45","28-Nov-2025 17:21:47","00:00:02","https://nsearchives.nseindia.com/corporate/COALINDIA_28112025172123_letter__2___1_.pdf"
"COALINDIA","Coal India Limited","Analysts/Institutional Investor Meet/Con. Call Updates","Coal India Limited has informed the Exchange about Schedule of meet","10-Nov-2025 12:33:30","2025-11-10 12:33:30","10-Nov-2025 12:33:31","00:00:01","https://nsearchives.nseindia.com/corporate/COALINDIA_10112025123240_analystsigned.pdf"
"COALINDIA","Coal India Limited","Press Release","Coal India Limited has informed the Exchange regarding a press release dated November 07, 2025, titled ""Press release-CIL, DVC sign JVA for a 1600 MW coal fired plant"".","07-Nov-2025 17:47:53","2025-11-07 17:47:53","07-Nov-2025 17:47:54","00:00:01","https://nsearchives.nseindia.com/corporate/COALINDIA_07112025174740_ressrelease0711signed.pdf"
"COALINDIA","Coal India Limited","Agreements","Coal India Limited has informed the Exchange about Signing of Joint Venture Agreement between Coal India Limited (CIL) and Damodar Valley Corporation (DVC).","07-Nov-2025 17:27:35","2025-11-07 17:27:35","07-Nov-2025 17:27:36","00:00:01","https://nsearchives.nseindia.com/corporate/COALINDIA_07112025172640_Letter_NSE_BSE.pdf"
"COALINDIA","Coal India Limited","General Updates","Coal India Limited has informed the Exchange about Shareholder s Communication on Tax on 2nd Interim Dividend for FY 2025-2026","03-Nov-2025 16:44:33","2025-11-03 16:44:33","03-Nov-2025 16:44:35","00:00:02","https://nsearchives.nseindia.com/corporate/COALINDIA_03112025164311_Shareholder_Communication.pdf"
"COALINDIA","Coal India Limited","General Updates","Coal India Limited has informed the Exchange about  Newspaper publication of Notice to Shareholders for tax on 2nd Interim Dividend for FY 2025-26","03-Nov-2025 13:16:19","2025-11-03 13:16:19","03-Nov-2025 13:16:20","00:00:01","https://nsearchives.nseindia.com/corporate/COALINDIA_03112025131603_Newspaper_Publication_2nd_Iterim_Dividend-merged.pdf"
"COALINDIA","Coal India Limited","General Updates","Coal India Limited has informed the Exchange about General Updates- Provisional Production and Off-take Performance of CIL and Subsidiary Companies for the month of October 25 and for the period Apr 25-Oct 25","01-Nov-2025 12:24:34","2025-11-01 12:24:34","01-Nov-2025 12:24:35","00:00:01","https://nsearchives.nseindia.com/corporate/COALINDIA_01112025122419_prodletter_signed.pdf"
"COALINDIA","Coal India Limited","Change in Director(s)","Coal India Limited has informed the Exchange regarding Change in Director(s) of the company.","01-Nov-2025 12:19:34","2025-11-01 12:19:34","01-Nov-2025 12:19:35","00:00:01","https://nsearchives.nseindia.com/corporate/COALINDIA_01112025121907_lettersigned.pdf"
"COALINDIA","Coal India Limited","General Updates","Coal India Limited has informed the Exchange about General Updates- Disclosure under Regulation 30 of SEBI (Listing Obligations and Disclosure Requirements), Regulations 2015- Change in Senior Management","31-Oct-2025 16:05:21","2025-10-31 16:05:21","31-Oct-2025 16:05:22","00:00:01","https://nsearchives.nseindia.com/corporate/COALINDIA_31102025160503_ed_cs_lettersigned.pdf"
"COALINDIA","Coal India Limited","Copy of Newspaper Publication","Coal India Limited has informed the Exchange about Copy of Newspaper Publication Newspaper publication of Unaudited Financial Results of Coal India Limited (Standalone & Consolidated) for the 2nd Quarter and FY ended 30th Sept 2025","30-Oct-2025 15:33:37","2025-10-30 15:33:37","30-Oct-2025 15:33:38","00:00:01","https://nsearchives.nseindia.com/corporate/COALINDIA_30102025153315_newspaper_QFR_signed.pdf"
"COALINDIA","Coal India Limited","General Updates","Coal India Limited has informed the Exchange about General Updates- Presentation made by Company on the Un-Audited Financial Results of Coal India Limited (Standalone & Consolidated) for the 2nd Quarter ended 30th September  2025","29-Oct-2025 15:09:57","2025-10-29 15:09:57","29-Oct-2025 15:09:58","00:00:01","https://nsearchives.nseindia.com/corporate/COALINDIA_29102025150912_signedpresentation.pdf"
"COALINDIA","Coal India Limited","Record Date","Coal India Limited has informed the Exchange that Record date for the purpose of Dividend  is 04-Nov-2025.","29-Oct-2025 13:51:23","2025-10-29 13:51:23","29-Oct-2025 13:51:24","00:00:01","https://nsearchives.nseindia.com/corporate/COALINDIA_29102025135109_acctsfinalsigned.pdf"
"COALINDIA","Coal India Limited","Dividend","Coal India Limited has informed the Exchange that Board of Directors at its meeting held on October 29, 2025, declared Interim Dividend of Rs. 10.25 per equity share.-","29-Oct-2025 13:45:12","2025-10-29 13:45:12","29-Oct-2025 13:45:14","00:00:02","https://nsearchives.nseindia.com/corporate/COALINDIA_29102025134445_acctsfinalsigned.pdf"
"COALINDIA","Coal India Limited","Outcome of Board Meeting","Coal India Limited has submitted to the Exchange, the financial results for the period ended September 30, 2025.-Un-Audited Financial Results of Coal India Limited (Standalone & Consolidated) for the 2nd Quarter ended 30th September  2025 and declaration of 2nd Interim Dividend for FY 2025-26.","29-Oct-2025 13:43:45","2025-10-29 13:43:45","29-Oct-2025 13:43:46","00:00:01","https://nsearchives.nseindia.com/corporate/COALINDIA_29102025134235_acctsfinalsigned.pdf"
"COALINDIA","Coal India Limited","General Updates","Coal India Limited has informed the Exchange about General Updates- Disclosure of event or information under Regulation 30 of SEBI LODR Regulations, 2015","18-Oct-2025 11:39:13","2025-10-18 11:39:13","18-Oct-2025 11:39:14","00:00:01","https://nsearchives.nseindia.com/corporate/COALINDIA_18102025113846_letter181025signed.pdf"
"COALINDIA","Coal India Limited","General Updates","Coal India Limited has informed the Exchange about General Updates- Disclosure under Regulation 30 of SEBI (Listing Obligations and Disclosure Requirements), Regulations 2015- Change in Senior Management","17-Oct-2025 17:05:38","2025-10-17 17:05:38","17-Oct-2025 17:05:39","00:00:01","https://nsearchives.nseindia.com/corporate/COALINDIA_17102025170525_lettersigned.pdf"
"COALINDIA","Coal India Limited","Change in Director(s)","Coal India Limited has informed the Exchange regarding Change in Director(s) of the company.","15-Oct-2025 12:01:54","2025-10-15 12:01:54","15-Oct-2025 12:01:55","00:00:01","https://nsearchives.nseindia.com/corporate/COALINDIA_15102025120135_lettersigned.pdf"
"COALINDIA","Coal India Limited","Copy of Newspaper Publication","Coal India Limited has informed the Exchange about Copy of Newspaper Publication- Newspaper publication of Transfer of Unclaimed 1st & 2nd Interim Dividend 2018-19 & Equity shares of CIL to IEPF Authority","14-Oct-2025 14:06:24","2025-10-14 14:06:24","14-Oct-2025 14:06:24","00:00:00","https://nsearchives.nseindia.com/corporate/COALINDIA_14102025140613_newssigned.pdf"
"COALINDIA","Coal India Limited","Copy of Newspaper Publication","Coal India Limited has informed the Exchange about Copy of Newspaper Publication- Newspaper publication of Notice of Board Meeting.","11-Oct-2025 13:30:20","2025-10-11 13:30:20","11-Oct-2025 13:30:21","00:00:01","https://nsearchives.nseindia.com/corporate/COALINDIA_11102025132907_newspaper_signed.pdf"
"COALINDIA","Coal India Limited","General Updates","Coal India Limited has informed the Exchange about General Updates- Press Release regarding Credit Rating by Care Edge Ratings","09-Oct-2025 17:12:33","2025-10-09 17:12:33","09-Oct-2025 17:12:34","00:00:01","https://nsearchives.nseindia.com/corporate/COALINDIA_09102025171210_press_releasesigned.pdf"
"COALINDIA","Coal India Limited","Credit Rating","Coal India Limited has informed the Exchange about Credit Rating","09-Oct-2025 11:50:19","2025-10-09 11:50:19","09-Oct-2025 11:50:20","00:00:01","https://nsearchives.nseindia.com/corporate/COALINDIA_09102025114959_Credit_ratingsigned.pdf"
"COALINDIA","Coal India Limited","Certificate under SEBI (Depositories and Participants) Regulations, 2018","Coal India Limited has informed the Exchange about Certificate under SEBI (Depositories and Participants) Regulations, 2018- Certificate under Regulation 74(5) of the SEBI (Depository and participants) Regulations, 2018 for the quarter ended 30th Sept  2025","08-Oct-2025 17:12:52","2025-10-08 17:12:52","08-Oct-2025 17:12:53","00:00:01","https://nsearchives.nseindia.com/corporate/COALINDIA_08102025171237_74_5_signed.pdf"
"COALINDIA","Coal India Limited","Memorandum of Understanding/Agreements","Coal India Limited has informed the Exchange about Memorandum of Understanding/Agreements- Memorandum of Understanding (MoU) between Coal India Ltd (CIL)and IRCON International Limited","08-Oct-2025 16:45:02","2025-10-08 16:45:02","08-Oct-2025 16:45:02","00:00:00","https://nsearchives.nseindia.com/corporate/COALINDIA_08102025164414_mou081025signed.pdf"
"COALINDIA","Coal India Limited","Memorandum of Understanding/Agreements","Coal India Limited has informed the Exchange about Memorandum of Understanding/Agreements- Memorandum of Understanding (MoU) between Coal India Limited and Chhattisgarh Mineral Development Corporation Limited","06-Oct-2025 18:59:55","2025-10-06 18:59:55","06-Oct-2025 18:59:56","00:00:01","https://nsearchives.nseindia.com/corporate/COALINDIA_06102025185743_MOU_SE.pdf"
"COALINDIA","Coal India Limited","General Updates","Coal India Limited has informed the Exchange about General Updates- Provisional Production and Off-take Performance of CIL and Subsidiary Companies for the month of September 25 and for the period Apr 25-Sept 25","01-Oct-2025 15:57:10","2025-10-01 15:57:10","01-Oct-2025 15:57:11","00:00:01","https://nsearchives.nseindia.com/corporate/COALINDIA_01102025155653_Production011025.pdf"
"COALINDIA","Coal India Limited","Analysts/Institutional Investor Meet/Con. Call Updates","Coal India Limited has informed the Exchange about Schedule of meet- Non- Deal Road Show at New York, US on 7th & 8th October  2025","01-Oct-2025 10:03:12","2025-10-01 10:03:12","01-Oct-2025 10:03:13","00:00:01","https://nsearchives.nseindia.com/corporate/COALINDIA_01102025100108_Road_show_US.pdf"
"COALINDIA","Coal India Limited","General Updates","Coal India Limited has informed the Exchange about General Updates- Performance Linked Reward (PLR) for FY 2024-25 for workers of CIL and its Subsidiaries","26-Sep-2025 14:23:27","2025-09-26 14:23:27","26-Sep-2025 14:23:28","00:00:01","https://nsearchives.nseindia.com/corporate/COALINDIA_26092025142311_PLRsigned.pdf"
"COALINDIA","Coal India Limited","Trading Window","Coal India Limited has informed the Exchange regarding the Trading Window closure pursuant to SEBI (Prohibition of Insider Trading) Regulations, 2015","25-Sep-2025 16:11:34","2025-09-25 16:11:34","25-Sep-2025 16:11:35","00:00:01","https://nsearchives.nseindia.com/corporate/COALINDIA_25092025161117_tradingwindowsigned.pdf"
"COALINDIA","Coal India Limited","General Updates","Coal India Limited has informed the Exchange about General Updates- Preferred Bidder for Ontillu- Chandragiri REE Exploration Block","16-Sep-2025 17:17:11","2025-09-16 17:17:11","16-Sep-2025 17:17:12","00:00:01","https://nsearchives.nseindia.com/corporate/COALINDIA_16092025171703_auction160925signed.pdf"
"COALINDIA","Coal India Limited","General Updates","Coal India Limited has informed the Exchange about General Updates- Disclosure under Regulation 30 read with Schedule III of the SEBI (Listing Obligations and Disclosure Requirements) Regulations, 2015 -rating by CRISIL ESG Ratings & Analytics Limited.","16-Sep-2025 12:07:37","2025-09-16 12:07:37","16-Sep-2025 12:07:38","00:00:01","https://nsearchives.nseindia.com/corporate/COALINDIA_16092025120653_esgrating160925signed.pdf"
"COALINDIA","Coal India Limited","General Updates","Coal India Limited has informed the Exchange about General Updates- Newspaper Publication of Notice to Physical Shareholder informing about special window to re-lodge Transfer Deeds.","15-Sep-2025 14:38:03","2025-09-15 14:38:03","15-Sep-2025 14:38:04","00:00:01","https://nsearchives.nseindia.com/corporate/COALINDIA_15092025143752_sharerelodgementsigned.pdf"
"COALINDIA","Coal India Limited","General Updates","Coal India Limited has informed the Exchange about General Updates- Disclosure under Regulation 30 of SEBI (Listing Obligations and Disclosure Requirements), Regulations 2015- Change in Senior Management","15-Sep-2025 12:59:50","2025-09-15 12:59:50","15-Sep-2025 12:59:50","00:00:00","https://nsearchives.nseindia.com/corporate/COALINDIA_15092025125926_letter150925signed.pdf"
"COALINDIA","Coal India Limited","General Updates","Coal India Limited has informed the Exchange about General Updates- Disclosure under Regulation 30 of SEBI (Listing Obligations and Disclosure Requirements), Regulations 2015- Change in Senior Management","13-Sep-2025 17:42:56","2025-09-13 17:42:56","13-Sep-2025 17:42:57","00:00:01","https://nsearchives.nseindia.com/corporate/COALINDIA_13092025174236_edsafetylettersigned.pdf"
"COALINDIA","Coal India Limited","General Updates","Coal India Limited has informed the Exchange about General Updates- Appointment of M/s CHATURVEDI & CO LLP, Kolkata as Statutory Auditor for the year 2025-26.- Disclosure as per SEBI circular dated 11.11.2024.","12-Sep-2025 16:57:33","2025-09-12 16:57:33","12-Sep-2025 16:57:34","00:00:01","https://nsearchives.nseindia.com/corporate/COALINDIA_12092025165716_signedletterstat.pdf"
"COALINDIA","Coal India Limited","Change in Auditors","Coal India Limited has informed the Exchange regarding Change in Auditors of the company.","11-Sep-2025 16:36:25","2025-09-11 16:36:25","11-Sep-2025 16:36:26","00:00:01","https://nsearchives.nseindia.com/corporate/COALINDIA_11092025163455_stautorylettersigned.pdf"
"COALINDIA","Coal India Limited","Copy of Newspaper Publication","Coal India Limited has informed the Exchange about Copy of Newspaper Publication- Newspaper publication of Notice to Shareholders for 100 days campaign titled Saksham Niveshak","03-Sep-2025 14:43:08","2025-09-03 14:43:08","03-Sep-2025 14:43:09","00:00:01","https://nsearchives.nseindia.com/corporate/COALINDIA_03092025144228_signedletter030925.pdf"
"COALINDIA","Coal India Limited","General Updates","Coal India Limited has informed the Exchange about General Updates- Disclosure under Regulation 30 of SEBI (Listing Obligations and Disclosure Requirements), Regulations 2015- Change in Senior Management","02-Sep-2025 15:52:10","2025-09-02 15:52:10","02-Sep-2025 15:52:11","00:00:01","https://nsearchives.nseindia.com/corporate/COALINDIA_02092025155147_anandSIGNED.pdf"
"COALINDIA","Coal India Limited","General Updates","Coal India Limited has informed the Exchange about General Updates Provisional Production and Off-take Performance of CIL and Subsidiary Companies for the month of August  25 and for the period Apr  25 Aug  25.","01-Sep-2025 16:06:15","2025-09-01 16:06:15","01-Sep-2025 16:06:15","00:00:00","https://nsearchives.nseindia.com/corporate/COALINDIA_01092025160606_prod_SIGNED.pdf"
"COALINDIA","Coal India Limited","General Updates","Coal India Limited has informed the Exchange about General Updates- Disclosure under Regulation 30 of SEBI (Listing Obligations and Disclosure Requirements), Regulations 2015.","01-Sep-2025 11:39:27","2025-09-01 11:39:27","01-Sep-2025 11:39:28","00:00:01","https://nsearchives.nseindia.com/corporate/COALINDIA_01092025113852_stock_exchnage_letter_signed.pdf"
"COALINDIA","Coal India Limited","General Updates","Coal India Limited has informed the Exchange about General Updates- Appointment of M/s. T Chatterjee & Associates, Company Secretaries, FRN. P2007WB067100 as Secretarial Auditor of CIL","29-Aug-2025 15:51:45","2025-08-29 15:51:45","29-Aug-2025 15:51:46","00:00:01","https://nsearchives.nseindia.com/corporate/COALINDIA_29082025155135_secretarialuditorsigned.pdf"
"COALINDIA","Coal India Limited","Shareholders meeting","Coal India Limited has submitted the Exchange a copy Srutinizers report of  Annual General Meeting held on August 28, 2025 along with voting result","29-Aug-2025 15:45:22","2025-08-29 15:45:22","29-Aug-2025 15:45:23","00:00:01","https://nsearchives.nseindia.com/corporate/COALINDIA_29082025154443_Scrutinizer_Report_mergedsigned.pdf"
"COALINDIA","Coal India Limited","Copy of Newspaper Publication","Coal India Limited has informed the Exchange about Copy of Newspaper Publication- Newspaper publication of Chairman s Speech at 51st AGM of CIL","29-Aug-2025 15:35:13","2025-08-29 15:35:13","29-Aug-2025 15:35:15","00:00:02","https://nsearchives.nseindia.com/corporate/COALINDIA_29082025153501_signednewspaper29082025.pdf"
"COALINDIA","Coal India Limited","General Updates","Coal India Limited has informed the Exchange about General Updates- Recording of 51st AGM of Coal India Limited held on 28th August  2025","29-Aug-2025 11:41:23","2025-08-29 11:41:23","29-Aug-2025 11:41:23","00:00:00","https://nsearchives.nseindia.com/corporate/COALINDIA_29082025114110_recordingsigned.pdf"
"COALINDIA","Coal India Limited","General Updates","Coal India Limited has informed the Exchange about General Updates- Disclosure under Regulation 30 of SEBI (Listing Obligations and Disclosure Requirements), Regulations 2015- Change in Senior Management","28-Aug-2025 16:40:23","2025-08-28 16:40:23","28-Aug-2025 16:40:24","00:00:01","https://nsearchives.nseindia.com/corporate/COALINDIA_28082025164013_maimudalisigned.pdf"
"COALINDIA","Coal India Limited","Change in Director(s)","Coal India Limited has informed the Exchange regarding Change in Director(s) of the company.","28-Aug-2025 15:40:47","2025-08-28 15:40:47","28-Aug-2025 15:40:48","00:00:01","https://nsearchives.nseindia.com/corporate/COALINDIA_28082025154031_appointmentsigned.pdf"
"COALINDIA","Coal India Limited","Change in Director(s)","Coal India Limited has informed the Exchange regarding Change in Director(s) of the company.","28-Aug-2025 15:38:19","2025-08-28 15:38:19","28-Aug-2025 15:38:20","00:00:01","https://nsearchives.nseindia.com/corporate/COALINDIA_28082025153807_cessationsigned.pdf"
"COALINDIA","Coal India Limited","Shareholders meeting","Coal India Limited has informed the Exchange regarding Proceedings of 51st Annual General Meeting held on August 28, 2025 along with Chairman' speech","28-Aug-2025 15:31:35","2025-08-28 15:31:35","28-Aug-2025 15:31:35","00:00:00","https://nsearchives.nseindia.com/corporate/COALINDIA_28082025153036_proceedingsigned.pdf"
"COALINDIA","Coal India Limited","General Updates","Coal India Limited has informed the Exchange about General Updates- Disclosure under Regulation 30 of SEBI (Listing Obligations and Disclosure Requirements), Regulations 2015- Change in Senior Management","27-Aug-2025 16:47:28","2025-08-27 16:47:28","27-Aug-2025 16:47:29","00:00:01","https://nsearchives.nseindia.com/corporate/COALINDIA_27082025164716_lettersigned.pdf"
"COALINDIA","Coal India Limited","General Updates","Coal India Limited has informed the Exchange about General Updates- Appointment of Smt. Mamta Palariya (DIN-07749007) as Non- Official Independent Director, on the Board of Northern Coalfields Limited (NCL), a wholly owned subsidiary of Coal India Limited.","26-Aug-2025 12:17:47","2025-08-26 12:17:47","26-Aug-2025 12:17:48","00:00:01","https://nsearchives.nseindia.com/corporate/COALINDIA_26082025121729_MAMTA_PALARIYASIGNED.pdf"
"COALINDIA","Coal India Limited","Memorandum of Understanding/Agreements","Coal India Limited has informed the Exchange about Memorandum of Understanding/Agreements- Memorandum of Understanding (MoU) between Coal IndiaLimited, Mineral Resources Development, Govt. of Madhya Pradesh (through Directorate of Geology and Mining) and Madhya Pradesh State Mining Corporation Limited.","24-Aug-2025 13:09:00","2025-08-24 13:09:00","24-Aug-2025 13:09:01","00:00:01","https://nsearchives.nseindia.com/corporate/COALINDIA_24082025130834_mousigned.pdf"
"COALINDIA","Coal India Limited","Change in Director(s)","Coal India Limited has informed the Exchange regarding Change in Director(s) of the company.","21-Aug-2025 20:21:55","2025-08-21 20:21:55","21-Aug-2025 20:21:55","00:00:00","https://nsearchives.nseindia.com/corporate/COALINDIA_21082025202054_lettersigned.pdf"
"COALINDIA","Coal India Limited","Memorandum of Understanding/Agreements","Coal India Limited has informed the Exchange about Memorandum of Understanding/Agreements- Memorandum of Understanding (MoU) between Coal India Ltd (CIL) and Konkan Railway Corporation Limited.","19-Aug-2025 10:50:51","2025-08-19 10:50:51","19-Aug-2025 10:50:52","00:00:01","https://nsearchives.nseindia.com/corporate/COALINDIA_19082025104953_signedmou.pdf"
"COALINDIA","Coal India Limited","Press Release","Coal India Limited has informed the Exchange regarding a press release dated August 07, 2025, titled ""Press release-CIL clears the way for sale of power in Exchanges"".","07-Aug-2025 14:17:07","2025-08-07 14:17:07","07-Aug-2025 14:17:08","00:00:01","https://nsearchives.nseindia.com/corporate/COALINDIA_07082025141658_letter0708_merged.pdf"
"COALINDIA","Coal India Limited","Copy of Newspaper Publication","Coal India Limited has informed the Exchange about Copy of Newspaper Publication- Newspaper publication of AGM notice of CIL","06-Aug-2025 14:28:24","2025-08-06 14:28:24","06-Aug-2025 14:28:25","00:00:01","https://nsearchives.nseindia.com/corporate/COALINDIA_06082025142745_letter060825signed.pdf"
"COALINDIA","Coal India Limited","General Updates","Coal India Limited has informed the Exchange about General Updates- Letter to Shareholder for weblink of Integrated Annual Report for FY 2025","06-Aug-2025 14:21:17","2025-08-06 14:21:17","06-Aug-2025 14:21:18","00:00:01","https://nsearchives.nseindia.com/corporate/COALINDIA_06082025142014_letter_to_SH060825signed.pdf"
"COALINDIA","Coal India Limited","Record Date","Coal India Limited has informed the Exchange that the record date for the purpose of the final dividend is 21-Aug-2025.","04-Aug-2025 11:27:32","2025-08-04 11:27:32","04-Aug-2025 11:27:34","00:00:02","https://nsearchives.nseindia.com/corporate/COALINDIA_04082025112655_notice.pdf"
"COALINDIA","Coal India Limited","Shareholders meeting","Coal India Limited has informed the Exchange regarding Notice of Annual General Meeting to be held on August 28, 2025","04-Aug-2025 11:10:24","2025-08-04 11:10:24","04-Aug-2025 11:10:25","00:00:01","https://nsearchives.nseindia.com/corporate/COALINDIA_04082025111014_notice.pdf"
"COALINDIA","Coal India Limited","General Updates","Coal India Limited has informed the Exchange about General Updates- Provisional Production and Off-take Performance of CIL and Subsidiary Companies for the month of July 25 and for the period Apr 25-July 25","01-Aug-2025 14:41:43","2025-08-01 14:41:43","01-Aug-2025 14:41:44","00:00:01","https://nsearchives.nseindia.com/corporate/COALINDIA_01082025144130_prod010825signed.pdf"
"COALINDIA","Coal India Limited","General Updates","Coal India Limited has informed the Exchange about General Updates- Newspaper publication of Notice to Shareholders for tax on 1st Interim Dividend for FY 2025-26","01-Aug-2025 14:20:48","2025-08-01 14:20:48","01-Aug-2025 14:20:50","00:00:02","https://nsearchives.nseindia.com/corporate/COALINDIA_01082025142034_Newspaper010825signed.pdf"
"COALINDIA","Coal India Limited","General Updates","Coal India Limited has informed the Exchange about General Updates- Shareholder s Communication on Tax on 1st Interim Dividend for FY 2025-2026","01-Aug-2025 12:45:32","2025-08-01 12:45:32","01-Aug-2025 12:45:33","00:00:01","https://nsearchives.nseindia.com/corporate/COALINDIA_01082025124516_SH_Communication_filing_0108025signed.pdf"
"COALINDIA","Coal India Limited","Copy of Newspaper Publication","Coal India Limited has informed the Exchange about Copy of Newspaper Publication- Newspaper publication of Un-audited Financial Results of Coal India Limited(Standalone & Consolidated) for the 1st Quarter ended 30th June 2025.","01-Aug-2025 11:53:10","2025-08-01 11:53:10","01-Aug-2025 11:53:11","00:00:01","https://nsearchives.nseindia.com/corporate/COALINDIA_01082025115300_letter010825signed.pdf"
"COALINDIA","Coal India Limited","General Updates","Coal India Limited has informed the Exchange about General Updates- Presentation made by Company on the Un-Audited Financial Results of Coal India Limited (Standalone & Consolidated) for the 1st Quarter ended 30th June  2025","31-Jul-2025 17:54:01","2025-07-31 17:54:01","31-Jul-2025 17:54:02","00:00:01","https://nsearchives.nseindia.com/corporate/COALINDIA_31072025175333_presentation310725.pdf"
"COALINDIA","Coal India Limited","Record Date","Coal India Limited has informed the Exchange that Record date for the purpose of Dividend  is 06-Aug-2025.","31-Jul-2025 17:26:25","2025-07-31 17:26:25","31-Jul-2025 17:26:27","00:00:02","https://nsearchives.nseindia.com/corporate/COALINDIA_31072025172613_acctresults.pdf"
"COALINDIA","Coal India Limited","Dividend","Coal India Limited has informed the Exchange that Board of Directors at its meeting held on July 31, 2025, declared Interim Dividend of Rs. 5.50 per equity share.","31-Jul-2025 17:19:09","2025-07-31 17:19:09","31-Jul-2025 17:19:10","00:00:01","https://nsearchives.nseindia.com/corporate/COALINDIA_31072025171838_acctresults.pdf"
"COALINDIA","Coal India Limited","Outcome of Board Meeting","Coal India Limited has submitted to the Exchange, the financial results for the period ended Jun 30, 2025.-Un-Audited Financial Results of Coal India Limited (Standalone & Consolidated) for the 1st Quarter ended 30th June  2025 and declaration of 1st Interim Dividend for FY 2025-26.","31-Jul-2025 17:14:58","2025-07-31 17:14:58","31-Jul-2025 17:14:59","00:00:01","https://nsearchives.nseindia.com/corporate/COALINDIA_31072025171230_acctresults.pdf"
"COALINDIA","Coal India Limited","General Updates","Coal India Limited has informed the Exchange about General Updates- Disclosure under Regulation 30 of SEBI (Listing Obligations and Disclosure Requirements), Regulations 2015- Change in Senior Management","28-Jul-2025 15:20:13","2025-07-28 15:20:13","28-Jul-2025 15:20:14","00:00:01","https://nsearchives.nseindia.com/corporate/COALINDIA_28072025152000_letter.pdf"
"COALINDIA","Coal India Limited","General Updates","Coal India Limited has informed the Exchange about General Updates- Brief Profile of Shri Ashish Chatterjee (DIN-07688473) AS&FA, Ministry of Coal- Disclosure as per SEBI circular dated 11.11.2024.","25-Jul-2025 11:25:51","2025-07-25 11:25:51","25-Jul-2025 11:25:52","00:00:01","https://nsearchives.nseindia.com/corporate/COALINDIA_25072025112525_letter25072025.pdf"
"COALINDIA","Coal India Limited","Change in Director(s)","Coal India Limited has informed the Exchange regarding Change in Director(s) of the company.","24-Jul-2025 17:14:28","2025-07-24 17:14:28","24-Jul-2025 17:14:29","00:00:01","https://nsearchives.nseindia.com/corporate/COALINDIA_24072025170747_signedletter.pdf"
"COALINDIA","Coal India Limited","Updates","Coal India Limited has informed the Exchange regarding 'Inadvertent communication by CDSL to Shareholders on AGM'.","24-Jul-2025 11:41:03","2025-07-24 11:41:03","24-Jul-2025 11:41:05","00:00:02","https://nsearchives.nseindia.com/corporate/COALINDIA_24072025114012_CDSL_SE_Intimation.pdf"
"COALINDIA","Coal India Limited","Copy of Newspaper Publication","Coal India Limited has informed the Exchange about Copy of Newspaper Publication- Newspaper publication of Notice of Board meeting","17-Jul-2025 14:13:13","2025-07-17 14:13:13","17-Jul-2025 14:13:14","00:00:01","https://nsearchives.nseindia.com/corporate/COALINDIA_17072025141237_newspaper170725_final.pdf"
"COALINDIA","Coal India Limited","Copy of Newspaper Publication","Coal India Limited has informed the Exchange about Copy of Newspaper Publication- Newspaper Publication of Notice to Physical Shareholder informing about specialwindow to re-lodge Transfer Deeds.","15-Jul-2025 14:35:13","2025-07-15 14:35:13","15-Jul-2025 14:35:14","00:00:01","https://nsearchives.nseindia.com/corporate/COALINDIA_15072025143458_NEWSPAPER_SIGNED.pdf"
"COALINDIA","Coal India Limited","Certificate under SEBI (Depositories and Participants) Regulations, 2018","Coal India Limited has informed the Exchange about Certificate under SEBI (Depositories and Participants) Regulations, 2018- Certificate under Regulation 74(5) of the SEBI (Depository and participants) Regulations, 2018 for the quarter ended 30th June  2025","08-Jul-2025 11:46:36","2025-07-08 11:46:36","08-Jul-2025 11:46:37","00:00:01","https://nsearchives.nseindia.com/corporate/COALINDIA_08072025114619_letter_74_5_.pdf"
"COALINDIA","Coal India Limited","General Updates","Coal India Limited has informed the Exchange about General Updates- Disclosure under Regulation 30 of SEBI (Listing Obligations and Disclosure Requirements), Regulations 2015- Change in Senior Management","02-Jul-2025 15:01:19","2025-07-02 15:01:19","02-Jul-2025 15:01:21","00:00:02","https://nsearchives.nseindia.com/corporate/COALINDIA_02072025150053_letter020725.pdf"
"COALINDIA","Coal India Limited","General Updates","Coal India Limited has informed the Exchange about General Updates- Provisional Production and Off-take Performance of CIL and Subsidiary Companies for the month of June 25 and for the period Apr 25-June 25","01-Jul-2025 12:14:21","2025-07-01 12:14:21","01-Jul-2025 12:14:22","00:00:01","https://nsearchives.nseindia.com/corporate/COALINDIA_01072025121410_prodlettersigned.pdf"
"COALINDIA","Coal India Limited","Memorandum of Understanding/Agreements","Coal India Limited has informed the Exchange about Memorandum of Understanding/Agreements- Non-Binding Memorandum of Understanding (MoU) between Coal India Limited and Hindustan Copper Limited, Kolkata, India.","01-Jul-2025 11:14:10","2025-07-01 11:14:10","01-Jul-2025 11:14:11","00:00:01","https://nsearchives.nseindia.com/corporate/COALINDIA_01072025111357_MOU010725signed.pdf"
"COALINDIA","Coal India Limited","General Updates","Coal India Limited has informed the Exchange about General Updates-Disclosure of event or information under Regulation 30 of SEBI LoDR Regulations, 2015 Equity Investment in Talcher Fertilizers Limited","27-Jun-2025 20:18:50","2025-06-27 20:18:50","27-Jun-2025 20:18:51","00:00:01","https://nsearchives.nseindia.com/corporate/COALINDIA_27062025201834_lettersigned.pdf"
"COALINDIA","Coal India Limited","Trading Window","Coal India Limited has informed the Exchange regarding the Trading Window closure pursuant to SEBI (Prohibition of Insider Trading) Regulations, 2015","27-Jun-2025 15:15:12","2025-06-27 15:15:12","27-Jun-2025 15:15:13","00:00:01","https://nsearchives.nseindia.com/corporate/COALINDIA_27062025151459_letter_to_stock_exchange.pdf"
"COALINDIA","Coal India Limited","Change in Auditors","Coal India Limited has informed the Exchange regarding Change in Auditors of the company.","26-Jun-2025 15:12:22","2025-06-26 15:12:22","26-Jun-2025 15:12:23","00:00:01","https://nsearchives.nseindia.com/corporate/COALINDIA_26062025151206_letter.pdf"
"COALINDIA","Coal India Limited","General Updates","Coal India Limited has informed the Exchange about General Updates-Incorporation of CIL RAJASTHAN AKSHAY URJA LIMITED, a Subsidiary Company of Coal India Limited","12-Jun-2025 14:32:27","2025-06-12 14:32:27","12-Jun-2025 14:32:27","00:00:00","https://nsearchives.nseindia.com/corporate/COALINDIA_12062025143220_rajashthansigned.pdf"
"COALINDIA","Coal India Limited","General Updates","Coal India Limited has informed the Exchange about General Updates-Disclosure under Regulation 30 read with Schedule III of the SEBI (Listing Obligations and Disclosure Requirements) Regulations, 2015 ( SEBI Listing Regulations ).","11-Jun-2025 15:40:44","2025-06-11 15:40:44","11-Jun-2025 15:40:46","00:00:02","https://nsearchives.nseindia.com/corporate/COALINDIA_11062025154037_lettersigned.pdf"
"COALINDIA","Coal India Limited","Memorandum of Understanding/Agreements","Coal India Limited has informed the Exchange about Memorandum of Understanding/Agreements- Memorandum of Understanding (MoU) between Coal India Ltd (CIL) and Indian Port Rail & Ropeway Corporation Limited.","05-Jun-2025 19:15:14","2025-06-05 19:15:14","05-Jun-2025 19:15:14","00:00:00","https://nsearchives.nseindia.com/corporate/COALINDIA_05062025191326_mou050625.pdf"
"COALINDIA","Coal India Limited","Press Release","Coal India Limited has informed the Exchange regarding a press release dated Jun 05, 2025, titled ""CIL s eco-friendly FMC loading up 34% in FY 2025"".","05-Jun-2025 13:24:18","2025-06-05 13:24:18","05-Jun-2025 13:24:19","00:00:01","https://nsearchives.nseindia.com/corporate/COALINDIA_05062025132355_press_release050625.pdf"
"COALINDIA","Coal India Limited","General Updates","Coal India Limited has informed the Exchange about General Updates- Provisional Production and Off-take Performance of CIL and Subsidiary Companies for the month of May 25 and for the period Apr 25-May 25","02-Jun-2025 14:11:51","2025-06-02 14:11:51","02-Jun-2025 14:11:52","00:00:01","https://nsearchives.nseindia.com/corporate/COALINDIA_02062025141141_prodletter020625.pdf"
"COALINDIA","Coal India Limited","Change in Director(s)","Coal India Limited has informed the Exchange regarding Change in Director(s) of the company.","01-Jun-2025 11:48:41","2025-06-01 11:48:41","01-Jun-2025 11:48:43","00:00:02","https://nsearchives.nseindia.com/corporate/COALINDIA_01062025113548_letter10625.pdf"
"COALINDIA","Coal India Limited","General Updates","Coal India Limited has informed the Exchange about General Updates- Disclosure under Regulation 30 of SEBI LODR, 2015   Filing of DRHP of Bharat Coking Coal Limited (BCCL), a wholly owned Subsidiary of CIL, with SEBI","31-May-2025 22:12:18","2025-05-31 22:12:18","31-May-2025 22:12:18","00:00:00","https://nsearchives.nseindia.com/corporate/COALINDIA_31052025221137_drhp_bccl.pdf"
"COALINDIA","Coal India Limited","Change in Auditors","Coal India Limited has informed the Exchange regarding Change in Auditors of the company.","30-May-2025 16:20:23","2025-05-30 16:20:23","30-May-2025 16:20:24","00:00:01","https://nsearchives.nseindia.com/corporate/COALINDIA_30052025162004_revised_letter.pdf"
"COALINDIA","Coal India Limited","General Updates","Coal India Limited has informed the Exchange about General Updates- Disclosure under Regulation 30 of SEBI (Listing Obligations and Disclosure Requirements), Regulations 2015.","30-May-2025 15:48:21","2025-05-30 15:48:21","30-May-2025 15:48:22","00:00:01","https://nsearchives.nseindia.com/corporate/COALINDIA_30052025154810_penalty_letter_march_2025.pdf"
"COALINDIA","Coal India Limited","Change in Auditors","Coal India Limited has informed the Exchange regarding Change in Auditors of the company.","30-May-2025 15:40:30","2025-05-30 15:40:30","30-May-2025 15:40:31","00:00:01","https://nsearchives.nseindia.com/corporate/COALINDIA_30052025154015_letter.pdf"
"COALINDIA","Coal India Limited","General Updates","Coal India Limited has informed the Exchange about General Updates- Preferred Bidder for Oranga- Revatipur Graphite & Vanadium Block of Chhattisgarh auctioned for Mining lease under Tranche V.","28-May-2025 12:33:49","2025-05-28 12:33:49","28-May-2025 12:33:50","00:00:01","https://nsearchives.nseindia.com/corporate/COALINDIA_28052025123317_mine_auction.pdf"
"COALINDIA","Coal India Limited","General Updates","Coal India Limited has informed the Exchange about General Updates- Filing of DRHP of Central Mine Planning & Design Institute Limited (CMPDIL), a wholly owned Subsidiary of CIL, with SEBI","27-May-2025 14:39:16","2025-05-27 14:39:16","27-May-2025 14:39:17","00:00:01","https://nsearchives.nseindia.com/corporate/COALINDIA_27052025143857_cmpdil_drhp.pdf"
"COALINDIA","Coal India Limited","Rumour Verification - Regulation 30(11)","Coal India Limited has informed the Exchange about Rumour Verification - Regulation 30(11)- Intimation under Regulation 30(11) of SEBI (Listing Obligations & Disclosure Requirements) Regulations, 2015- Market Rumour Verification","20-May-2025 17:09:46","2025-05-20 17:09:46","20-May-2025 17:09:47","00:00:01","https://nsearchives.nseindia.com/corporate/COALINDIA_20052025170928_Market_rumour_200525.pdf"
"COALINDIA","Coal India Limited","Analysts/Institutional Investor Meet/Con. Call Updates","Coal India Limited has informed the Exchange about Transcript- Transcript of Investors  meet of CIL held on 14.05.2025 at Mumbai.","17-May-2025 15:10:16","2025-05-17 15:10:16","17-May-2025 15:10:17","00:00:01","https://nsearchives.nseindia.com/corporate/COALINDIA_17052025150959_Transcriptsigned.pdf"
"COALINDIA","Coal India Limited","Analysts/Institutional Investor Meet/Con. Call Updates","Coal India Limited has informed the Exchange about Link of Recording","14-May-2025 19:14:39","2025-05-14 19:14:39","14-May-2025 19:14:40","00:00:01","https://nsearchives.nseindia.com/corporate/COALINDIA_14052025191423_investor1405.pdf"
"COALINDIA","Coal India Limited","Investor Presentation","Coal India Limited has informed the Exchange about Investor Presentation","12-May-2025 19:03:44","2025-05-12 19:03:44","12-May-2025 19:03:45","00:00:01","https://nsearchives.nseindia.com/corporate/COALINDIA_12052025190140_Corporatepresentation.pdf"
"COALINDIA","Coal India Limited","Press Release","Coal India Limited has informed the Exchange regarding a press release dated May 08, 2025, titled ""CIL and AM Green aim for India s largest RE Supply Contract; sign MoU"".","08-May-2025 15:47:23","2025-05-08 15:47:23","08-May-2025 15:47:23","00:00:00","https://nsearchives.nseindia.com/corporate/COALINDIA_08052025154708_pressrelease080525.pdf"
"COALINDIA","Coal India Limited","Copy of Newspaper Publication","Coal India Limited has informed the Exchange about Copy of Newspaper Publication- Newspaper publication of Audited Financial Results of Coal India Limited(Standalone & Consolidated) for the 4th Quarter and FY ended 31st March 2025.","08-May-2025 10:04:33","2025-05-08 10:04:33","08-May-2025 10:04:33","00:00:00","https://nsearchives.nseindia.com/corporate/COALINDIA_08052025100421_news.pdf"
"COALINDIA","Coal India Limited","Memorandum of Understanding/Agreements","Coal India Limited has informed the Exchange about Memorandum of Understanding/Agreements- Memorandum of Understanding (MoU) between Coal India Ltd(CIL) and AM Green Ammonia (India) Private Limited.","07-May-2025 20:14:31","2025-05-07 20:14:31","07-May-2025 20:14:31","00:00:00","https://nsearchives.nseindia.com/corporate/COALINDIA_07052025201403_MOU.pdf"
"COALINDIA","Coal India Limited","Analysts/Institutional Investor Meet/Con. Call Updates","Coal India Limited has informed the Exchange about Schedule of meet","07-May-2025 17:49:56","2025-05-07 17:49:56","07-May-2025 17:49:56","00:00:00","https://nsearchives.nseindia.com/corporate/COALINDIA_07052025174928_analystsigned.pdf"
"COALINDIA","Coal India Limited","Press Release","Coal India Limited has informed the Exchange regarding a press release dated May 07, 2025, titled ""FINANCIAL RESULTS OF COAL INDIA LIMITED FOR THE                                  FOURTH QUARTER AND FINANCIAL YEAR ENDED 31.03.2025"".","07-May-2025 17:44:11","2025-05-07 17:44:11","07-May-2025 17:44:12","00:00:01","https://nsearchives.nseindia.com/corporate/COALINDIA_07052025174358_pressfinal.pdf"
"COALINDIA","Coal India Limited","General Updates","Coal India Limited has informed the Exchange about General Updates-Presentation made by Company on the Integrated Filing (Financial) for the 4th Quarter and Financial Year ended 31st March  2025.","07-May-2025 17:26:46","2025-05-07 17:26:46","07-May-2025 17:26:46","00:00:00","https://nsearchives.nseindia.com/corporate/COALINDIA_07052025172622_presentationfinal.pdf"
"COALINDIA","Coal India Limited","Dividend","Coal India Limited has informed the Exchange that Board of Directors at its meeting held on May 07, 2025, recommended Final Dividend of Rs. 5.15 per equity share.","07-May-2025 16:47:31","2025-05-07 16:47:31","07-May-2025 16:47:32","00:00:01","https://nsearchives.nseindia.com/corporate/COALINDIA_07052025164653_acctsmarc25.pdf"
"COALINDIA","Coal India Limited","Outcome of Board Meeting","Coal India Limited has informed the Exchange regarding Outcome of Board Meeting held on May 07, 2025.-Audited Financial Results of Coal India Limited (Standalone & Consolidated) for the 4th Quarter and Financial Year ended 31st March  2025 and declaration of Final Dividend for FY 2024-25.","07-May-2025 16:45:32","2025-05-07 16:45:32","07-May-2025 16:45:33","00:00:01","https://nsearchives.nseindia.com/corporate/COALINDIA_07052025164416_acctsmarc25.pdf"
"COALINDIA","Coal India Limited","Memorandum of Understanding/Agreements","Coal India Limited has informed the Exchange about Memorandum of Understanding/Agreements- Memorandum of Understanding (MoU) between Coal India Ltd(CIL) and U.P. Rajya Vidyut Utpadan Nigam Limited (UPRVUNL)","05-May-2025 14:28:48","2025-05-05 14:28:48","05-May-2025 14:28:48","00:00:00","https://nsearchives.nseindia.com/corporate/COALINDIA_05052025142804_MoU_UPRVUNL.pdf"
"COALINDIA","Coal India Limited","General Updates","Coal India Limited has informed the Exchange about General Updates- Provisional Production and Off-take Performance of CIL and Subsidiary Companies for the month of Apr 25","02-May-2025 10:54:45","2025-05-02 10:54:45","02-May-2025 10:54:46","00:00:01","https://nsearchives.nseindia.com/corporate/COALINDIA_02052025105434_prodsigned.pdf"
"COALINDIA","Coal India Limited","Appointment","Coal India Limited has informed the Exchange regarding Appointment of Mr Satyabrata Panda as Independent Director of the company w.e.f. April 30, 2025.","30-Apr-2025 16:39:57","2025-04-30 16:39:57","30-Apr-2025 16:39:57","00:00:00","https://nsearchives.nseindia.com/corporate/COALINDIA_30042025163942_lettersigned.pdf"
"COALINDIA","Coal India Limited","Disclosure under SEBI Takeover Regulations","Coal India Limited has Submitted to the Exchange a copy of Disclosure under Regulation 31(4) of the Securities and Exchange Board of India (Substantial Acquisition of Shares and Takeovers) Regulations, 2011.","29-Apr-2025 15:36:27","2025-04-29 15:36:27","29-Apr-2025 15:36:27","00:00:00","https://nsearchives.nseindia.com/corporate/team_sandeshc_16042025112952_Disclosure23.pdf"
"COALINDIA","Coal India Limited","Copy of Newspaper Publication","Coal India Limited has informed the Exchange about Copy of Newspaper Publication-Newspaper publication of Notice of board meeting","28-Apr-2025 09:43:23","2025-04-28 09:43:23","28-Apr-2025 09:43:24","00:00:01","https://nsearchives.nseindia.com/corporate/COALINDIA_28042025094308_2a1a2992-1651-4b6f-b308-79f0bf729a56.pdf"
"COALINDIA","Coal India Limited","Press Release","Coal India Limited has informed the Exchange regarding a press release dated April 21, 2025, titled ""CIL & DVC sign MoU to set up 2 X 800 MW power plant"".","21-Apr-2025 16:33:29","2025-04-21 16:33:29","21-Apr-2025 16:33:29","00:00:00","https://nsearchives.nseindia.com/corporate/COALINDIA_21042025163310_press_release_merged.pdf"
"COALINDIA","Coal India Limited","Memorandum of Understanding/Agreements","Coal India Limited has informed the Exchange about Memorandum of Understanding/Agreements- Memorandum of Understanding (MoU) between Coal India Limited (CIL) and Damodar Valley Corporation (DVC)","21-Apr-2025 16:31:49","2025-04-21 16:31:49","21-Apr-2025 16:31:49","00:00:00","https://nsearchives.nseindia.com/corporate/COALINDIA_21042025163132_mou.pdf"
"COALINDIA","Coal India Limited","Analysts/Institutional Investor Meet/Con. Call Updates","Coal India Limited has informed the Exchange about Schedule of meet- Non Deal Road Show at Chicago, US on 28th April  2025","21-Apr-2025 11:57:18","2025-04-21 11:57:18","21-Apr-2025 11:57:18","00:00:00","https://nsearchives.nseindia.com/corporate/COALINDIA_21042025115628_investormeet.pdf"
"COALINDIA","Coal India Limited","Disclosure under SEBI Takeover Regulations","Pradeep Raj Nayan, Under Secretary to Government of India, Ministry of Coal (CA Section) has Submitted to the Exchange a copy of Disclosure under Regulation 31(4) of the Securities and Exchange Board of India (Substantial Acquisition of Shares and Takeovers) Regulations, 2011.","16-Apr-2025 17:41:05","2025-04-16 17:41:05","16-Apr-2025 17:41:05","00:00:00","https://nsearchives.nseindia.com/corporate/team_sandeshc_07042025115008_Annual4.pdf"
"COALINDIA","Coal India Limited","Certificate under SEBI (Depositories and Participants) Regulations, 2018","Coal India Limited has informed the Exchange about Certificate under SEBI (Depositories and Participants) Regulations, 2018- Certificate under Regulation 74(5) of the SEBI (Depository and participants) Regulations, 2018 for the quarter ended 31st Mar  2025","03-Apr-2025 17:18:53","2025-04-03 17:18:53","03-Apr-2025 17:18:53","00:00:00","https://nsearchives.nseindia.com/corporate/COALINDIA_03042025171819_LETTER74.pdf"
"COALINDIA","Coal India Limited","General Updates","Coal India Limited has informed the Exchange about General Updates-Enhancement of coal price by Rs 10/- per ton for coking and non-coking coal for Regulated and Non-Regulated sectors across CIL toward contribution to the corpus of CMPS-1998.","01-Apr-2025 18:19:27","2025-04-01 18:19:27","01-Apr-2025 18:19:28","00:00:01","https://nsearchives.nseindia.com/corporate/COALINDIA_01042025181825_pricerevision.pdf"
"COALINDIA","Coal India Limited","General Updates","Coal India Limited has informed the Exchange about General Updates- Provisional Production and Off-take Performance of CIL and Subsidiary Companies for the month of Mar 25 and for the period Apr 24-Mar 25","01-Apr-2025 15:06:02","2025-04-01 15:06:02","01-Apr-2025 15:06:03","00:00:01","https://nsearchives.nseindia.com/corporate/COALINDIA_01042025150529_prod_merged.pdf"
"COALINDIA","Coal India Limited","General Updates","Coal India Limited has informed the Exchange about General Updates- Disclosure under Regulation 30 of SEBI (Listing Obligations and Disclosure Requirements), Regulations 2015- Change in Senior Management","01-Apr-2025 11:35:54","2025-04-01 11:35:54","01-Apr-2025 11:35:54","00:00:00","https://nsearchives.nseindia.com/corporate/COALINDIA_01042025113534_letter.pdf"
"COALINDIA","Coal India Limited","General Updates","Coal India Limited has informed the Exchange about General Updates- Re- Appointment/ Appointment of Non official Independent Director on the Board of Coal India Limited (CIL)- Disclosure as per SEBI circular dated 11.11.2024.","29-Mar-2025 12:21:51","2025-03-29 12:21:51","29-Mar-2025 12:21:51","00:00:00","https://nsearchives.nseindia.com/corporate/COALINDIA_29032025122122_letter29032025.pdf"
"COALINDIA","Coal India Limited","Change in Director(s)","Coal India Limited has informed the Exchange regarding Change in Director(s) of the company.","28-Mar-2025 18:42:26","2025-03-28 18:42:26","28-Mar-2025 18:42:27","00:00:01","https://nsearchives.nseindia.com/corporate/COALINDIA_28032025184132_letter.pdf"
"COALINDIA","Coal India Limited","Trading Window","Coal India Limited has informed the Exchange regarding the Trading Window closure pursuant to SEBI (Prohibition of Insider Trading) Regulations, 2015","26-Mar-2025 16:43:25","2025-03-26 16:43:25","26-Mar-2025 16:43:26","00:00:01","https://nsearchives.nseindia.com/corporate/COALINDIA_26032025164304_Letter_TWC.pdf"
"COALINDIA","Coal India Limited","General Updates","Coal India Limited has informed the Exchange about General Updates-Disclosure under Regulation 30 of SEBI (Listing Obligations and Disclosure Requirements), Regulations 2015-Change in Senior Management","25-Mar-2025 14:48:54","2025-03-25 14:48:54","25-Mar-2025 14:48:55","00:00:01","https://nsearchives.nseindia.com/corporate/COALINDIA_25032025144837_letter.pdf"
"COALINDIA","Coal India Limited","General Updates","Coal India Limited has informed the Exchange about General Updates- Incorporation of Coal Gas India Limited, a Subsidiary Company of Coal India Limited.","25-Mar-2025 14:40:38","2025-03-25 14:40:38","25-Mar-2025 14:40:39","00:00:01","https://nsearchives.nseindia.com/corporate/COALINDIA_25032025144024_letter.pdf"
"COALINDIA","Coal India Limited","Memorandum of Understanding/Agreements","Coal India Limited has informed the Exchange about Memorandum of Understanding/Agreements- between Coal India Limited and Non-Ferrous Materials Technology Development Centre","18-Mar-2025 11:12:32","2025-03-18 11:12:32","18-Mar-2025 11:12:33","00:00:01","https://nsearchives.nseindia.com/corporate/COALINDIA_18032025111211_MOUhyderbad.pdf"
"COALINDIA","Coal India Limited","General Updates","Coal India Limited has informed the Exchange about General Updates-Disclosure under Regulation 30 of SEBI (Listing Obligations and Disclosure Requirements), Regulations 2015.","18-Mar-2025 11:09:19","2025-03-18 11:09:19","18-Mar-2025 11:09:20","00:00:01","https://nsearchives.nseindia.com/corporate/COALINDIA_18032025110900_penalty.pdf"
"COALINDIA","Coal India Limited","Press Release","Coal India Limited has informed the Exchange regarding a press release dated March 07, 2025, titled ""CIL joins hands with IIT, Hyderabad for R&D in clean coal tech"".","07-Mar-2025 17:19:45","2025-03-07 17:19:45","07-Mar-2025 17:19:45","00:00:00","https://nsearchives.nseindia.com/corporate/COALINDIA_07032025171928_pressrelease.pdf"
"COALINDIA","Coal India Limited","Analysts/Institutional Investor Meet/Con. Call Updates","Coal India Limited has informed the Exchange about Schedule of meet","07-Mar-2025 16:50:43","2025-03-07 16:50:43","07-Mar-2025 16:50:44","00:00:01","https://nsearchives.nseindia.com/corporate/COALINDIA_07032025165023_investormeet.pdf"
"COALINDIA","Coal India Limited","Rumour Verification - Regulation 30(11)","Coal India Limited has informed the Exchange about Rumour Verification - Regulation 30(11)","06-Mar-2025 17:09:25","2025-03-06 17:09:25","06-Mar-2025 17:09:25","00:00:00","https://nsearchives.nseindia.com/corporate/COALINDIA_06032025170900_Rumor.pdf"
"COALINDIA","Coal India Limited","Rumour Verification - Regulation 30(11)","Coal India Limited has informed the Exchange about Rumour Verification - Regulation 30(11)","03-Mar-2025 17:06:06","2025-03-03 17:06:06","03-Mar-2025 17:06:07","00:00:01","https://nsearchives.nseindia.com/corporate/COALINDIA_03032025170554_rumor030325.pdf"
"COALINDIA","Coal India Limited","Press Release","Coal India Limited has informed the Exchange regarding a press release dated March 02, 2025, titled ""CIL s relief to NPS customers through financial coverage waiver"".","02-Mar-2025 14:03:17","2025-03-02 14:03:17","02-Mar-2025 14:03:17","00:00:00","https://nsearchives.nseindia.com/corporate/COALINDIA_02032025140045_pressreleasesigned.pdf"
"COALINDIA","Coal India Limited","General Updates","Coal India Limited has informed the Exchange about General Updates- Provisional Production and Off-take Performance of CIL and Subsidiary Companies for the month of Feb 25 and for the period Apr 24-Feb 25","01-Mar-2025 17:37:30","2025-03-01 17:37:30","01-Mar-2025 17:37:31","00:00:01","https://nsearchives.nseindia.com/corporate/COALINDIA_01032025173705_PRODUCTION_FEB_signed.pdf"
"COALINDIA","Coal India Limited","Rumour Verification - Regulation 30(11)","Coal India Limited has informed the Exchange about Rumour Verification - Regulation 30(11)","28-Feb-2025 16:57:50","2025-02-28 16:57:50","28-Feb-2025 16:57:51","00:00:01","https://nsearchives.nseindia.com/corporate/COALINDIA_28022025165730_marketrumour.pdf"
"COALINDIA","Coal India Limited","General Updates","Coal India Limited has informed the Exchange about General Updates- Levy of  Singrauli Punarasthapan Charge  across all mines of Northern Coalfields Limited, a wholly owned subsidiary of Coal India Limited.","27-Feb-2025 16:16:08","2025-02-27 16:16:08","27-Feb-2025 16:16:09","00:00:01","https://nsearchives.nseindia.com/corporate/COALINDIA_27022025161444_bse2702.pdf"
"COALINDIA","Coal India Limited","Memorandum of Understanding/Agreements","Coal India Limited has informed the Exchange about Memorandum of Understanding/Agreements- Signing of Shareholders  Agreement (SHA) Term Sheet betweenM/s EDF India Private Limited {a wholly owned subsidiary of Electricitede France SA (EDF)} and Coal India Limited (CIL)","23-Feb-2025 13:59:27","2025-02-23 13:59:27","23-Feb-2025 13:59:28","00:00:01","https://nsearchives.nseindia.com/corporate/COALINDIA_23022025135553_sha.pdf"
"COALINDIA","Coal India Limited","General Updates","Coal India Limited has informed the Exchange about General Updates- Provisional Production and Off-take Performance of CIL and Subsidiary Companies for the month of Jan 25 and for the period Apr 24-Jan 25","01-Feb-2025 17:21:15","2025-02-01 17:21:15","01-Feb-2025 17:21:15","00:00:00","https://nsearchives.nseindia.com/corporate/COALINDIA_01022025171731_010225.pdf"
"COALINDIA","Coal India Limited","General Updates","Coal India Limited has informed the Exchange about General Updates","01-Feb-2025 10:02:09","2025-02-01 10:02:09","01-Feb-2025 10:02:10","00:00:01","https://nsearchives.nseindia.com/corporate/COALINDIA_01022025095754_lettersigned.pdf"
"COALINDIA","Coal India Limited","Registrar & Share Transfer Agent Update","Coal India Limited has informed the Exchange about Registrar & Share Transfer Agent Update","31-Jan-2025 10:51:57","2025-01-31 10:51:57","31-Jan-2025 10:51:58","00:00:01","https://nsearchives.nseindia.com/corporate/COALINDIA_31012025104653_RTA_letter.pdf"
"COALINDIA","Coal India Limited","Copy of Newspaper Publication","Coal India Limited has informed the Exchange about Copy of Newspaper Publication- Newspaper publication of Tax on 2nd Interim Dividend for FY 2024-25","28-Jan-2025 12:08:01","2025-01-28 12:08:01","28-Jan-2025 12:08:02","00:00:01","https://nsearchives.nseindia.com/corporate/COALINDIA_28012025120745_taxletter_newspaper_final.pdf"
"COALINDIA","Coal India Limited","Copy of Newspaper Publication","Coal India Limited has informed the Exchange about Copy of Newspaper Publication- Newspaper publication of Un-audited Financial Results of Coal India Limited(Standalone & Consolidated) for the 3rd Quarter and Nine Month ended 31st Dec 2024","28-Jan-2025 12:03:55","2025-01-28 12:03:55","28-Jan-2025 12:03:56","00:00:01","https://nsearchives.nseindia.com/corporate/COALINDIA_28012025120333_accounts_newspaper_final.pdf"
"COALINDIA","Coal India Limited","General Updates","Coal India Limited has informed the Exchange about General Updates- Intimation on communication regarding Tax Deduction at Source (TDS) for 2nd Interim Dividend 2024-25","28-Jan-2025 11:13:36","2025-01-28 11:13:36","28-Jan-2025 11:13:36","00:00:00","https://nsearchives.nseindia.com/corporate/COALINDIA_28012025111316_taxlettersigned.pdf"
"COALINDIA","Coal India Limited","Memorandum of Understanding/Agreements","Coal India Limited has informed the Exchange about Memorandum of Understanding/Agreements- Memorandum of Understanding (MoU) between Coal India Limitedand Curtin University, Western Australia","28-Jan-2025 10:46:17","2025-01-28 10:46:17","28-Jan-2025 10:46:18","00:00:01","https://nsearchives.nseindia.com/corporate/COALINDIA_28012025104559_mou.pdf"
"COALINDIA","Coal India Limited","General Updates","Coal India Limited has informed the Exchange about General Updates","27-Jan-2025 16:44:36","2025-01-27 16:44:36","27-Jan-2025 16:44:37","00:00:01","https://nsearchives.nseindia.com/corporate/COALINDIA_27012025164426_PPTsigned.pdf"
"COALINDIA","Coal India Limited","Integrated Filing- Financial","Integrated Filing (Financial) for the 3rd Quarter and Nine months ended 31st Dec  2024.","27-Jan-2025 16:38:11","2025-01-27 16:38:11","27-Jan-2025 16:38:12","00:00:01","https://nsearchives.nseindia.com/corporate/COALINDIA_27012025163647_integrated.pdf"
"COALINDIA","Coal India Limited","Dividend","Coal India Limited has informed the Exchange that Board of Directors at its meeting held on January 27, 2025, declared Interim Dividend of Rs. 5.60 per equity share.","27-Jan-2025 16:29:17","2025-01-27 16:29:17","27-Jan-2025 16:29:18","00:00:01","https://nsearchives.nseindia.com/corporate/COALINDIA_27012025162909_dividend.pdf"
"COALINDIA","Coal India Limited","Dividend","Coal India Limited has informed the Exchange that Board of Directors at its meeting held on January 27, 2025, declared Interim Dividend of 5.60 per equity share.","27-Jan-2025 16:05:17","2025-01-27 16:05:17","27-Jan-2025 16:05:18","00:00:01","https://nsearchives.nseindia.com/corporate/COALINDIA_27012025160507_dividend.pdf"
"COALINDIA","Coal India Limited","Financial Result Updates"," Coal India Limited has submitted to the Exchange, the financial results for the period ended December 31, 2024.","27-Jan-2025 16:04:07","2025-01-27 16:04:07","27-Jan-2025 16:04:07","00:00:00","https://nsearchives.nseindia.com/corporate/lettersigned_27012025160407.pdf"
"COALINDIA","Coal India Limited","Press Release","Coal India Limited has informed the Exchange regarding a press release dated January 24, 2025, titled ""Mr. Achyut Ghatak, new Director (Technical) Coal India Limited"".","24-Jan-2025 12:27:31","2025-01-24 12:27:31","24-Jan-2025 12:27:31","00:00:00","https://nsearchives.nseindia.com/corporate/COALINDIA_24012025122635_letter_merged__2_.pdf"
"COALINDIA","Coal India Limited","Appointment","Coal India Limited has informed the Exchange regarding Appointment of Mr Achyut Ghatak as Executive Director of the company w.e.f. January 23, 2025.","24-Jan-2025 10:42:54","2025-01-24 10:42:54","24-Jan-2025 10:42:55","00:00:01","https://nsearchives.nseindia.com/corporate/COALINDIA_24012025104221_letter.pdf"
"COALINDIA","Coal India Limited","Copy of Newspaper Publication","Coal India Limited has informed the Exchange about Copy of Newspaper Publication","19-Jan-2025 07:45:33","2025-01-19 07:45:33","19-Jan-2025 07:45:34","00:00:01","https://nsearchives.nseindia.com/corporate/COALINDIA_19012025074445_letter1801_merged.pdf"
"COALINDIA","Coal India Limited","Revised Record date","Coal India Limited had intimated the 27-Jan-2025 as the record date. The Company has now informed the Exchange that the Record date has been revised to 31-Jan-2025 for the purpose of Dividend.","15-Jan-2025 15:24:41","2025-01-15 15:24:41","15-Jan-2025 15:24:42","00:00:01","https://nsearchives.nseindia.com/corporate/COALINDIA_15012025152019_record_date_revised.pdf"
"COALINDIA","Coal India Limited","Record Date","Coal India Limited has informed the Exchange that Record date for the purpose of DI  is 27-Jan-2025.","15-Jan-2025 14:41:35","2025-01-15 14:41:35","15-Jan-2025 14:41:36","00:00:01","https://nsearchives.nseindia.com/corporate/COALINDIA_15012025144048_acctsletter.pdf"
"COALINDIA","Coal India Limited","Copy of Newspaper Publication","Coal India Limited has informed the Exchange about Copy of Newspaper Publication","08-Jan-2025 14:52:51","2025-01-08 14:52:51","08-Jan-2025 14:52:52","00:00:01","https://nsearchives.nseindia.com/corporate/COALINDIA_08012025145226_iepf_newspaper_publication_signed.pdf"
"COALINDIA","Coal India Limited","Memorandum of Understanding/Agreements","Coal India Limited has informed the Exchange about Memorandum of Understanding/Agreements","06-Jan-2025 18:10:26","2025-01-06 18:10:26","06-Jan-2025 18:10:27","00:00:01","https://nsearchives.nseindia.com/corporate/COALINDIA_06012025181001_IRELsigned.pdf"
"COALINDIA","Coal India Limited","Certificate under SEBI (Depositories and Participants) Regulations, 2018","Coal India Limited has informed the Exchange about Certificate under SEBI (Depositories and Participants) Regulations, 2018","06-Jan-2025 14:40:31","2025-01-06 14:40:31","06-Jan-2025 14:40:32","00:00:01","https://nsearchives.nseindia.com/corporate/COALINDIA_06012025143944_Reg74_5_.pdf"
"COALINDIA","Coal India Limited","Cessation","Coal India Limited has informed the Exchange regarding Cessation of Mr M Nagaraju as Non- Executive Director of the company w.e.f. January 01, 2025.","02-Jan-2025 16:32:52","2025-01-02 16:32:52","02-Jan-2025 16:32:53","00:00:01","https://nsearchives.nseindia.com/corporate/COALINDIA_02012025163235_letter.pdf"
"COALINDIA","Coal India Limited","Appointment","Coal India Limited has informed the Exchange regarding Appointment of Ms Rupinder Brar AS, MOC as Non- Executive Director of the company w.e.f. January 01, 2025.","02-Jan-2025 11:49:59","2025-01-02 11:49:59","02-Jan-2025 11:49:59","00:00:00","https://nsearchives.nseindia.com/corporate/COALINDIA_02012025114933_letter.pdf"
"COALINDIA","Coal India Limited","General Updates","Coal India Limited has informed the Exchange about General Updates","01-Jan-2025 12:11:07","2025-01-01 12:11:07","01-Jan-2025 12:11:08","00:00:01","https://nsearchives.nseindia.com/corporate/COALINDIA_01012025121012_Produc_signed.pdf"
"COALINDIA","Coal India Limited","General Updates","Coal India Limited has informed the Exchange about General Updates","01-Jan-2025 11:20:10","2025-01-01 11:20:10","01-Jan-2025 11:20:11","00:00:01","https://nsearchives.nseindia.com/corporate/COALINDIA_01012025112001_letter.pdf"
"COALINDIA","Coal India Limited","Change in Director(s)","Coal India Limited has informed the Exchange regarding Change in Director(s) of the company.","31-Dec-2024 15:12:55","2024-12-31 15:12:55","31-Dec-2024 15:12:55","00:00:00","https://nsearchives.nseindia.com/corporate/COALINDIA_31122024151221_pdf.pdf"
"COALINDIA","Coal India Limited","Trading Window","Coal India Limited has informed the Exchange regarding the Trading Window closure pursuant to SEBI (Prohibition of Insider Trading) Regulations, 2015","26-Dec-2024 15:01:37","2024-12-26 15:01:37","26-Dec-2024 15:01:38","00:00:01","https://nsearchives.nseindia.com/corporate/COALINDIA_26122024150117_trading_windowsigned.pdf"
"COALINDIA","Coal India Limited","Memorandum of Understanding/Agreements","Coal India Limited has informed the Exchange about Memorandum of Understanding/Agreements","02-Dec-2024 15:46:20","2024-12-02 15:46:20","02-Dec-2024 15:46:20","00:00:00","https://nsearchives.nseindia.com/corporate/COALINDIA_02122024154620_MOU.pdf"
"COALINDIA","Coal India Limited","Change in Director(s)","Coal India Limited has informed the Exchange regarding Change in Director(s) of the company.","02-Dec-2024 15:16:09","2024-12-02 15:16:09","02-Dec-2024 15:16:10","00:00:01","https://nsearchives.nseindia.com/corporate/COALINDIA_02122024151609_extension_DT.pdf"
"COALINDIA","Coal India Limited","General Updates","Coal India Limited has informed the Exchange about General Updates","02-Dec-2024 15:10:26","2024-12-02 15:10:26","02-Dec-2024 15:10:27","00:00:01","https://nsearchives.nseindia.com/corporate/COALINDIA_02122024151026_RTA_Extension.pdf"
"COALINDIA","Coal India Limited","General Updates","Coal India Limited has informed the Exchange about General Updates","02-Dec-2024 11:08:19","2024-12-02 11:08:19","02-Dec-2024 11:08:20","00:00:01","https://nsearchives.nseindia.com/corporate/COALINDIA_02122024110819_Production-Nov_merged.pdf"
"COALINDIA","Coal India Limited","General Updates","Coal India Limited has informed the Exchange about General Updates","01-Dec-2024 11:51:52","2024-12-01 11:51:52","01-Dec-2024 11:51:52","00:00:00","https://nsearchives.nseindia.com/corporate/COALINDIA_01122024115152_skmehtasigned.pdf"
"COALINDIA","Coal India Limited","General Updates","Coal India Limited has informed the Exchange about General Updates","29-Nov-2024 15:48:43","2024-11-29 15:48:43","29-Nov-2024 15:48:44","00:00:01","https://nsearchives.nseindia.com/corporate/COALINDIA_29112024154843_price_revision.pdf"
"COALINDIA","Coal India Limited","Analysts/Institutional Investor Meet/Con. Call Updates","Coal India Limited has informed the Exchange about Schedule of meet and Presentation","27-Nov-2024 10:50:57","2024-11-27 10:50:57","27-Nov-2024 10:50:58","00:00:01","https://nsearchives.nseindia.com/corporate/COALINDIA_27112024105057_analysts27112024.pdf"
"COALINDIA","Coal India Limited","Press Release","Coal India Limited has informed the Exchange regarding a press release dated November 21, 2024, titled ""CIL makes supplies to NRS more user friendly"".","21-Nov-2024 12:34:05","2024-11-21 12:34:05","21-Nov-2024 12:34:06","00:00:01","https://nsearchives.nseindia.com/corporate/COALINDIA_21112024123405_press_30_merged__1_.pdf"
"COALINDIA","Coal India Limited","Updates","Coal India Limited has informed the Exchange regarding 'Provisional Production and Off-take Performance of CIL and SubsidiaryCompanies for the month of Oct 24 and for the period Apr 24-Oct 24'.","01-Nov-2024 16:21:32","2024-11-01 16:21:32","01-Nov-2024 16:21:33","00:00:01","https://nsearchives.nseindia.com/corporate/COALINDIA_01112024162132_prodletterfinal_signed.pdf"
"COALINDIA","Coal India Limited","Change in Director(s)","Coal India Limited has informed the Exchange regarding Change in Director(s) of the company.","01-Nov-2024 10:25:31","2024-11-01 10:25:31","01-Nov-2024 10:25:32","00:00:01","https://nsearchives.nseindia.com/corporate/COALINDIA_01112024102532_lettersigned.pdf"
"COALINDIA","Coal India Limited","Copy of Newspaper Publication","Coal India Limited has informed the Exchange about Copy of Newspaper Publication","28-Oct-2024 15:07:17","2024-10-28 15:07:17","28-Oct-2024 15:07:18","00:00:01","https://nsearchives.nseindia.com/corporate/COALINDIA_28102024150717_newspaper_final.pdf"
"COALINDIA","Coal India Limited","Copy of Newspaper Publication","Coal India Limited has informed the Exchange about Copy of Newspaper Publication","26-Oct-2024 14:31:48","2024-10-26 14:31:48","26-Oct-2024 14:31:49","00:00:01","https://nsearchives.nseindia.com/corporate/COALINDIA_26102024143148_newspaper_merged.pdf"
"COALINDIA","Coal India Limited","Updates","Coal India Limited has informed the Exchange regarding 'Presentation made by Company'.","25-Oct-2024 21:41:45","2024-10-25 21:41:45","25-Oct-2024 21:41:45","00:00:00","https://nsearchives.nseindia.com/corporate/COALINDIA_25102024214145_final__2_.pdf"
"COALINDIA","Coal India Limited","Updates","Coal India Limited has informed the Exchange regarding 'Closure of CIL Solar PV Limited (CSPL) a wholly owned subsidiary of Coal IndiaLimited'.","25-Oct-2024 21:32:15","2024-10-25 21:32:15","25-Oct-2024 21:32:16","00:00:01","https://nsearchives.nseindia.com/corporate/COALINDIA_25102024213215_letter1.pdf"
"COALINDIA","Coal India Limited","Dividend","Coal India Limited has informed the Exchange that Board of Directors at its meeting held on October 25, 2024, declared Interim Dividend of Rs. 15.75 per equity share.","25-Oct-2024 21:01:03","2024-10-25 21:01:03","25-Oct-2024 21:01:04","00:00:01","https://nsearchives.nseindia.com/corporate/COALINDIA_25102024210103_dividendletter.pdf"
"COALINDIA","Coal India Limited","Financial Result Updates"," Coal India Limited has submitted to the Exchange, the financial results for the period ended September 30, 2024.","25-Oct-2024 20:59:25","2024-10-25 20:59:25","25-Oct-2024 20:59:25","00:00:00","https://nsearchives.nseindia.com/corporate/signedaccts_25102024205925.pdf"
"COALINDIA","Coal India Limited","Resignation of Independent director","COAL INDIA LIMITED has informed the Exchange about Resignation of Independent director.","23-Oct-2024 16:21:34","2024-10-23 16:21:34","23-Oct-2024 16:21:35","00:00:01","https://nsearchives.nseindia.com/corporate/COALINDIA_23102024162134_COALINDIA_ROID_38283_KMP_Doc_23102024162134.zip"
"COALINDIA","Coal India Limited","Resignation","Coal India Limited has informed the Exchange regarding Resignation of Mr Arun kumar Oraon as Independent Director of the company w.e.f. October 23, 2024.","23-Oct-2024 16:09:08","2024-10-23 16:09:08","23-Oct-2024 16:09:09","00:00:01","https://nsearchives.nseindia.com/corporate/COALINDIA_23102024160908_signed.pdf"
"COALINDIA","Coal India Limited","Certificate under SEBI (Depositories and Participants) Regulations, 2018","Coal India Limited has informed the Exchange about Certificate under SEBI (Depositories and Participants) Regulations, 2018","18-Oct-2024 12:22:06","2024-10-18 12:22:06","18-Oct-2024 12:22:06","00:00:00","https://nsearchives.nseindia.com/corporate/COALINDIA_18102024122206_74lettersigned.pdf"
"COALINDIA","Coal India Limited","Copy of Newspaper Publication","Coal India Limited has informed the Exchange about Copy of Newspaper Publication","16-Oct-2024 21:02:01","2024-10-16 21:02:01","16-Oct-2024 21:02:01","00:00:00","https://nsearchives.nseindia.com/corporate/COALINDIA_16102024210201_lettersigned.pdf"
"COALINDIA","Coal India Limited","Press Release","Coal India Limited has informed the Exchange regarding a press release dated October 15, 2024, titled ""CIL in a first makes FSA signing digital and paperless"".","15-Oct-2024 14:42:22","2024-10-15 14:42:22","15-Oct-2024 14:42:22","00:00:00","https://nsearchives.nseindia.com/corporate/COALINDIA_15102024144222_letterpressigned.pdf"
"COALINDIA","Coal India Limited","Record Date","Coal India Limited has informed the Exchange that Record date for the purpose of Dividend  is 05-Nov-2024.","14-Oct-2024 17:10:04","2024-10-14 17:10:04","14-Oct-2024 17:10:05","00:00:01","https://nsearchives.nseindia.com/corporate/COALINDIA_14102024171004_acctsigned.pdf"
"COALINDIA","Coal India Limited","Updates","Coal India Limited has informed the Exchange regarding 'Provisional Production and Off-take Performance of CIL and Subsidiary Companies for the month of Sep 24 and for the period Apr 24-Sep 24'.","01-Oct-2024 15:43:31","2024-10-01 15:43:31","01-Oct-2024 15:43:31","00:00:00","https://nsearchives.nseindia.com/corporate/COALINDIA_01102024154331_production01.pdf"
"COALINDIA","Coal India Limited","Press Release","Coal India Limited has informed the Exchange regarding a press release dated September 30, 2024, titled ""CIL makes interest rates uniform for delayed receivables"".","30-Sep-2024 12:31:35","2024-09-30 12:31:35","30-Sep-2024 12:31:36","00:00:01","https://nsearchives.nseindia.com/corporate/COALINDIA_30092024123135_pressrelease30.pdf"
"COALINDIA","Coal India Limited","Trading Window","Coal India Limited has informed the Exchange regarding the Trading Window closure pursuant to SEBI (Prohibition of Insider Trading) Regulations, 2015","27-Sep-2024 11:25:03","2024-09-27 11:25:03","27-Sep-2024 11:25:03","00:00:00","https://nsearchives.nseindia.com/corporate/COALINDIA_27092024112503_TWC_Letter.pdf"
"COALINDIA","Coal India Limited","Change in Auditors","Coal India Limited has informed the Exchange regarding Change in Auditors of the company.","24-Sep-2024 16:29:53","2024-09-24 16:29:53","24-Sep-2024 16:29:54","00:00:01","https://nsearchives.nseindia.com/corporate/COALINDIA_24092024162953_final_letter.pdf"
"COALINDIA","Coal India Limited","Memorandum of Understanding/Agreements","Coal India Limited has informed the Exchange about Memorandum of Understanding/Agreements-Joint Venture Agreement(JVA) between Coal India Limited and Rajasthan Rajya Vidyut Utpadan Nigam Limited (RRVUNL) for setting up of 2x800 MW Brownfield Thermal Power Project in RRUVNL's Existing Kalisindh Thermal Power Station and/or undertaking any Other Thermal Power Business related projects including Renewable Generation Obligations.","23-Sep-2024 19:13:25","2024-09-23 19:13:25","23-Sep-2024 19:13:26","00:00:01","https://nsearchives.nseindia.com/corporate/COALINDIA_23092024191325_jv2.pdf"
"COALINDIA","Coal India Limited","Memorandum of Understanding/Agreements","Coal India Limited has informed the Exchange about Memorandum of Understanding/Agreements-Joint Venture Agreement(JVA) between Coal India Limited (CIL) and Rajasthan Rajya  Vidyut  Utpadan Nigam Limited (RRVUNL) for Renewable Energy Business in Rajasthan","23-Sep-2024 19:11:33","2024-09-23 19:11:33","23-Sep-2024 19:11:34","00:00:01","https://nsearchives.nseindia.com/corporate/COALINDIA_23092024191133_jv1.pdf"
"COALINDIA","Coal India Limited","Updates","Coal India Limited has informed the Exchange regarding 'Disclosure under Regulation 30 of SEBI (Listing Obligations and Disclosure Requirements), Regulations 2015- Brief profile of Senior Management'.","17-Sep-2024 15:00:33","2024-09-17 15:00:33","17-Sep-2024 15:00:36","00:00:03","https://nsearchives.nseindia.com/corporate/COALINDIA_17092024150033_revisedletter.pdf"
"COALINDIA","Coal India Limited","Updates","Coal India Limited has informed the Exchange regarding 'Disclosure under Regulation 30 of SEBI (Listing Obligations and Disclosure Requirements), Regulations 2015- Change in Senior Management'.","16-Sep-2024 13:14:01","2024-09-16 13:14:01","16-Sep-2024 13:14:02","00:00:01","https://nsearchives.nseindia.com/corporate/COALINDIA_16092024131401_edappointment.pdf"
"COALINDIA","Coal India Limited","Updates","Coal India Limited has informed the Exchange regarding 'Provisional Production and Off-take Performance of CIL and Subsidiary Companies for the month of Aug 24 and for the period Apr 24-Aug 24'.","02-Sep-2024 10:37:18","2024-09-02 10:37:18","02-Sep-2024 10:37:20","00:00:02","https://nsearchives.nseindia.com/corporate/COALINDIA_02092024103718_pro_production_merged.pdf"
"COALINDIA","Coal India Limited","Change in Director(s)","Coal India Limited has informed the Exchange regarding Change in Director(s) of the company.","01-Sep-2024 11:45:14","2024-09-01 11:45:14","01-Sep-2024 11:45:15","00:00:01","https://nsearchives.nseindia.com/corporate/COALINDIA_01092024114514_cessationsigned.pdf"
"COALINDIA","Coal India Limited","Copy of Newspaper Publication","Coal India Limited has informed the Exchange about Copy of Newspaper Publication of Chairman s Speech at 50th AGM of CIL.","22-Aug-2024 15:59:56","2024-08-22 15:59:56","22-Aug-2024 15:59:58","00:00:02","https://nsearchives.nseindia.com/corporate/COALINDIA_22082024155957_npfinal.pdf"
"COALINDIA","Coal India Limited","Shareholders meeting","Coal India Limited has submitted the Exchange a copy Srutinizers report of  Annual General Meeting held on August 21, 2024. Further, the company has informed the Exchange regarding voting results.","22-Aug-2024 12:07:56","2024-08-22 12:07:56","22-Aug-2024 12:07:57","00:00:01","https://nsearchives.nseindia.com/corporate/COALINDIA_22082024120756_vrfinal.pdf"
"COALINDIA","Coal India Limited","Shareholders meeting","Coal India Limited has informed the Exchange regarding Proceedings of Annual General Meeting held on August 21, 2024","21-Aug-2024 15:22:45","2024-08-21 15:22:45","21-Aug-2024 15:22:46","00:00:01","https://nsearchives.nseindia.com/corporate/COALINDIA_21082024152245_finalproceeding.pdf"
"COALINDIA","Coal India Limited","Updates","Coal India Limited has informed the Exchange regarding 'Disclosure regarding the order of Supreme Court in Mineral AreaDevelopment Authority vs SAIL (CA 4056-64 of 1999)'.","14-Aug-2024 16:05:44","2024-08-14 16:05:44","14-Aug-2024 16:05:44","00:00:00","https://nsearchives.nseindia.com/corporate/COALINDIA_14082024160544_letter.pdf"
"COALINDIA","Coal India Limited","Press Release","Coal India Limited has informed the Exchange regarding a press release dated August 13, 2024, titled ""CIL s ACQ stimulus to Power Plants to lift more coal"".","13-Aug-2024 14:54:17","2024-08-13 14:54:17","13-Aug-2024 14:54:18","00:00:01","https://nsearchives.nseindia.com/corporate/COALINDIA_13082024145417_pr.pdf"
"COALINDIA","Coal India Limited","Analysts/Institutional Investor Meet/Con. Call Updates","Coal India Limited has informed the Exchange about Presentation","09-Aug-2024 17:29:09","2024-08-09 17:29:09","09-Aug-2024 17:29:09","00:00:00","https://nsearchives.nseindia.com/corporate/COALINDIA_09082024172909_finalppt.pdf"
"COALINDIA","Coal India Limited","Analysts/Institutional Investor Meet/Con. Call Updates","Coal India Limited has informed the Exchange about Schedule of meet","07-Aug-2024 16:09:17","2024-08-07 16:09:17","07-Aug-2024 16:09:18","00:00:01","https://nsearchives.nseindia.com/corporate/COALINDIA_07082024160917_analyst1.pdf"
"COALINDIA","Coal India Limited","Analysts/Institutional Investor Meet/Con. Call Updates","Coal India Limited has informed the Exchange about Schedule of meet","07-Aug-2024 15:06:07","2024-08-07 15:06:07","07-Aug-2024 15:06:09","00:00:02","https://nsearchives.nseindia.com/corporate/COALINDIA_07082024150608_analyst.pdf"
"COALINDIA","Coal India Limited","Memorandum of Understanding/Agreements","Coal India Limited has informed the Exchange about Memorandum of Understanding/Agreements","05-Aug-2024 15:00:02","2024-08-05 15:00:02","05-Aug-2024 15:00:04","00:00:02","https://nsearchives.nseindia.com/corporate/COALINDIA_05082024150002_letter.pdf"
"COALINDIA","Coal India Limited","Copy of Newspaper Publication","Coal India Limited has informed the Exchange about Copy of Newspaper Publication of AGM notice of CIL","02-Aug-2024 14:25:10","2024-08-02 14:25:10","02-Aug-2024 14:25:11","00:00:01","https://nsearchives.nseindia.com/corporate/COALINDIA_02082024142510_newspaperfinal.pdf"
"COALINDIA","Coal India Limited","Copy of Newspaper Publication","Coal India Limited has informed the Exchange about Copy of Newspaper Publication of Un-audited Financial Results of Coal India Limited(Standalone & Consolidated) for the 1st Quarter ended 30th June 2024","01-Aug-2024 14:49:37","2024-08-01 14:49:37","01-Aug-2024 14:49:38","00:00:01","https://nsearchives.nseindia.com/corporate/COALINDIA_01082024144937_newspaperfinal.pdf"
"COALINDIA","Coal India Limited","Updates","Coal India Limited has informed the Exchange regarding 'Provisional Production and Off-take Performance of CIL and SubsidiaryCompanies for the month of July 24 and for the period Apr 24-July 24'.","01-Aug-2024 14:46:54","2024-08-01 14:46:54","01-Aug-2024 14:46:54","00:00:00","https://nsearchives.nseindia.com/corporate/COALINDIA_01082024144654_prodfinal.pdf"
"COALINDIA","Coal India Limited","Updates","Coal India Limited has informed the Exchange regarding 'Revised Presentation made by Company'.","01-Aug-2024 12:19:31","2024-08-01 12:19:31","01-Aug-2024 12:19:32","00:00:01","https://nsearchives.nseindia.com/corporate/COALINDIA_01082024121931_prfinal.pdf"
"COALINDIA","Coal India Limited","Updates","Coal India Limited has informed the Exchange regarding 'Presentation made by Company'.","31-Jul-2024 17:14:27","2024-07-31 17:14:27","31-Jul-2024 17:14:28","00:00:01","https://nsearchives.nseindia.com/corporate/COALINDIA_31072024171428_PRESENTATIONFINAL.pdf"
"COALINDIA","Coal India Limited","Financial Result Updates"," Coal India Limited has submitted to the Exchange, the financial results for the period ended June 30, 2024.","31-Jul-2024 16:53:51","2024-07-31 16:53:51","31-Jul-2024 16:53:51","00:00:00","https://nsearchives.nseindia.com/corporate/accstfhinal_31072024165351.pdf"
"COALINDIA","Coal India Limited","Shareholders meeting","Coal India Limited has informed the Exchange regarding Notice of Annual General Meeting to be held on August 21, 2024","27-Jul-2024 14:29:01","2024-07-27 14:29:01","27-Jul-2024 14:29:02","00:00:01","https://nsearchives.nseindia.com/corporate/COALINDIA_27072024142901_noticeuploading.pdf"
"COALINDIA","Coal India Limited","Record Date","Coal India Limited has informed the Exchange that Record date for the purpose of  Final Dividend  is 16-Aug-2024.","27-Jul-2024 12:57:30","2024-07-27 12:57:30","27-Jul-2024 12:57:31","00:00:01","https://nsearchives.nseindia.com/corporate/COALINDIA_27072024125730_recorddate.pdf"
"COALINDIA","Coal India Limited","Copy of Newspaper Publication","Coal India Limited has informed the Exchange about Copy of Newspaper Publication regarding public notice of convening 50th AGM of CIL","26-Jul-2024 16:58:12","2024-07-26 16:58:12","26-Jul-2024 16:58:13","00:00:01","https://nsearchives.nseindia.com/corporate/COALINDIA_26072024165812_newspapefinal.pdf"
"COALINDIA","Coal India Limited","Press Release","Coal India Limited has informed the Exchange regarding a press release dated July 22, 2024, titled ""CIL in a first bags criticalmineral asset, a graphite block"".","22-Jul-2024 12:18:12","2024-07-22 12:18:12","22-Jul-2024 12:18:13","00:00:01","https://nsearchives.nseindia.com/corporate/COALINDIA_22072024121812_pr.pdf"
"COALINDIA","Coal India Limited","Updates","Coal India Limited has informed the Exchange regarding 'Receipt of an order from Ministry of Mines, Govt. of India '.","20-Jul-2024 12:57:14","2024-07-20 12:57:14","20-Jul-2024 12:57:15","00:00:01","https://nsearchives.nseindia.com/corporate/COALINDIA_20072024125714_letter200724.pdf"
"COALINDIA","Coal India Limited","Press Release","Coal India Limited has informed the Exchange regarding a press release dated July 12, 2024, titled ""Coal India to tweak its eauctionnorms"".","12-Jul-2024 13:21:41","2024-07-12 13:21:41","12-Jul-2024 13:21:42","00:00:01","https://nsearchives.nseindia.com/corporate/COALINDIA_12072024132141_prfinal.pdf"
"COALINDIA","Coal India Limited","Certificate under SEBI (Depositories and Participants) Regulations, 2018","Coal India Limited has informed the Exchange about Certificate under SEBI (Depositories and Participants) Regulations, 2018","08-Jul-2024 15:32:29","2024-07-08 15:32:29","08-Jul-2024 15:32:29","00:00:00","https://nsearchives.nseindia.com/corporate/COALINDIA_08072024153229_74.pdf"
"COALINDIA","Coal India Limited","Press Release","Coal India Limited has informed the Exchange regarding a press release dated July 01, 2024, titled ""CIL s production grows 8% to 189.3 MTs in Q1, FY 2025"".","01-Jul-2024 14:29:06","2024-07-01 14:29:06","01-Jul-2024 14:29:07","00:00:01","https://nsearchives.nseindia.com/corporate/COALINDIA_01072024142906_prnse.pdf"
"COALINDIA","Coal India Limited","Updates","Coal India Limited has informed the Exchange regarding 'Provisional Production and Off-take Performance of CIL and SubsidiaryCompanies for the month of June 24 and for the period Apr 24-June 24'.","01-Jul-2024 14:17:00","2024-07-01 14:17:00","01-Jul-2024 14:17:02","00:00:02","https://nsearchives.nseindia.com/corporate/COALINDIA_01072024141700_nseprod.pdf"
"COALINDIA","Coal India Limited","Updates","Coal India Limited has informed the Exchange regarding 'Disclosure under Regulation 30 of SEBI (Listing Obligations and DisclosureRequirements), Regulations 2015- Change in Senior Management'.","01-Jul-2024 10:32:44","2024-07-01 10:32:44","01-Jul-2024 10:32:44","00:00:00","https://nsearchives.nseindia.com/corporate/COALINDIA_01072024103244_cim.pdf"
"COALINDIA","Coal India Limited","Trading Window","Coal India Limited has informed the Exchange regarding the Trading Window closure pursuant to SEBI (Prohibition of Insider Trading) Regulations, 2015","01-Jul-2024 09:58:27","2024-07-01 09:58:27","01-Jul-2024 09:58:29","00:00:02","https://nsearchives.nseindia.com/corporate/COALINDIA_01072024095827_twc.pdf"
"COALINDIA","Coal India Limited","Trading Window","Coal India Limited has informed the Exchange regarding the Trading Window closure pursuant to SEBI (Prohibition of Insider Trading) Regulations, 2015","30-Jun-2024 08:14:26","2024-06-30 08:14:26","30-Jun-2024 08:14:26","00:00:00","https://nsearchives.nseindia.com/corporate/COALINDIA_30062024081426_NSE_BSE_TWC.pdf"
"COALINDIA","Coal India Limited","Press Release","Coal India Limited has informed the Exchange regarding a press release dated Jun 19, 2024, titled ""CIL to tap coal from abandoned UG mines through private operators"".","19-Jun-2024 13:02:28","2024-06-19 13:02:28","19-Jun-2024 13:02:29","00:00:01","https://nsearchives.nseindia.com/corporate/COALINDIA_19062024130228_prfinal.pdf"
"COALINDIA","Coal India Limited","Analysts/Institutional Investor Meet/Con. Call Updates","Coal India Limited has informed the Exchange about Schedule of meet","18-Jun-2024 16:44:46","2024-06-18 16:44:46","18-Jun-2024 16:44:47","00:00:01","https://nsearchives.nseindia.com/corporate/COALINDIA_18062024164446_analyst.pdf"
"COALINDIA","Coal India Limited","Updates","Coal India Limited has informed the Exchange regarding 'Provisional Production and Off-take Performance of CIL and Subsidiary Companies for the month of May 24 and for the period Apr 24-May 24'.","01-Jun-2024 11:29:10","2024-06-01 11:29:10","01-Jun-2024 11:29:11","00:00:01","https://nsearchives.nseindia.com/corporate/COALINDIA_01062024112910_prodmay24.pdf"
"COALINDIA","Coal India Limited","Updates","Coal India Limited has informed the Exchange regarding 'Disclosure under Regulation 30 of SEBI (Listing Obligations and DisclosureRequirements), Regulations 2015- Change in Senior Management'.","01-Jun-2024 11:25:03","2024-06-01 11:25:03","01-Jun-2024 11:25:04","00:00:01","https://nsearchives.nseindia.com/corporate/COALINDIA_01062024112504_sanjaykhare.pdf"
"COALINDIA","Coal India Limited","Updates","Coal India Limited has informed the Exchange regarding 'Incorporation of Subsidiary Company  Bharat Coal Gasification and Chemicals Limited'.","28-May-2024 17:08:10","2024-05-28 17:08:10","28-May-2024 17:08:11","00:00:01","https://nsearchives.nseindia.com/corporate/COALINDIA_28052024170810_revised.pdf"
"COALINDIA","Coal India Limited","Updates","Coal India Limited has informed the Exchange regarding 'Incorporation of Subsidiary Company  Bharat Coal Gasification and Chemicals Limited'.","28-May-2024 14:23:31","2024-05-28 14:23:31","28-May-2024 14:23:32","00:00:01","https://nsearchives.nseindia.com/corporate/COALINDIA_28052024142331_final.pdf"
"COALINDIA","Coal India Limited","Updates","Coal India Limited has informed the Exchange regarding 'Appointment of M/s. R.M. Bansal & Co. as Cost Auditor of CIL (Standalone)'.","21-May-2024 17:37:51","2024-05-21 17:37:51","21-May-2024 17:37:52","00:00:01","https://nsearchives.nseindia.com/corporate/COALINDIA_21052024173751_cost.pdf"
"COALINDIA","Coal India Limited","Updates","Coal India Limited has informed the Exchange regarding 'Appointment of M/s Mehta & Mehta, Practising Company Secretaries as Secretarial Auditors of the Company'.","21-May-2024 14:51:53","2024-05-21 14:51:53","21-May-2024 14:51:54","00:00:01","https://nsearchives.nseindia.com/corporate/COALINDIA_21052024145153_Sec.pdf"
"COALINDIA","Coal India Limited","Copy of Newspaper Publication","Coal India Limited has informed the Exchange about Copy of Newspaper Publication","03-May-2024 11:42:59","2024-05-03 11:42:59","03-May-2024 11:43:04","00:00:05","https://nsearchives.nseindia.com/corporate/COALINDIA_03052024114259_newspaperfinal.pdf"
"COALINDIA","Coal India Limited","Press Release","Coal India Limited has informed the Exchange regarding a press release dated May 02, 2024, titled ""Press release"".","02-May-2024 19:02:04","2024-05-02 19:02:04","02-May-2024 19:02:09","00:00:05","https://nsearchives.nseindia.com/corporate/COALINDIA_02052024190204_prfinal.pdf"
"COALINDIA","Coal India Limited","Updates","Coal India Limited has informed the Exchange regarding 'Presentation made by Company '.","02-May-2024 18:29:57","2024-05-02 18:29:57","02-May-2024 18:30:03","00:00:06","https://nsearchives.nseindia.com/corporate/COALINDIA_02052024182957_presentation.pdf"
"COALINDIA","Coal India Limited","Dividend","Coal India Limited has informed the Exchange that Board of Directors at its meeting held on May 02, 2024, recommended Final Dividend of 5 per equity share.","02-May-2024 18:28:02","2024-05-02 18:28:02","02-May-2024 18:28:07","00:00:05","https://nsearchives.nseindia.com/corporate/COALINDIA_02052024182802_dividned.pdf"
"COALINDIA","Coal India Limited","Dividend","Coal India Limited has informed the Exchange that Board of Directors at its meeting held on May 02, 2024, recommended Final Dividend of Rs. 5 per equity share.","02-May-2024 18:18:06","2024-05-02 18:18:06","02-May-2024 18:18:17","00:00:11","https://nsearchives.nseindia.com/corporate/COALINDIA_02052024181806_dividend.pdf"
"COALINDIA","Coal India Limited","Financial Result Updates","Coal India Limited has submitted to the Exchange, the financial results for the period ended March 31, 2024.","02-May-2024 18:13:05","2024-05-02 18:13:05","02-May-2024 18:13:09","00:00:04","https://nsearchives.nseindia.com/corporate/acctsfinal_02052024181305.pdf"
"COALINDIA","Coal India Limited","Updates","Coal India Limited has informed the Exchange regarding 'Provisional production and offtake performances of CIL and subsidiaries companies  for the month of April 24'.","01-May-2024 13:49:17","2024-05-01 13:49:17","01-May-2024 13:49:22","00:00:05","https://nsearchives.nseindia.com/corporate/COALINDIA_01052024134917_prodapr24.pdf"
"COALINDIA","Coal India Limited","Updates","Coal India Limited has informed the Exchange regarding 'Extension of services of M/s Alankit Assignments Limited (Registrar & Share Transfer Agent) of Coal India Limited'.","01-May-2024 11:53:18","2024-05-01 11:53:18","01-May-2024 11:53:23","00:00:05","https://nsearchives.nseindia.com/corporate/COALINDIA_01052024115318_extension.pdf"
"COALINDIA","Coal India Limited","Copy of Newspaper Publication","Coal India Limited has informed the Exchange about Copy of Newspaper Publication","19-Apr-2024 15:30:04","2024-04-19 15:30:04","19-Apr-2024 15:30:12","00:00:08","https://nsearchives.nseindia.com/corporate/COALINDIA_19042024153004_final.pdf"
"COALINDIA","Coal India Limited","Press Release","Coal India Limited has informed the Exchange regarding a press release dated April 16, 2024, titled ""CIL s capex up 6.5% to highest Rs.19,840 Crores in FY 2024"".","16-Apr-2024 12:51:25","2024-04-16 12:51:25","16-Apr-2024 12:51:32","00:00:07","https://nsearchives.nseindia.com/corporate/COALINDIA_16042024125125_pr.pdf"
"COALINDIA","Coal India Limited","Disclosure under SEBI Takeover Regulations","Seema Grover has Submitted to the Exchange a copy of Disclosure under Regulation 31(4) of the Securities and Exchange Board of India (Substantial Acquisition of Shares and Takeovers) Regulations, 2011.","12-Apr-2024 14:55:33","2024-04-12 14:55:33","12-Apr-2024 14:55:43","00:00:10","https://nsearchives.nseindia.com/corporate/COALINDIA_12042024145533_COALINDIA.pdf"
"COALINDIA","Coal India Limited","Updates","Coal India Limited has informed the Exchange regarding 'Revised Compliance Certificate for the year ended 31st March  2024- Regulation 7(3)'.","09-Apr-2024 14:38:10","2024-04-09 14:38:10","09-Apr-2024 14:38:15","00:00:05","https://nsearchives.nseindia.com/corporate/COALINDIA_09042024143810_revised.pdf"
"COALINDIA","Coal India Limited","Certificate under SEBI (Depositories and Participants) Regulations, 2018","Coal India Limited has informed the Exchange about Certificate under SEBI (Depositories and Participants) Regulations, 2018","04-Apr-2024 16:27:06","2024-04-04 16:27:06","04-Apr-2024 16:27:11","00:00:05","https://nsearchives.nseindia.com/corporate/COALINDIA_04042024162706_74_5_.pdf"
"COALINDIA","Coal India Limited","Press Release","Coal India Limited has informed the Exchange regarding a press release dated April 01, 2024, titled ""CIL s production grows 10% to 773.6 MTs in FY 2024; Offtake up 8.5%"".","01-Apr-2024 14:48:13","2024-04-01 14:48:13","01-Apr-2024 14:48:19","00:00:06","https://nsearchives.nseindia.com/corporate/COALINDIA_01042024144813_pr.pdf"
"COALINDIA","Coal India Limited","Updates","Coal India Limited has informed the Exchange regarding 'Provisional Production and Off-take Performance of CIL and SubsidiaryCompanies for the month of March 24 and for the period Apr  23- March 24'.","01-Apr-2024 14:21:49","2024-04-01 14:21:49","01-Apr-2024 14:21:56","00:00:07","https://nsearchives.nseindia.com/corporate/COALINDIA_01042024142149_prod.pdf"
"COALINDIA","Coal India Limited","Updates","Coal India Limited has informed the Exchange regarding 'Disclosure under Regulation 30 of SEBI (Listing Obligations and DisclosureRequirements), Regulations 2015- Change in Senior Management'.","01-Apr-2024 11:05:06","2024-04-01 11:05:06","01-Apr-2024 11:05:12","00:00:06","https://nsearchives.nseindia.com/corporate/COALINDIA_01042024110506_letter.pdf"
"COALINDIA","Coal India Limited","Press Release","Coal India Limited has informed the Exchange regarding a press release dated March 28, 2024, titled ""CIL s 610.8 MT supply to powersector breaches FY 2024 target"".","28-Mar-2024 12:51:32","2024-03-28 12:51:32","28-Mar-2024 12:51:39","00:00:07","https://nsearchives.nseindia.com/corporate/COALINDIA_28032024125132_PR.pdf"
"COALINDIA","Coal India Limited","Trading Window","Coal India Limited has informed the Exchange regarding the Trading Window closure pursuant to SEBI (Prohibition of Insider Trading) Regulations, 2015","27-Mar-2024 15:56:05","2024-03-27 15:56:05","27-Mar-2024 15:56:13","00:00:08","https://nsearchives.nseindia.com/corporate/COALINDIA_27032024155605_w.pdf"
"COALINDIA","Coal India Limited","Updates","Coal India Limited has informed the Exchange regarding ''Machine Readable Form / Legible copy of Financial Results for the 3rd Quarter ended 31.12.2023.''.","11-Mar-2024 11:51:41","2024-03-11 11:51:41","11-Mar-2024 11:51:46","00:00:05","https://nsearchives.nseindia.com/corporate/COALINDIA_11032024115142_readable.pdf"
"COALINDIA","Coal India Limited","Updates","Coal India Limited has informed the Exchange regarding 'Memorandum of Understanding (MoU) between CIL and Rajasthan Rajya Vidyut Utpadan Nigam Limited (RRVUNL)'.","10-Mar-2024 18:17:03","2024-03-10 18:17:03","10-Mar-2024 18:17:08","00:00:05","https://nsearchives.nseindia.com/corporate/COALINDIA_10032024181703_MoU.pdf"
"COALINDIA","Coal India Limited","Updates","Coal India Limited has informed the Exchange regarding 'Provisional Production and Off-take Performance of CIL and SubsidiaryCompanies for the month of Feb 24 and for the period Apr  23- Feb 24'.","01-Mar-2024 15:14:35","2024-03-01 15:14:35","01-Mar-2024 15:14:39","00:00:04","https://nsearchives.nseindia.com/corporate/COALINDIA_01032024151435_finalprod.pdf"
"COALINDIA","Coal India Limited","Memorandum of Understanding/Agreements","Coal India Limited has informed the Exchange about Memorandum of Understanding/Agreements","28-Feb-2024 16:08:56","2024-02-28 16:08:56","28-Feb-2024 16:09:02","00:00:06","https://nsearchives.nseindia.com/corporate/COALINDIA_28022024160856_jv.pdf"
"COALINDIA","Coal India Limited","Analysts/Institutional Investor Meet/Con. Call Updates","Coal India Limited has informed the Exchange about Transcript","21-Feb-2024 15:39:42","2024-02-21 15:39:42","21-Feb-2024 15:39:49","00:00:07","https://nsearchives.nseindia.com/corporate/COALINDIA_21022024153942_transript.pdf"
"COALINDIA","Coal India Limited","Analysts/Institutional Investor Meet/Con. Call Updates","Coal India Limited has informed the Exchange about Link of Recording","19-Feb-2024 16:18:19","2024-02-19 16:18:19","19-Feb-2024 16:18:27","00:00:08","https://nsearchives.nseindia.com/corporate/COALINDIA_19022024161819_1.pdf"
"COALINDIA","Coal India Limited","Analysts/Institutional Investor Meet/Con. Call Updates","Coal India Limited has informed the Exchange about Presentation","19-Feb-2024 13:32:03","2024-02-19 13:32:03","19-Feb-2024 13:32:09","00:00:06","https://nsearchives.nseindia.com/corporate/COALINDIA_19022024133203_presentation.pdf"
"COALINDIA","Coal India Limited","Analysts/Institutional Investor Meet/Con. Call Updates","Coal India Limited has informed the Exchange about Schedule of meet","19-Feb-2024 10:33:57","2024-02-19 10:33:57","19-Feb-2024 10:34:03","00:00:06","https://nsearchives.nseindia.com/corporate/COALINDIA_19022024103357_analyst.pdf"
"COALINDIA","Coal India Limited","Analysts/Institutional Investor Meet/Con. Call Updates","Coal India Limited has informed the Exchange about Schedule of meet","16-Feb-2024 14:48:40","2024-02-16 14:48:40","16-Feb-2024 14:48:46","00:00:06","https://nsearchives.nseindia.com/corporate/COALINDIA_16022024144841_ANALYST.pdf"
"COALINDIA","Coal India Limited","Press Release","Coal India Limited has informed the Exchange regarding a press release dated February 15, 2024, titled ""Coal India inks a MoU withHaryana to pave way for PPA"".","15-Feb-2024 15:03:51","2024-02-15 15:03:51","15-Feb-2024 15:03:57","00:00:06","https://nsearchives.nseindia.com/corporate/COALINDIA_15022024150351_pr.pdf"
"COALINDIA","Coal India Limited","Updates","Coal India Limited has informed the Exchange regarding 'Coal India inks a MoU with Haryana on 15 Feb 2024 to pave way for PPA'.","15-Feb-2024 14:49:53","2024-02-15 14:49:53","15-Feb-2024 14:49:59","00:00:06","https://nsearchives.nseindia.com/corporate/COALINDIA_15022024144953_mou.pdf"
"COALINDIA","Coal India Limited","Analysts/Institutional Investor Meet/Con. Call Updates","Coal India Limited has informed the Exchange about Schedule of meet","13-Feb-2024 17:55:32","2024-02-13 17:55:32","13-Feb-2024 17:55:38","00:00:06","https://nsearchives.nseindia.com/corporate/COALINDIA_13022024175532_ana.pdf"
"COALINDIA","Coal India Limited","Copy of Newspaper Publication","Coal India Limited has informed the Exchange about Copy of Newspaper Publication of Notice to Shareholders for tax on 2nd Interim Dividendfor FY 2023-24","13-Feb-2024 16:55:20","2024-02-13 16:55:20","13-Feb-2024 16:55:36","00:00:16","https://nsearchives.nseindia.com/corporate/COALINDIA_13022024165521_tax.pdf"
"COALINDIA","Coal India Limited","Copy of Newspaper Publication","Coal India Limited has informed the Exchange about Copy of Newspaper Publication of Un-Audited Financial Results of Coal India Limited(Standalone & Consolidated) for the 3rd Quarter and Nine months ended 31st Dec  2023.","13-Feb-2024 15:40:59","2024-02-13 15:40:59","13-Feb-2024 15:41:04","00:00:05","https://nsearchives.nseindia.com/corporate/COALINDIA_13022024154100_financial.pdf"
"COALINDIA","Coal India Limited","Updates","Coal India Limited has informed the Exchange regarding 'Strike Notice for observing one day All India Strike in entire CIL /Subsidiaries on 16.02.2024 from CTUs - HMS / AITUC / INMF (INTUC) /CITU-Reg'.","13-Feb-2024 14:03:56","2024-02-13 14:03:56","13-Feb-2024 14:04:07","00:00:11","https://nsearchives.nseindia.com/corporate/COALINDIA_13022024140356_s.pdf"
"COALINDIA","Coal India Limited","Change in Management","Coal India Limited has informed the Exchange about change in Management","13-Feb-2024 13:23:54","2024-02-13 13:23:54","13-Feb-2024 13:24:01","00:00:07","https://nsearchives.nseindia.com/corporate/COALINDIA_13022024132354_cfo.pdf"
"COALINDIA","Coal India Limited","Updates","Coal India Limited has informed the Exchange regarding 'Presentation made by Company'.","12-Feb-2024 19:05:16","2024-02-12 19:05:16","12-Feb-2024 19:05:23","00:00:07","https://nsearchives.nseindia.com/corporate/COALINDIA_12022024190516_presentation.pdf"
"COALINDIA","Coal India Limited","Press Release","Coal India Limited has informed the Exchange regarding a press release dated February 12, 2024, titled ""Press Release-Coal India s PAT up 18% Y-o-Yto Rs. 9,094 Crs in Q3 FY 2024"".","12-Feb-2024 19:02:41","2024-02-12 19:02:41","12-Feb-2024 19:02:46","00:00:05","https://nsearchives.nseindia.com/corporate/COALINDIA_12022024190241_pressrelease.pdf"
"COALINDIA","Coal India Limited","Updates","Coal India Limited has informed the Exchange regarding 'Disclosure on change in policy on stripping activity'.","12-Feb-2024 18:59:55","2024-02-12 18:59:55","12-Feb-2024 19:00:01","00:00:06","https://nsearchives.nseindia.com/corporate/COALINDIA_12022024185955_accountingpolicy.pdf"
"COALINDIA","Coal India Limited","Dividend","Coal India Limited has informed the Exchange that Board of Directors at its meeting held on February 12, 2024, declared Interim Dividend of 5.25 per equity share.","12-Feb-2024 18:57:03","2024-02-12 18:57:03","12-Feb-2024 18:57:08","00:00:05","https://nsearchives.nseindia.com/corporate/COALINDIA_12022024185703_dividend.pdf"
"COALINDIA","Coal India Limited","Financial Result Updates","Coal India Limited has submitted to the Exchange, the financial results for the period ended December 31, 2023.","12-Feb-2024 18:52:14","2024-02-12 18:52:14","12-Feb-2024 18:52:19","00:00:05","https://nsearchives.nseindia.com/corporate/acct_12022024185214.pdf"
"COALINDIA","Coal India Limited","Change in Director(s)","Coal India Limited has informed the Exchange regarding Change in Director(s) of the company.","08-Feb-2024 14:29:26","2024-02-08 14:29:26","08-Feb-2024 14:29:33","00:00:07","https://nsearchives.nseindia.com/corporate/COALINDIA_08022024142926_letter.pdf"
"COALINDIA","Coal India Limited","Updates","Coal India Limited has informed the Exchange regarding 'Press Release-CIL sets new high inproduction, off-take and supplies to TPPs in January 2024'.","02-Feb-2024 14:07:39","2024-02-02 14:07:39","02-Feb-2024 14:07:44","00:00:05","https://nsearchives.nseindia.com/corporate/COALINDIA_02022024140739_pressrelease.pdf"
"COALINDIA","Coal India Limited","Updates","Coal India Limited has informed the Exchange regarding 'Provisional Production and Off-take Performance of CIL and Subsidiary Companies for the month of Jan 24 and for the period Apr  23- Jan 24'.","01-Feb-2024 14:13:09","2024-02-01 14:13:09","01-Feb-2024 14:13:16","00:00:07","https://nsearchives.nseindia.com/corporate/COALINDIA_01022024141310_production1224.pdf"
"COALINDIA","Coal India Limited","Record Date","Coal India Limited has informed the Exchange that Record date for the purpose of Dividend  is 20-Feb-2024.","01-Feb-2024 09:39:58","2024-02-01 09:39:58","01-Feb-2024 09:40:04","00:00:06","https://nsearchives.nseindia.com/corporate/COALINDIA_01022024093959_notice.pdf"
"COALINDIA","Coal India Limited","Updates","Coal India Limited has informed the Exchange regarding 'Newspaper publication of Notice of Board meeting'.","31-Jan-2024 14:57:28","2024-01-31 14:57:28","31-Jan-2024 14:58:02","00:00:34","https://nsearchives.nseindia.com/corporate/COALINDIA_31012024145729_newspaper.pdf"
"COALINDIA","Coal India Limited","Updates","Coal India Limited has informed the Exchange regarding 'CIL emerged as successful bidder i.r.o Solar Power Project'.","25-Jan-2024 18:35:45","2024-01-25 18:35:45","25-Jan-2024 18:35:51","00:00:06","https://nsearchives.nseindia.com/corporate/COALINDIA_25012024183546_solar.pdf"
"COALINDIA","Coal India Limited","Updates","Coal India Limited has informed the Exchange regarding 'Intimation regarding conversion of Statutory Auditors Firm    Lodha & Co  to  Lodha & Co LLP '.","15-Jan-2024 11:53:08","2024-01-15 11:53:08","15-Jan-2024 11:53:14","00:00:06","https://nsearchives.nseindia.com/corporate/COALINDIA_15012024115308_lco.pdf"
"COALINDIA","Coal India Limited","Press Release","Coal India Limited has informed the Exchange regarding a press release dated January 09, 2024, titled ""CIL extends FSA tenure to 10years for NRS; Sponge Iron units respond well in tranche -VI"".","09-Jan-2024 11:36:07","2024-01-09 11:36:07","09-Jan-2024 11:36:11","00:00:04","https://nsearchives.nseindia.com/corporate/COALINDIA_09012024113607_pressrelease.pdf"
"COALINDIA","Coal India Limited","Certificate under SEBI (Depositories and Participants) Regulations, 2018","Coal India Limited has informed the Exchange about Certificate under SEBI (Depositories and Participants) Regulations, 2018","05-Jan-2024 17:23:08","2024-01-05 17:23:08","05-Jan-2024 17:23:18","00:00:10","https://nsearchives.nseindia.com/corporate/COALINDIA_05012024172308_74.pdf"
"COALINDIA","Coal India Limited","Press Release","Coal India Limited has informed the Exchange regarding a press release dated January 02, 2024, titled ""Press Release-CIL s supplies to NRS hit all-time high of 98 MTs ending Dec  FY 2024"".","02-Jan-2024 15:48:33","2024-01-02 15:48:33","02-Jan-2024 15:48:40","00:00:07","https://nsearchives.nseindia.com/corporate/COALINDIA_02012024154833_Pressrelease.pdf"
"COALINDIA","Coal India Limited","Updates","Coal India Limited has informed the Exchange regarding 'Provisional Production and Off-take Performance of CIL and its Subsidiary Companies for the month of Dec 23 and for the period Apr  23- Dec 23.'.","01-Jan-2024 21:12:53","2024-01-01 21:12:53","01-Jan-2024 21:12:59","00:00:06","https://nsearchives.nseindia.com/corporate/COALINDIA_01012024211253_prod0101.pdf"
"COALINDIA","Coal India Limited","Updates","Coal India Limited has informed the Exchange regarding 'Disclosure under Regulation 30 of SEBI (Listing Obligations and Disclosure            Requirements), Regulations 2015- Change in Senior Management'.","01-Jan-2024 11:23:47","2024-01-01 11:23:47","01-Jan-2024 11:23:51","00:00:04","https://nsearchives.nseindia.com/corporate/COALINDIA_01012024112347_rakesh.pdf"
"COALINDIA","Coal India Limited","Trading Window","Coal India Limited has informed the Exchange regarding the Trading Window closure pursuant to SEBI (Prohibition of Insider Trading) Regulations, 2015","22-Dec-2023 17:14:12","2023-12-22 17:14:12","22-Dec-2023 17:14:26","00:00:14","https://nsearchives.nseindia.com/corporate/COALINDIA_22122023171412_Tradingwindoclosure.pdf"
"COALINDIA","Coal India Limited","Copy of Newspaper Publication","Coal India Limited has informed the Exchange about Copy of Newspaper Publication","14-Dec-2023 16:32:23","2023-12-14 16:32:23","14-Dec-2023 16:32:29","00:00:06","https://nsearchives.nseindia.com/corporate/COALINDIA_14122023163223_news1412.pdf"
"COALINDIA","Coal India Limited","Updates","Coal India Limited has informed the Exchange regarding 'Machine Readable Form / Legible copy of Financial Results for the 2nd Quarter and half year ended 30.09.2023.'.","12-Dec-2023 16:36:56","2023-12-12 16:36:56","12-Dec-2023 16:37:02","00:00:06","https://nsearchives.nseindia.com/corporate/COALINDIA_12122023163656_ResultsSep23.pdf"
"COALINDIA","Coal India Limited","Press Release","Coal India Limited has informed the Exchange regarding a press release dated December 12, 2023, titled ""Press Release-CIL s capex grows Rs.741 Crs to Rs. 10,492 Crs in Apr-Nov FY 24"".","12-Dec-2023 13:02:49","2023-12-12 13:02:49","12-Dec-2023 13:02:55","00:00:06","https://nsearchives.nseindia.com/corporate/COALINDIA_12122023130249_Press.pdf"
"COALINDIA","Coal India Limited","Updates","Coal India Limited has informed the Exchange regarding 'Press Release-CIL output up 11.5% to 460 MTtill Nov  FY 2024'.","01-Dec-2023 13:56:17","2023-12-01 13:56:17","01-Dec-2023 13:56:23","00:00:06","https://nsearchives.nseindia.com/corporate/COALINDIA_01122023135617_pressrelease.pdf"
"COALINDIA","Coal India Limited","Updates","Coal India Limited has informed the Exchange regarding 'Provisional Production and Off-take Performance of CIL and SubsidiaryCompanies for the month of Nov 23 and for the period Apr  23- Nov 23'.","01-Dec-2023 13:38:56","2023-12-01 13:38:56","01-Dec-2023 13:39:03","00:00:07","https://nsearchives.nseindia.com/corporate/COALINDIA_01122023133856_production.pdf"
"COALINDIA","Coal India Limited","Updates","Coal India Limited has informed the Exchange regarding 'Disclosure under Regulation 30 of SEBI (Listing Obligations and Disclosure            Requirements), Regulations 2015- Change in Senior Management'.","01-Dec-2023 10:47:23","2023-12-01 10:47:23","01-Dec-2023 10:47:30","00:00:07","https://nsearchives.nseindia.com/corporate/COALINDIA_01122023104723_pdf.pdf"
"COALINDIA","Coal India Limited","Analysts/Institutional Investor Meet/Con. Call Updates","Coal India Limited has informed the Exchange about Transcript","23-Nov-2023 11:55:21","2023-11-23 11:55:21","23-Nov-2023 11:55:33","00:00:12","https://nsearchives.nseindia.com/corporate/COALINDIA_23112023115521_final.pdf"
"COALINDIA","Coal India Limited","Analysts/Institutional Investor Meet/Con. Call Updates","Coal India Limited has informed the Exchange about Link of Recording","22-Nov-2023 11:28:43","2023-11-22 11:28:43","22-Nov-2023 11:28:55","00:00:12","https://nsearchives.nseindia.com/corporate/COALINDIA_22112023112843_audio.pdf"
"COALINDIA","Coal India Limited","Analysts/Institutional Investor Meet/Con. Call Updates","Coal India Limited has informed the Exchange about Presentation","20-Nov-2023 16:39:10","2023-11-20 16:39:10","20-Nov-2023 16:39:16","00:00:06","https://nsearchives.nseindia.com/corporate/COALINDIA_20112023163910_presentationfinal.pdf"
"COALINDIA","Coal India Limited","Analysts/Institutional Investor Meet/Con. Call Updates","Coal India Limited has informed the Exchange about Schedule of meet","20-Nov-2023 12:41:45","2023-11-20 12:41:45","20-Nov-2023 12:41:55","00:00:10","https://nsearchives.nseindia.com/corporate/COALINDIA_20112023124145_analyst2011.pdf"
"COALINDIA","Coal India Limited","Analysts/Institutional Investor Meet/Con. Call Updates","Coal India Limited has informed the Exchange about Schedule of meet","17-Nov-2023 15:16:40","2023-11-17 15:16:40","17-Nov-2023 15:16:46","00:00:06","https://nsearchives.nseindia.com/corporate/COALINDIA_17112023151640_revisedanalyst.pdf"
"COALINDIA","Coal India Limited","Analysts/Institutional Investor Meet/Con. Call Updates","Coal India Limited has informed the Exchange about Schedule of meet","16-Nov-2023 12:22:26","2023-11-16 12:22:26","16-Nov-2023 12:22:39","00:00:13","https://nsearchives.nseindia.com/corporate/COALINDIA_16112023122226_analyst.pdf"
"COALINDIA","Coal India Limited","Copy of Newspaper Publication","Coal India Limited has informed the Exchange about Copy of Newspaper Publication","11-Nov-2023 15:29:39","2023-11-11 15:29:39","11-Nov-2023 15:29:46","00:00:07","https://nsearchives.nseindia.com/corporate/COALINDIA_11112023152939_newspaper2.pdf"
"COALINDIA","Coal India Limited","Copy of Newspaper Publication","Coal India Limited has informed the Exchange about Copy of Newspaper Publication","11-Nov-2023 15:23:29","2023-11-11 15:23:29","11-Nov-2023 15:23:37","00:00:08","https://nsearchives.nseindia.com/corporate/COALINDIA_11112023152330_newspaper1.pdf"
"COALINDIA","Coal India Limited","Updates","Coal India Limited has informed the Exchange regarding 'Presentation made by Company '.","10-Nov-2023 17:27:59","2023-11-10 17:27:59","10-Nov-2023 17:28:37","00:00:38","https://nsearchives.nseindia.com/corporate/COALINDIA_10112023172759_finalpresenatation.pdf"
"COALINDIA","Coal India Limited","Updates","Coal India Limited has informed the Exchange regarding 'Presentation made by Company '.","10-Nov-2023 17:02:24","2023-11-10 17:02:24","10-Nov-2023 17:02:34","00:00:10","https://nsearchives.nseindia.com/corporate/COALINDIA_10112023170225_finalpresenatation.pdf"
"COALINDIA","Coal India Limited","Dividend","Coal India Limited has informed the Exchange that Board of Directors at its meeting held on November 10, 2023, declared Interim Dividend of 15.25 per equity share.","10-Nov-2023 16:37:28","2023-11-10 16:37:28","10-Nov-2023 16:37:42","00:00:14","https://nsearchives.nseindia.com/corporate/COALINDIA_10112023163728_dividend.pdf"
"COALINDIA","Coal India Limited","Financial Result Updates","Coal India Limited has submitted to the Exchange, the financial results for the period ended September 30, 2023.","10-Nov-2023 16:34:14","2023-11-10 16:34:14","10-Nov-2023 16:34:28","00:00:14","https://nsearchives.nseindia.com/corporate/finalacct_10112023163414.pdf"
"COALINDIA","Coal India Limited","Change in Director(s)","Coal India Limited has informed the Exchange regarding Change in Director(s) of the company.","08-Nov-2023 11:13:17","2023-11-08 11:13:17","08-Nov-2023 11:13:32","00:00:15","https://nsearchives.nseindia.com/corporate/COALINDIA_08112023111318_aaditionalchargeDF.pdf"
"COALINDIA","Coal India Limited","Press Release","Coal India Limited has informed the Exchange regarding a press release dated November 02, 2023, titled ""Press Release-CIL s output increases by 42 MTs in Apr-Oct FY 2024; Logs 15% growth in Oct"".","02-Nov-2023 11:48:12","2023-11-02 11:48:12","02-Nov-2023 11:48:24","00:00:12","https://nsearchives.nseindia.com/corporate/COALINDIA_02112023114812_pressrelease0211.pdf"
"COALINDIA","Coal India Limited","Updates","Coal India Limited has informed the Exchange regarding 'Provisional Production and Off-take Performance of CIL and Subsidiary Companies for the month of Oct 23 and for the period Apr  23- Oct 23'.","02-Nov-2023 11:44:26","2023-11-02 11:44:26","02-Nov-2023 11:44:35","00:00:09","https://nsearchives.nseindia.com/corporate/COALINDIA_02112023114426_prod211.pdf"
"COALINDIA","Coal India Limited","Updates","Coal India Limited has informed the Exchange regarding 'Disclosure under Regulation 30 of SEBI (Listing Obligations and Disclosure Requirements), Regulations 2015- Change in Senior Management'.","01-Nov-2023 10:57:29","2023-11-01 10:57:29","01-Nov-2023 10:57:34","00:00:05","https://nsearchives.nseindia.com/corporate/COALINDIA_01112023105729_PDF.pdf"
"COALINDIA","Coal India Limited","Copy of Newspaper Publication","Coal India Limited has informed the Exchange about Copy of Newspaper Publication","20-Oct-2023 16:08:05","2023-10-20 16:08:05","20-Oct-2023 16:08:10","00:00:05","https://nsearchives.nseindia.com/corporate/COALINDIA_20102023160805_news2010.pdf"
"COALINDIA","Coal India Limited","Record Date","Coal India Limited has informed the Exchange that Record date for the purpose of Dividend  is 21-Nov-2023.","18-Oct-2023 16:20:29","2023-10-18 16:20:29","18-Oct-2023 16:20:37","00:00:08","https://nsearchives.nseindia.com/corporate/COALINDIA_18102023162029_recorddate.pdf"
"COALINDIA","Coal India Limited","Press Release","Coal India Limited has informed the Exchange regarding a press release dated October 16, 2023, titled ""CIL s off-take to power sector ahead of the commitment till 15 Oct FY 2024"".","16-Oct-2023 15:57:07","2023-10-16 15:57:07","16-Oct-2023 15:57:11","00:00:04","https://nsearchives.nseindia.com/corporate/COALINDIA_16102023155707_final16th.pdf"
"COALINDIA","Coal India Limited","Strikes/Lockouts/Disturbances","Coal India Limited has informed the Exchange about strikes/lockouts/disturbances","11-Oct-2023 12:51:42","2023-10-11 12:51:42","11-Oct-2023 12:51:49","00:00:07","https://nsearchives.nseindia.com/corporate/COALINDIA_11102023125142_strike.pdf"
"COALINDIA","Coal India Limited","Certificate under SEBI (Depositories and Participants) Regulations, 2018","Coal India Limited has informed the Exchange about Certificate under SEBI (Depositories and Participants) Regulations, 2018","06-Oct-2023 15:59:36","2023-10-06 15:59:36","06-Oct-2023 15:59:43","00:00:07","https://nsearchives.nseindia.com/corporate/COALINDIA_06102023155937_Reg74.pdf"
"COALINDIA","Coal India Limited","Press Release","Coal India Limited has informed the Exchange regarding a press release dated October 02, 2023, titled ""CIL s output up 11.3% in H1 FY2024; supplies to power plants surge by 10 MTs"".","02-Oct-2023 15:10:23","2023-10-02 15:10:23","02-Oct-2023 15:10:28","00:00:05","https://nsearchives.nseindia.com/corporate/COALINDIA_02102023151023_pressrelease02102023.pdf"
"COALINDIA","Coal India Limited","Updates","Coal India Limited has informed the Exchange regarding 'Provisional Production and Off-take Performance of CIL and Subsidiary Companies for the month of Sep 23 and for the period Apr  23- Sep 23'.","02-Oct-2023 11:21:36","2023-10-02 11:21:36","02-Oct-2023 11:21:46","00:00:10","https://nsearchives.nseindia.com/corporate/COALINDIA_02102023112136_Production02102023.pdf"
"COALINDIA","Coal India Limited","Strikes/Lockouts/Disturbances","Coal India Limited has informed the Exchange about strikes/lockouts/disturbances","27-Sep-2023 16:11:43","2023-09-27 16:11:43","27-Sep-2023 16:11:46","00:00:03","https://nsearchives.nseindia.com/corporate/COALINDIA_27092023161143_Revisedstrike.pdf"
"COALINDIA","Coal India Limited","Trading Window","Coal India Limited has informed the Exchange regarding the Trading Window closure pursuant to SEBI (Prohibition of Insider Trading) Regulations, 2015","25-Sep-2023 16:03:28","2023-09-25 16:03:28","25-Sep-2023 16:03:32","00:00:04","https://nsearchives.nseindia.com/corporate/COALINDIA_25092023160328_Trading2.pdf"
"COALINDIA","Coal India Limited","Strikes/Lockouts/Disturbances","Coal India Limited has informed the Exchange about strikes/lockouts/disturbances","20-Sep-2023 14:43:22","2023-09-20 14:43:22","20-Sep-2023 14:43:33","00:00:11","https://nsearchives.nseindia.com/corporate/COALINDIA_20092023144323_Strike.pdf"
"COALINDIA","Coal India Limited","Updates","Coal India Limited has informed the Exchange regarding 'Revised brief profile of M/s Lodha & Co, Kolkata appointed as Statutory Auditor of CIL for the FY 2023-24.'.","19-Sep-2023 17:23:03","2023-09-19 17:23:03","19-Sep-2023 17:23:07","00:00:04","https://nsearchives.nseindia.com/corporate/COALINDIA_19092023172303_statauditor.pdf"
"COALINDIA","Coal India Limited","Updates","Coal India Limited has informed the Exchange regarding 'Appointment of M/s Lodha & Co, Kolkata as Statutory Auditor for the year 2023-24'.","19-Sep-2023 11:52:34","2023-09-19 11:52:34","19-Sep-2023 11:52:38","00:00:04","https://nsearchives.nseindia.com/corporate/COALINDIA_19092023115234_Statauditor19092023.pdf"
"COALINDIA","Coal India Limited","Press Release","Coal India Limited has informed the Exchange regarding a press release dated September 01, 2023, titled ""CIL logs 15.3% supply growth in August 23; output rises 13.2%"".","01-Sep-2023 16:15:15","2023-09-01 16:15:15","01-Sep-2023 16:15:18","00:00:03","https://nsearchives.nseindia.com/corporate/COALINDIA_01092023161515_press01092023.pdf"
"COALINDIA","Coal India Limited","Updates","Coal India Limited has informed the Exchange regarding 'Provisional Production and Off-take Performance of CIL and its Subsidiary Companies for the month of Aug 23 and for the period Apr  23- Aug 23'.","01-Sep-2023 14:37:31","2023-09-01 14:37:31","01-Sep-2023 14:37:37","00:00:06","https://nsearchives.nseindia.com/corporate/COALINDIA_01092023143731_aug23.pdf"
"COALINDIA","Coal India Limited","Updates","Coal India Limited has informed the Exchange regarding 'Recording of 49th AGM of Coal India Limited held on 23rd August  2023 '.","25-Aug-2023 11:41:35","2023-08-25 11:41:35","25-Aug-2023 11:41:49","00:00:14","https://nsearchives.nseindia.com/corporate/COALINDIA_25082023114135_recording.pdf"
"COALINDIA","Coal India Limited","Shareholders meeting","Coal India Limited has submitted the Exchange a copy Srutinizers report of  Annual General Meeting held on August 23, 2023. Further, the company has informed the Exchange regarding voting results.","25-Aug-2023 10:42:31","2023-08-25 10:42:31","25-Aug-2023 10:42:45","00:00:14","https://nsearchives.nseindia.com/corporate/COALINDIA_25082023104231_resultagm.pdf"
"COALINDIA","Coal India Limited","Copy of Newspaper Publication","Coal India Limited has informed the Exchange about Copy of Newspaper Publication of Chairman's speech at 49th AGM of CIL","24-Aug-2023 15:08:01","2023-08-24 15:08:01","24-Aug-2023 15:08:04","00:00:03","https://nsearchives.nseindia.com/corporate/COALINDIA_24082023150801_newspaper24082023.pdf"
"COALINDIA","Coal India Limited","Shareholders meeting","Coal India Limited has informed the Exchange regarding Proceedings of Annual General Meeting held on August 23, 2023","23-Aug-2023 14:28:53","2023-08-23 14:28:53","23-Aug-2023 14:29:00","00:00:07","https://nsearchives.nseindia.com/corporate/COALINDIA_23082023142853_AGMproceedings.pdf"
"COALINDIA","Coal India Limited","Press Release","Coal India Limited has informed the Exchange regarding a press release dated August 16, 2023, titled ""press Release"".","16-Aug-2023 12:39:28","2023-08-16 12:39:28","16-Aug-2023 12:39:37","00:00:09","https://nsearchives.nseindia.com/corporate/COALINDIA_16082023123928_press1608.pdf"
"COALINDIA","Coal India Limited","Copy of Newspaper Publication","Coal India Limited has informed the Exchange about Copy of Newspaper Publication","09-Aug-2023 13:10:08","2023-08-09 13:10:08","09-Aug-2023 13:10:25","00:00:17","https://nsearchives.nseindia.com/corporate/COALINDIA_09082023131008_Newspaperpublication.pdf"
"COALINDIA","Coal India Limited","Financial Result Updates","Coal India Limited has submitted to the Exchange, the financial results for the period ended June 30, 2023.","08-Aug-2023 17:27:41","2023-08-08 17:27:41","08-Aug-2023 17:27:53","00:00:12","https://nsearchives.nseindia.com/corporate/final30062028_08082023172741.pdf"
"COALINDIA","Coal India Limited","Copy of Newspaper Publication","Coal India Limited has informed the Exchange about Copy of Newspaper Publication","03-Aug-2023 14:28:27","2023-08-03 14:28:27","03-Aug-2023 14:28:40","00:00:13","https://nsearchives.nseindia.com/corporate/COALINDIA_03082023142827_03082023.pdf"
"COALINDIA","Coal India Limited","Press Release","Coal India Limited has informed the Exchange regarding a press release dated August 01, 2023, titled ""Press Release: CIL s production up 13.4% in July 23; supplies to NPS grow 59% "".","01-Aug-2023 11:22:02","2023-08-01 11:22:02","01-Aug-2023 11:22:18","00:00:16","https://nsearchives.nseindia.com/corporate/COALINDIA_01082023112202_pressreleasefinal.pdf"
"COALINDIA","Coal India Limited","Updates","Coal India Limited has informed the Exchange regarding 'Provisional Production and Off-take Performance of CIL and Subsidiary Companies for the month of  July 23 and for the period Apr  23- July 23'.","01-Aug-2023 11:12:21","2023-08-01 11:12:21","01-Aug-2023 11:12:34","00:00:13","https://nsearchives.nseindia.com/corporate/COALINDIA_01082023111221_productionfinal.pdf"
"COALINDIA","Coal India Limited","Copy of Newspaper Publication","Coal India Limited has informed the Exchange about Copy of Newspaper Publication of Pre AGM Notice","26-Jul-2023 14:43:29","2023-07-26 14:43:29","26-Jul-2023 14:43:36","00:00:07","https://nsearchives.nseindia.com/corporate/COALINDIA_26072023144329_preagmnotice.pdf"
"COALINDIA","Coal India Limited","Record Date","Coal India Limited has informed the Exchange that Record date for the purpose of Dividend  is 18-Aug-2023.","24-Jul-2023 16:33:46","2023-07-24 16:33:46","24-Jul-2023 16:33:54","00:00:08","https://nsearchives.nseindia.com/corporate/COALINDIA_24072023163346_recorddate.pdf"
"COALINDIA","Coal India Limited","Loss of Share Certificates","Coal India Limited has informed the Exchange about Loss of Share Certificates","20-Jul-2023 16:12:29","2023-07-20 16:12:29","20-Jul-2023 16:12:36","00:00:07","https://nsearchives.nseindia.com/corporate/COALINDIA_20072023161229_lossofsharecertificatensebse.pdf"
"COALINDIA","Coal India Limited","Certificate under SEBI (Depositories and Participants) Regulations, 2018","Coal India Limited has informed the Exchange about Certificate under SEBI (Depositories and Participants) Regulations, 2018","10-Jul-2023 11:34:36","2023-07-10 11:34:36","10-Jul-2023 11:34:51","00:00:15","https://nsearchives.nseindia.com/corporate/COALINDIA_10072023113436_74.pdf"
"COALINDIA","Coal India Limited","Updates","Coal India Limited has informed the Exchange regarding 'Offer for sale of equity shares of face value of Rs 10 each to the eligible employees of Coal India Limited (the Company) by its promoter, the President of India, acting through the Ministry of Coal, Government of India (the Seller) as per the approval of the Government of India through Alternative Mechanism dated May 31, 2023 (Employee OFS)'.","07-Jul-2023 17:26:24","2023-07-07 17:26:24","07-Jul-2023 17:26:31","00:00:07","https://nsearchives.nseindia.com/corporate/COALINDIA_07072023172625_07072023.pdf"
"COALINDIA","Coal India Limited","Press Release","Coal India Limited has informed the Exchange regarding a press release dated July 01, 2023, titled ""CIL to give its best shot at 780 MT output target: CIL s new Chief, Mr. P M Prasad"".","01-Jul-2023 13:41:02","2023-07-01 13:41:02","01-Jul-2023 13:41:10","00:00:08","https://nsearchives.nseindia.com/corporate/COALINDIA_01072023134102_press0107.pdf"
"COALINDIA","Coal India Limited","Updates","Coal India Limited has informed the Exchange regarding 'Provisional Production and Off-take Performance of CIL and Subsidiary Companiesfor the month of June 23 and for the period Apr 23- June 23'.","01-Jul-2023 13:31:07","2023-07-01 13:31:07","01-Jul-2023 13:31:25","00:00:18","https://nsearchives.nseindia.com/corporate/COALINDIA_01072023133107_prod0107.pdf"
"COALINDIA","Coal India Limited","Change in Director(s)","Coal India Limited has informed the Exchange regarding Change in Director(s) of the company.","01-Jul-2023 12:45:50","2023-07-01 12:45:50","01-Jul-2023 12:45:57","00:00:07","https://nsearchives.nseindia.com/corporate/COALINDIA_01072023124550_pmprasad.pdf"
"COALINDIA","Coal India Limited","Trading Window","Coal India Limited has informed the Exchange regarding the Trading Window closure pursuant to SEBI (Prohibition of Insider Trading) Regulations, 2015","23-Jun-2023 15:14:25","2023-06-23 15:14:25","23-Jun-2023 15:14:28","00:00:03","https://nsearchives.nseindia.com/corporate/COALINDIA_23062023151425_insidertrading.pdf"
"COALINDIA","Coal India Limited","Updates","Coal India Limited has informed the Exchange regarding Offer for sale of equity shares of face value of Rs 10 each to the eligible employees of Coal India Limited (the Company) by its promoter, the President of India, acting through the Ministry of Coal, Government of India (the Seller) as per the approval of the Government of India through Alternative Mechanism dated May 31, 2023 (Employee OFS)","19-Jun-2023 10:55:54","2023-06-19 10:55:54","19-Jun-2023 10:55:57","00:00:03","https://nsearchives.nseindia.com/corporate/COALINDIA_19062023105554_ofs.pdf"
"COALINDIA","Coal India Limited","Copy of Newspaper Publication","Coal India Limited has informed the Exchange about Copy of Newspaper Publication","02-Jun-2023 12:47:14","2023-06-02 12:47:14","02-Jun-2023 12:47:17","00:00:03","https://nsearchives.nseindia.com/corporate/COALINDIA_02062023124714_newspaperofs02062023.pdf"
"COALINDIA","Coal India Limited","Offer for sale","President of India, acting through the Ministry of the Coal, Government of India has informed the Exchange��about its intention to exercise over-subscription option for 9,24,40,924 equity shares.","01-Jun-2023 17:06:18","2023-06-01 17:06:18","01-Jun-2023 17:06:24","00:00:06","https://nsearchives.nseindia.com/corporate/COALINDIA_01062023170618_CIL_OFS.pdf"
"COALINDIA","Coal India Limited","Press Release","Coal India Limited has informed the Exchange regarding a press release dated Jun 01, 2023, titled ""CIL s output up 9.5% in May 2023 & OBR 35%"".","01-Jun-2023 14:32:05","2023-06-01 14:32:05","01-Jun-2023 14:32:10","00:00:05","https://nsearchives.nseindia.com/corporate/COALINDIA_01062023143205_pressrelease01062023.pdf"
"COALINDIA","Coal India Limited","Updates","Coal India Limited has informed the Exchange regarding 'Provisional Production and Off-take Performance of CIL and Subsidiary Companies for the month of  May 23 and for the period Apr 23- May 23","01-Jun-2023 14:30:38","2023-06-01 14:30:38","01-Jun-2023 14:30:50","00:00:12","https://nsearchives.nseindia.com/corporate/COALINDIA_01062023143038_production01062023.pdf"
"COALINDIA","Coal India Limited","Copy of Newspaper Publication","Coal India Limited has informed the Exchange about Copy of Newspaper Publication","01-Jun-2023 11:57:24","2023-06-01 11:57:24","01-Jun-2023 11:57:30","00:00:06","https://nsearchives.nseindia.com/corporate/COALINDIA_01062023115724_newspaperofs01062023.pdf"
"COALINDIA","Coal India Limited","Offer for sale","President of India, acting through the Ministry of the Coal, Government of India has informed the Exchange about an announcement with respect to offer for sale through Stock Exchange Mechanism for sale upto 9,24,40,924 Equity shares of face value of INR 10 /- each of Coal India Limited. Date and time of the opening of the offer for Non-Retail Investors: June 01, 2023 at 9:15 a.m. Date and time of the closing of the offer for Non-Retail Investors: June 01, 2023 at 3:30 p.m. Date and time of the opening of the offer for Retail Investors: June 02, 2023 at 9:15 a.m. Date and time of the closing of the offer for Retail Investors June 02, 2023 at 3:30 p.m. The Sale shall continue to take place on a separate window of the Stock Exchanges commencing at 9:15 a.m. and shall close at 3:30 p.m. (Indian Standard Time) on the same date. The Floor Price for the Offer shall be INR 225/- (Two Hundred and Twenty Five only)��","31-May-2023 18:13:40","2023-05-31 18:13:40","31-May-2023 18:13:51","00:00:11","https://nsearchives.nseindia.com/corporate/COALINDIA_31052023181340_CIL_0001.pdf"
"COALINDIA","Coal India Limited","Updates","Coal India Limited has informed the Exchange regarding 'Price revision of High Grade(G2-G10) Non-coking coal'.","30-May-2023 18:49:34","2023-05-30 18:49:34","30-May-2023 18:50:01","00:00:27","https://nsearchives.nseindia.com/corporate/COALINDIA_30052023184934_bse.pdf"
"COALINDIA","Coal India Limited","Annual Secretarial Compliance Report","Annual Secretarial Compliance Report of Coal India Limited for the Financial Year ended 31st March'2023","23-May-2023 17:16:53","2023-05-23 17:16:53","23-May-2023 17:16:55","00:00:02","https://nsearchives.nseindia.com/corporate/COALINDIA_23052023171653_nsebse23052023.pdf"
"COALINDIA","Coal India Limited","Updates","Coal India Limited has informed the Exchange regarding 'National Coal Wage Agreement (NCWA)-XI'.","22-May-2023 16:31:20","2023-05-22 16:31:20","22-May-2023 16:31:26","00:00:06","https://nsearchives.nseindia.com/corporate/COALINDIA_22052023163120_ncwa.pdf"
"COALINDIA","Coal India Limited","Analysts/Institutional Investor Meet/Con. Call Updates","Coal India Limited has informed the Exchange about Schedule of meet","15-May-2023 17:01:06","2023-05-15 17:01:06","15-May-2023 17:01:08","00:00:02","https://nsearchives.nseindia.com/corporate/COALINDIA_15052023170106_analystmeet.pdf"
"COALINDIA","Coal India Limited","Disclosure under SEBI Takeover Regulations","Alka Shekhar��has Submitted to the Exchange a copy of Disclosure under Regulation 31(4) of the Securities and Exchange Board of India��(Substantial Acquisition of Shares and Takeovers) Regulations, 2011.��","15-May-2023 15:51:25","2023-05-15 15:51:25","15-May-2023 15:51:30","00:00:05","https://nsearchives.nseindia.com/corporate/COALINDIA_15052023155125_COALINDIA.pdf"
"COALINDIA","Coal India Limited","Disclosure under SEBI Takeover Regulations","Alka Shekhar under Secretary to Government of India, Ministry of Coal (CA Section) has Submitted to the Exchange a copy of Disclosure under Regulation 31(4) of the Securities and Exchange Board of India (Substantial Acquisition of Shares and Takeovers) Regulations, 2011.","10-May-2023 12:41:52","2023-05-10 12:41:52","10-May-2023 12:42:13","00:00:21","https://nsearchives.nseindia.com/corporate/COALINDIA_10052023124152_MoC1.pdf"
"COALINDIA","Coal India Limited","Press Release","Coal India Limited has informed the Exchange regarding a press release dated May 10, 2023, titled ""CIL s Q4 PAT would have been 40% up y-o-y"".","10-May-2023 11:56:50","2023-05-10 11:56:50","10-May-2023 11:56:55","00:00:05","https://nsearchives.nseindia.com/corporate/COALINDIA_10052023115650_nsebse10052023.pdf"
"COALINDIA","Coal India Limited","Updates","Coal India Limited has informed the Exchange regarding 'Machine Readable Form / Legible copy of Financial Results for the year ended 31.03.2023.'.","10-May-2023 10:54:11","2023-05-10 10:54:11","10-May-2023 10:54:19","00:00:08","https://nsearchives.nseindia.com/corporate/COALINDIA_10052023105411_nsebseaccounts.pdf"
"COALINDIA","Coal India Limited","Copy of Newspaper Publication","Coal India Limited has informed the Exchange about Copy of Newspaper Publication","08-May-2023 13:44:52","2023-05-08 13:44:52","08-May-2023 13:44:56","00:00:04","https://nsearchives.nseindia.com/corporate/COALINDIA_08052023134452_nsebsenewspaper08052023.pdf"
"COALINDIA","Coal India Limited","Related Party Transactions","Coal India Limited has informed the Exchange about related Party Transactions","07-May-2023 13:22:25","2023-05-07 13:22:25","07-May-2023 13:22:28","00:00:03","https://nsearchives.nseindia.com/corporate/COALINDIA_07052023132225_relatedpartyfinal.pdf"
"COALINDIA","Coal India Limited","Press Release","Coal India Limited has informed the Exchange regarding a press release dated May 07, 2023, titled ""CIL s PAT of Rs. 28,125 Crs in FY 23, up 62% to cap record high"".","07-May-2023 12:59:19","2023-05-07 12:59:19","07-May-2023 12:59:24","00:00:05","https://nsearchives.nseindia.com/corporate/COALINDIA_07052023125919_press070523.pdf"
"COALINDIA","Coal India Limited","Updates","Coal India Limited has informed the Exchange regarding 'Presentation made by Company '.","07-May-2023 12:35:00","2023-05-07 12:35:00","07-May-2023 12:35:05","00:00:05","https://nsearchives.nseindia.com/corporate/COALINDIA_07052023123500_presentationfinal.pdf"
"COALINDIA","Coal India Limited","Dividend","Coal India Limited has informed the Exchange that Board of Directors at its meeting held on May 07, 2023, recommended Final Dividend of 4 per equity share.","07-May-2023 12:18:30","2023-05-07 12:18:30","07-May-2023 12:18:33","00:00:03","https://nsearchives.nseindia.com/corporate/COALINDIA_07052023121830_lettersig.pdf"
"COALINDIA","Coal India Limited","Financial Result Updates","Coal India Limited has submitted to the Exchange, the financial results for the period ended March 31, 2023.","07-May-2023 12:14:53","2023-05-07 12:14:53","07-May-2023 12:15:00","00:00:07","https://nsearchives.nseindia.com/corporate/results07052023_07052023121453.pdf"
"COALINDIA","Coal India Limited","Change in Director(s)","Coal India Limited has informed the Exchange regarding Change in Director(s) of the company.","04-May-2023 15:00:37","2023-05-04 15:00:37","04-May-2023 15:00:42","00:00:05","https://nsearchives.nseindia.com/corporate/COALINDIA_04052023150037_dbd.pdf"
"COALINDIA","Coal India Limited","Press Release","Coal India Limited has informed the Exchange regarding a press release dated May 02, 2023, titled ""CIL begins FY 24 with 31% OBR growth; supplies to NRS up 44%"".","02-May-2023 12:14:01","2023-05-02 12:14:01","02-May-2023 12:14:07","00:00:06","https://nsearchives.nseindia.com/corporate/COALINDIA_02052023121401_02052023.pdf"
"COALINDIA","Coal India Limited","Updates","Coal India Limited has informed the Exchange regarding 'Provisional Production and Off-take Performance of CIL and Subsidiary Companiesfor the month of Apr 23.'.","01-May-2023 21:49:43","2023-05-01 21:49:43","01-May-2023 21:49:48","00:00:05","https://nsearchives.nseindia.com/corporate/COALINDIA_01052023214943_01052023.pdf"
"COALINDIA","Coal India Limited","Copy of Newspaper Publication","Coal India Limited has informed the Exchange about Copy of Newspaper Publication","26-Apr-2023 15:20:36","2023-04-26 15:20:36","26-Apr-2023 15:20:44","00:00:08","https://nsearchives.nseindia.com/corporate/COALINDIA_26042023152036_newspaper260423.pdf"
"COALINDIA","Coal India Limited","Press Release","Coal India Limited has informed the Exchange regarding a press release dated April 13, 2023, titled ""CIL s impetus to boost coking coal output"".","13-Apr-2023 11:45:44","2023-04-13 11:45:44","13-Apr-2023 11:45:50","00:00:06","https://nsearchives.nseindia.com/corporate/COALINDIA_13042023114544_pressrelease13042023.pdf"
"COALINDIA","Coal India Limited","Certificate under SEBI (Depositories and Participants) Regulations, 2018","Coal India Limited has informed the Exchange about Certificate under SEBI (Depositories and Participants) Regulations, 2018","10-Apr-2023 14:07:09","2023-04-10 14:07:09","10-Apr-2023 14:07:17","00:00:08","https://nsearchives.nseindia.com/corporate/COALINDIA_10042023140709_Reg74.pdf"
"COALINDIA","Coal India Limited","Press Release","Coal India Limited has informed the Exchange regarding a press release dated April 05, 2023, titled ""CIL s 610 MT target to fuel power sector in FY 24"".","05-Apr-2023 13:28:51","2023-04-05 13:28:51","05-Apr-2023 13:28:53","00:00:02","https://nsearchives.nseindia.com/corporate/COALINDIA_05042023132851_pressrelease05042023.pdf"
"COALINDIA","Coal India Limited","Updates","Coal India Limited has informed the Exchange regarding 'Provisional Production and Off-take Performance of CIL and Subsidiary Companies for the month of  March 23 and for the period Apr  22- Mar 23'.","01-Apr-2023 21:51:37","2023-04-01 21:51:37","01-Apr-2023 21:51:41","00:00:04","https://nsearchives.nseindia.com/corporate/COALINDIA_01042023215137_nsemar23.pdf"
"COALINDIA","Coal India Limited","Press Release","Coal India Limited has informed the Exchange regarding a press release dated March 31, 2023, titled ""CIL tops FY 23 output target; OBR at record high"".","31-Mar-2023 12:16:12","2023-03-31 12:16:12","31-Mar-2023 12:16:19","00:00:07","https://nsearchives.nseindia.com/corporate/COALINDIA_31032023121612_pressreleasensebse.pdf"
"COALINDIA","Coal India Limited","Press Release","Coal India Limited has informed the Exchange regarding a press release dated March 24, 2023, titled ""CIL s NRS supplies to log 16.6% growth in Q4 FY 23"".","24-Mar-2023 11:51:41","2023-03-24 11:51:41","24-Mar-2023 11:51:45","00:00:04","https://nsearchives.nseindia.com/corporate/COALINDIA_24032023115141_pressrelease2403.pdf"
"COALINDIA","Coal India Limited","Trading Window","Coal India Limited has informed the Exchange regarding the Trading Window closure pursuant to SEBI (Prohibition of Insider Trading) Regulations, 2015","23-Mar-2023 15:18:43","2023-03-23 15:18:43","23-Mar-2023 15:18:47","00:00:04","https://nsearchives.nseindia.com/corporate/COALINDIA_23032023151843_Trading.pdf"
"COALINDIA","Coal India Limited","Updates","Coal India Limited has informed the Exchange regarding 'Extension of tenure of Dr. B. Veera Reddy, Director (Technical), CIL, holding           additional Charge of the post of Director (Finance), CIL'.","23-Mar-2023 12:25:06","2023-03-23 12:25:06","23-Mar-2023 12:25:17","00:00:11","https://nsearchives.nseindia.com/corporate/COALINDIA_23032023122506_df.pdf"
"COALINDIA","Coal India Limited","Press Release","Coal India Limited has informed the Exchange regarding a press release dated March 14, 2023, titled ""CIL gears up to meet power sector s demand"".","14-Mar-2023 12:49:57","2023-03-14 12:49:57","14-Mar-2023 12:50:08","00:00:11","https://nsearchives.nseindia.com/corporate/COALINDIA_14032023124957_press14032023.pdf"
"COALINDIA","Coal India Limited","Updates","Coal India Limited has informed the Exchange regarding 'Brief Profile of Shri Ghanshyam Singh Rathore (DIN-09615384) appointed as Independent Director of CIL'.","02-Mar-2023 17:11:47","2023-03-02 17:11:47","02-Mar-2023 17:11:50","00:00:03","https://nsearchives.nseindia.com/corporate/COALINDIA_02032023171147_nsebse02032023.pdf"
"COALINDIA","Coal India Limited","Change in Director(s)","Coal India Limited has informed the Exchange regarding Change in Director(s) of the company.","01-Mar-2023 17:36:22","2023-03-01 17:36:22","01-Mar-2023 17:36:27","00:00:05","https://nsearchives.nseindia.com/corporate/COALINDIA_01032023173622_ghanshyam_signed.pdf"
"COALINDIA","Coal India Limited","Press Release","Coal India Limited has informed the Exchange regarding a press release dated March 01, 2023, titled ""CIL s output up 77 MTs till Feb FY 23 at 620 MTs"".","01-Mar-2023 14:58:52","2023-03-01 14:58:52","01-Mar-2023 14:58:56","00:00:04","https://nsearchives.nseindia.com/corporate/COALINDIA_01032023145852_pressrelease01032023.pdf"
"COALINDIA","Coal India Limited","Updates","Coal India Limited has informed the Exchange regarding 'Provisional Production and Off-take Performance of CIL and Subsidiary Companies for the month of  February 23 and for the period Apr  22- Feb 23. '.","01-Mar-2023 14:55:53","2023-03-01 14:55:53","01-Mar-2023 14:55:56","00:00:03","https://nsearchives.nseindia.com/corporate/COALINDIA_01032023145553_production.pdf"
"COALINDIA","Coal India Limited","Change in Director(s)","Coal India Limited has informed the Exchange regarding Change in Director(s) of the company.","22-Feb-2023 17:14:08","2023-02-22 17:14:08","22-Feb-2023 17:14:13","00:00:05","https://nsearchives.nseindia.com/corporate/COALINDIA_22022023171408_nsebsedirector.pdf"
"COALINDIA","Coal India Limited","Shareholders meeting","Coal India Limited has submitted the Exchange a copy Srutinizers report of  Postal Ballot. Further, the company has informed the Exchange regarding voting results along with copy of minutes.","14-Feb-2023 12:52:30","2023-02-14 12:52:30","14-Feb-2023 14:21:00","01:28:30","https://nsearchives.nseindia.com/corporate/COALINDIA_14022023125230_egm.pdf"
"COALINDIA","Coal India Limited","Copy of Newspaper Publication","Coal India Limited has informed the Exchange about Copy of Newspaper Publication","02-Feb-2023 13:45:13","2023-02-02 13:45:13","02-Feb-2023 13:45:29","00:00:16","https://nsearchives.nseindia.com/corporate/COALINDIA_02022023134513_Newspaper02022023.pdf"
"COALINDIA","Coal India Limited","Updates","Coal India Limited has informed the Exchange regarding 'Provisional Production and Off-take Performance of CIL and Subsidiary Companies for the month of  January 23 and for the period Apr  22- Jan 23. '.","01-Feb-2023 16:55:59","2023-02-01 16:55:59","01-Feb-2023 16:56:04","00:00:05","https://nsearchives.nseindia.com/corporate/COALINDIA_01022023165559_prodn.pdf"
"COALINDIA","Coal India Limited","Copy of Newspaper Publication","Coal India Limited has informed the Exchange about Copy of Newspaper Publication","01-Feb-2023 13:12:28","2023-02-01 13:12:28","01-Feb-2023 13:12:30","00:00:02","https://nsearchives.nseindia.com/corporate/COALINDIA_01022023131227_nsebse01022023.pdf"
"COALINDIA","Coal India Limited","Press Release","Coal India Limited has informed the Exchange regarding a press release dated January 31, 2023, titled ""Coal India s PAT soars toall time high"".","31-Jan-2023 18:45:54","2023-01-31 18:45:54","31-Jan-2023 18:46:00","00:00:06","https://nsearchives.nseindia.com/corporate/COALINDIA_31012023184554_PressReleasesigned.pdf"
"COALINDIA","Coal India Limited","Updates","Coal India Limited has informed the Exchange regarding 'Presentation made by Company for 3rd quarter and nine months ended 31st Dec  2022'.","31-Jan-2023 18:27:03","2023-01-31 18:27:03","31-Jan-2023 18:27:08","00:00:05","https://nsearchives.nseindia.com/corporate/COALINDIA_31012023182703_presentation.pdf"
"COALINDIA","Coal India Limited","Dividend","Coal India Limited has informed the Exchange that Board of Directors at its meeting held on January 31, 2023, declared Interim Dividend of 5.25 per equity share.","31-Jan-2023 18:03:19","2023-01-31 18:03:19","31-Jan-2023 18:03:24","00:00:05","https://nsearchives.nseindia.com/corporate/COALINDIA_31012023180319_acctsigned.pdf"
"COALINDIA","Coal India Limited","Financial Result Updates","Coal India Limited has submitted to the Exchange, the financial results for the period ended December 31, 2022.","31-Jan-2023 18:01:01","2023-01-31 18:01:01","31-Jan-2023 18:01:06","00:00:05","https://nsearchives.nseindia.com/corporate/acctsignedfinal_31012023180101.pdf"
"COALINDIA","Coal India Limited","Copy of Newspaper Publication","Coal India Limited has informed the Exchange about Copy of Newspaper Publication","20-Jan-2023 14:43:53","2023-01-20 14:43:53","20-Jan-2023 14:43:56","00:00:03","https://nsearchives.nseindia.com/corporate/COALINDIA_20012023144353_20012023.pdf"
"COALINDIA","Coal India Limited","Record Date","Coal India Limited has informed the Exchange that Record date for the purpose of Dividend  is 08-Feb-2023.","18-Jan-2023 14:29:12","2023-01-18 14:29:12","18-Jan-2023 14:29:19","00:00:07","https://nsearchives.nseindia.com/corporate/COALINDIA_18012023142912_18012023.pdf"
"COALINDIA","Coal India Limited","Copy of Newspaper Publication","Coal India Limited has informed the Exchange about Copy of Newspaper Publication","12-Jan-2023 14:18:57","2023-01-12 14:18:57","12-Jan-2023 14:19:01","00:00:04","https://nsearchives.nseindia.com/corporate/COALINDIA_12012023141857_nsebse.pdf"
"COALINDIA","Coal India Limited","Press Release","Coal India Limited has informed the Exchange regarding a press release dated January 10, 2023, titled ""MCL races ahead of performance targets"".","10-Jan-2023 13:08:56","2023-01-10 13:08:56","10-Jan-2023 13:09:00","00:00:04","https://nsearchives.nseindia.com/corporate/COALINDIA_10012023130856_Pressrelease1.pdf"
"COALINDIA","Coal India Limited","Shareholders meeting","Coal India Limited has informed the Exchange regarding Notice of Postal Ballot","10-Jan-2023 11:02:52","2023-01-10 11:02:52","10-Jan-2023 11:02:56","00:00:04","https://nsearchives.nseindia.com/corporate/COALINDIA_10012023110252_Notice.pdf"
"COALINDIA","Coal India Limited","Press Release","Coal India Limited has informed the Exchange regarding a press release dated January 04, 2023, titled ""CIL and Unions ink MoU recommending Minimum Guaranteed Benefit to employees"".","04-Jan-2023 17:06:23","2023-01-04 17:06:23","04-Jan-2023 17:06:26","00:00:03","https://nsearchives.nseindia.com/corporate/COALINDIA_04012023170623_nsebse040123_merged.pdf"
"COALINDIA","Coal India Limited","Updates","Coal India Limited has informed the Exchange regarding 'National Coal Wage Agreement (NCWA)-XI'.","04-Jan-2023 12:58:43","2023-01-04 12:58:43","04-Jan-2023 12:58:51","00:00:08","https://nsearchives.nseindia.com/corporate/COALINDIA_04012023125843_nsebse04012023.pdf"
"COALINDIA","Coal India Limited","Certificate under SEBI (Depositories and Participants) Regulations, 2018","Coal India Limited has informed the Exchange about Certificate under SEBI (Depositories and Participants) Regulations, 2018","04-Jan-2023 11:29:54","2023-01-04 11:29:54","04-Jan-2023 11:29:58","00:00:04","https://nsearchives.nseindia.com/corporate/COALINDIA_04012023112954_Reg74.pdf"
"COALINDIA","Coal India Limited","Press Release","Coal India Limited has informed the Exchange regarding a press release dated January 02, 2023, titled ""CIL s production of 479 MTs in Apr-Dec 22 shot up by 65.4 MTs"".","02-Jan-2023 13:54:57","2023-01-02 13:54:57","02-Jan-2023 13:55:02","00:00:05","https://nsearchives.nseindia.com/corporate/COALINDIA_02012023135457_nsebse02012023.pdf"
"COALINDIA","Coal India Limited","Updates","Coal India Limited has informed the Exchange regarding 'Provisional Production and Off-take Performance of CIL and Subsidiary Companies for the month of  December 22 and for the period Apr  22- Dec 22'.","01-Jan-2023 19:43:27","2023-01-01 19:43:27","01-Jan-2023 19:43:32","00:00:05","https://nsearchives.nseindia.com/corporate/COALINDIA_01012023194327_NSEBSEDEC22signed.pdf"
"COALINDIA","Coal India Limited","Change in Director(s)","Coal India Limited has informed the Exchange regarding Change in Director(s) of the company.","30-Dec-2022 15:40:58","2022-12-30 15:40:58","30-Dec-2022 15:41:03","00:00:05","https://nsearchives.nseindia.com/corporate/COALINDIA_30122022154058_DT.pdf"
"COALINDIA","Coal India Limited","Change in Director(s)","Coal India Limited has informed the Exchange regarding Change in Director(s) of the company.","25-Dec-2022 10:15:15","2022-12-25 10:15:15","25-Dec-2022 10:15:19","00:00:04","https://nsearchives.nseindia.com/corporate/COALINDIA_25122022101515_nsebse251222.pdf"
"COALINDIA","Coal India Limited","Trading Window","Coal India Limited has informed the Exchange regarding the Trading Window closure pursuant to SEBI (Prohibition of Insider Trading) Regulations, 2015","22-Dec-2022 16:47:59","2022-12-22 16:47:59","22-Dec-2022 16:48:05","00:00:06","https://nsearchives.nseindia.com/corporate/COALINDIA_22122022164759_trading.pdf"
"COALINDIA","Coal India Limited","Loss of Share Certificates","Coal India Limited has informed the Exchange about Loss of Share Certificates","21-Dec-2022 17:32:49","2022-12-21 17:32:49","21-Dec-2022 17:32:52","00:00:03","https://nsearchives.nseindia.com/corporate/COALINDIA_21122022173249_Loss.pdf"
"COALINDIA","Coal India Limited","Newspaper Advertisements","Coal India Limited has informed the Exchange about Newspaper Advertisements of the Transfer of Unclaimed Interim Dividend 2015-16 and Equity Shares of Coal India Limited (CIL) to the IEPF Authority.","16-Dec-2022 12:53:54","2022-12-16 12:53:54","16-Dec-2022 12:53:59","00:00:05","https://nsearchives.nseindia.com/corporate/COALINDIA_16122022125354_NSEbse.pdf"
"COALINDIA","Coal India Limited","Press Release","Coal India Limited has informed the Exchange about press release dated 14-Dec-2022 titled CIL to tweak output through MDO mode; Issues 7 LoAs","14-Dec-2022 12:37:07","2022-12-14 12:37:07","14-Dec-2022 12:37:13","00:00:06","https://nsearchives.nseindia.com/corporate/COALINDIA_14122022123706_PressRelease.pdf"
"COALINDIA","Coal India Limited","Press Release","Coal India Limited has informed the Exchange about press release dated 01-Dec-2022 titled ���CIL output up 17% ending November FY���23���","01-Dec-2022 12:50:12","2022-12-01 12:50:12","01-Dec-2022 12:50:20","00:00:08","https://nsearchives.nseindia.com/corporate/COALINDIA_01122022125012_press0112.pdf"
"COALINDIA","Coal India Limited","General updates","Coal India Limited has informed the Exchange about Provisional Production and Off-take Performance of CIL and Subsidiary Companies for the month of  November���22 and for the period Apr��� 22- November���22","01-Dec-2022 12:47:51","2022-12-01 12:47:51","01-Dec-2022 12:48:01","00:00:10","https://nsearchives.nseindia.com/corporate/COALINDIA_01122022124751_Dec22.pdf"
"COALINDIA","Coal India Limited","Press Release","Coal India Limited has informed the Exchange about press release dated 25-Nov-2022 titled ���CIL breaches 400 MT output 31 days ahead compared to last fiscal ���","25-Nov-2022 14:57:21","2022-11-25 14:57:21","25-Nov-2022 14:57:29","00:00:08","https://nsearchives.nseindia.com/corporate/COALINDIA_25112022145721_nsebse.pdf"
"COALINDIA","Coal India Limited","Newspaper Advertisements","Coal India Limited has informed the Exchange about Newspaper Advertisements","11-Nov-2022 16:24:15","2022-11-11 16:24:15","11-Nov-2022 16:24:23","00:00:08","https://nsearchives.nseindia.com/corporate/COALINDIA_11112022162415_newspapertax.pdf"
"COALINDIA","Coal India Limited","Related Party Transaction","Coal India Limited has informed the Exchange about related party transaction for the period ended September 2022","11-Nov-2022 16:08:54","2022-11-11 16:08:54","11-Nov-2022 16:08:58","00:00:04","https://nsearchives.nseindia.com/corporate/COALINDIA_11112022160854_RPTSEP2022.pdf"
"COALINDIA","Coal India Limited","Press Release","Coal India Limited has informed the Exchange about press release dated 09-Nov-2022 titled CIL���s capex soars 33% to Rs.7,027 Crs in H1 FY���23","09-Nov-2022 13:10:00","2022-11-09 13:10:00","09-Nov-2022 13:10:33","00:00:33","https://nsearchives.nseindia.com/corporate/COALINDIA_09112022131000_nsebse09112022.pdf"
"COALINDIA","Coal India Limited","Newspaper Advertisements","Coal India Limited has informed the Exchange about Newspaper Advertisements of Un-Audited Financial Results of Coal India Limited (Standalone & Consolidated) for the 2nd Quarter and Half year ended 30th Sep��� 2022","09-Nov-2022 12:35:03","2022-11-09 12:35:03","09-Nov-2022 12:35:17","00:00:14","https://nsearchives.nseindia.com/corporate/COALINDIA_09112022123503_nse09112022_merged.pdf"
"COALINDIA","Coal India Limited","Investor Presentation","Coal India Limited has informed the Exchange about Investor Presentation","07-Nov-2022 19:24:18","2022-11-07 19:24:18","07-Nov-2022 19:24:32","00:00:14","https://nsearchives.nseindia.com/corporate/COALINDIA_07112022192418_PPT300922_merged.pdf"
"COALINDIA","Coal India Limited","Outcome of Board Meeting","Coal India Limited  has informed the Exchange about Board Meeting held on 07-Nov-2022 to consider financial statements for the period ended September 2022 and Dividend","07-Nov-2022 19:16:57","2022-11-07 19:16:57","07-Nov-2022 19:17:08","00:00:11","https://nsearchives.nseindia.com/corporate/COALINDIA_07112022191656_NSEBSE.pdf"
"COALINDIA","Coal India Limited","Dividend","Coal India Limited has informed the Exchange that Board of Directors at its meeting held on 07-Nov-2022, declared Dividend of Rs. 15 per equity share.","07-Nov-2022 19:16:55","2022-11-07 19:16:55","07-Nov-2022 19:16:57","00:00:02","https://nsearchives.nseindia.com/corporate/COALINDIA_07112022191654_NSEBSE.pdf"
"COALINDIA","Coal India Limited","General updates","Coal India Limited has informed the Exchange about Provisional Production and Off-take Performance of CIL and Subsidiary Companies for the month of  October���22 and for the period Apr��� 22-October���22. ","01-Nov-2022 13:35:36","2022-11-01 13:35:36","01-Nov-2022 13:35:41","00:00:05","https://nsearchives.nseindia.com/corporate/COALINDIA_01112022133536_1nov2022_merged.pdf"
"COALINDIA","Coal India Limited","General updates","Coal India Limited has informed the Exchange about Extension of tenure of Dr. B. Veera Reddy, Director (Technical), CIL, holding  additional Charge of the post of Director (Marketing), CIL","01-Nov-2022 11:55:57","2022-11-01 11:55:57","01-Nov-2022 11:56:12","00:00:15","https://nsearchives.nseindia.com/corporate/COALINDIA_01112022115557_01112022.pdf"
"COALINDIA","Coal India Limited","Newspaper Advertisements","Coal India Limited has informed the Exchange about Newspaper Advertisements","31-Oct-2022 15:07:39","2022-10-31 15:07:39","31-Oct-2022 15:07:41","00:00:02","https://nsearchives.nseindia.com/corporate/COALINDIA_31102022150739_31102022.pdf"
"COALINDIA","Coal India Limited","Record Date","Coal India Limited has informed the Exchange that Record date for the purpose of Dividend  is 16-Nov-2022.","26-Oct-2022 13:26:24","2022-10-26 13:26:24","26-Oct-2022 13:26:26","00:00:02","https://nsearchives.nseindia.com/corporate/COALINDIA_26102022132624_26102022.pdf"
"COALINDIA","Coal India Limited","Appointment","Coal India Limited  has informed the Exchange about appointment of Bijay Prakash Dubey as Company Secretary of the company w.e.f. 21-Oct-2022","21-Oct-2022 16:06:57","2022-10-21 16:06:57","21-Oct-2022 16:07:02","00:00:05","https://nsearchives.nseindia.com/corporate/COALINDIA_21102022160657_cs.pdf"
"COALINDIA","Coal India Limited","Press Release","Coal India Limited has informed the Exchange about press release dated 21-Oct-2022 titled  Press Release-CIL���s Rs.11K Cr push for eco-friendly coal transport under Phase III","21-Oct-2022 12:50:48","2022-10-21 12:50:48","21-Oct-2022 12:50:55","00:00:07","https://nsearchives.nseindia.com/corporate/COALINDIA_21102022125048_bse21102022.pdf"
"COALINDIA","Coal India Limited","Appointment","Coal India Limited has informed the Exchange about the profile of Lodha and Co as Statutory Auditor of the company w.e.f. 12-Sep-2022","20-Oct-2022 17:31:15","2022-10-20 17:31:15","20-Oct-2022 17:31:20","00:00:05","https://nsearchives.nseindia.com/corporate/COALINDIA_20102022173115_auditor.pdf"
"COALINDIA","Coal India Limited","News Verification","COALINDIA : The Exchange has sought clarification from Coal India Limited with respect to recent news item captioned BHEL signs MoU with CIL, NLCIL for setting up coal gasification projects.  The response from the Company is attached.","17-Oct-2022 11:28:15","2022-10-17 11:28:15","17-Oct-2022 11:28:25","00:00:10","https://nsearchives.nseindia.com/corporate/COALINDIA_17102022112815_Newsclarification131022.pdf"
"COALINDIA","Coal India Limited","Press Release","Coal India Limited has informed the Exchange about press release dated 14-Oct-2022 titled CIL inks MoU with RVUNL for 1190 MW solar project","14-Oct-2022 14:02:24","2022-10-14 14:02:24","14-Oct-2022 14:02:29","00:00:05","https://nsearchives.nseindia.com/corporate/COALINDIA_14102022140224_nsebse.pdf"
"COALINDIA","Coal India Limited","News Verification","COALINDIA : The Exchange has sought clarification from Coal India Limited with respect to recent news item captioned BHEL signs MoU with CIL, NLCIL for setting up coal gasification projects.  The response from the Company is awaited.","13-Oct-2022 18:55:18","2022-10-13 18:55:18","13-Oct-2022 18:55:22","00:00:04","-"
"COALINDIA","Coal India Limited","General updates","Coal India Limited has informed the Exchange about Certificate under Regulation 74(5) of the SEBI (Depository and participants) Regulations, 2018 for the quarter ended 30th September��� 2022","12-Oct-2022 15:33:09","2022-10-12 15:33:09","12-Oct-2022 15:33:14","00:00:05","https://nsearchives.nseindia.com/corporate/COALINDIA_12102022153309_reg74.pdf"
"COALINDIA","Coal India Limited","Schedule of Analysts/Institutional Investor Meet/Con. Call","Coal India Limited has informed the Exchange about Schedule of Analysts/Institutional Investor Meet/Con. Call ","10-Oct-2022 19:05:03","2022-10-10 19:05:03","10-Oct-2022 19:05:09","00:00:06","https://nsearchives.nseindia.com/corporate/COALINDIA_10102022190503_bsense10.pdf"
"COALINDIA","Coal India Limited","Press Release","Coal India Limited has informed the Exchange about press release dated 01-Oct-2022 titled CIL output up 20% in H1 FY���23 and supplies to power plants grew by 17%","01-Oct-2022 14:30:12","2022-10-01 14:30:12","01-Oct-2022 14:30:15","00:00:03","https://nsearchives.nseindia.com/corporate/COALINDIA_01102022143012_press.pdf"
"COALINDIA","Coal India Limited","General updates","Coal India Limited has informed the Exchange about Provisional Production and Off-take Performance of CIL and Subsidiary Companies for the month of Sep���22 and for the period Apr���22-Sep���22. ","01-Oct-2022 13:33:57","2022-10-01 13:33:57","01-Oct-2022 13:34:00","00:00:03","https://nsearchives.nseindia.com/corporate/COALINDIA_01102022133357_prod.pdf"
"COALINDIA","Coal India Limited","Appointment","Coal India Limited  has informed the Exchange about appointment of Bijay Prakash Dubey as Compliance Officer of the company w.e.f. 01-Oct-2022","01-Oct-2022 10:00:06","2022-10-01 10:00:06","01-Oct-2022 10:00:11","00:00:05","https://nsearchives.nseindia.com/corporate/COALINDIA_01102022100006_compliance.pdf"
"COALINDIA","Coal India Limited","Closure of trading window","Coal India Limited has informed the Exchange about the Closure of the trading window from 26th Sept. ���2022 till the end of 48 hours after the declaration of Unaudited Financial Results of the Company for the 2nd quarter ended 30th Sept. 2022.","23-Sep-2022 15:41:42","2022-09-23 15:41:42","23-Sep-2022 15:41:47","00:00:05","https://nsearchives.nseindia.com/corporate/COALINDIA_23092022154142_TradingWindowClosureStockExchage.pdf"
"COALINDIA","Coal India Limited","General updates","Coal India Limited has informed the Exchange about Appointment of M/s Lodha & Co, Kolkata as Statutory Auditor for the year 2022-23- Clarifications","14-Sep-2022 15:58:42","2022-09-14 15:58:42","14-Sep-2022 15:58:49","00:00:07","https://nsearchives.nseindia.com/corporate/COALINDIA_14092022155842_NSEandBSE_Account_auditor.pdf"
"COALINDIA","Coal India Limited","Appointment","Coal India Limited has informed the Exchange about the appointment of Lodha and Company, Kolkata as Statutory Auditor of the company w.e.f. 12-Sep-2022","13-Sep-2022 14:16:10","2022-09-13 14:16:10","13-Sep-2022 14:16:21","00:00:11","https://nsearchives.nseindia.com/corporate/COALINDIA_13092022141610_AppointmentOfStatutoryAuditor.pdf"
"COALINDIA","Coal India Limited","Transcript of Analysts/Institutional Investor Meet/Con. Call","Coal India Limited has informed the Exchange about Transcript of Analysts/Institutional Investor Meet/Con. Call ","12-Sep-2022 10:41:05","2022-09-12 10:41:05","12-Sep-2022 10:41:12","00:00:07","https://nsearchives.nseindia.com/corporate/COALINDIA_12092022104105_TranscriptInvesrorsMeet.pdf"
"COALINDIA","Coal India Limited","Recording of Analysts/Institutional Investor Meet/Con. Call","Coal India Limited has informed the Exchange about Recording of Analysts/Institutional Investor Meet/Con. Call","09-Sep-2022 11:12:15","2022-09-09 11:12:15","09-Sep-2022 11:12:19","00:00:04","https://nsearchives.nseindia.com/corporate/COALINDIA_09092022111215_NSEandBSE_Regulation_Investormeet.pdf"
"COALINDIA","Coal India Limited","Schedule of Analysts/Institutional Investor Meet/Con. Call","Coal India Limited has informed the Exchange about the Corporate Presentation of CIL.","08-Sep-2022 14:20:12","2022-09-08 14:20:12","08-Sep-2022 14:20:21","00:00:09","https://nsearchives.nseindia.com/corporate/COALINDIA_08092022142012_CorporatePresentation.pdf"
"COALINDIA","Coal India Limited","Schedule of Analysts/Institutional Investor Meet/Con. Call","Coal India Limited has informed the Exchange about the conference call for Un-Audited Financial Results for 1st quarter ended on 30th June 2022- Corporate Presentation","08-Sep-2022 13:12:06","2022-09-08 13:12:06","08-Sep-2022 13:12:54","00:00:48","https://nsearchives.nseindia.com/corporate/COALINDIA_08092022131206_CorporatePresentation.pdf"
"COALINDIA","Coal India Limited","Press Release","Coal India Limited has informed the Exchange about press release dated 07-Sep-2022 titled Press Release-CIL���s output growth in absolute terms marks a new milestone","07-Sep-2022 12:44:03","2022-09-07 12:44:03","07-Sep-2022 12:44:16","00:00:13","https://nsearchives.nseindia.com/corporate/COALINDIA_07092022124403_press0709.pdf"
"COALINDIA","Coal India Limited","Schedule of Analysts/Institutional Investor Meet/Con. Call","Coal India Limited has informed the Exchange about Schedule of Analysts/Institutional Investor Meet/Con. Call ","07-Sep-2022 10:30:54","2022-09-07 10:30:54","07-Sep-2022 10:30:59","00:00:05","https://nsearchives.nseindia.com/corporate/COALINDIA_07092022103054_concall08092022.pdf"
"COALINDIA","Coal India Limited","Annual General Meeting","Coal India Limited has informed the Exchange about  Minutes of 48th AGM of Coal India Limited held on 30-Aug-2022","05-Sep-2022 13:12:12","2022-09-05 13:12:12","05-Sep-2022 13:12:18","00:00:06","https://nsearchives.nseindia.com/corporate/COALINDIA_05092022131212_AGMMinutes.pdf"
"COALINDIA","Coal India Limited","General updates","Coal India Limited has informed the Exchange about the postponement of the Conference call with Financial Analysts for Un-audited Financial Results for the 1st  quarter ended on 30th June��� 2022.","02-Sep-2022 14:44:12","2022-09-02 14:44:12","02-Sep-2022 14:44:21","00:00:09","https://nsearchives.nseindia.com/corporate/COALINDIA_02092022144412_potponmentofInvestormeet.pdf"
"COALINDIA","Coal India Limited","General updates","Coal India Limited has informed the Exchange about the Transcript of the 48th AGM of Coal India Limited held on 30th August��� 2022 ","02-Sep-2022 10:51:45","2022-09-02 10:51:45","02-Sep-2022 10:51:48","00:00:03","https://nsearchives.nseindia.com/corporate/COALINDIA_02092022105145_Transcript.pdf"
"COALINDIA","Coal India Limited","Press Release","Coal India Limited has informed the Exchange about press release dated 01-Sep-2022 titled CIL���s power sector supplies at 108% of target during Apr-Aug���22","01-Sep-2022 12:50:09","2022-09-01 12:50:09","01-Sep-2022 12:50:27","00:00:18","https://nsearchives.nseindia.com/corporate/COALINDIA_01092022125009_PressRelease.pdf"
"COALINDIA","Coal India Limited","General updates","Coal India Limited has informed the Exchange about Provisional Production and Off-take Performance of CIL and Subsidiary Companies for the month of  August���22 and for the period Apr��� 22-August���22. ","01-Sep-2022 12:41:15","2022-09-01 12:41:15","01-Sep-2022 12:41:22","00:00:07","https://nsearchives.nseindia.com/corporate/COALINDIA_01092022124115_ProdAug22.pdf"
"COALINDIA","Coal India Limited","Schedule of Analysts/Institutional Investor Meet/Con. Call","Coal India Limited has informed the Exchange about the Conference call for Un-audited Financial Results for the 1st  quarter ended on 30th June' 2022 ��� Revised Invite.","01-Sep-2022 12:33:36","2022-09-01 12:33:36","01-Sep-2022 12:33:45","00:00:09","https://nsearchives.nseindia.com/corporate/COALINDIA_01092022123336_Concall.pdf"
"COALINDIA","Coal India Limited","Newspaper Advertisements","Coal India Limited has informed the Exchange about Newspaper publication of Chairman���s Speech at 48th AGM of CIL","31-Aug-2022 16:10:31","2022-08-31 16:10:31","31-Aug-2022 16:10:35","00:00:04","https://nsearchives.nseindia.com/corporate/COALINDIA_31082022161030_Newspaper.pdf"
"COALINDIA","Coal India Limited","Amendment to AOA/MOA","Coal India Limited has informed the Exchange about the Disclosure under Regulation 30 of the SEBI (Listing Obligations and Disclosure Requirements) Regulations, 2015 - Amendment in the Articles of Association and Memorandum of Association of the Company","31-Aug-2022 16:03:06","2022-08-31 16:03:06","31-Aug-2022 16:03:09","00:00:03","https://nsearchives.nseindia.com/corporate/COALINDIA_31082022160306_Reg30.pdf"
"COALINDIA","Coal India Limited","Annual General Meeting","Coal India Limited has informed the Exchange about Voting results and  Scrutinizer report of Annual General Meeting held on 30-Aug-2022","31-Aug-2022 15:48:12","2022-08-31 15:48:12","31-Aug-2022 15:48:16","00:00:04","https://nsearchives.nseindia.com/corporate/COALINDIA_31082022154812_AGMresults.pdf"
"COALINDIA","Coal India Limited","Appointment","Coal India Limited has informed the Exchange about the appointment of M/s Saraf & Chandra as Statutory Auditor of the company w.e.f. 31-Aug-2022","31-Aug-2022 12:15:45","2022-08-31 12:15:45","31-Aug-2022 12:15:54","00:00:09","https://nsearchives.nseindia.com/corporate/COALINDIA_31082022121545_Stataudit.pdf"
"COALINDIA","Coal India Limited","Annual General Meeting","Coal India Limited has informed the Exchange about the 48th AGM Proceedings along with Chairman Speech Held On 30.08.2022.","30-Aug-2022 15:07:09","2022-08-30 15:07:09","30-Aug-2022 15:07:21","00:00:12","https://nsearchives.nseindia.com/corporate/COALINDIA_30082022150709_48thAGMProceedings.pdf"
"COALINDIA","Coal India Limited","General updates","Coal India Limited has informed the Exchange about Postponement of Conference call with Financial Analysts for Un-audited Financial Results for 1st  quarter ended on 30th June��� 2022.","22-Aug-2022 14:57:09","2022-08-22 14:57:09","22-Aug-2022 14:57:11","00:00:02","https://nsearchives.nseindia.com/corporate/COALINDIA_22082022145709_PostponementofConcall.pdf"
"COALINDIA","Coal India Limited","Schedule of Analysts/Institutional Investor Meet/Con. Call","Coal India Limited has informed the Exchange about the Revised Schedule of Analysts/Institutional Investor Meet/Con. Call.","17-Aug-2022 16:06:15","2022-08-17 16:06:15","17-Aug-2022 16:06:17","00:00:02","https://nsearchives.nseindia.com/corporate/COALINDIA_17082022160615_RevisedConcall.pdf"
"COALINDIA","Coal India Limited","Schedule of Analysts/Institutional Investor Meet/Con. Call","Coal India Limited has informed the Exchange about Schedule of Analysts/Institutional Investor Meet/Con. Call ","17-Aug-2022 11:11:33","2022-08-17 11:11:33","17-Aug-2022 11:11:40","00:00:07","https://nsearchives.nseindia.com/corporate/COALINDIA_17082022111133_BSENSE_merged.pdf"
"COALINDIA","Coal India Limited","Newspaper Advertisements","Coal India Limited has informed the Exchange about the Newspaper publication of Un-Audited Financial Results of Coal India Limited (Standalone & Consolidated) for the 1st Quarter ended 30th June��� 2022.","11-Aug-2022 15:14:36","2022-08-11 15:14:36","11-Aug-2022 15:14:40","00:00:04","https://nsearchives.nseindia.com/corporate/COALINDIA_11082022151436_BSENSENewspaper.pdf"
"COALINDIA","Coal India Limited","General updates","Coal India Limited has informed the Exchange about Presentation made by Company ","10-Aug-2022 17:55:51","2022-08-10 17:55:51","10-Aug-2022 17:55:56","00:00:05","https://nsearchives.nseindia.com/corporate/COALINDIA_10082022175551_presentationfinal.pdf"
"COALINDIA","Coal India Limited","Outcome of Board Meeting","Coal India Limited  has informed the Exchange about Board Meeting held on 10-Aug-2022 to consider Un-Audited Financial Results of Coal India Limited (Standalone & Consolidated) for the 1st Quarter ended 30th June��� 2022.","10-Aug-2022 17:52:36","2022-08-10 17:52:36","10-Aug-2022 17:52:40","00:00:04","https://nsearchives.nseindia.com/corporate/COALINDIA_10082022175236_BSENSE300622.pdf"
"COALINDIA","Coal India Limited","Newspaper Advertisements","Coal India Limited has informed the Exchange about Newspaper Advertisements of revised AGM notice of CIL","08-Aug-2022 14:55:57","2022-08-08 14:55:57","08-Aug-2022 14:55:59","00:00:02","https://nsearchives.nseindia.com/corporate/COALINDIA_08082022145557_IMG_0002_merged.pdf"
"COALINDIA","Coal India Limited","Annual General Meeting","Coal India Limited has informed the Exchange about the Revised Notice of AGM and Revised Annual Report and Accounts 2021-22 of Coal India Limited for the Annual General Meeting to be held on 30-Aug-2022","05-Aug-2022 15:12:34","2022-08-05 15:12:34","05-Aug-2022 15:12:38","00:00:04","https://nsearchives.nseindia.com/corporate/COALINDIA_05082022151233_BSENSERAR2122.pdf"
"COALINDIA","Coal India Limited","Newspaper Advertisements","Coal India Limited has informed the Exchange about Newspaper Advertisements","02-Aug-2022 14:44:51","2022-08-02 14:44:51","02-Aug-2022 14:44:53","00:00:02","https://nsearchives.nseindia.com/corporate/COALINDIA_02082022144451_Newspaper.pdf"
"COALINDIA","Coal India Limited","Press Release","Coal India Limited has informed the Exchange about a press release dated 01-Aug-2022 titled Press Release-CIL production up by 40 MTs in April-July���22, posts 24% growth","01-Aug-2022 13:04:18","2022-08-01 13:04:18","01-Aug-2022 13:04:21","00:00:03","https://nsearchives.nseindia.com/corporate/COALINDIA_01082022130418_PressRelease.pdf"
"COALINDIA","Coal India Limited","General updates","Coal India Limited has informed the Exchange about Provisional Production and Off-take Performance of CIL and Subsidiary Companies for the month of July���22 and for the period Apr���22-July���22","01-Aug-2022 11:53:48","2022-08-01 11:53:48","01-Aug-2022 11:53:52","00:00:04","https://nsearchives.nseindia.com/corporate/COALINDIA_01082022115348_Production01082022.pdf"
"COALINDIA","Coal India Limited","Record Date","Coal India Limited has informed the Exchange that Record date for the purpose of Dividend  is 12-Aug-2022.","29-Jul-2022 17:15:48","2022-07-29 17:15:48","29-Jul-2022 17:15:51","00:00:03","https://nsearchives.nseindia.com/corporate/COALINDIA_29072022171548_NSEBSEAR2122.pdf"
"COALINDIA","Coal India Limited","General updates","Coal India Limited has informed the Exchange about Further to our letter Ref.No.CIL:XI(D):4157/4156:2022 dated 15.07.2022, we are once again enclosing legible hard copies of Press release issued on 15.07.2022 in one English newspaper viz. ���The Times of India ���, Bengali newspaper i.e. ���Aajkaal��� and one Hindi  i.e ���Dainik Vishwamitra��� publishing the Pre-AGM Notice of CIL","18-Jul-2022 17:21:33","2022-07-18 17:21:33","18-Jul-2022 17:21:35","00:00:02","https://nsearchives.nseindia.com/corporate/COALINDIA_18072022172133_newspaper1807.pdf"
"COALINDIA","Coal India Limited","Newspaper Advertisements","Coal India Limited has informed the Exchange about Newspaper publication of Publication of Pre AGM Notice of 48th AGM of CIL","15-Jul-2022 15:05:06","2022-07-15 15:05:06","15-Jul-2022 15:05:09","00:00:03","https://nsearchives.nseindia.com/corporate/COALINDIA_15072022150506_PreAGMnotice.pdf"
"COALINDIA","Coal India Limited","General updates","Coal India Limited has informed the Exchange about Brief Profile of Shri Debasish Nanda as Director ( Business Development), CIL","13-Jul-2022 12:26:57","2022-07-13 12:26:57","13-Jul-2022 12:27:00","00:00:03","https://nsearchives.nseindia.com/corporate/COALINDIA_13072022122657_DebashishNanda.pdf"
"COALINDIA","Coal India Limited","Appointment","Coal India Limited  has informed the Exchange about appointment of Shri Debasish Nanda as Director (Business Development) on the Board of Coal India Limited (CIL) company w.e.f. 11-Jul-2022","11-Jul-2022 12:53:51","2022-07-11 12:53:51","11-Jul-2022 12:53:55","00:00:04","https://nsearchives.nseindia.com/corporate/COALINDIA_11072022125351_IMG_0002.pdf"
"COALINDIA","Coal India Limited","Press Release","Coal India Limited has informed the Exchange about press release dated 11-Jul-2022 titled Press Release-CIL���s Capex up 65% in Q1 FY���23: posts growth for ninth successive quarter ","11-Jul-2022 12:20:54","2022-07-11 12:20:54","11-Jul-2022 12:20:58","00:00:04","https://nsearchives.nseindia.com/corporate/COALINDIA_11072022122054_IMG_0001.pdf"
"COALINDIA","Coal India Limited","General updates","Coal India Limited has informed the Exchange about Certificate under Regulation 74(5) of the SEBI (Depository and participants) Regulations, 2018 for the quarter ended 30th June��� 2022","04-Jul-2022 14:54:15","2022-07-04 14:54:15","04-Jul-2022 14:54:21","00:00:06","https://nsearchives.nseindia.com/corporate/COALINDIA_04072022145415_REG74.pdf"
"COALINDIA","Coal India Limited","General updates","Coal India Limited has informed the Exchange about Provisional Production and Off-take Performance of CIL and Subsidiary Companies for the month of June���22 and for the period Apr���22-June���22. ","01-Jul-2022 14:28:39","2022-07-01 14:28:39","01-Jul-2022 14:28:47","00:00:08","https://nsearchives.nseindia.com/corporate/COALINDIA_01072022142839_ProductionJune22.pdf"
"COALINDIA","Coal India Limited","Press Release","Coal India Limited has informed the Exchange about press release dated 01-Jul-2022 titled Coal India���s production sets record increase of 36 MTs in Q1 FY���23","01-Jul-2022 13:41:24","2022-07-01 13:41:24","01-Jul-2022 13:41:27","00:00:03","https://nsearchives.nseindia.com/corporate/COALINDIA_01072022134124_PRESSRELEASE.pdf"
"COALINDIA","Coal India Limited","Closure of trading window","Coal India Limited has informed the Exchange about Closure of trading window","24-Jun-2022 13:01:22","2022-06-24 13:01:22","24-Jun-2022 13:01:24","00:00:02","https://nsearchives.nseindia.com/corporate/COALINDIA_24062022130122_TradingwindowClosureCircular.pdf"
"COALINDIA","Coal India Limited","Press Release","Coal India Limited has informed the Exchange about press release dated 21-Jun-2022 titled Press Release- ���CIL���s pre-bid meeting with prospective bidders���","21-Jun-2022 15:39:54","2022-06-21 15:39:54","21-Jun-2022 15:39:57","00:00:03","https://nsearchives.nseindia.com/corporate/COALINDIA_21062022153954_IMG_00021.pdf"
"COALINDIA","Coal India Limited","Press Release","Coal India Limited has informed the Exchange about a press release dated 17-Jun-2022 titled CIL���s tech tweak for green mining options.","17-Jun-2022 14:14:43","2022-06-17 14:14:43","17-Jun-2022 14:14:58","00:00:15","https://nsearchives.nseindia.com/corporate/COALINDIA_17062022141443_PressRelease.pdf"
"COALINDIA","Coal India Limited","Press Release","Coal India Limited has informed the Exchange about press release dated 10-Jun-2022 titled CIL to dial in 6 MTs more coal from abroad: Medium Term Tenders floated.","10-Jun-2022 15:45:08","2022-06-10 15:45:08","10-Jun-2022 15:45:10","00:00:02","https://nsearchives.nseindia.com/corporate/COALINDIA_10062022154508_pressrelaease10062022.pdf"
"COALINDIA","Coal India Limited","Press Release","Coal India Limited has informed the Exchange about press release dated 09-Jun-2022 titled Press Release - Coal India floats its maiden tender for coal imports","09-Jun-2022 11:04:35","2022-06-09 11:04:35","09-Jun-2022 11:04:44","00:00:09","https://nsearchives.nseindia.com/corporate/COALINDIA_09062022110435_IMG_0001.pdf"
"COALINDIA","Coal India Limited","Related Party Transaction","Coal India Limited has informed the Exchange about related party transaction for the period ended March 2022","08-Jun-2022 15:36:54","2022-06-08 15:36:54","08-Jun-2022 15:36:57","00:00:03","https://nsearchives.nseindia.com/corporate/COALINDIA_08062022153654_RelatedPartyTransactions.pdf"
"COALINDIA","Coal India Limited","General updates","Coal India Limited has informed the Exchange about Financial Results updates - Machine-Readable Form / Legible copy of Financial Results for the year ended 31.03.2022. ","08-Jun-2022 11:47:47","2022-06-08 11:47:47","08-Jun-2022 11:47:50","00:00:03","https://nsearchives.nseindia.com/corporate/COALINDIA_08062022114747_NSE.pdf"
"COALINDIA","Coal India Limited","Press Release","Coal India Limited has informed the Exchange about press release dated 01-Jun-2022 titled Coal India logs 30% production growth in May���22","01-Jun-2022 12:46:45","2022-06-01 12:46:45","01-Jun-2022 12:46:48","00:00:03","https://nsearchives.nseindia.com/corporate/COALINDIA_01062022124645_PressRelease.pdf"
"COALINDIA","Coal India Limited","General updates","Coal India Limited has informed the Exchange about Provisional Production and Off-take Performance of CIL and Subsidiary Companies for the month of  May���22 and for the period Apr��� 22-May���22. ","01-Jun-2022 12:33:22","2022-06-01 12:33:22","01-Jun-2022 12:33:26","00:00:04","https://nsearchives.nseindia.com/corporate/COALINDIA_01062022123321_Production.pdf"
"COALINDIA","Coal India Limited","Appointment","Coal India Limited  has informed the Exchange about appointment of M Viswanathan as Company Secretary of the company w.e.f. 01-Jun-2022","01-Jun-2022 11:45:50","2022-06-01 11:45:50","01-Jun-2022 11:45:54","00:00:04","https://nsearchives.nseindia.com/corporate/COALINDIA_01062022114550_AppntCompanySecretary.pdf"
"COALINDIA","Coal India Limited","News Verification","COALINDIA : The Exchange has sought clarification from Coal India Limited with respect to recent news item captioned Coal India to sell 25% stake in Bharat Coking Coal.  The response from the Company is attached.","26-May-2022 17:37:13","2022-05-26 17:37:13","26-May-2022 17:37:19","00:00:06","https://nsearchives.nseindia.com/corporate/COALINDIA_26052022173705_NewsClarification.pdf"
"COALINDIA","Coal India Limited","Newspaper Advertisements","Coal India Limited has informed the Exchange about Newspaper Advertisements","26-May-2022 13:24:10","2022-05-26 13:24:10","26-May-2022 13:24:24","00:00:14","https://nsearchives.nseindia.com/corporate/COALINDIA_26052022132256_Newspaper_Fin_Results.pdf"
"COALINDIA","Coal India Limited","General updates","Coal India Limited has informed the Exchange about Presentation made by Company ","25-May-2022 17:34:03","2022-05-25 17:34:03","25-May-2022 17:34:08","00:00:05","https://nsearchives.nseindia.com/corporate/COALINDIA_25052022173403_Presentation_Accounts.pdf"
"COALINDIA","Coal India Limited","News Verification","COALINDIA : The Exchange has sought clarification from Coal India Limited with respect to recent news item captioned Coal India to sell 25% stake in Bharat Coking Coal.  The response from the Company is awaited.","25-May-2022 17:31:00","2022-05-25 17:31:00","25-May-2022 17:31:07","00:00:07","-"
"COALINDIA","Coal India Limited","Dividend","Coal India Limited has informed the Exchange that Board of Directors at its meeting held on 25-May-2022, declared Dividend of Rs. 3 per equity share.","25-May-2022 17:06:48","2022-05-25 17:06:48","25-May-2022 17:06:54","00:00:06","https://nsearchives.nseindia.com/corporate/COALINDIA_25052022170640_NSBSEMARC22.pdf"
"COALINDIA","Coal India Limited","Outcome of Board Meeting","Coal India Limited  has informed the Exchange about Board Meeting held on 25-May-2022 to consider financial statements for the period ended March 2022 and Dividend","25-May-2022 17:06:46","2022-05-25 17:06:46","25-May-2022 17:06:49","00:00:03","https://nsearchives.nseindia.com/corporate/COALINDIA_25052022170646_NSBSEMARC22.pdf"
"COALINDIA","Coal India Limited","Financial Result Updates","Coal India Limited has submitted to the Exchange, the financial results for the period ended March 31, 2022.","25-May-2022 17:03:34","2022-05-25 17:03:34","25-May-2022 17:05:04","00:01:30","https://nsearchives.nseindia.com/corporate/NSBSEMARC22_25052022170334.pdf"
"COALINDIA","Coal India Limited","Newspaper Advertisements","Coal India Limited has informed the Exchange about Newspaper Advertisements","17-May-2022 11:37:25","2022-05-17 11:37:25","17-May-2022 11:37:30","00:00:05","https://nsearchives.nseindia.com/corporate/COALINDIA_17052022113723_NewspaperBoardNotice.pdf"
"COALINDIA","Coal India Limited","Transcript of Analysts/Institutional Investor Meet/Con. Call","Coal India Limited has informed the Exchange about Transcript of Analysts/Institutional Investor Meet/Con. Call ","12-May-2022 13:02:36","2022-05-12 13:02:36","12-May-2022 13:02:45","00:00:09","https://nsearchives.nseindia.com/corporate/COALINDIA_12052022130218_Transcript.pdf"
"COALINDIA","Coal India Limited","Recording of Analysts/Institutional Investor Meet/Con. Call","Coal India Limited has informed the Exchange about Recording of Analysts/Institutional Investor Meet/Con. Call","11-May-2022 11:25:13","2022-05-11 11:25:13","11-May-2022 11:25:18","00:00:05","https://nsearchives.nseindia.com/corporate/COALINDIA_11052022112507_RecordingInvestorsMeet.pdf"
"COALINDIA","Coal India Limited","Schedule of Analysts/Institutional Investor Meet/Con. Call","Further to our letter ref no: CIL:XI(D):4157/4156:2022 dated 4th May���2022, this is to inform that keeping the appropriate Covid protocols, the Investor Meet for  Launch of Closed/Discontinued Mines of CIL on Revenue Sharing Model and Coal Gasification- Way forward scheduled to be held on Friday, 6th May��� 2022 at 10.00 A.M. (IST) at Hotel Sahara Star, Vile Parle (E), Mumbai is on invitation basis.","04-May-2022 12:55:50","2022-05-04 12:55:50","04-May-2022 12:56:01","00:00:11","https://nsearchives.nseindia.com/corporate/COALINDIA_04052022125548_InvestorsMeetUpdated.pdf"
"COALINDIA","Coal India Limited","Schedule of Analysts/Institutional Investor Meet/Con. Call","MoC, GOI and CIL are organising Investors��� meet for ���launch of Closed/Discontinued Mines of CIL on Revenue Sharing Model and Coal Gasification: Way Forward��� on Friday, 6th May��� 2022 at 10.00 A.M. (IST) at Hotel Sahara Star, Vile Parle (E), Mumbai which will be attended by Hon���ble Minister of Coal, Hon���ble Minister of State for Rail, Coal & Mines, Secretary, MoC, and Chairman, CIL and other dignitaries of Ministry of Coal and Coal India Limited. The Invitation is enclosed. This is for your information and records as per Regulation 30 of SEBI (LoDR)��� 2015.","04-May-2022 11:31:10","2022-05-04 11:31:10","04-May-2022 11:31:13","00:00:03","https://nsearchives.nseindia.com/corporate/COALINDIA_04052022113108_InvesrorsMeet.pdf"
"COALINDIA","Coal India Limited","General updates","Coal India Limited has informed the Exchange about Cessation of Directorship at Coal India Limited.","02-May-2022 11:41:53","2022-05-02 11:41:53","02-May-2022 11:41:57","00:00:04","https://nsearchives.nseindia.com/corporate/COALINDIA_02052022114153_CessationOfDirectorship.pdf"
"COALINDIA","Coal India Limited","Press Release","Coal India Limited has informed the Exchange about press release dated 02-May-2022 titled CIL���s supplies to power plants up 16% amid soaring generation.","02-May-2022 11:31:50","2022-05-02 11:31:50","02-May-2022 11:31:55","00:00:05","https://nsearchives.nseindia.com/corporate/COALINDIA_02052022113150_PressRelease.pdf"
"COALINDIA","Coal India Limited","General updates","Coal India Limited has informed the Exchange about Provisional Production and Off-take Performance of CIL and its Subsidiary Companies for the month of Apr'22.","02-May-2022 07:13:32","2022-05-02 07:13:32","02-May-2022 07:13:37","00:00:05","https://nsearchives.nseindia.com/corporate/COALINDIA_02052022071326_ProductionApr22.pdf"
"COALINDIA","Coal India Limited","Press Release","Coal India Limited has informed the Exchange about press release dated 19-Apr-2022 titled Coal India���s supplies to Power Sector scale up 14% amid rising demand.","19-Apr-2022 12:19:32","2022-04-19 12:19:32","19-Apr-2022 12:19:39","00:00:07","https://nsearchives.nseindia.com/corporate/COALINDIA_19042022121928_PressRelease.pdf"
"COALINDIA","Coal India Limited","Postal Ballot","Coal India Limited has informed the Exchange about Voting results and  Scrutinizer report of Postal Ballot","19-Apr-2022 10:41:16","2022-04-19 10:41:16","19-Apr-2022 10:41:21","00:00:05","https://nsearchives.nseindia.com/corporate/COALINDIA_19042022104113_bsense.pdf"
"COALINDIA","Coal India Limited","Press Release","Coal India Limited has informed the Exchange about press release dated 12-Apr-2022 titled Coal India���s Rs.14.8K Cr Capex boost in FY���22","12-Apr-2022 12:12:37","2022-04-12 12:12:37","12-Apr-2022 12:12:45","00:00:08","https://nsearchives.nseindia.com/corporate/COALINDIA_12042022121234_PressRelease.pdf"
"COALINDIA","Coal India Limited","Disclosure under SEBI Takeover Regulations","Promoter/Promoter Group of Coal India Limited has submitted a disclosure under Regulation 31(4) of SEBI Takeover Regulations for the year ended 31-Mar-2022","11-Apr-2022 13:00:14","2022-04-11 13:00:14","11-Apr-2022 13:00:24","00:00:10","https://nsearchives.nseindia.com/corporate/AN_O11042022130014.xlsx"
"COALINDIA","Coal India Limited","General updates","Coal India Limited has informed the Exchange about Certificate under Regulation 74(5) of the SEBI (Depository and participants) Regulations, 2018 for the quarter ended 31st March��� 2022","05-Apr-2022 15:40:15","2022-04-05 15:40:15","05-Apr-2022 15:40:20","00:00:05","https://nsearchives.nseindia.com/corporate/COALINDIA_05042022154011_Reg745.pdf"
"COALINDIA","Coal India Limited","General updates","Coal India Limited has informed the Exchange about Provisional Production and Off-take Performance of CIL and Subsidiary Companies for the month of Mar���22 and for the period Apr��� 21- Mar���22","01-Apr-2022 13:12:56","2022-04-01 13:12:56","01-Apr-2022 13:13:06","00:00:10","https://nsearchives.nseindia.com/corporate/COALINDIA_01042022131256_ProdOffTake.pdf"
"COALINDIA","Coal India Limited","Press Release","Coal India Limited has informed the Exchange about press release dated 01-Apr-2022 titled ���Coal India ends FY���22 with historic high output and off-take���","01-Apr-2022 12:18:19","2022-04-01 12:18:19","01-Apr-2022 12:18:27","00:00:08","https://nsearchives.nseindia.com/corporate/COALINDIA_01042022121817_PressRelease.pdf"
"COALINDIA","Coal India Limited","Press Release","CIL is going to publish a press release with the caption ���Coal India meets 98% projected coal demand of power plants ��� in leading newspapers on 28th March.���2022 (copy of the press release is enclosed). This is for your information and record as per Regulation 30 of SEBI LoDR��� 2015. ","28-Mar-2022 11:42:09","2022-03-28 11:42:09","28-Mar-2022 11:42:21","00:00:12","https://nsearchives.nseindia.com/corporate/COALINDIA_28032022114209_bsense.pdf"
"COALINDIA","Coal India Limited","Closure of trading window","This is to inform that the Trading Window will be closed pursuant to the Coal India Limited Code to Regulate, Monitor, and Report Trading by Directors, Promoters, Designated Employees, and Specified Connected Persons of the Company and Subsidiaries of the Company from March 28, 2022, till the end of 48 hours after the declaration of Financial Results of the Company for the 4th quarter and year ended March 31, 2022.","25-Mar-2022 12:37:46","2022-03-25 12:37:46","25-Mar-2022 12:37:50","00:00:04","https://nsearchives.nseindia.com/corporate/COALINDIA_25032022123746_Trading_Window_Closure.pdf"
"COALINDIA","Coal India Limited","Postal Ballot","Submission of copies of Newspaper advertisement of Notice of Postal Ballot.","15-Mar-2022 15:34:25","2022-03-15 15:34:25","15-Mar-2022 15:34:30","00:00:05","https://nsearchives.nseindia.com/corporate/COALINDIA_15032022153421_Newspaper.pdf"
"COALINDIA","Coal India Limited","Postal Ballot","Coal India Limited has informed the Exchange about Notice of Postal Ballot","14-Mar-2022 11:07:50","2022-03-14 11:07:50","14-Mar-2022 11:07:52","00:00:02","https://nsearchives.nseindia.com/corporate/COALINDIA_14032022110750_EGMNotice.pdf"
"COALINDIA","Coal India Limited","Press Release","Coal India Limited has informed the Exchange about press release dated 09-Mar-2022 titled CIL���s first auction under common window gets rousing response ","09-Mar-2022 10:29:35","2022-03-09 10:29:35","09-Mar-2022 10:29:42","00:00:07","https://nsearchives.nseindia.com/corporate/COALINDIA_09032022102934_IMG_0001_merged.pdf"
"COALINDIA","Coal India Limited","Press Release","Coal India Limited has informed the Exchange about press release dated 07-Mar-2022 titled CIL���s total off-take chalks yet another record","07-Mar-2022 10:12:01","2022-03-07 10:12:01","07-Mar-2022 10:12:26","00:00:25","https://nsearchives.nseindia.com/corporate/COALINDIA_07032022101159_IMG_0001_merged.pdf"
"COALINDIA","Coal India Limited","Press Release","Coal India Limited has informed the Exchange about a press release dated 04-Mar-2022 titled CIL���s off-take to Power Sector hits a historic high","04-Mar-2022 10:27:51","2022-03-04 10:27:51","04-Mar-2022 10:27:55","00:00:04","https://nsearchives.nseindia.com/corporate/COALINDIA_04032022102751_bsense.pdf"
"COALINDIA","Coal India Limited","Press Release","Coal India Limited has informed the Exchange about press release dated 04-Mar-2022 titled CIL���s off-take to Power Sector hits a historic high","04-Mar-2022 10:25:40","2022-03-04 10:25:40","04-Mar-2022 10:25:47","00:00:07","https://nsearchives.nseindia.com/corporate/COALINDIA_04032022102511_bsense.pdf"
"COALINDIA","Coal India Limited","General updates","Coal India Limited has informed the Exchange about Provisional Production and Off-take Performance of CIL and Subsidiary Companies for the month of February���22 and for the period Apr���21-Feb���22. ","01-Mar-2022 10:40:40","2022-03-01 10:40:40","01-Mar-2022 10:40:53","00:00:13","https://nsearchives.nseindia.com/corporate/COALINDIA_01032022104040_bseprodmar21.pdf"
"COALINDIA","Coal India Limited","Transcript of Analysts/Institutional Investor Meet/Con. Call","Transcript of Conference call for Financial Results for Un-audited Financial Results for 3rd quarter and nine months ended on 31st December.���2021","22-Feb-2022 04:21:52","2022-02-22 04:21:52","22-Feb-2022 04:21:55","00:00:03","https://nsearchives.nseindia.com/corporate/COALINDIA_22022022042151_NSEBSETransc.pdf"
"COALINDIA","Coal India Limited","Transcript of Analysts/Institutional Investor Meet/Con. Call","Coal India Limited has informed the Exchange about Transcript of Analysts/Institutional Investor Meet/Con. Call ","21-Feb-2022 15:55:14","2022-02-21 15:55:14","21-Feb-2022 15:55:47","00:00:33","https://nsearchives.nseindia.com/corporate/COALINDIA_21022022155514_NSEBSETransc.pdf"
"COALINDIA","Coal India Limited","Analysts/Institutional Investor Meet/Con. Call Updates","Coal India Limited has informed the Exchange about Link of Recording","18-Feb-2022 11:03:33","2022-02-18 11:03:33","18-Feb-2022 11:03:43","00:00:10","https://nsearchives.nseindia.com/corporate/COALINDIA_18022022110333_NseBseConCall.pdf"
"COALINDIA","Coal India Limited","Updates","Coal India Limited has informed the Exchange regarding 'CIL is going to publish a press release with caption  CIL s FY '22 despatch as of Feb 16 exceeds total supplies logged in FY  21  in leading newspapers on 18th Feb 22 (copy of the press release is enclosed). This is for your information and record as per Regulation 30 of SEBI LoDR  2015. '.","18-Feb-2022 09:56:15","2022-02-18 09:56:15","18-Feb-2022 09:56:22","00:00:07","https://nsearchives.nseindia.com/corporate/COALINDIA_18022022095615_PressRelease.pdf"
"COALINDIA","Coal India Limited","Analysts/Institutional Investor Meet/Con. Call Updates","Coal India Limited has informed the Exchange about Schedule of meet and Presentation","17-Feb-2022 11:49:06","2022-02-17 11:49:06","17-Feb-2022 11:49:26","00:00:20","https://nsearchives.nseindia.com/corporate/COALINDIA_17022022114906_ConfCallQ3.pdf"
"COALINDIA","Coal India Limited","Copy of Newspaper Publication","Coal India Limited has informed the Exchange about Copy of Newspaper Publication","15-Feb-2022 15:23:57","2022-02-15 15:23:57","15-Feb-2022 15:24:15","00:00:18","https://nsearchives.nseindia.com/corporate/COALINDIA_15022022152357_NewspaperBSENse.pdf"
"COALINDIA","Coal India Limited","Dividend","Coal India Limited has informed the Exchange that Board of Directors at its meeting held on February 14, 2022, declared Interim Dividend of 5 per equity share.","14-Feb-2022 17:37:46","2022-02-14 17:37:46","14-Feb-2022 17:38:01","00:00:15","https://nsearchives.nseindia.com/corporate/COALINDIA_14022022173746_interimdividend.pdf"
"COALINDIA","Coal India Limited","Financial Result Updates","Coal India Limited has submitted to the Exchange, the financial results for the period ended December 31, 2021.","14-Feb-2022 17:34:22","2022-02-14 17:34:22","14-Feb-2022 17:36:05","00:01:43","https://nsearchives.nseindia.com/corporate/accts31122021_14022022173422.pdf"
"COALINDIA","Coal India Limited","Updates","Coal India Limited has informed the Exchange regarding 'Appointment of Permanent Invitee on the Board of CIL'.","09-Feb-2022 12:19:29","2022-02-09 12:19:29","09-Feb-2022 12:19:42","00:00:13","https://nsearchives.nseindia.com/corporate/COALINDIA_09022022121929_Permanent_Invitee.pdf"
"COALINDIA","Coal India Limited","Copy of Newspaper Publication","Coal India Limited has informed the Exchange about Copy of Newspaper Publication","09-Feb-2022 11:38:24","2022-02-09 11:38:24","09-Feb-2022 11:38:33","00:00:09","https://nsearchives.nseindia.com/corporate/COALINDIA_09022022113824_Newspaper.pdf"
"COALINDIA","Coal India Limited","Analysts/Institutional Investor Meet/Con. Call Updates","Coal India Limited has informed the Exchange about Schedule of meet","08-Feb-2022 14:45:19","2022-02-08 14:45:19","08-Feb-2022 14:45:29","00:00:10","https://nsearchives.nseindia.com/corporate/COALINDIA_08022022144519_ConCallmerged.pdf"
"COALINDIA","Coal India Limited","Record Date","Coal India Limited has informed the Exchange that Record date for the purpose of Dividend  is 22-Feb-2022.","08-Feb-2022 11:30:44","2022-02-08 11:30:44","08-Feb-2022 11:31:03","00:00:19","https://nsearchives.nseindia.com/corporate/COALINDIA_08022022113044_bsense.pdf"
"COALINDIA","Coal India Limited","Change in Director(s)","Coal India Limited has informed the Exchange regarding Change in Director(s) of the company.","01-Feb-2022 14:33:07","2022-02-01 14:33:07","01-Feb-2022 14:33:18","00:00:11","https://nsearchives.nseindia.com/corporate/COALINDIA_01022022143307_DirectorBSE_NSE.pdf"
"COALINDIA","Coal India Limited","Updates","Coal India Limited has informed the Exchange regarding 'Press Release'.","01-Feb-2022 14:25:27","2022-02-01 14:25:27","01-Feb-2022 14:25:41","00:00:14","https://nsearchives.nseindia.com/corporate/COALINDIA_01022022142527_PressRelease.pdf"
"COALINDIA","Coal India Limited","Updates","Coal India Limited has informed the Exchange regarding 'Provisional Production and Off-take Performance of CIL and Subsidiary Companies for the month of January 22 and for the period Apr 21-Jan 22. '.","01-Feb-2022 12:57:10","2022-02-01 12:57:10","01-Feb-2022 12:57:21","00:00:11","https://nsearchives.nseindia.com/corporate/COALINDIA_01022022125710_bsensejan22.pdf"
"COALINDIA","Coal India Limited","Updates","Coal India Limited has informed the Exchange regarding 'Press Release'.","19-Jan-2022 13:09:25","2022-01-19 13:09:25","19-Jan-2022 13:09:32","00:00:07","https://nsearchives.nseindia.com/corporate/COALINDIA_19012022130925_PressRelease.pdf"
"COALINDIA","Coal India Limited","Updates","Coal India Limited has informed the Exchange regarding 'Appointment of Permanent Invitee on the Board of CIL'.","13-Jan-2022 15:11:58","2022-01-13 15:11:58","13-Jan-2022 15:12:14","00:00:16","https://nsearchives.nseindia.com/corporate/COALINDIA_13012022151158_BSENSE.pdf"
"COALINDIA","Coal India Limited","Certificate under SEBI (Depositories and Participants) Regulations, 2018","Coal India Limited has informed the Exchange about Certificate under SEBI (Depositories and Participants) Regulations, 2018","07-Jan-2022 11:06:04","2022-01-07 11:06:04","07-Jan-2022 11:06:15","00:00:11","https://nsearchives.nseindia.com/corporate/COALINDIA_07012022110604_reg74.pdf"
"COALINDIA","Coal India Limited","Change in Director(s)","Coal India Limited has informed the Exchange regarding Change in Director(s) of the company.","04-Jan-2022 15:01:50","2022-01-04 15:01:50","04-Jan-2022 15:01:54","00:00:04","https://nsearchives.nseindia.com/corporate/COALINDIA_04012022150149_BSENSE.pdf"
"COALINDIA","Coal India Limited","Updates","Coal India Limited has informed the Exchange regarding 'Provisional Production and Off-take Performance of CIL and Subsidiary Companies for the month of December 21 and for the period Apr 21-Dec 21. '.","01-Jan-2022 20:49:27","2022-01-01 20:49:27","01-Jan-2022 20:49:32","00:00:05","https://nsearchives.nseindia.com/corporate/COALINDIA_01012022204927_ProductionDec21.pdf"
"COALINDIA","Coal India Limited","Change in Management","Coal India Limited has informed the Exchange about change in Management","29-Dec-2021 12:12:05","2021-12-29 12:12:05","29-Dec-2021 12:12:17","00:00:12","https://nsearchives.nseindia.com/corporate/COALINDIA_29122021121205_CFOAppoint.pdf"
"COALINDIA","Coal India Limited","Trading Window","Coal India Limited has informed the Exchange regarding the Trading Window closure pursuant to SEBI (Prohibition of Insider Trading) Regulations, 2015","23-Dec-2021 15:31:05","2021-12-23 15:31:05","23-Dec-2021 15:31:10","00:00:05","https://nsearchives.nseindia.com/corporate/COALINDIA_23122021153105_StockExchanges.pdf"
"COALINDIA","Coal India Limited","Related Party Transactions","Coal India Limited has informed the Exchange about related Party Transactions","06-Dec-2021 15:59:35","2021-12-06 15:59:35","06-Dec-2021 15:59:39","00:00:04","https://nsearchives.nseindia.com/corporate/COALINDIA_06122021155935_CONSO_merged.pdf"
"COALINDIA","Coal India Limited","Copy of Newspaper Publication","Coal India Limited has informed the Exchange about Copy of Newspaper Publication","06-Dec-2021 14:55:29","2021-12-06 14:55:29","06-Dec-2021 14:55:35","00:00:06","https://nsearchives.nseindia.com/corporate/COALINDIA_06122021145529_Newspaper.pdf"
"COALINDIA","Coal India Limited","Updates","Coal India Limited has informed the Exchange regarding 'Provisional Production and Off-take Performance of CIL and Subsidiary Companies for the month of November 21 and for the period Apr 21-Nov 21.'.","01-Dec-2021 20:41:59","2021-12-01 20:41:59","01-Dec-2021 20:42:04","00:00:05","https://nsearchives.nseindia.com/corporate/COALINDIA_01122021204159_BSENSE.pdf"
"COALINDIA","Coal India Limited","Dividend","Coal India Limited has informed the Exchange that Board of Directors at its meeting held on November 29, 2021, declared Interim Dividend of 9 per equity share.","29-Nov-2021 17:14:16","2021-11-29 17:14:16","29-Nov-2021 17:14:26","00:00:10","https://nsearchives.nseindia.com/corporate/COALINDIA_29112021171416_dividend.pdf"
"COALINDIA","Coal India Limited","Analysts/Institutional Investor Meet/Con. Call Updates","Coal India Limited has informed the Exchange about Transcript","26-Nov-2021 15:15:09","2021-11-26 15:15:09","26-Nov-2021 15:15:12","00:00:03","https://nsearchives.nseindia.com/corporate/COALINDIA_26112021151509_2QFY22Transcript.pdf"
"COALINDIA","Coal India Limited","Copy of Newspaper Publication","Coal India Limited has informed the Exchange about Copy of Newspaper Publication","25-Nov-2021 15:26:27","2021-11-25 15:26:27","25-Nov-2021 15:26:30","00:00:03","https://nsearchives.nseindia.com/corporate/COALINDIA_25112021152627_Newspaper.pdf"
"COALINDIA","Coal India Limited","Analysts/Institutional Investor Meet/Con. Call Updates","Coal India Limited has informed the Exchange about Link of Recording","25-Nov-2021 15:04:45","2021-11-25 15:04:45","25-Nov-2021 15:04:49","00:00:04","https://nsearchives.nseindia.com/corporate/COALINDIA_25112021150445_confrenceaudio.pdf"
"COALINDIA","Coal India Limited","Analysts/Institutional Investor Meet/Con. Call Updates","Coal India Limited has informed the Exchange about Schedule of meet","24-Nov-2021 13:18:47","2021-11-24 13:18:47","24-Nov-2021 13:18:50","00:00:03","https://nsearchives.nseindia.com/corporate/COALINDIA_24112021131847_Confrence.pdf"
"COALINDIA","Coal India Limited","Revised Record date","Coal India Limited had intimated the 03-Dec-2021 as the record date. The Company has now informed the Exchange that the Record date has been revised to 07-Dec-2021 for the purpose of Dividend.","23-Nov-2021 17:33:00","2021-11-23 17:33:00","23-Nov-2021 17:33:05","00:00:05","https://nsearchives.nseindia.com/corporate/COALINDIA_23112021173300_revisednotice.pdf"
"COALINDIA","Coal India Limited","Trading Window","Coal India Limited has informed the Exchange regarding the Trading Window closure pursuant to SEBI (Prohibition of Insider Trading) Regulations, 2015","23-Nov-2021 15:59:41","2021-11-23 15:59:41","23-Nov-2021 15:59:44","00:00:03","https://nsearchives.nseindia.com/corporate/COALINDIA_23112021155941_InsiderTrading.pdf"
"COALINDIA","Coal India Limited","Analysts/Institutional Investor Meet/Con. Call Updates","Coal India Limited has informed the Exchange about Presentation","23-Nov-2021 15:47:01","2021-11-23 15:47:01","23-Nov-2021 15:47:06","00:00:05","https://nsearchives.nseindia.com/corporate/COALINDIA_23112021154700_presentationsep21.pdf"
"COALINDIA","Coal India Limited","Record Date","Coal India Limited has informed the Exchange that Record date for the purpose of Dividend  is 03-Dec-2021.","23-Nov-2021 15:31:31","2021-11-23 15:31:31","23-Nov-2021 15:31:37","00:00:06","https://nsearchives.nseindia.com/corporate/COALINDIA_23112021153131_interimdividend.pdf"
"COALINDIA","Coal India Limited","Analysts/Institutional Investor Meet/Con. Call Updates","Coal India Limited has informed the Exchange about Schedule of meet","22-Nov-2021 18:05:49","2021-11-22 18:05:49","22-Nov-2021 18:05:54","00:00:05","https://nsearchives.nseindia.com/corporate/COALINDIA_22112021180549_IMG.pdf"
"COALINDIA","Coal India Limited","Analysts/Institutional Investor Meet/Con. Call Updates","Coal India Limited has informed the Exchange about Schedule of meet","22-Nov-2021 17:32:37","2021-11-22 17:32:37","22-Nov-2021 17:32:43","00:00:06","https://nsearchives.nseindia.com/corporate/COALINDIA_22112021173237_invite.pdf"
"COALINDIA","Coal India Limited","Analysts/Institutional Investor Meet/Con. Call Updates","Coal India Limited has informed the Exchange about Schedule of meet","22-Nov-2021 16:21:00","2021-11-22 16:21:00","22-Nov-2021 16:21:06","00:00:06","https://nsearchives.nseindia.com/corporate/COALINDIA_22112021162100_BSENSE.pdf"
"COALINDIA","Coal India Limited","Copy of Newspaper Publication","Coal India Limited has informed the Exchange about Copy of Newspaper Publication","15-Nov-2021 11:28:53","2021-11-15 11:28:53","15-Nov-2021 11:28:58","00:00:05","https://nsearchives.nseindia.com/corporate/COALINDIA_15112021112853_newspapersept21.pdf"
"COALINDIA","Coal India Limited","Updates","Coal India Limited has informed the Exchange regarding 'Presentation made by Company '.","12-Nov-2021 18:37:08","2021-11-12 18:37:08","12-Nov-2021 18:37:20","00:00:12","https://nsearchives.nseindia.com/corporate/COALINDIA_12112021183708_sep21PPT.pdf"
"COALINDIA","Coal India Limited","Financial Result Updates","Coal India Limited has submitted to the Exchange, the financial results for the period ended September 30, 2021.","12-Nov-2021 18:26:29","2021-11-12 18:26:29","12-Nov-2021 18:28:04","00:01:35","https://nsearchives.nseindia.com/corporate/Result_12112021182629.PDF"
"COALINDIA","Coal India Limited","Reply to Clarification Sought","COALINDIA: The Exchange had sought clarification from Coal India Limited with respect to announcement dated 03-Nov-2021, regarding Change in Director(s) of the Company. On basis of above the Company was required to clarify following: 1. Brief profile (in case of appointment)The response of the Company is attached.","10-Nov-2021 12:59:30","2021-11-10 12:59:30","10-Nov-2021 12:59:34","00:00:04","https://nsearchives.nseindia.com/corporate/COALINDIA_10112021125930_debarmentandbriefprofile.pdf"
"COALINDIA","Coal India Limited","Reply to Clarification Sought","COALINDIA:The Exchange had sought clarification from Coal India Limited with respect to announcement dated 05-Nov-2021, regarding Change in Director(s) of the company. On basis of above the Company was required to clarify following: 1. Brief profile (in case of appointment) The response of the Company is attached.","09-Nov-2021 18:49:03","2021-11-09 18:49:03","09-Nov-2021 18:49:10","00:00:07","https://nsearchives.nseindia.com/corporate/COALINDIA_09112021184903_debarmentandbriefprofil.pdf"
"COALINDIA","Coal India Limited","Reply to Clarification Sought","COALINDIA:The Exchange had sought clarification from Coal India Limited with respect to announcement dated 02-Nov-2021, regarding Change in Director(s) of the company. On basis of above the Company was required to clarify following: 1. Brief profile (in case of appointment) 2. Affirmation As Per Exchange Circular No. LIST/COMP/14/2018-19 Dated June 20, 2018 w.r.t. Enforcement of SEBI Orders Regarding Appointment Of Directors By Listed Companies. The response of the Company is attached.","09-Nov-2021 18:37:01","2021-11-09 18:37:01","09-Nov-2021 18:37:11","00:00:10","https://nsearchives.nseindia.com/corporate/COALINDIA_09112021183700_debarmentandbriefprofile.pdf"
"COALINDIA","Coal India Limited","Reply to Clarification Sought","COALINDIA: The Exchange had sought clarification from Coal India Limited with respect to announcement dated 02-Nov-2021, regarding�� Appointment of non official part-time directors on the Board of Coal India Limited. On basis of above the Company was required to clarify following: 1. Brief profile (in case of appointment). The response of the Company is attached.","09-Nov-2021 17:44:25","2021-11-09 17:44:25","09-Nov-2021 17:44:30","00:00:05","https://nsearchives.nseindia.com/corporate/COALINDIA_09112021174425_debarmentandbriefprofile.pdf"
"COALINDIA","Coal India Limited","Clarification","COALINDIA:The Exchange has sought clarification from Coal India Limited with respect to announcement dated 05-Nov-2021, regarding Change in Director(s) of the company. On basis of above the Company is required to clarify following: 1. Brief profile (in case of appointment)The response of the Company is awaited.","09-Nov-2021 10:15:37","2021-11-09 10:15:37","09-Nov-2021 10:15:42","00:00:05","-"
"COALINDIA","Coal India Limited","Change in Director(s)","Coal India Limited has informed the Exchange regarding Change in Director(s) of the company.","05-Nov-2021 15:28:28","2021-11-05 15:28:28","05-Nov-2021 15:28:33","00:00:05","https://nsearchives.nseindia.com/corporate/COALINDIA_05112021152828_drarunkumar.pdf"
"COALINDIA","Coal India Limited","Clarification","COALINDIA:The Exchange has sought clarification from Coal India Limited with respect to announcement dated 02-Nov-2021, regarding Change in Director(s) of the company. On basis of above the Company is required to clarify following: 1. Brief profile (in case of appointment) 2. Affirmation As Per Exchange Circular No. LIST/COMP/14/2018-19 Dated June 20, 2018 w.r.t. Enforcement of SEBI Orders Regarding Appointment Of Directors By Listed Companies. The response of the Company is awaited.","03-Nov-2021 21:45:38","2021-11-03 21:45:38","03-Nov-2021 21:45:42","00:00:04","-"
"COALINDIA","Coal India Limited","Clarification","COALINDIA:The Exchange has sought clarification from Coal India Limited with respect to announcement dated 02-Nov-2021, regarding�� Appointment of non official part-time directors on the Board of Coal India Limited. On basis of above the Company is required to clarify following: 1. Brief profile (in case of appointment)The response of the Company is awaited.","03-Nov-2021 17:47:19","2021-11-03 17:47:19","03-Nov-2021 17:47:26","00:00:07","-"
"COALINDIA","Coal India Limited","Clarification","COALINDIA: The Exchange has sought clarification from Coal India Limited with respect to announcement dated 03-Nov-2021, regarding Change in Director(s) of the Company. On basis of above the Company is required to clarify following: 1. Brief profile (in case of appointment)The response of the Company is awaited.","03-Nov-2021 14:42:40","2021-11-03 14:42:40","03-Nov-2021 14:42:47","00:00:07","-"
"COALINDIA","Coal India Limited","Change in Director(s)","Coal India Limited has informed the Exchange regarding Change in Director(s) of the company.","03-Nov-2021 10:37:57","2021-11-03 10:37:57","03-Nov-2021 10:38:12","00:00:15","https://nsearchives.nseindia.com/corporate/COALINDIA_03112021103757_Kamleshkantacharya.pdf"
"COALINDIA","Coal India Limited","Change in Director(s)","Coal India Limited has informed the Exchange regarding Change in Director(s) of the company.","02-Nov-2021 17:15:04","2021-11-02 17:15:04","02-Nov-2021 17:15:10","00:00:06","https://nsearchives.nseindia.com/corporate/COALINDIA_02112021171504_makwanapoonambhai.pdf"
"COALINDIA","Coal India Limited","Change in Director(s)","Coal India Limited has informed the Exchange regarding Change in Director(s) of the company.","02-Nov-2021 12:16:30","2021-11-02 12:16:30","02-Nov-2021 12:16:39","00:00:09","https://nsearchives.nseindia.com/corporate/COALINDIA_02112021121630_independentdirector.pdf"
"COALINDIA","Coal India Limited","Updates","Coal India Limited has informed the Exchange regarding 'Provisional Production and Off-take Performance of CIL and Subsidiary Companies for the month of October 21 and for the period Apr 21-Oct 21. '.","01-Nov-2021 14:26:54","2021-11-01 14:26:54","01-Nov-2021 14:26:58","00:00:04","https://nsearchives.nseindia.com/corporate/COALINDIA_01112021142654_prdnoct21.pdf"
"COALINDIA","Coal India Limited","Updates","Coal India Limited has informed the Exchange regarding 'News Clarification-  Coal India temporarily halts supply to non-power customers""'.","22-Oct-2021 15:40:54","2021-10-22 15:40:54","22-Oct-2021 15:40:58","00:00:04","https://nsearchives.nseindia.com/corporate/COALINDIA_22102021154054_BSENSE.pdf"
"COALINDIA","Coal India Limited","News Verification","The Exchange has sought clarification from Coal India Limited with respect to recent news item captioned Coal India temporarily halts supply to non-power customers: Report.  The response from the Company is attached.","19-Oct-2021 17:34:00","2021-10-19 17:34:00","19-Oct-2021 17:34:54","00:00:54","https://nsearchives.nseindia.com/corporate/COALINDIA_19102021173447_bseclarification.pdf"
"COALINDIA","Coal India Limited","News Verification","The Exchange has sought clarification from Coal India Limited with respect to recent news item captioned Coal India temporarily halts supply to non-power customers: Report.  The response from the Company is awaited.","18-Oct-2021 18:55:00","2021-10-18 18:55:00","18-Oct-2021 18:55:45","00:00:45","-"
"COALINDIA","Coal India Limited","Updates","Coal India Limited has informed the Exchange regarding 'Report on Corporate Governance-Annexure-I, III & IV for the 2nd Quarter and the Half Yearly ended 30th September  2021'.","08-Oct-2021 12:50:40","2021-10-08 12:50:40","08-Oct-2021 12:50:45","00:00:05","https://nsearchives.nseindia.com/corporate/COALINDIA_08102021125040_BSECG.pdf"
"COALINDIA","Coal India Limited","Updates","Coal India Limited has informed the Exchange regarding 'In-Principle approval to Pre Feasibility Report for setting up of Integrated Greenfield Aluminium Project'.","05-Oct-2021 18:13:37","2021-10-05 18:13:37","05-Oct-2021 18:13:42","00:00:05","https://nsearchives.nseindia.com/corporate/COALINDIA_05102021181337_REG30.pdf"
"COALINDIA","Coal India Limited","Certificate under SEBI (Depositories and Participants) Regulations, 2018","Coal India Limited has informed the Exchange about Certificate under SEBI (Depositories and Participants) Regulations, 2018","05-Oct-2021 13:59:19","2021-10-05 13:59:19","05-Oct-2021 13:59:25","00:00:06","https://nsearchives.nseindia.com/corporate/COALINDIA_05102021135919_Reg74.pdf"
"COALINDIA","Coal India Limited","Updates","Coal India Limited has informed the Exchange regarding 'Provisional Production and Off-take Performance of CIL and Subsidiary Companies for the month of September 21 and for the period Apr 21-Sep 21'.","01-Oct-2021 16:28:39","2021-10-01 16:28:39","01-Oct-2021 16:28:45","00:00:06","https://nsearchives.nseindia.com/corporate/COALINDIA_01102021162839_prodsep21.pdf"
"COALINDIA","Coal India Limited","Trading Window","Coal India Limited has informed the Exchange regarding the Trading Window closure pursuant to SEBI (Prohibition of Insider Trading) Regulations, 2015","28-Sep-2021 14:46:16","2021-09-28 14:46:16","28-Sep-2021 14:46:24","00:00:08","https://nsearchives.nseindia.com/corporate/COALINDIA_28092021144616_Tradingwindow.pdf"
"COALINDIA","Coal India Limited","Updates","Coal India Limited has informed the Exchange regarding 'Extension of tenure of Shri Samiran Dutta, Director (Finance), CIL'.","27-Sep-2021 16:04:07","2021-09-27 16:04:07","27-Sep-2021 16:04:13","00:00:06","https://nsearchives.nseindia.com/corporate/COALINDIA_27092021160407_BSE.pdf"
"COALINDIA","Coal India Limited","Updates","Coal India Limited has informed the Exchange regarding 'Appointment of Permanent Invitee on the Board of CIL'.","27-Sep-2021 12:09:07","2021-09-27 12:09:07","27-Sep-2021 12:09:13","00:00:06","https://nsearchives.nseindia.com/corporate/COALINDIA_27092021120907_bsense.pdf"
"COALINDIA","Coal India Limited","Updates","Coal India Limited has informed the Exchange regarding 'Minutes of 47th  AGM of Coal India Limited '.","23-Sep-2021 11:42:03","2021-09-23 11:42:03","23-Sep-2021 11:42:15","00:00:12","https://nsearchives.nseindia.com/corporate/COALINDIA_23092021114203_AGMminutes.pdf"
"COALINDIA","Coal India Limited","Updates","Coal India Limited has informed the Exchange regarding 'Participation of CIL in India Investor Summit 2021'.","21-Sep-2021 11:57:16","2021-09-21 11:57:16","21-Sep-2021 11:57:20","00:00:04","https://nsearchives.nseindia.com/corporate/COALINDIA_21092021115716_bse.pdf"
"COALINDIA","Coal India Limited","Updates","Coal India Limited has informed the Exchange regarding 'Transcript of 47th AGM of Coal India Limited held on 15th Sept 2021 '.","17-Sep-2021 17:23:50","2021-09-17 17:23:50","17-Sep-2021 17:23:54","00:00:04","https://nsearchives.nseindia.com/corporate/COALINDIA_17092021172350_NSE.pdf"
"COALINDIA","Coal India Limited","Copy of Newspaper Publication","Coal India Limited has informed the Exchange about Copy of Newspaper Publication","16-Sep-2021 16:45:40","2021-09-16 16:45:40","16-Sep-2021 16:45:44","00:00:04","https://nsearchives.nseindia.com/corporate/COALINDIA_16092021164540_CS16092021.pdf"
"COALINDIA","Coal India Limited","Updates","Coal India Limited has informed the Exchange regarding 'Declaration of Results of 47th AGM of Coal India Limited '.","16-Sep-2021 12:09:54","2021-09-16 12:09:54","16-Sep-2021 12:09:59","00:00:05","https://nsearchives.nseindia.com/corporate/COALINDIA_16092021120954_DeclarationofResults.pdf"
"COALINDIA","Coal India Limited","Updates","Coal India Limited has informed the Exchange regarding '47th AGM Proceedings Of Coal India Limited Along With Chairman Speech Held On 15.09.2021'.","15-Sep-2021 17:27:03","2021-09-15 17:27:03","15-Sep-2021 17:27:07","00:00:04","https://nsearchives.nseindia.com/corporate/COALINDIA_15092021172703_NSE.PDF"
"COALINDIA","Coal India Limited","Updates","Coal India Limited has informed the Exchange regarding ' Provisional Production and Off-take Performance of CIL and Subsidiary Companies for the month of August 21 and for the period Apr 21-August 21.'.","01-Sep-2021 19:45:05","2021-09-01 19:45:05","01-Sep-2021 19:45:12","00:00:07","https://nsearchives.nseindia.com/corporate/COALINDIA_01092021194505_production.pdf"
"COALINDIA","Coal India Limited","Copy of Newspaper Publication","Coal India Limited has informed the Exchange about Copy of Newspaper Publication","19-Aug-2021 12:44:06","2021-08-19 12:44:06","19-Aug-2021 12:44:12","00:00:06","https://nsearchives.nseindia.com/corporate/COALINDIA_19082021124406_Newspaper.pdf"
"COALINDIA","Coal India Limited","Record Date","Coal India Limited has informed the Exchange that Record date for the purpose of Dividend  is 03-Sep-2021.","16-Aug-2021 15:12:10","2021-08-16 15:12:10","16-Aug-2021 15:12:16","00:00:06","https://nsearchives.nseindia.com/corporate/COALINDIA_16082021151210_AR.pdf"
"COALINDIA","Coal India Limited","Copy of Newspaper Publication","Coal India Limited has informed the Exchange about Copy of Newspaper Publication","16-Aug-2021 14:39:53","2021-08-16 14:39:53","16-Aug-2021 14:43:39","00:03:46","https://nsearchives.nseindia.com/corporate/COALINDIA_16082021143953_News.pdf"
"COALINDIA","Coal India Limited","Analysts/Institutional Investor Meet/Con. Call Updates","Coal India Limited has informed the Exchange about Analysts/Institutional Investor Meet/Con. Call Updates","16-Aug-2021 12:31:48","2021-08-16 12:31:48","16-Aug-2021 12:32:14","00:00:26","https://nsearchives.nseindia.com/corporate/COALINDIA_16082021123148_Trans.pdf"
"COALINDIA","Coal India Limited","Updates","Coal India Limited has informed the Exchange regarding 'PUBLIC NOTICE OF CONVENING FORTY-SEVENTH AGM MEETING TO BE HELD THROUGH VIDEO CONFERENCING(VC)/ OTHER AUDIO VISUAL MEANS (OAVM)'.","13-Aug-2021 16:12:41","2021-08-13 16:12:41","13-Aug-2021 16:12:59","00:00:18","https://nsearchives.nseindia.com/corporate/COALINDIA_13082021161241_Exchange.pdf"
"COALINDIA","Coal India Limited","Analysts/Institutional Investor Meet/Con. Call Updates","Coal India Limited has informed the Exchange about Analysts/Institutional Investor Meet/Con. Call Updates","13-Aug-2021 13:52:55","2021-08-13 13:52:55","13-Aug-2021 13:53:24","00:00:29","https://nsearchives.nseindia.com/corporate/COALINDIA_13082021135255_Audio.pdf"
"COALINDIA","Coal India Limited","Analysts/Institutional Investor Meet/Con. Call Updates","Coal India Limited has informed the Exchange about Analysts/Institutional Investor Meet/Con. Call Updates","12-Aug-2021 12:55:59","2021-08-12 12:55:59","12-Aug-2021 12:56:15","00:00:16","https://nsearchives.nseindia.com/corporate/COALINDIA_12082021125559_CorporatePresentation.pdf"
"COALINDIA","Coal India Limited","Copy of Newspaper Publication","Coal India Limited has informed the Exchange about Copy of Newspaper Publication","11-Aug-2021 14:51:57","2021-08-11 14:51:57","11-Aug-2021 14:52:12","00:00:15","https://nsearchives.nseindia.com/corporate/COALINDIA_11082021145157_Newspaper.pdf"
"COALINDIA","Coal India Limited","Investor Presentation","Coal India Limited has informed the Exchange about Investor Presentation","10-Aug-2021 14:36:40","2021-08-10 14:36:40","10-Aug-2021 14:36:45","00:00:05","https://nsearchives.nseindia.com/corporate/COALINDIA_10082021143640_PPTInvestor.pdf"
"COALINDIA","Coal India Limited","Financial Result Updates","Coal India Limited has submitted to the Exchange, the financial results for the period ended June 30, 2021.","10-Aug-2021 14:22:41","2021-08-10 14:22:41","10-Aug-2021 14:24:12","00:01:31","https://nsearchives.nseindia.com/corporate/resultsfinal_10082021142241.pdf"
"COALINDIA","Coal India Limited","Analysts/Institutional Investor Meet/Con. Call Updates","Coal India Limited has informed the Exchange about Analysts/Institutional Investor Meet/Con. Call Updates","10-Aug-2021 10:33:46","2021-08-10 10:33:46","10-Aug-2021 10:33:52","00:00:06","https://nsearchives.nseindia.com/corporate/COALINDIA_10082021103346_Analyst.pdf"
"COALINDIA","Coal India Limited","Updates","Coal India Limited has informed the Exchange regarding 'Temporary Closure of Mines at North Eastern Coalfields Limited (NEC) of Coal India Limited. '.","09-Aug-2021 15:39:23","2021-08-09 15:39:23","09-Aug-2021 15:39:28","00:00:05","https://nsearchives.nseindia.com/corporate/COALINDIA_09082021153923_REG30.pdf"
"COALINDIA","Coal India Limited","Updates","Coal India Limited has informed the Exchange regarding 'Provisional Production and Offtake Performances of CIL and its Subsidiary Companies for the month of July21 and for the period Apr 21 to July 21'.","01-Aug-2021 20:45:41","2021-08-01 20:45:41","01-Aug-2021 20:45:46","00:00:05","https://nsearchives.nseindia.com/corporate/COALINDIA_01082021204541_bsensejuly21.pdf"
"COALINDIA","Coal India Limited","Updates","Coal India Limited has informed the Exchange regarding 'Change in Rapid Loading Charges and Evacuation Facility charges'.","31-Jul-2021 12:42:24","2021-07-31 12:42:24","31-Jul-2021 12:42:30","00:00:06","https://nsearchives.nseindia.com/corporate/COALINDIA_31072021124224_bsenseinfo.pdf"
"COALINDIA","Coal India Limited","News Verification","The Exchange has sought clarification from Coal India Limited with respect to recent news item captioned CIL arm CCL seeks reconciliation on Jharkhand's Rs 56,000 cr dues demand from Coal India.  The response from the Company is attached.","28-Jul-2021 15:41:00","2021-07-28 15:41:00","28-Jul-2021 15:41:33","00:00:33","https://nsearchives.nseindia.com/corporate/COALINDIA_28072021154126_28072021152343_001.pdf"
"COALINDIA","Coal India Limited","Change in Director(s)","Coal India Limited has informed the Exchange regarding Change in Director(s) of the company.","28-Jul-2021 14:07:25","2021-07-28 14:07:25","28-Jul-2021 14:07:30","00:00:05","https://nsearchives.nseindia.com/corporate/COALINDIA_28072021140725_VinayAppt.pdf"
"COALINDIA","Coal India Limited","News Verification","The Exchange has sought clarification from Coal India Limited with respect to recent news item captioned CIL arm CCL seeks reconciliation on Jharkhand's Rs 56,000 cr dues demand from Coal India.  The response from the Company is awaited.","27-Jul-2021 16:46:00","2021-07-27 16:46:00","27-Jul-2021 16:46:41","00:00:41","-"
"COALINDIA","Coal India Limited","Certificate under SEBI (Depositories and Participants) Regulations, 2018","Coal India Limited has informed the Exchange about Certificate under SEBI (Depositories and Participants) Regulations, 2018","05-Jul-2021 11:22:25","2021-07-05 11:22:25","05-Jul-2021 11:22:28","00:00:03","https://nsearchives.nseindia.com/corporate/COALINDIA_05072021112225_74_5.pdf"
"COALINDIA","Coal India Limited","Reply to Clarification Sought","COALINDIA: The Exchange had sought clarification from Coal India Limited with respect to announcement dated 01-Jul-2021, regarding Change in Director and Chief Financial Officer of the company. On basis of above the company was required to clarify following - 1. Brief profile (in case of appointment of additional charge director and chief financial officer) 2. Disclosure of relationships between directors (in case of appointment of additional charge director) The response of the Company is attached.","02-Jul-2021 22:56:26","2021-07-02 22:56:26","02-Jul-2021 22:56:30","00:00:04","https://nsearchives.nseindia.com/corporate/COALINDIA_02072021225626_IMG_0002.pdf"
"COALINDIA","Coal India Limited","Clarification","COALINDIA: The Exchange has sought clarification from Coal India Limited with respect to announcement dated 01-Jul-2021,��regarding Change in Director and Chief Financial Officer of the company. On basis of above you are required to clarify following - 1. Brief profile (in case of appointment of additional charge director and chief financial officer) 2. Disclosure of relationships between directors (in case of appointment of additional charge director) The response of the Company is awaited.","02-Jul-2021 16:17:17","2021-07-02 16:17:17","02-Jul-2021 16:17:33","00:00:16","-"
"COALINDIA","Coal India Limited","Updates","Coal India Limited has informed the Exchange regarding 'Provisional Production and Off-take Performance of CIL and Subsidiary Companies for the month of June 21 and for the period Apr 21-June 21. '.","01-Jul-2021 16:01:02","2021-07-01 16:01:02","01-Jul-2021 16:01:11","00:00:09","https://nsearchives.nseindia.com/corporate/COALINDIA_01072021160101_Production.pdf"
"COALINDIA","Coal India Limited","Change in Director(s)","Coal India Limited has informed the Exchange regarding Change in Director(s) of the company.","01-Jul-2021 12:30:23","2021-07-01 12:30:23","01-Jul-2021 12:30:35","00:00:12","https://nsearchives.nseindia.com/corporate/COALINDIA_01072021123023_Director.pdf"
"COALINDIA","Coal India Limited","Trading Window","Coal India Limited has informed the Exchange regarding the Trading Window closure pursuant to SEBI (Prohibition of Insider Trading) Regulations, 2015","25-Jun-2021 11:30:01","2021-06-25 11:30:01","25-Jun-2021 11:30:20","00:00:19","https://nsearchives.nseindia.com/corporate/COALINDIA_25062021113001_IMG_0001.pdf"
"COALINDIA","Coal India Limited","Related Party Transactions","Coal India Limited has informed the Exchange about related Party Transactions","22-Jun-2021 14:04:29","2021-06-22 14:04:29","22-Jun-2021 14:04:38","00:00:09","https://nsearchives.nseindia.com/corporate/COALINDIA_22062021140429_rptfILLING.pdf"
"COALINDIA","Coal India Limited","Analysts/Institutional Investor Meet/Con. Call Updates","Coal India Limited has informed the Exchange about Analysts/Institutional Investor Meet/Con. Call Updates","21-Jun-2021 10:48:24","2021-06-21 10:48:24","21-Jun-2021 10:48:29","00:00:05","https://nsearchives.nseindia.com/corporate/COALINDIA_21062021104824_Analystoutcome.pdf"
"COALINDIA","Coal India Limited","Analysts/Institutional Investor Meet/Con. Call Updates","Coal India Limited has informed the Exchange about Analysts/Institutional Investor Meet/Con. Call Updates","18-Jun-2021 10:55:23","2021-06-18 10:55:23","18-Jun-2021 10:55:28","00:00:05","https://nsearchives.nseindia.com/corporate/COALINDIA_18062021105523_Q4Concall.pdf"
"COALINDIA","Coal India Limited","Updates","Coal India Limited has informed the Exchange regarding 'Appointment of Ms. Nirupama Kotru, Joint Secretary & Financial Adviser, Ministry of Coal as Part time Official Director on the Board of Coal India Limited (CIL)'.","16-Jun-2021 17:37:28","2021-06-16 17:37:28","16-Jun-2021 17:37:32","00:00:04","https://nsearchives.nseindia.com/corporate/COALINDIA_16062021173728_JSFA.pdf"
"COALINDIA","Coal India Limited","Copy of Newspaper Publication","Coal India Limited has informed the Exchange about Copy of Newspaper Publication","16-Jun-2021 15:30:12","2021-06-16 15:30:12","16-Jun-2021 15:30:19","00:00:07","https://nsearchives.nseindia.com/corporate/COALINDIA_16062021153012_Newspaper.pdf"
"COALINDIA","Coal India Limited","Updates","Coal India Limited has informed the Exchange regarding 'Revised Corporate Presentation of Coal India Ltd.- Conference Call'.","16-Jun-2021 14:59:42","2021-06-16 14:59:42","16-Jun-2021 14:59:50","00:00:08","https://nsearchives.nseindia.com/corporate/COALINDIA_16062021145942_revisedcorporatepresentation.pdf"
"COALINDIA","Coal India Limited","Change in Director(s)","Coal India Limited has informed the Exchange regarding Change in Director(s) of the company.","16-Jun-2021 10:54:24","2021-06-16 10:54:24","16-Jun-2021 10:54:28","00:00:04","https://nsearchives.nseindia.com/corporate/COALINDIA_16062021105424_IMG_0003.pdf"
"COALINDIA","Coal India Limited","Change in Director(s)","Coal India Limited has informed the Exchange regarding Change in Director(s) of the company.","15-Jun-2021 17:01:23","2021-06-15 17:01:23","15-Jun-2021 17:01:27","00:00:04","https://nsearchives.nseindia.com/corporate/COALINDIA_15062021170123_IMG_0004.pdf"
"COALINDIA","Coal India Limited","Updates","Coal India Limited has informed the Exchange regarding 'Corporate Presentation of Coal India Ltd.- Conference Call'.","15-Jun-2021 13:41:24","2021-06-15 13:41:24","15-Jun-2021 13:41:30","00:00:06","https://nsearchives.nseindia.com/corporate/COALINDIA_15062021134124_Corppresentation.pdf"
"COALINDIA","Coal India Limited","Analysts/Institutional Investor Meet/Con. Call Updates","Coal India Limited has informed the Exchange about Analysts/Institutional Investor Meet/Con. Call Updates","14-Jun-2021 17:37:31","2021-06-14 17:37:31","14-Jun-2021 17:37:35","00:00:04","https://nsearchives.nseindia.com/corporate/COALINDIA_14062021173731_analyst.pdf"
"COALINDIA","Coal India Limited","Analysts/Institutional Investor Meet/Con. Call Updates","Coal India Limited has informed the Exchange about Analysts/Institutional Investor Meet/Con. Call Updates","14-Jun-2021 17:22:02","2021-06-14 17:22:02","14-Jun-2021 17:22:14","00:00:12","https://nsearchives.nseindia.com/corporate/COALINDIA_14062021172202_IMG_0002.pdf"
"COALINDIA","Coal India Limited","Updates","Coal India Limited has informed the Exchange regarding 'Presentation made by Company '.","14-Jun-2021 16:53:08","2021-06-14 16:53:08","14-Jun-2021 16:53:14","00:00:06","https://nsearchives.nseindia.com/corporate/COALINDIA_14062021165308_InvestorPPT.pdf"
"COALINDIA","Coal India Limited","Dividend","Coal India Limited has informed the Exchange that Board of Directors at its meeting held on Jun 14, 2021, recommended Final Dividend of 3.50 per equity share.","14-Jun-2021 16:25:29","2021-06-14 16:25:29","14-Jun-2021 16:25:38","00:00:09","https://nsearchives.nseindia.com/corporate/COALINDIA_14062021162529_FinalDividendFY202021.pdf"
"COALINDIA","Coal India Limited","Financial Result Updates","Coal India Limited has submitted to the Exchange, the financial results for the period ended March 31, 2021.","14-Jun-2021 16:23:30","2021-06-14 16:23:30","14-Jun-2021 16:25:03","00:01:33","https://nsearchives.nseindia.com/corporate/results31032021_14062021162330.pdf"
"COALINDIA","Coal India Limited","Analysts/Institutional Investor Meet/Con. Call Updates","Coal India Limited has informed the Exchange about Analysts/Institutional Investor Meet/Con. Call Updates","10-Jun-2021 17:03:34","2021-06-10 17:03:34","10-Jun-2021 17:03:42","00:00:08","https://nsearchives.nseindia.com/corporate/COALINDIA_10062021170334_Analystsmeet.pdf"
"COALINDIA","Coal India Limited","Updates","Coal India Limited has informed the Exchange regarding 'Provisional Production and Off-take Performance of CIL and Subsidiary Companies for the month of May 21 and for the period Apr 21-May 21'.","01-Jun-2021 11:58:42","2021-06-01 11:58:42","01-Jun-2021 11:58:48","00:00:06","https://nsearchives.nseindia.com/corporate/COALINDIA_01062021115842_IMG_0003.pdf"
"COALINDIA","Coal India Limited","Updates","Coal India Limited has informed the Exchange regarding 'Appointment of Company Secretary & Compliance Officer at Coal India Limited. '.","01-Jun-2021 11:36:27","2021-06-01 11:36:27","01-Jun-2021 11:36:35","00:00:08","https://nsearchives.nseindia.com/corporate/COALINDIA_01062021113627_IMG_0002.pdf"
"COALINDIA","Coal India Limited","Annual Disclosure","Coal India Limited has submitted to the Exchange Annual Disclosure as per SEBI Circular dated November 26, 2018.","11-May-2021 05:05:30","2021-05-11 05:05:30","11-May-2021 17:14:34","12:09:04","https://nsearchives.nseindia.com/corporate/COALINDIA_11052021171321_LC_001.pdf"
"COALINDIA","Coal India Limited","Updates","Coal India Limited has informed the Exchange regarding 'Appointment of Permanent Invitee on the Board of CIL '.","10-May-2021 18:44:30","2021-05-10 18:44:30","10-May-2021 18:44:35","00:00:05","https://nsearchives.nseindia.com/corporate/COALINDIA_10052021184430_Permanentinvitee.pdf"
"COALINDIA","Coal India Limited","Reply to Clarification Sought","COALINDIA:The Exchange had sought clarification from Coal India Limited with respect to announcement dated 27-Apr-2021, regarding Appointment of Shri Anil Kumar Nayak, Additional Secretary & Financial Adviser, Ministry of Coal as Part time Official Director on the Board of Coal India Limited (CIL). On basis of above the Company was required to clarify following: 1. Brief profile (in case of appointment) 2. Disclosure of relationships between directors (in case of appointment of a director). The response of the Company is attached.","04-May-2021 22:00:12","2021-05-04 22:00:12","04-May-2021 22:00:26","00:00:14","https://nsearchives.nseindia.com/corporate/COALINDIA_04052021220012_NSE1.pdf"
"COALINDIA","Coal India Limited","Updates","Coal India Limited has informed the Exchange regarding 'Provisional Production and Off-take Performance of CIL and Subsidiary Companies for the month of Apr'21'.","01-May-2021 19:09:15","2021-05-01 19:09:15","01-May-2021 19:09:23","00:00:08","https://nsearchives.nseindia.com/corporate/COALINDIA_01052021190915_Production.pdf"
"COALINDIA","Coal India Limited","Reply to Clarification Sought","COALINDIA: The Exchange had sought clarification from Coal India Limited with respect to announcement dated 16-Apr-2021, regarding 'Incorporation Of Two Wholly Owned Subsidiaries Of Coal India Limited'. On basis of above the Company was required to clarify following: 1. Cost of acquisition or the price at which the shares are acquired;2. Nature of consideration - whether cash consideration or share swap and details of the same;The response of the Company is attached.","30-Apr-2021 16:47:49","2021-04-30 16:47:49","30-Apr-2021 16:47:55","00:00:06","https://nsearchives.nseindia.com/corporate/COALINDIA_30042021164749_COALINDIA.pdf"
"COALINDIA","Coal India Limited","Clarification","COALINDIA:The Exchange has sought clarification from Coal India Limited with respect to announcement dated 27-Apr-2021, regarding Appointment of Shri Anil Kumar Nayak, Additional Secretary & Financial Adviser, Ministry of Coal as Part time Official Director on the Board of Coal India Limited (CIL). On basis of above the Company is required to clarify following: 1. Brief profile (in case of appointment)2. Disclosure of relationships between directors (in case of appointment of a director).The response of the Company is awaited.","28-Apr-2021 18:01:19","2021-04-28 18:01:19","28-Apr-2021 18:01:30","00:00:11","-"
"COALINDIA","Coal India Limited","Updates","Coal India Limited has informed the Exchange regarding 'Appointment of Shri Anil Kumar Nayak, Additional Secretary & Financial Adviser, Ministry of Coal as Part time Official Director on the Board of Coal India Limited (CIL)'.","27-Apr-2021 15:06:01","2021-04-27 15:06:01","27-Apr-2021 15:06:16","00:00:15","https://nsearchives.nseindia.com/corporate/COALINDIA_27042021150601_App.pdf"
"COALINDIA","Coal India Limited","Clarification","COALINDIA: The Exchange has sought clarification from Coal India Limited with respect to announcement dated 16-Apr-2021, regarding 'Incorporation Of Two Wholly Owned Subsidiaries Of Coal India Limited'. On basis of above the Company is required to clarify following: 1. Cost of acquisition or the price at which the shares are acquired;2. Nature of consideration - whether cash consideration or share swap and details of the same;The response of the Company is awaited.","19-Apr-2021 13:47:23","2021-04-19 13:47:23","19-Apr-2021 13:47:28","00:00:05","-"
"COALINDIA","Coal India Limited","Updates","Coal India Limited has informed the Exchange regarding 'Incorporation Of Two Wholly Owned Subsidiaries Of Coal India Limited'.","16-Apr-2021 16:38:51","2021-04-16 16:38:51","16-Apr-2021 16:38:58","00:00:07","https://nsearchives.nseindia.com/corporate/COALINDIA_16042021163851_REG30.pdf"
"COALINDIA","Coal India Limited","Disclosure under SEBI Takeover Regulations","Promoter/Member of the Promoter Group of the Company has informed the Exchange regarding disclosure under Regulation 30 and Regulation 31(4) of SEBI SAST Regulations 2011 as on March 31, 2021","15-Apr-2021 14:54:16","2021-04-15 14:54:16","15-Apr-2021 14:54:23","00:00:07","https://nsearchives.nseindia.com/corporate/COALINDIA_15042021145416_Coal.pdf"
"COALINDIA","Coal India Limited","Certificate under SEBI (Depositories and Participants) Regulations, 2018","Coal India Limited has informed the Exchange about Certificate under SEBI (Depositories and Participants) Regulations, 2018","06-Apr-2021 11:40:37","2021-04-06 11:40:37","06-Apr-2021 11:40:45","00:00:08","https://nsearchives.nseindia.com/corporate/COALINDIA_06042021114037_74_5_.pdf"
"COALINDIA","Coal India Limited","Updates","Coal India Limited has informed the Exchange regarding 'Provisional Production and Off-take Performance of CIL and Subsidiary Companies for the month of March 21 and for the period April  20- March 21. '.","01-Apr-2021 14:04:21","2021-04-01 14:04:21","01-Apr-2021 14:04:31","00:00:10","https://nsearchives.nseindia.com/corporate/COALINDIA_01042021140421_Production.pdf"
"COALINDIA","Coal India Limited","Trading Window","Coal India Limited has informed the Exchange regarding the Trading Window closure pursuant to SEBI (Prohibition of Insider Trading) Regulations, 2015","30-Mar-2021 11:17:06","2021-03-30 11:17:06","30-Mar-2021 11:17:13","00:00:07","https://nsearchives.nseindia.com/corporate/COALINDIA_30032021111706_tradingwindow30march21.pdf"
"COALINDIA","Coal India Limited","Analysts/Institutional Investor Meet/Con. Call Updates","Coal India Limited has informed the Exchange about Analysts/Institutional Investor Meet/Con. Call Updates","05-Mar-2021 13:28:24","2021-03-05 13:28:24","05-Mar-2021 13:28:27","00:00:03","https://nsearchives.nseindia.com/corporate/COALINDIA_05032021132824_mf.pdf"
"COALINDIA","Coal India Limited","Analysts/Institutional Investor Meet/Con. Call Updates","Coal India Limited has informed the Exchange about Analysts/Institutional Investor Meet/Con. Call Updates","05-Mar-2021 13:17:17","2021-03-05 13:17:17","05-Mar-2021 13:17:22","00:00:05","https://nsearchives.nseindia.com/corporate/COALINDIA_05032021131717_Lazard.pdf"
"COALINDIA","Coal India Limited","Dividend","Coal India Limited has informed the Exchange that Board of Directors at its meeting held on March 05, 2021, declared Interim Dividend of 5 per equity share.","05-Mar-2021 12:10:29","2021-03-05 12:10:29","05-Mar-2021 12:10:34","00:00:05","https://nsearchives.nseindia.com/corporate/COALINDIA_05032021121029_dividend.pdf"
"COALINDIA","Coal India Limited","Updates","Coal India Limited has informed the Exchange regarding 'Provisional Production and off take performances of CIL and its Subsidiaries Companies for the month of Feb 21 and for the period Apr'20 to Feb21'.","01-Mar-2021 21:07:45","2021-03-01 21:07:45","01-Mar-2021 21:07:48","00:00:03","https://nsearchives.nseindia.com/corporate/COALINDIA_01032021210745_BSENSEFeb21.pdf"
"COALINDIA","Coal India Limited","Copy of Newspaper Publication","Coal India Limited has informed the Exchange about��Newspaper publication of Notice of Board Meeting for��2nd Interim Dividend for the Year 2020-21.","25-Feb-2021 17:00:07","2021-02-25 17:00:07","25-Feb-2021 17:00:15","00:00:08","https://nsearchives.nseindia.com/corporate/COALINDIA_25022021170007_2NDINTDIVNEWS.pdf"
"COALINDIA","Coal India Limited","Trading Window","Coal India Limited has informed the Exchange regarding the Trading Window closure pursuant to SEBI (Prohibition of Insider Trading) Regulations, 2015","23-Feb-2021 16:16:17","2021-02-23 16:16:17","23-Feb-2021 16:16:22","00:00:05","https://nsearchives.nseindia.com/corporate/COALINDIA_23022021161617_TradingWindowClosure.pdf"
"COALINDIA","Coal India Limited","Record Date","Coal India Limited has informed the Exchange that Record date for the purpose of Dividend  is 16-Mar-2021.","23-Feb-2021 16:07:41","2021-02-23 16:07:41","23-Feb-2021 16:07:45","00:00:04","https://nsearchives.nseindia.com/corporate/COALINDIA_23022021160741_Notice.pdf"
"COALINDIA","Coal India Limited","Copy of Newspaper Publication","Coal India Limited has informed the Exchange about Copy of Newspaper Publication","12-Feb-2021 12:46:59","2021-02-12 12:46:59","12-Feb-2021 12:47:06","00:00:07","https://nsearchives.nseindia.com/corporate/COALINDIA_12022021124659_Newspaperdec20.pdf"
"COALINDIA","Coal India Limited","Updates","Coal India Limited has informed the Exchange regarding 'Conference call for Financial Results for 3rd quarter ended 31st Dec 2020- Presentation to Analysts'.","11-Feb-2021 17:43:48","2021-02-11 17:43:48","11-Feb-2021 17:43:53","00:00:05","https://nsearchives.nseindia.com/corporate/COALINDIA_11022021174348_corporatepresentationdec20.pdf"
"COALINDIA","Coal India Limited","Updates","Coal India Limited has informed the Exchange regarding 'Presentation made by Company '.","11-Feb-2021 15:17:47","2021-02-11 15:17:47","11-Feb-2021 15:17:52","00:00:05","https://nsearchives.nseindia.com/corporate/COALINDIA_11022021151747_investorpptdec20.pdf"
"COALINDIA","Coal India Limited","Updates","Coal India Limited has informed the Exchange regarding 'Incorporation of Two Wholly Owned Subsidiaries of Coal India Limited.'.","11-Feb-2021 15:06:22","2021-02-11 15:06:22","11-Feb-2021 15:06:30","00:00:08","https://nsearchives.nseindia.com/corporate/COALINDIA_11022021150622_Subsidiariesreg30.pdf"
"COALINDIA","Coal India Limited","Updates","Coal India Limited has informed the Exchange regarding 'Presentation made by Company '.","11-Feb-2021 14:45:34","2021-02-11 14:45:34","11-Feb-2021 14:45:40","00:00:06","https://nsearchives.nseindia.com/corporate/COALINDIA_11022021144534_InvestorPPT.pdf"
"COALINDIA","Coal India Limited","Financial Result Updates","Coal India Limited has submitted to the Exchange, the financial results for the period ended December 31, 2020.","11-Feb-2021 14:32:05","2021-02-11 14:32:05","11-Feb-2021 14:34:05","00:02:00","https://nsearchives.nseindia.com/corporate/Result_11022021143205.zip"
"COALINDIA","Coal India Limited","Analysts/Institutional Investor Meet/Con. Call Updates","Coal India Limited has informed the Exchange about Analysts/Institutional Investor Meet/Con. Call Updates","05-Feb-2021 15:21:19","2021-02-05 15:21:19","05-Feb-2021 15:21:22","00:00:03","https://nsearchives.nseindia.com/corporate/COALINDIA_05022021152119_Investormeet.pdf"
"COALINDIA","Coal India Limited","Updates","Coal India Limited has informed the Exchange regarding 'Provisional Production and Offtake Performances of CIL and its Subsidiary Companies for the month of Jan 21 and for the Period Apr'20 to Jan 21'.","01-Feb-2021 19:09:41","2021-02-01 19:09:41","01-Feb-2021 19:09:48","00:00:07","https://nsearchives.nseindia.com/corporate/COALINDIA_01022021190941_BSEJAN21.pdf"
"COALINDIA","Coal India Limited","Change in Director(s)","Coal India Limited has informed the Exchange regarding Change in Director(s) of the company.","01-Feb-2021 11:04:03","2021-02-01 11:04:03","01-Feb-2021 11:04:12","00:00:09","https://nsearchives.nseindia.com/corporate/COALINDIA_01022021110403_DP.pdf"
"COALINDIA","Coal India Limited","Copy of Newspaper Publication","Coal India Limited has informed the Exchange about Copy of Newspaper Publication","29-Jan-2021 17:21:24","2021-01-29 17:21:24","29-Jan-2021 17:21:27","00:00:03","https://nsearchives.nseindia.com/corporate/COALINDIA_29012021172124_bsensenewspaperacct20.pdf"
"COALINDIA","Coal India Limited","Updates","Coal India Limited has informed the Exchange regarding 'Appointment of Permanent Invitee on the Board of CIL'.","21-Jan-2021 16:19:35","2021-01-21 16:19:35","21-Jan-2021 16:19:40","00:00:05","https://nsearchives.nseindia.com/corporate/COALINDIA_21012021161935_BSENSE_210121.pdf"
"COALINDIA","Coal India Limited","Certificate under SEBI (Depositories and Participants) Regulations, 2018","Coal India Limited has informed the Exchange about Certificate under SEBI (Depositories and Participants) Regulations, 2018","05-Jan-2021 11:21:50","2021-01-05 11:21:50","05-Jan-2021 11:21:56","00:00:06","https://nsearchives.nseindia.com/corporate/COALINDIA_05012021112150_reg74.pdf"
"COALINDIA","Coal India Limited","Updates","Coal India Limited has informed the Exchange regarding 'Provisional Production and Off-take Performance of CIL and Subsidiary Companies for the month of Dec 20 and for the period Apr  20-Dec 20'.","01-Jan-2021 15:43:48","2021-01-01 15:43:48","01-Jan-2021 15:43:53","00:00:05","https://nsearchives.nseindia.com/corporate/COALINDIA_01012021154348_bsensedec20.pdf"