"SYMBOL","COMPANY NAME","SUBJECT","DETAILS","BROADCAST DATE/TIME","RECEIPT","DISSEMINATION","DIFFERENCE","ATTACHMENT"
"ETERNAL","ETERNAL LIMITED","ESOP/ESOS/ESPS","Eternal Limited for informed the exchange regarding grant of stock options pursuant to approval of nomination and remuneration committee.","01-Oct-2026 17:16:35","2026-10-01 17:16:35","01-Oct-2026 17:16:36","00:00:01","https://nsearchives.nseindia.com/corporate/ZOMATO_01102026171038_grantDisclosureOctober12026signed.pdf"
"ETERNAL","ETERNAL LIMITED","Trading Window","ETERNAL LIMITED has informed the Exchange regarding the Trading Window closure pursuant to SEBI (Prohibition of Insider Trading) Regulations, 2015","18-Sep-2026 21:20:31","2026-09-18 21:20:31","18-Sep-2026 21:20:31","00:00:00","https://nsearchives.nseindia.com/corporate/ZOMATO_18092026211627_TWCSept2026signed.pdf"
"ETERNAL","ETERNAL LIMITED","General Updates","Eternal Limited has filed with exchange ESG rating assigned by Niche Ninety Nine Capability and Certifications (OPC) Private Limited","18-Sep-2026 15:04:12","2026-09-18 15:04:12","18-Sep-2026 15:04:13","00:00:01","https://nsearchives.nseindia.com/corporate/ZOMATO_18092026150135_ESGRatingdisclosureFinalsigned18092026.pdf"
"ETERNAL","ETERNAL LIMITED","Analysts/Institutional Investor Meet/Con. Call Updates","Eternal Limited has informed the exchange about schedule of participation in investor conference.","11-Sep-2026 19:25:14","2026-09-11 19:25:14","11-Sep-2026 19:25:15","00:00:01","https://nsearchives.nseindia.com/corporate/ZOMATO_11092026191907_SignedInvestorConference.pdf"
"ETERNAL","ETERNAL LIMITED","General Updates","Eternal Limited has filed with Exchange ESG rating assigned by CRISIL ESG Credit Rating & Analytics Limited","03-Sep-2026 14:04:47","2026-09-03 14:04:47","03-Sep-2026 14:04:48","00:00:01","https://nsearchives.nseindia.com/corporate/ZOMATO_03092026140104_SignedESGRatingdisclosureFinal__1_.pdf"
"ETERNAL","ETERNAL LIMITED","Shareholders meeting","Eternal Limited has submitted with exchange copy of scrutinizers report and voting results of 16th Annual General Meeting of the Company held on August 26, 2026.","27-Aug-2026 19:59:44","2026-08-27 19:59:44","27-Aug-2026 19:59:45","00:00:01","https://nsearchives.nseindia.com/corporate/ZOMATO_27082026195837_VotingResultSignedAGM.pdf"
"ETERNAL","ETERNAL LIMITED","Shareholders meeting","Eternal Limited has informed the exchange regarding proceedings of 16th Annual General Meeting of the Company held on August 26, 2026.","26-Aug-2026 20:30:37","2026-08-26 20:30:37","26-Aug-2026 20:30:38","00:00:01","https://nsearchives.nseindia.com/corporate/ZOMATO_26082026202912_SignedproceedingsofAGM.pdf"
"ETERNAL","ETERNAL LIMITED","Copy of Newspaper Publication","Eternal Limited has informed the exchange about newspaper advertisement regarding 16th annual general meeting of the Company and other information.","31-Jul-2026 17:47:06","2026-07-31 17:47:06","31-Jul-2026 17:47:08","00:00:02","https://nsearchives.nseindia.com/corporate/ZOMATO_31072026174615_NewspaperAdPost31072026.pdf"
"ETERNAL","ETERNAL LIMITED","General Updates","Eternal Limited has informed the stock exchange regarding dispatch of physical communication to shareholders who have not registered their email address.","30-Jul-2026 21:27:47","2026-07-30 21:27:47","30-Jul-2026 21:27:48","00:00:01","https://nsearchives.nseindia.com/corporate/ZOMATO_30072026212625_AGMphysicalletter30072026signed.pdf"
"ETERNAL","ETERNAL LIMITED","Shareholders meeting","Eternal Limited has filed with the exchange notice of 16th annual general meeting to be held on August 26, 2026.","29-Jul-2026 20:51:01","2026-07-29 20:51:01","29-Jul-2026 20:51:03","00:00:02","https://nsearchives.nseindia.com/corporate/ZOMATO_29072026204816_EternalAnnualreportsignedNSE.pdf"
"ETERNAL","ETERNAL LIMITED","Analysts/Institutional Investor Meet/Con. Call Updates","ETERNAL LIMITED has informed the Exchange about Transcript","29-Jul-2026 14:52:26","2026-07-29 14:52:26","29-Jul-2026 14:52:27","00:00:01","https://nsearchives.nseindia.com/corporate/ZOMATO_29072026145100_TranscriptfilingJuly222026.pdf"
"ETERNAL","ETERNAL LIMITED","Copy of Newspaper Publication","Eternal Limited has filed with the exchange copy of newspaper publication.","28-Jul-2026 20:49:54","2026-07-28 20:49:54","28-Jul-2026 20:49:55","00:00:01","https://nsearchives.nseindia.com/corporate/ZOMATO_28072026204610_PreNewspaperAdvertisementsigned.pdf"
"ETERNAL","ETERNAL LIMITED","Monitoring Agency Report","Eternal Limited has filed with exchange monitoring agency report for quarter ended June 30, 2026.","22-Jul-2026 18:29:34","2026-07-22 18:29:34","22-Jul-2026 18:29:34","00:00:00","https://nsearchives.nseindia.com/corporate/ZOMATO_22072026182800_MARSignedJune2026.pdf"
"ETERNAL","ETERNAL LIMITED","Updates","Eternal Limited has filed with the exchange Code of practices and procedures for fair disclosure of unpublished price sensitive information.","22-Jul-2026 16:10:38","2026-07-22 16:10:38","22-Jul-2026 16:10:39","00:00:01","https://nsearchives.nseindia.com/corporate/ZOMATO_22072026161031_Eternalfairdsiclosurecodesigned.pdf"
"ETERNAL","ETERNAL LIMITED","Sale or disposal","Eternal limited has informed the exchange regarding business transfer agreement between Company and Carthero Technologies Private Limited, wholly owned subsidiary of the Company.","22-Jul-2026 15:11:34","2026-07-22 15:11:34","22-Jul-2026 15:11:35","00:00:01","https://nsearchives.nseindia.com/corporate/ZOMATO_22072026151124_Eternalouctomesigned.pdf"
"ETERNAL","ETERNAL LIMITED","General Updates","Eternal Limited has filed with exchange copy of shareholders letter dated July 22, 2026.","22-Jul-2026 15:05:51","2026-07-22 15:05:51","22-Jul-2026 15:05:52","00:00:01","https://nsearchives.nseindia.com/corporate/ZOMATO_22072026150542_EternalSHLsigned.pdf"
"ETERNAL","ETERNAL LIMITED","Outcome of Board Meeting","Outcome of board meeting dated July 22, 2026.","22-Jul-2026 15:03:27","2026-07-22 15:03:27","22-Jul-2026 15:03:28","00:00:01","https://nsearchives.nseindia.com/corporate/ZOMATO_22072026145650_Eternalouctomesigned.pdf"
"ETERNAL","ETERNAL LIMITED","Analysts/Institutional Investor Meet/Con. Call Updates","Eternal Limited has informed the exchange that the Company will hold its Earnings Conference Call on Wednesday, July 22, 2026 at 5:00 P.M. (IST), to discuss the financial results for quarter ended June 30, 2026.","15-Jul-2026 17:11:09","2026-07-15 17:11:09","15-Jul-2026 17:11:10","00:00:01","https://nsearchives.nseindia.com/corporate/ZOMATO_15072026170900_PriorIntimationJune302026signed.pdf"
"ETERNAL","ETERNAL LIMITED","Certificate under SEBI (Depositories and Participants) Regulations, 2018","Eternal Limited has informed the Exchange about certificate under Regulation 74(5) of SEBI (Depositories and Participants) Regulations, 2018 for the quarter ended June 30, 2026.","07-Jul-2026 20:12:08","2026-07-07 20:12:08","07-Jul-2026 20:12:09","00:00:01","https://nsearchives.nseindia.com/corporate/ZOMATO_07072026201117_745signed.pdf"
"ETERNAL","ETERNAL LIMITED","ESOP/ESOS/ESPS","Eternal Limited has informed the exchange regarding grant of stock options pursuant to approval of nomination and remuneration committee.","01-Jul-2026 17:54:00","2026-07-01 17:54:00","01-Jul-2026 17:54:01","00:00:01","https://nsearchives.nseindia.com/corporate/ZOMATO_01072026175224_GrantdisclosureJuly12026signed.pdf"
"ETERNAL","ETERNAL LIMITED","Trading Window","ETERNAL LIMITED has informed the Exchange regarding the Trading Window closure pursuant to SEBI (Prohibition of Insider Trading) Regulations, 2015","19-Jun-2026 18:03:55","2026-06-19 18:03:55","19-Jun-2026 18:03:56","00:00:01","https://nsearchives.nseindia.com/corporate/ZOMATO_19062026180227_InsiderTradingIntimationtostockexchange19062026signed.pdf"
"ETERNAL","ETERNAL LIMITED","General Updates","Eternal Limited has informed the exchange regarding order received from Deputy Commissioner (ST), State Special Circle-I, Andhra Pradesh","10-Jun-2026 16:08:30","2026-06-10 16:08:30","10-Jun-2026 16:08:31","00:00:01","https://nsearchives.nseindia.com/corporate/ZOMATO_10062026160331_Eternal09June2026Andhra_Pradeshsigned.pdf"
"ETERNAL","ETERNAL LIMITED","Analysts/Institutional Investor Meet/Con. Call Updates","Eternal Limited has filed with the Exchange transcript of the earnings conference call conducted on April 28, 2026.","06-May-2026 13:57:42","2026-05-06 13:57:42","06-May-2026 13:57:43","00:00:01","https://nsearchives.nseindia.com/corporate/ZOMATO_06052026135430_TranscriptfilingsignedApril2026.pdf"
"ETERNAL","ETERNAL LIMITED","Monitoring Agency Report","Eternal Limited has filed with exchange monitoring agency report for quarter ended March 31, 2026.","28-Apr-2026 17:56:20","2026-04-28 17:56:20","28-Apr-2026 17:56:21","00:00:01","https://nsearchives.nseindia.com/corporate/ZOMATO_28042026175139_Monitoring_Agency_ReportMarch_2026_Signed.pdf"
"ETERNAL","ETERNAL LIMITED","Sale or disposal","Eternal limited has informed the exchange about asset transfer agreement entered between the Company and Wasteland Entertainment Private Limited, wholly owned subsidiary.","28-Apr-2026 15:26:20","2026-04-28 15:26:20","28-Apr-2026 15:26:20","00:00:00","https://nsearchives.nseindia.com/corporate/ZOMATO_28042026152608_Outcomesigned.pdf"
"ETERNAL","ETERNAL LIMITED","General Updates","Eternal limited has filed with exchange shareholders letter dated April 28, 2026","28-Apr-2026 15:17:28","2026-04-28 15:17:28","28-Apr-2026 15:17:29","00:00:01","https://nsearchives.nseindia.com/corporate/ZOMATO_28042026151721_SHLSigned.pdf"
"ETERNAL","ETERNAL LIMITED","Outcome of Board Meeting","Outcome of Board meeting dated  April 28, 2026.","28-Apr-2026 15:14:24","2026-04-28 15:14:24","28-Apr-2026 15:14:25","00:00:01","https://nsearchives.nseindia.com/corporate/ZOMATO_28042026150911_Outcomesigned.pdf"
"ETERNAL","ETERNAL LIMITED","Analysts/Institutional Investor Meet/Con. Call Updates","Eternal Limited has informed the exchange that the Company will hold its earnings conference call on Tuesday, April 28, 2026 at 5:00 PM IST, to discuss the financial results for the quarter and financial year ended March 31, 2026.","22-Apr-2026 18:03:00","2026-04-22 18:03:00","22-Apr-2026 18:03:00","00:00:00","https://nsearchives.nseindia.com/corporate/ZOMATO_22042026180241_PriorIntimationBMApril2026signed.pdf"
"ETERNAL","ETERNAL LIMITED","Certificate under SEBI (Depositories and Participants) Regulations, 2018","Eternal Limited has informed the Exchange about Certificate under Regulation 74(5) of SEBI (Depositories and Participants) Regulations, 2018 for the quarter ended March 31, 2026","06-Apr-2026 19:47:05","2026-04-06 19:47:05","06-Apr-2026 19:47:06","00:00:01","https://nsearchives.nseindia.com/corporate/ZOMATO_06042026194641_Certificate745Signed__2_.pdf"
"ETERNAL","ETERNAL LIMITED","ESOP/ESOS/ESPS","Eternal limited has informed the exchange regarding grant of stock options pursuant to approval of nomination and remuneration committee","01-Apr-2026 18:56:58","2026-04-01 18:56:58","01-Apr-2026 18:56:59","00:00:01","https://nsearchives.nseindia.com/corporate/ZOMATO_01042026185630_grantdisclosureApril12026forfilingsigned.pdf"
"ETERNAL","ETERNAL LIMITED","Trading Window","ETERNAL LIMITED has informed the Exchange regarding the Trading Window closure pursuant to SEBI (Prohibition of Insider Trading) Regulations, 2015","20-Mar-2026 19:59:01","2026-03-20 19:59:01","20-Mar-2026 19:59:02","00:00:01","https://nsearchives.nseindia.com/corporate/ZOMATO_20032026195747_Tradingwindowsigned.pdf"
"ETERNAL","ETERNAL LIMITED","General Updates","Eternal Limited has informed exchange regarding orders received from Additional Commissioner, CGST Gurugram Commissionerate, Gurugram, Haryana and Assistant Commissioner, Ranchi, Jharkhand","18-Mar-2026 21:34:17","2026-03-18 21:34:17","18-Mar-2026 21:34:18","00:00:01","https://nsearchives.nseindia.com/corporate/ZOMATO_18032026213323_Eternal18Mar2026HaryanaJharkhandSigned.pdf"
"ETERNAL","ETERNAL LIMITED","Shareholders meeting","Eternal limited has filed with the exchange a copy scrutinizer report of Postal Ballot and voting results.","13-Mar-2026 22:12:32","2026-03-13 22:12:32","13-Mar-2026 22:12:34","00:00:02","https://nsearchives.nseindia.com/corporate/ZOMATO_13032026221115_ETernalvotingreusltsignedfinal.pdf"
"ETERNAL","ETERNAL LIMITED","General Updates","Eternal Limited has filed with the exchange extract of newspaper publications.","12-Feb-2026 13:20:51","2026-02-12 13:20:51","12-Feb-2026 13:20:52","00:00:01","https://nsearchives.nseindia.com/corporate/ZOMATO_12022026131813_Eternalnewspaperadvertisementsigned.pdf"
"ETERNAL","ETERNAL LIMITED","News Verification","The Exchange has sought clarification from ETERNAL LIMITED with respect to recent news item captioned Zomato launches AI-powered hotline to simplify delivery partner onboarding.  The response from the Company is attached.","11-Feb-2026 19:05:39","2026-02-11 19:05:39","11-Feb-2026 19:05:40","00:00:01","https://nsearchives.nseindia.com/corporate/ZOMATO_11022026190524_NSERumourverificationsigned1.pdf"
"ETERNAL","ETERNAL LIMITED","Shareholders meeting","Eternal limited has filed with the exchange postal ballot notice","11-Feb-2026 11:04:04","2026-02-11 11:04:04","11-Feb-2026 11:04:05","00:00:01","https://nsearchives.nseindia.com/corporate/ZOMATO_11022026110309_EternalIntimationPostalballotsigned.pdf"
"ETERNAL","ETERNAL LIMITED","Change in Management","Outcome of board meeting dated February 10, 2026.","10-Feb-2026 15:25:43","2026-02-10 15:25:43","10-Feb-2026 15:25:44","00:00:01","https://nsearchives.nseindia.com/corporate/ZOMATO_10022026152522_EternalOutcomeofBoardmeetingSigned.pdf"
"ETERNAL","ETERNAL LIMITED","News Verification","The Exchange has sought clarification from ETERNAL LIMITED with respect to recent news item captioned Zomato launches AI-powered hotline to simplify delivery partner onboarding.  The response from the Company is awaited.","10-Feb-2026 14:51:58","2026-02-10 14:51:58","10-Feb-2026 14:51:59","00:00:01","-"
"ETERNAL","ETERNAL LIMITED","Cessation","Further to intimation dated January 21, 2026, please find attached resignation letter.","06-Feb-2026 21:00:36","2026-02-06 21:00:36","06-Feb-2026 21:00:38","00:00:02","https://nsearchives.nseindia.com/corporate/ZOMATO_06022026205813_Intimationsigned.pdf"
"ETERNAL","ETERNAL LIMITED","General Updates","Eternal Limited has informed the Exchange regarding the dissolution of  Zomato Netherlands B.V., a step-down subsidiary of the Company.","06-Feb-2026 13:10:26","2026-02-06 13:10:26","06-Feb-2026 13:10:27","00:00:01","https://nsearchives.nseindia.com/corporate/ZOMATO_06022026130842_LiquidationIntimationsigned.pdf"
"ETERNAL","ETERNAL LIMITED","General Updates","Eternal Limited has informed the exchange regarding the order received from Deputy Commissioner, State Tax, Lucknow, Uttar Pradesh.","05-Feb-2026 18:25:31","2026-02-05 18:25:31","05-Feb-2026 18:25:32","00:00:01","https://nsearchives.nseindia.com/corporate/ZOMATO_05022026182457_EternalUP5Feb2026signed.pdf"
"ETERNAL","ETERNAL LIMITED","Analysts/Institutional Investor Meet/Con. Call Updates","Eternal Limited has filed with the exchange transcript of the earnings conference call conducted on January 21, 2026.","27-Jan-2026 18:23:28","2026-01-27 18:23:28","27-Jan-2026 18:23:29","00:00:01","https://nsearchives.nseindia.com/corporate/ZOMATO_27012026182242_Eternallimitedtranscriptofearningcallsigned.pdf"
"ETERNAL","ETERNAL LIMITED","News Verification","The Exchange has sought clarification from ETERNAL LIMITED with respect to recent news item captioned Zomato leases 270,000 sq ft office in Gurugrams Intellion Park.  The response from the Company is attached.","22-Jan-2026 18:53:25","2026-01-22 18:53:25","22-Jan-2026 18:53:27","00:00:02","https://nsearchives.nseindia.com/corporate/ZOMATO_22012026185303_NSEsigned.pdf"
"ETERNAL","ETERNAL LIMITED","Monitoring Agency Report","Eternal Limited has filed with exchange monitoring agency report for the quarter ended December 31, 2025.","21-Jan-2026 18:35:08","2026-01-21 18:35:08","21-Jan-2026 18:35:09","00:00:01","https://nsearchives.nseindia.com/corporate/ZOMATO_21012026183457_MAR21DEC2025signed.pdf"
"ETERNAL","ETERNAL LIMITED","Change in Management","Eternal Limited has informed the exchange regarding change in management.","21-Jan-2026 16:02:40","2026-01-21 16:02:40","21-Jan-2026 16:02:41","00:00:01","https://nsearchives.nseindia.com/corporate/ZOMATO_21012026160056_Outcomeisgnedrevised.pdf"
"ETERNAL","ETERNAL LIMITED","Change in Director(s)","ETERNAL LIMITED has informed the Exchange regarding Change in Director(s) of the company.","21-Jan-2026 15:57:34","2026-01-21 15:57:34","21-Jan-2026 15:57:34","00:00:00","https://nsearchives.nseindia.com/corporate/ZOMATO_21012026155723_Outcomeisgnedrevised.pdf"
"ETERNAL","ETERNAL LIMITED","Updates","Eternal Limited has informed the Exchange regarding 'shareholders letter'.","21-Jan-2026 15:54:31","2026-01-21 15:54:31","21-Jan-2026 15:54:33","00:00:02","https://nsearchives.nseindia.com/corporate/ZOMATO_21012026155422_Shareholderslettersigned.pdf"
"ETERNAL","ETERNAL LIMITED","Updates","Letter from Deepinder Goyal to the shareholders.","21-Jan-2026 15:50:24","2026-01-21 15:50:24","21-Jan-2026 15:50:25","00:00:01","https://nsearchives.nseindia.com/corporate/ZOMATO_21012026154913_LetterfromDeepisigned.pdf"
"ETERNAL","ETERNAL LIMITED","Outcome of Board Meeting","Outcome of board meeting dated January 21, 2026","21-Jan-2026 15:50:06","2026-01-21 15:50:06","21-Jan-2026 15:50:06","00:00:00","https://nsearchives.nseindia.com/corporate/ZOMATO_21012026154849_Outcomesigned.pdf"
"ETERNAL","ETERNAL LIMITED","News Verification","The Exchange has sought clarification from ETERNAL LIMITED with respect to recent news item captioned Zomato leases 270,000 sq ft office in Gurugrams Intellion Park.  The response from the Company is awaited.","21-Jan-2026 13:19:13","2026-01-21 13:19:13","21-Jan-2026 13:19:15","00:00:02","-"
"ETERNAL","ETERNAL LIMITED","Analysts/Institutional Investor Meet/Con. Call Updates","Eternal Limited has informed the exchange that the Company will hold its earnings conference call on Wednesday, January 21, 2026 at 5:00 P.M. IST to discuss the unaudited financial results for the quarter and nine months ended December 31, 2025","15-Jan-2026 17:29:06","2026-01-15 17:29:06","15-Jan-2026 17:29:07","00:00:01","https://nsearchives.nseindia.com/corporate/ZOMATO_15012026172815_draftintimationBM15012026signed.pdf"
"ETERNAL","ETERNAL LIMITED","News Verification","The Exchange has sought clarification from ETERNAL LIMITED with respect to recent news item captioned Swiggy, Eternal shares off day's high as reports say Blinkit removes 10-minute delivery deadline.  The response from the Company is attached.","13-Jan-2026 21:27:03","2026-01-13 21:27:03","13-Jan-2026 21:27:04","00:00:01","https://nsearchives.nseindia.com/corporate/ZOMATO_13012026212553_rumorverificationnseupdatedsigned.pdf"
"ETERNAL","ETERNAL LIMITED","News Verification","The Exchange has sought clarification from ETERNAL LIMITED with respect to recent news item captioned Swiggy, Eternal shares off day's high as reports say Blinkit removes 10-minute delivery deadline.  The response from the Company is awaited.","13-Jan-2026 15:33:58","2026-01-13 15:33:58","13-Jan-2026 15:34:00","00:00:02","-"
"ETERNAL","ETERNAL LIMITED","Certificate under SEBI (Depositories and Participants) Regulations, 2018","Eternal Limited has informed the exchange about certificate under Regulation 74 of SEBI (Depositories and Participants) Regulations, 2018 for the quarter ended December 31, 2025.","09-Jan-2026 18:15:25","2026-01-09 18:15:25","09-Jan-2026 18:15:26","00:00:01","https://nsearchives.nseindia.com/corporate/ZOMATO_09012026181458_745signed.pdf"
"ETERNAL","ETERNAL LIMITED","General Updates","Eternal Limited has informed the exchange regarding 2 orders received from Additional Commissioner of State Tax (Appeals), West Bengal.","08-Jan-2026 20:03:42","2026-01-08 20:03:42","08-Jan-2026 20:03:42","00:00:00","https://nsearchives.nseindia.com/corporate/ZOMATO_08012026200307_EternalWestBengal8Jan2026signed.pdf"
"ETERNAL","ETERNAL LIMITED","General Updates","Eternal Limited has filed with Exchange order received from Additional Commissioner of State Tax (Appeals), West Bengal.","06-Jan-2026 22:07:43","2026-01-06 22:07:43","06-Jan-2026 22:07:44","00:00:01","https://nsearchives.nseindia.com/corporate/ZOMATO_06012026220639_EternalWestBengal6Jan2026Signed.pdf"
"ETERNAL","ETERNAL LIMITED","ESOP/ESOS/ESPS","Eternal Limited has informed the Exchange regarding grant of stock options pursuant to approval of nomination and remuneration committee","01-Jan-2026 17:37:58","2026-01-01 17:37:58","01-Jan-2026 17:37:59","00:00:01","https://nsearchives.nseindia.com/corporate/ZOMATO_01012026173502_GrantdisclosureJanuary12026signed.pdf"
"ETERNAL","ETERNAL LIMITED","Trading Window","ETERNAL LIMITED has informed the Exchange regarding the Trading Window closure pursuant to SEBI (Prohibition of Insider Trading) Regulations, 2015","19-Dec-2025 18:33:23","2025-12-19 18:33:23","19-Dec-2025 18:33:24","00:00:01","https://nsearchives.nseindia.com/corporate/ZOMATO_19122025183237_InsiderTradingIntimation2025.pdf"
"ETERNAL","ETERNAL LIMITED","General Updates","Eternal Limited has informed the exchange about incorporation of Eternal General Service Foundation, a wholly owned subsidiary of the Company","18-Dec-2025 19:36:33","2025-12-18 19:36:33","18-Dec-2025 19:36:35","00:00:02","https://nsearchives.nseindia.com/corporate/ZOMATO_18122025193530_IntimationIncorporationupdatesigned.pdf"
"ETERNAL","ETERNAL LIMITED","General Updates","Eternal Limited has filed with Exchange ESG rating assigned by NSE Sustainability Ratings & Analytics Limited","10-Dec-2025 17:57:55","2025-12-10 17:57:55","10-Dec-2025 17:57:56","00:00:01","https://nsearchives.nseindia.com/corporate/ZOMATO_10122025175722_ESGRating10122025signed.pdf"
"ETERNAL","ETERNAL LIMITED","General Updates","Eternal Limited has informed the exchange regarding the liquidation of Zomato Media Private Limited, wholly owned subsidiary of the Company located in Sri Lanka and Zomato Internet Hizmetleri Ticaret Anonim Sirketi, step down subsidiary of the Company located in Turkey","09-Dec-2025 20:48:30","2025-12-09 20:48:30","09-Dec-2025 20:48:30","00:00:00","https://nsearchives.nseindia.com/corporate/ZOMATO_09122025204147_Liqudationintimation0912025finalsigned.pdf"
"ETERNAL","ETERNAL LIMITED","General Updates","Eternal Limited has informed the exchange regarding the order received from Deputy Commissioner (ST), State Special Circle-I, Andhra Pradesh","04-Dec-2025 21:13:01","2025-12-04 21:13:01","04-Dec-2025 21:13:02","00:00:01","https://nsearchives.nseindia.com/corporate/ZOMATO_04122025211134_ELIntimationDecember42025signed.pdf"
"ETERNAL","ETERNAL LIMITED","Updates","Company s statement on the Implementation of the Code on Social Security, 2020.","22-Nov-2025 11:54:38","2025-11-22 11:54:38","22-Nov-2025 11:54:38","00:00:00","https://nsearchives.nseindia.com/corporate/ZOMATO_22112025115425_Eternal_Statementonimplementationofcodeonsocialsecurity2020.pdf"
"ETERNAL","ETERNAL LIMITED","Analysts/Institutional Investor Meet/Con. Call Updates","Eternal Limited has filed with exchange about schedule of investor meetings.","12-Nov-2025 19:34:32","2025-11-12 19:34:32","12-Nov-2025 19:34:32","00:00:00","https://nsearchives.nseindia.com/corporate/ZOMATO_12112025193352_InvestormeetingNovember182025signed.pdf"
"ETERNAL","ETERNAL LIMITED","General Updates","Eternal Limited has informed the exchange regarding the order received from Deputy Commissioner, State Tax, Lucknow, Uttar Pradesh","07-Nov-2025 21:56:54","2025-11-07 21:56:54","07-Nov-2025 21:56:56","00:00:02","https://nsearchives.nseindia.com/corporate/ZOMATO_07112025215609_ELIntimationUPOrder7November2025signed.pdf"
"ETERNAL","ETERNAL LIMITED","Analysts/Institutional Investor Meet/Con. Call Updates","Eternal Limited has informed the exchange about schedule of investor meet.","31-Oct-2025 18:10:53","2025-10-31 18:10:53","31-Oct-2025 18:10:54","00:00:01","https://nsearchives.nseindia.com/corporate/ZOMATO_31102025181046_EternalIntimationInvestormeetsigned.pdf"
"ETERNAL","ETERNAL LIMITED","Analysts/Institutional Investor Meet/Con. Call Updates","Eternal Limited has filed with the exchange transcript of the earnings conference call conducted on October 16, 2025.","23-Oct-2025 14:13:53","2025-10-23 14:13:53","23-Oct-2025 14:13:54","00:00:01","https://nsearchives.nseindia.com/corporate/ZOMATO_23102025141236_TranscriptSeptember2025signed.pdf"
"ETERNAL","ETERNAL LIMITED","General Updates","Eternal Limited has informed the exchange regarding the order received from Deputy Commissioner, State Tax, Lucknow, Uttar Pradesh","19-Oct-2025 12:37:51","2025-10-19 12:37:51","19-Oct-2025 12:37:52","00:00:01","https://nsearchives.nseindia.com/corporate/ZOMATO_19102025123650_EternalLimitedIntimationUPOrder18October2025signed.pdf"
"ETERNAL","ETERNAL LIMITED","Sale or disposal","Eternal limited has informed the exchange about business transfer agreement entered into between Blink Commerce Private Limited and Blinkit Foods Limited, wholly owned subsidiaries of the Company.","16-Oct-2025 23:28:41","2025-10-16 23:28:41","16-Oct-2025 23:28:42","00:00:01","https://nsearchives.nseindia.com/corporate/ZOMATO_16102025232833_Eternalbistrosigned.pdf"
"ETERNAL","ETERNAL LIMITED","Monitoring Agency Report","Eternal Limited has filed with exchange monitoring agency report for the quarter ended September 30, 2025","16-Oct-2025 17:28:37","2025-10-16 17:28:37","16-Oct-2025 17:28:38","00:00:01","https://nsearchives.nseindia.com/corporate/ZOMATO_16102025172739_MARSIGNEDSEPTEMBER302025.pdf"
"ETERNAL","ETERNAL LIMITED","Updates","Eternal Limited has informed the Exchange regarding shareholders letter.","16-Oct-2025 14:59:17","2025-10-16 14:59:17","16-Oct-2025 14:59:18","00:00:01","https://nsearchives.nseindia.com/corporate/ZOMATO_16102025145909_Shareholderslettersigned.pdf"
"ETERNAL","ETERNAL LIMITED","Incorporation","Eternal Limited has informed the exchange about outcome of board meeting held on October 16, 2025","16-Oct-2025 14:56:24","2025-10-16 14:56:24","16-Oct-2025 14:56:25","00:00:01","https://nsearchives.nseindia.com/corporate/ZOMATO_16102025145615_EternalOutcomeofBoardmeetingSigned.pdf"
"ETERNAL","ETERNAL LIMITED","Outcome of Board Meeting","Eternal Limited has submitted to the exchange outcome of the board meeting held on October 16, 2025","16-Oct-2025 14:51:58","2025-10-16 14:51:58","16-Oct-2025 14:51:59","00:00:01","https://nsearchives.nseindia.com/corporate/ZOMATO_16102025144621_EternalOutcomeofBoardmeetingSigned.pdf"
"ETERNAL","ETERNAL LIMITED","Certificate under SEBI (Depositories and Participants) Regulations, 2018","ETERNAL LIMITED has informed the exchange about certificate under Regulation 74 of SEBI (Depositories and Participants) Regulations, 2018 for the quarter ended September 30, 2025.","07-Oct-2025 19:11:12","2025-10-07 19:11:12","07-Oct-2025 19:11:13","00:00:01","https://nsearchives.nseindia.com/corporate/ZOMATO_07102025191047_CertificateunderReg74September2025signed.pdf"
"ETERNAL","ETERNAL LIMITED","ESOP/ESOS/ESPS","Eternal Limited has informed has informed the Exchange regarding Grant of 6413217 stock options.","01-Oct-2025 18:33:42","2025-10-01 18:33:42","01-Oct-2025 18:33:42","00:00:00","https://nsearchives.nseindia.com/corporate/ZOMATO_01102025183219_GrantdisclosuresignedOctober12025signed.pdf"
"ETERNAL","ETERNAL LIMITED","Updates","General Updates","25-Sep-2025 21:55:38","2025-09-25 21:55:38","25-Sep-2025 21:55:40","00:00:02","https://nsearchives.nseindia.com/corporate/ZOMATO_25092025215316_Disclsoure25032025signed.pdf"
"ETERNAL","ETERNAL LIMITED","Trading Window","ETERNAL LIMITED has informed the Exchange regarding the Trading Window closure pursuant to SEBI (Prohibition of Insider Trading) Regulations, 2015","20-Sep-2025 18:33:40","2025-09-20 18:33:40","20-Sep-2025 18:33:41","00:00:01","https://nsearchives.nseindia.com/corporate/ZOMATO_20092025183217_InsiderTradingIntimationtostockexchange20092025signed.pdf"
"ETERNAL","ETERNAL LIMITED","General Updates","Eternal Limited has informed the exchange regarding 3 orders received from Joint Commissioner, Appeals-4, Bengaluru","25-Aug-2025 22:35:10","2025-08-25 22:35:10","25-Aug-2025 22:35:11","00:00:01","https://nsearchives.nseindia.com/corporate/ZOMATO_25082025223442_ELIntimationKNOrders25August2025updatedsigned.pdf"
"ETERNAL","ETERNAL LIMITED","General Updates","Eternal Limited has informed the exchange about incorporation of Blinkit Foods Limited, wholly owned subsidiary of the Company","21-Aug-2025 22:05:38","2025-08-21 22:05:38","21-Aug-2025 22:05:39","00:00:01","https://nsearchives.nseindia.com/corporate/ZOMATO_21082025220337_Companyincorporationupdateigned1.pdf"
"ETERNAL","ETERNAL LIMITED","General Updates","Eternal limited has informed the exchange that members at the AGM held on August 19, 2025, inter alia, have considered and approved 1) Re-appointment of Deloitte Haskins & Sells as Statutory Auditor and 2) Appointment of Chandrasekaran Associates as Secretarial Auditor","21-Aug-2025 12:56:04","2025-08-21 12:56:04","21-Aug-2025 12:56:05","00:00:01","https://nsearchives.nseindia.com/corporate/ZOMATO_21082025125122_Auditorappointmentfilingsigned.pdf"
"ETERNAL","ETERNAL LIMITED","Shareholders meeting","Eternal Limited has submitted the exchange a copy of scrutinizers report and voting results of 15th Annual General Meeting held on August 19, 2025.","21-Aug-2025 12:32:12","2025-08-21 12:32:12","21-Aug-2025 12:32:13","00:00:01","https://nsearchives.nseindia.com/corporate/ZOMATO_21082025123056_Eternalresultssigned.pdf"
"ETERNAL","ETERNAL LIMITED","Action(s) taken or orders passed","Eternal Limited has informed the exchange regarding order received from Deputy Commissioner, State Tax, Lucknow, Uttar Pradesh.","19-Aug-2025 20:26:17","2025-08-19 20:26:17","19-Aug-2025 20:26:18","00:00:01","https://nsearchives.nseindia.com/corporate/ZOMATO_19082025202604_FinalIntimationUPOrder19August2025signed.pdf"
"ETERNAL","ETERNAL LIMITED","Shareholders meeting","Eternal Limited has informed the Exchange regarding proceedings of 15th Annual General Meeting of the Company held on August 19, 2025.","19-Aug-2025 20:16:49","2025-08-19 20:16:49","19-Aug-2025 20:16:50","00:00:01","https://nsearchives.nseindia.com/corporate/ZOMATO_19082025201642_EternalAGMproceedingsfinalsigned.pdf"
"ETERNAL","ETERNAL LIMITED","General Updates","ETERNAL LIMITED has informed the Exchange about General Updates","08-Aug-2025 14:01:36","2025-08-08 14:01:36","08-Aug-2025 14:01:37","00:00:01","https://nsearchives.nseindia.com/corporate/ZOMATO_08082025140111_Malaysiasigneddisclosure2025.pdf"
"ETERNAL","ETERNAL LIMITED","General Updates","Eternal Limited has informed the exchange regarding order received from Deputy Commissioner, State Tax, Lucknow, Uttar Pradesh","07-Aug-2025 13:45:10","2025-08-07 13:45:10","07-Aug-2025 13:45:12","00:00:02","https://nsearchives.nseindia.com/corporate/ZOMATO_07082025134445_EternalOrderfilingsigned.pdf"
"ETERNAL","ETERNAL LIMITED","Copy of Newspaper Publication","Eternal Limited has informed Exchange about Newspaper Advertisement regarding 15th Annual General Meeting of the Company and other information","26-Jul-2025 13:58:18","2025-07-26 13:58:18","26-Jul-2025 13:58:19","00:00:01","https://nsearchives.nseindia.com/corporate/ZOMATO_26072025135804_IntimationPostNPAdsigned.pdf"
"ETERNAL","ETERNAL LIMITED","Analysts/Institutional Investor Meet/Con. Call Updates","Eternal Limited has filed with exchange transcript of earnings conference call conducted on July 21, 2025","25-Jul-2025 22:32:26","2025-07-25 22:32:26","25-Jul-2025 22:32:27","00:00:01","https://nsearchives.nseindia.com/corporate/ZOMATO_25072025223203_TranscriptfilingsignedJuly2025.pdf"
"ETERNAL","ETERNAL LIMITED","Updates","Eternal Limited has informed the stock exchange regarding dispatch of physical communication to shareholders who have not registered their email address.","25-Jul-2025 13:08:09","2025-07-25 13:08:09","25-Jul-2025 13:08:09","00:00:00","https://nsearchives.nseindia.com/corporate/ZOMATO_25072025130557_Intimationphysicallettersigned.pdf"
"ETERNAL","ETERNAL LIMITED","Shareholders meeting","Eternal Limited has informed the Exchange regarding notice of 15th annual general meeting to be held on August 19, 2025","24-Jul-2025 20:21:07","2025-07-24 20:21:07","24-Jul-2025 20:21:07","00:00:00","https://nsearchives.nseindia.com/corporate/ZOMATO_24072025202057_EternalNoticeAnnual_Report202425Signed.pdf"
"ETERNAL","ETERNAL LIMITED","Copy of Newspaper Publication","Eternal Limited has filed with the exchange copy of newspaper publication","24-Jul-2025 15:02:59","2025-07-24 15:02:59","24-Jul-2025 15:03:01","00:00:02","https://nsearchives.nseindia.com/corporate/ZOMATO_24072025150053_PreAdFilingsigned123.pdf"
"ETERNAL","ETERNAL LIMITED","Monitoring Agency Report","Eternal Limited has filed with exchange monitoring agency report for the quarter ended June 30, 2025","21-Jul-2025 18:49:34","2025-07-21 18:49:34","21-Jul-2025 18:49:35","00:00:01","https://nsearchives.nseindia.com/corporate/ZOMATO_21072025184912_MonitoringAgencyreportsignedReport123.pdf"
"ETERNAL","ETERNAL LIMITED","Outcome of Board Meeting","ETERNAL LIMITED has informed the Exchange regarding  Board meeting held on July 21, 2025.","21-Jul-2025 15:21:09","2025-07-21 15:21:09","21-Jul-2025 15:21:10","00:00:01","https://nsearchives.nseindia.com/corporate/ZOMATO_21072025152046_ZomatoBoardOutcomeSigned.pdf"
"ETERNAL","ETERNAL LIMITED","Updates","ETERNAL LIMITED has informed the Exchange regarding 'shareholders letter'.","21-Jul-2025 15:18:39","2025-07-21 15:18:39","21-Jul-2025 15:18:39","00:00:00","https://nsearchives.nseindia.com/corporate/ZOMATO_21072025151833_ShareholderLetterSigned.pdf"
"ETERNAL","ETERNAL LIMITED","Outcome of Board Meeting","Eternal Limited has submitted outcome of the Board meeting dated July 21, 2025","21-Jul-2025 15:15:01","2025-07-21 15:15:01","21-Jul-2025 15:15:03","00:00:02","https://nsearchives.nseindia.com/corporate/ZOMATO_21072025150050_ZomatoBoardOutcomeSigned.pdf"
"ETERNAL","ETERNAL LIMITED","ESOP/ESOS/ESPS","Eternal Limited has informed the exchange regarding grant of stock options pursuant to approval of nomination and remuneration committee.","21-Jul-2025 13:52:31","2025-07-21 13:52:31","21-Jul-2025 13:52:32","00:00:01","https://nsearchives.nseindia.com/corporate/ZOMATO_21072025134955_Disclosuregrantsigned.pdf"
"ETERNAL","ETERNAL LIMITED","Analysts/Institutional Investor Meet/Con. Call Updates","Eternal Limited has informed the exchange that the Company will hold its earnings conference call on Monday, July 21, 2025 at 5:00 PM IST, to discuss the unaudited financial results for the quarter ended June 30, 2025.","16-Jul-2025 17:02:55","2025-07-16 17:02:55","16-Jul-2025 17:02:56","00:00:01","https://nsearchives.nseindia.com/corporate/ZOMATO_16072025170249_Boardmeetingintimationjune302025signed.pdf"
"ETERNAL","ETERNAL LIMITED","Certificate under SEBI (Depositories and Participants) Regulations, 2018","Eternal Limited has informed the exchange about certificate under Reg 74 of SEBI (Depositories and Participants) Regulations, 2018 for quarter ended June 30, 2025.","09-Jul-2025 20:09:26","2025-07-09 20:09:26","09-Jul-2025 20:09:27","00:00:01","https://nsearchives.nseindia.com/corporate/ZOMATO_09072025200920_Certificateunder74_5_.pdf"
"ETERNAL","ETERNAL LIMITED","Change in Management","Eternal Limited has informed the exchange about change in its senior management.","06-Jul-2025 16:30:24","2025-07-06 16:30:24","06-Jul-2025 16:30:25","00:00:01","https://nsearchives.nseindia.com/corporate/ZOMATO_06072025161543_EternalDisclosureAdityaManglaSigned.pdf"
"ETERNAL","ETERNAL LIMITED","ESOP/ESOS/ESPS","ETERNAL LIMITED has informed the Exchange regarding Grant of 6477602  Options.","01-Jul-2025 18:19:35","2025-07-01 18:19:35","01-Jul-2025 18:19:36","00:00:01","https://nsearchives.nseindia.com/corporate/ZOMATO_01072025181909_Eternalgrantsjuly2025disclosuresigned.pdf"
"ETERNAL","ETERNAL LIMITED","Trading Window","ETERNAL LIMITED has informed the Exchange regarding the Trading Window closure pursuant to SEBI (Prohibition of Insider Trading) Regulations, 2015","20-Jun-2025 22:23:18","2025-06-20 22:23:18","20-Jun-2025 22:23:19","00:00:01","https://nsearchives.nseindia.com/corporate/ZOMATO_20062025222229_EternalLimitedTradingwindowclosuresigned1.pdf"
"ETERNAL","ETERNAL LIMITED","Shareholders meeting","Eternal Limited has filed with exchange copy of scrutinizer report and voting results.","19-May-2025 22:46:52","2025-05-19 22:46:52","19-May-2025 22:46:54","00:00:02","https://nsearchives.nseindia.com/corporate/ZOMATO_19052025224639_EternalVotingsignedfinal.pdf"
"ETERNAL","ETERNAL LIMITED","Analysts/Institutional Investor Meet/Con. Call Updates","Eternal Limited has filed with the Exchange transcript of earnings conference call conducted on May 1, 2025.","08-May-2025 12:35:53","2025-05-08 12:35:53","08-May-2025 12:35:53","00:00:00","https://nsearchives.nseindia.com/corporate/ZOMATO_08052025123356_SignedTranscript2025.pdf"
"ETERNAL","ETERNAL LIMITED","Monitoring Agency Report","Eternal Limited has filed with exchange monitoring agency report for the quarter ended March 31, 2025.","01-May-2025 19:04:33","2025-05-01 19:04:33","01-May-2025 19:04:34","00:00:01","https://nsearchives.nseindia.com/corporate/ZOMATO_01052025190426_MARforfilingMarch2025signed.pdf"
"ETERNAL","ETERNAL LIMITED","Updates","ETERNAL LIMITED has informed the Exchange regarding shareholders letter.","01-May-2025 15:38:37","2025-05-01 15:38:37","01-May-2025 15:38:37","00:00:00","https://nsearchives.nseindia.com/corporate/ZOMATO_01052025153827_EternalShareholderslettersigned.pdf"
"ETERNAL","ETERNAL LIMITED","Outcome of Board Meeting","ETERNAL LIMITED has informed the Exchange regarding Outcome of Board Meeting held on May 01, 2025.","01-May-2025 15:30:23","2025-05-01 15:30:23","01-May-2025 15:30:24","00:00:01","https://nsearchives.nseindia.com/corporate/ZOMATO_01052025153010_EternalBoardmeetingSigned.pdf"
"ETERNAL","ETERNAL LIMITED","Analysts/Institutional Investor Meet/Con. Call Updates","Eternal Limited has informed the exchange that the Company will hold its earnings conference call on Thursday, May 1, 2025 at 5:00 PM IST, to discuss the financial results for the quarter and financial year ended March 31, 2025","28-Apr-2025 17:50:45","2025-04-28 17:50:45","28-Apr-2025 17:50:45","00:00:00","https://nsearchives.nseindia.com/corporate/ZOMATO_28042025175028_EternalPrior_IntimationSigned.pdf"
"ETERNAL","ETERNAL LIMITED","Updates","Eternal limited has filed voluntary clarification on news article appearing in economic times dated April 24, 2025.","24-Apr-2025 12:54:31","2025-04-24 12:54:31","24-Apr-2025 12:54:31","00:00:00","https://nsearchives.nseindia.com/corporate/ZOMATO_24042025125420_EternalUpdatesigned.pdf"
"ETERNAL","ETERNAL LIMITED","General Updates","Eternal Limited has filed with the exchange extract of newspaper publication.","20-Apr-2025 18:14:37","2025-04-20 18:14:37","20-Apr-2025 18:14:38","00:00:01","https://nsearchives.nseindia.com/corporate/ZOMATO_20042025181430_Eternalnewspaperintimationsigned.pdf"
"ETERNAL","ETERNAL LIMITED","Shareholders meeting","Eternal Limited has informed the Exchange regarding Notice of Postal Ballot","18-Apr-2025 16:24:39","2025-04-18 16:24:39","18-Apr-2025 16:24:39","00:00:00","https://nsearchives.nseindia.com/corporate/ZOMATO_18042025162432_ZomatoPostalballotintimationsigned.pdf"
"ETERNAL","ETERNAL LIMITED","Updates","Eternal Limited has informed the Exchange regarding outcome of the Board meeting held on April 18, 2025.","18-Apr-2025 16:22:25","2025-04-18 16:22:25","18-Apr-2025 16:22:25","00:00:00","https://nsearchives.nseindia.com/corporate/ZOMATO_18042025162030_ZomatoOutcomesigned.pdf"
"ETERNAL","ETERNAL LIMITED","Updates","Eternal Limited has informed the exchange regarding initiation of liquidation of Zomato Netherlands B.V., step down subsidiary of the Company.","09-Apr-2025 19:04:21","2025-04-09 19:04:21","09-Apr-2025 19:04:21","00:00:00","https://nsearchives.nseindia.com/corporate/ZOMATO_09042025190408_EternalLiquidationsigned.pdf"
"ETERNAL","ETERNAL LIMITED","Certificate under SEBI (Depositories and Participants) Regulations, 2018","ETERNAL LIMITED has filed with the exchange Certificate under Regulation 74(5) OF SEBI (Depositories and Participants) Regulations, 2018 for the quarter ended March 31, 2025","09-Apr-2025 18:35:32","2025-04-09 18:35:32","09-Apr-2025 18:35:33","00:00:01","https://nsearchives.nseindia.com/corporate/ZOMATO_09042025183525_Eternalfilingsigned.pdf"
"ETERNAL","ETERNAL LIMITED","Change in Management","Eternal Limited has informed the exchange regarding resignation of Mr. Rinshul Chandra","05-Apr-2025 20:26:03","2025-04-05 20:26:03","05-Apr-2025 20:26:04","00:00:01","https://nsearchives.nseindia.com/corporate/ZOMATO_05042025202535_Zomatoresignationsigned.pdf"
"ETERNAL","ETERNAL LIMITED","Name and Symbol Change","ZOMATO: Members of the Exchange are hereby informed that the name of Zomato Limited shall be changed to ETERNAL LIMITED and symbol be changed to ETERNAL w.e.f. April 09, 2025.","03-Apr-2025 18:24:33","2025-04-03 18:24:33","03-Apr-2025 18:24:34","00:00:01","https://nsearchives.nseindia.com/corporate/apandya_03042025182325_CML67420.pdf"
"ETERNAL","ETERNAL LIMITED","ESOP/ESOS/ESPS","Eternal Limited has informed the exchange regarding grant of stock options pursuant to approval of the nomination and remuneration committee.","01-Apr-2025 17:51:20","2025-04-01 17:51:20","01-Apr-2025 17:51:20","00:00:00","https://nsearchives.nseindia.com/corporate/ZOMATO_01042025174922_EternalDisclosuregrantsigned.pdf"
"ETERNAL","ETERNAL LIMITED","Amendment to AOA/MOA","Zomato Limited has informed the Exchange regarding the Amendment to AOA/MOA of the company.","20-Mar-2025 18:49:31","2025-03-20 18:49:31","20-Mar-2025 18:49:32","00:00:01","https://nsearchives.nseindia.com/corporate/ZOMATO_20032025184851_ZomatoNamechnageintimationsIGNED.pdf"
"ETERNAL","ETERNAL LIMITED","Trading Window","Zomato Limited has informed the Exchange regarding the Trading Window closure pursuant to SEBI (Prohibition of Insider Trading) Regulations, 2015","14-Mar-2025 21:21:25","2025-03-14 21:21:25","14-Mar-2025 21:21:26","00:00:01","https://nsearchives.nseindia.com/corporate/ZOMATO_14032025212024_InsiderTradingIntimationsigned.pdf"
"ETERNAL","ETERNAL LIMITED","Shareholders meeting","Zomato Limited has filed with the Exchange regarding a copy of Scrutinizer report and voting results.","09-Mar-2025 23:25:13","2025-03-09 23:25:13","09-Mar-2025 23:25:13","00:00:00","https://nsearchives.nseindia.com/corporate/ZOMATO_09032025232420_Zomatovotingsigned.pdf"
"ETERNAL","ETERNAL LIMITED","Updates","General update","17-Feb-2025 16:10:52","2025-02-17 16:10:52","17-Feb-2025 16:10:53","00:00:01","https://nsearchives.nseindia.com/corporate/ZOMATO_17022025161046_NuggetdisclosureSIGNED.pdf"
"ETERNAL","ETERNAL LIMITED","Updates","Zomato Limited has informed the exchange regarding extract of newspaper publication.","08-Feb-2025 19:46:01","2025-02-08 19:46:01","08-Feb-2025 19:46:01","00:00:00","https://nsearchives.nseindia.com/corporate/ZOMATO_08022025194506_ZLNewspaperIntimation0802025signed.pdf"
"ETERNAL","ETERNAL LIMITED","Shareholders meeting","Zomato Limited has informed the exchange regarding Notice of Postal Ballot","07-Feb-2025 13:26:29","2025-02-07 13:26:29","07-Feb-2025 13:26:30","00:00:01","https://nsearchives.nseindia.com/corporate/ZOMATO_07022025132611_ZomatoPostalballotintimationsigned.pdf"
"ETERNAL","ETERNAL LIMITED","Updates","Zomato Limited has informed the Exchange board approval for change of name of the Company from Zomato Limited to Eternal Limited","06-Feb-2025 17:05:05","2025-02-06 17:05:05","06-Feb-2025 17:05:06","00:00:01","https://nsearchives.nseindia.com/corporate/ZOMATO_06022025170452_Zomatonamechangesigned.pdf"
"ETERNAL","ETERNAL LIMITED","Updates","Letter from Deepinder Goyal","06-Feb-2025 17:00:15","2025-02-06 17:00:15","06-Feb-2025 17:00:16","00:00:01","https://nsearchives.nseindia.com/corporate/ZOMATO_06022025170002_Letter_from_Deepinder_Goyal.pdf"
"ETERNAL","ETERNAL LIMITED","Updates","Zomato Limited has informed Exchange regarding order received from Commissioner (Appeals), Gurugram, Haryana","04-Feb-2025 16:41:09","2025-02-04 16:41:09","04-Feb-2025 16:41:10","00:00:01","https://nsearchives.nseindia.com/corporate/ZOMATO_04022025164102_ZomatoGSTupdateSigned.pdf"
"ETERNAL","ETERNAL LIMITED","Analysts/Institutional Investor Meet/Con. Call Updates","Zomato Limited has filed with the Exchange Transcript of earnings conference call conducted on January 20, 2025.","27-Jan-2025 13:44:56","2025-01-27 13:44:56","27-Jan-2025 13:44:57","00:00:01","https://nsearchives.nseindia.com/corporate/ZOMATO_27012025134315_TracriptfilingJan2025.pdf"
"ETERNAL","ETERNAL LIMITED","ESOP/ESOS/ESPS","Zomato Limited has informed the exchange regarding grant of stock options pursuant to approval of the nomination and remuneration committee.","22-Jan-2025 22:15:05","2025-01-22 22:15:05","22-Jan-2025 22:15:07","00:00:02","https://nsearchives.nseindia.com/corporate/ZOMATO_22012025221450_Zomatoesopgrantssigned.pdf"
"ETERNAL","ETERNAL LIMITED","Copy of Newspaper Publication","Zomato Limited has informed the exchange the newspaper publication for financial results of the quarter and nine months ended December 31, 2024,","22-Jan-2025 19:27:29","2025-01-22 19:27:29","22-Jan-2025 19:27:29","00:00:00","https://nsearchives.nseindia.com/corporate/ZOMATO_22012025192511_NewspaperADsignedDec.pdf"
"ETERNAL","ETERNAL LIMITED","Analysts/Institutional Investor Meet/Con. Call Updates","Zomato Limited has informed the exchange about link of audio recording of earnings conference call","20-Jan-2025 20:21:29","2025-01-20 20:21:29","20-Jan-2025 20:21:30","00:00:01","https://nsearchives.nseindia.com/corporate/ZOMATO_20012025202110_AudioRecordingIntimationJanuary202025signed.pdf"
"ETERNAL","ETERNAL LIMITED","Integrated Filing- Financial","Zomato limited has filed with exchange integrated filing(financials) for the quarter ended December 31, 2024.","20-Jan-2025 20:10:08","2025-01-20 20:10:08","20-Jan-2025 20:10:08","00:00:00","https://nsearchives.nseindia.com/corporate/ZOMATO_20012025201000_Zomatointegratedfilingsigned.pdf"
"ETERNAL","ETERNAL LIMITED","Monitoring Agency Report","Zomato Limited has filed with the Exchange Monitoring Agency Report for the Quarter ended December 31, 2024.","20-Jan-2025 18:54:17","2025-01-20 18:54:17","20-Jan-2025 18:54:18","00:00:01","https://nsearchives.nseindia.com/corporate/ZOMATO_20012025185340_MARSigned1.pdf"
"ETERNAL","ETERNAL LIMITED","Statement of deviation(s) or variation(s) under Reg. 32","Zomato Limited has informed the Exchange about statement of deviation(s) or variation(s) under Reg. 32","20-Jan-2025 18:04:02","2025-01-20 18:04:02","20-Jan-2025 18:04:03","00:00:01","https://nsearchives.nseindia.com/corporate/ZOMATO_20012025180356_Zomatostatementofdeviationsigned.pdf"
"ETERNAL","ETERNAL LIMITED","Updates","Zomato Limited has filed with exchange the Shareholders Letter.","20-Jan-2025 15:12:07","2025-01-20 15:12:07","20-Jan-2025 15:12:08","00:00:01","https://nsearchives.nseindia.com/corporate/ZOMATO_20012025151156_ZomatoSHLSigned.pdf"
"ETERNAL","ETERNAL LIMITED","Financial Result Updates"," Zomato Limited has submitted to the Exchange, the financial results for the period ended December 31, 2024.","20-Jan-2025 15:05:17","2025-01-20 15:05:17","20-Jan-2025 15:05:17","00:00:00","https://nsearchives.nseindia.com/corporate/ZomatooutcomeSigned_20012025150517.pdf"
"ETERNAL","ETERNAL LIMITED","Analysts/Institutional Investor Meet/Con. Call Updates","Zomato Limited has informed the exchange that Company will hold its earnings conference call on Monday, January 20, 2025 at 5:00 PM IST, to discuss the financial results of the Company for the quarter and nine months ended December 31, 2024","15-Jan-2025 18:20:36","2025-01-15 18:20:36","15-Jan-2025 18:20:37","00:00:01","https://nsearchives.nseindia.com/corporate/ZOMATO_15012025181650_PriorIntimationJanuary202025.pdf"
"ETERNAL","ETERNAL LIMITED","Certificate under SEBI (Depositories and Participants) Regulations, 2018","Zomato Limited has informed the exchange about certificate under Regulations 74(5) of SEBI (Depositories and Participants) Regulations, 2018 for the quarter ended December 31, 2024","10-Jan-2025 20:33:13","2025-01-10 20:33:13","10-Jan-2025 20:33:14","00:00:01","https://nsearchives.nseindia.com/corporate/ZOMATO_10012025203212_Certificate74_5_December2024Signednew.pdf"
"ETERNAL","ETERNAL LIMITED","Updates","Zomato Limited has informed the Exchange regarding Change of name of the Registrar and Share Transfer Agent of the Company.","01-Jan-2025 17:55:34","2025-01-01 17:55:34","01-Jan-2025 17:55:34","00:00:00","https://nsearchives.nseindia.com/corporate/ZOMATO_01012025175443_ChangeofRTAnamesignednew.pdf"
"ETERNAL","ETERNAL LIMITED","Trading Window","Zomato Limited has informed the Exchange regarding the Trading Window closure pursuant to SEBI (Prohibition of Insider Trading) Regulations, 2015","22-Dec-2024 21:38:57","2024-12-22 21:38:57","22-Dec-2024 21:38:58","00:00:01","https://nsearchives.nseindia.com/corporate/ZOMATO_22122024213730_InsiderTradingIntimationsigned.pdf"
"ETERNAL","ETERNAL LIMITED","Change in Management","Zomato Limited has informed the exchange regarding resignation of Ms. Hemal Jain.","16-Dec-2024 20:47:18","2024-12-16 20:47:18","16-Dec-2024 20:47:19","00:00:01","https://nsearchives.nseindia.com/corporate/ZOMATO_16122024204718_Zomatointimationsigned.pdf"
"ETERNAL","ETERNAL LIMITED","General Updates","Zomato Limited has informed the exchange regarding order received from Joint Commissioner of CGST & Central Excise, Thane Commissionerate, Maharashtra","12-Dec-2024 20:08:27","2024-12-12 20:08:27","12-Dec-2024 20:08:28","00:00:01","https://nsearchives.nseindia.com/corporate/ZOMATO_12122024200827_ZLIntimationDCOrdersigned.pdf"
"ETERNAL","ETERNAL LIMITED","ESOP/ESOS/ESPS","Zomato Limited has informed the Exchange regarding allotment of 47,75,34,845 shares approved by the nomination and remuneration committee in its meeting held today to Foodie Bay Employees ESOP Trust","02-Dec-2024 17:16:21","2024-12-02 17:16:21","02-Dec-2024 17:16:22","00:00:01","https://nsearchives.nseindia.com/corporate/ZOMATO_02122024171621_ZLIntimationAllotmentofsharesunderESOP02122024newsigned.pdf"
"ETERNAL","ETERNAL LIMITED","Analysts/Institutional Investor Meet/Con. Call Updates","Zomato Limited has informed the Exchange about Schedule of meet","02-Dec-2024 16:20:44","2024-12-02 16:20:44","02-Dec-2024 16:20:44","00:00:00","https://nsearchives.nseindia.com/corporate/ZOMATO_02122024162044_InvestormeetIntimationDec2024.pdf"
"ETERNAL","ETERNAL LIMITED","Updates","Zomato Limited has informed the Exchange about updates on investment made in Byondnxt Smart Home Pvt Ltd.","01-Dec-2024 15:35:30","2024-12-01 15:35:30","01-Dec-2024 15:35:31","00:00:01","https://nsearchives.nseindia.com/corporate/ZOMATO_01122024153530_Byondnxt01122024signed333.pdf"
"ETERNAL","ETERNAL LIMITED","Allotment of Securities","Zomato Limited has informed the Exchange regarding allotment of 33,64,73,755 securities pursuant to Qualified Institution Placement at its  fund raising meeting held on November 29, 2024","29-Nov-2024 09:43:23","2024-11-29 09:43:23","29-Nov-2024 09:43:23","00:00:00","https://nsearchives.nseindia.com/corporate/ZOMATO_29112024094323_Zomatointimationsigned.pdf"
"ETERNAL","ETERNAL LIMITED","Qualified Institutional Placement","Zomato Limited has informed the exchange about outcome of fund raising committee today w..r.t qualified Institutional Placement","29-Nov-2024 00:05:32","2024-11-29 00:05:32","29-Nov-2024 00:05:33","00:00:01","https://nsearchives.nseindia.com/corporate/ZOMATO_29112024000533_ZomatoSignedOutcomesigned.pdf"
"ETERNAL","ETERNAL LIMITED","Updates","Zomato Limited has informed the exchange regarding liquidation of Zomato Internet LLC, step down subsidiary of the Company.","25-Nov-2024 20:53:45","2024-11-25 20:53:45","25-Nov-2024 20:53:46","00:00:01","https://nsearchives.nseindia.com/corporate/ZOMATO_25112024205345_IntimationZomatoInternetLLCsigned.pdf"
"ETERNAL","ETERNAL LIMITED","Qualified Institutional Placement","Zomato Limited has informed the Exchange that Fund Raising Committee at its meeting held today i.e. November 25, 2024, inter-alia approved the following: (i) Opening of the QIP Issue today i.e. November 25, 2024 (ii) the preliminary placement document (iii) Floor Price of QIP Issue being Rs. 265.91.","25-Nov-2024 19:22:18","2024-11-25 19:22:18","25-Nov-2024 19:22:19","00:00:01","https://nsearchives.nseindia.com/corporate/ZOMATO_25112024192219_ZomatoIntimationsigned.pdf"
"ETERNAL","ETERNAL LIMITED","Shareholders meeting","Zomato limited has submitted with exchange copy of scrutinizer report of postal ballot and voting results.","23-Nov-2024 00:34:11","2024-11-23 00:34:11","23-Nov-2024 00:34:12","00:00:01","https://nsearchives.nseindia.com/corporate/ZOMATO_23112024003412_ZomatoVotingSigned.pdf"
"ETERNAL","ETERNAL LIMITED","News Verification","The Exchange has sought clarification from Zomato Limited with respect to recent news item captioned CCI probe finds Zomato, Swiggy breached antitrust laws.  The response from the Company is attached.","11-Nov-2024 10:06:25","2024-11-11 10:06:25","11-Nov-2024 10:06:26","00:00:01","https://nsearchives.nseindia.com/corporate/ZOMATO_11112024100625_ZomatoNSEResponseSigned.pdf"
"ETERNAL","ETERNAL LIMITED","News Verification","The Exchange has sought clarification from Zomato Limited with respect to recent news item captioned CCI probe finds Zomato, Swiggy breached antitrust laws.  The response from the Company is awaited.","08-Nov-2024 16:18:26","2024-11-08 16:18:26","08-Nov-2024 16:18:26","00:00:00","-"
"ETERNAL","ETERNAL LIMITED","General Updates","Zomato Limited has informed the Exchange about updates on investment made in Adonmo Private Limited.","01-Nov-2024 21:57:25","2024-11-01 21:57:25","01-Nov-2024 21:57:25","00:00:00","https://nsearchives.nseindia.com/corporate/ZOMATO_01112024215725_ZomatointimationSigned.pdf"
"ETERNAL","ETERNAL LIMITED","Analysts/Institutional Investor Meet/Con. Call Updates","Zomato Limited has filed with exchange transcript of the earnings call held on October 22, 2024","29-Oct-2024 14:57:56","2024-10-29 14:57:56","29-Oct-2024 14:57:57","00:00:01","https://nsearchives.nseindia.com/corporate/ZOMATO_29102024145756_TranscriptfilingSept2024.pdf"
"ETERNAL","ETERNAL LIMITED","Updates","Zomato Limited has informed the Exchange regarding 'Zomato Limited has informed the exchange that Company has completed the subscription of shares of Byondnxt Smart Home Pvt Limited on October 25, 2024'.","25-Oct-2024 21:27:44","2024-10-25 21:27:44","25-Oct-2024 21:27:45","00:00:01","https://nsearchives.nseindia.com/corporate/ZOMATO_25102024212745_Intimationsigned.pdf"
"ETERNAL","ETERNAL LIMITED","News Verification","The Exchange has sought clarification from Zomato Limited with respect to recent news item captioned Zomato hikes platform fee to  10 amid festive season rush.  The response from the Company is attached.","24-Oct-2024 15:27:32","2024-10-24 15:27:32","24-Oct-2024 15:27:33","00:00:01","https://nsearchives.nseindia.com/corporate/ZOMATO_24102024152732_NSERumourverificationsigned.pdf"
"ETERNAL","ETERNAL LIMITED","Copy of Newspaper Publication","Zomato Limited has informed the exchange regarding extract of newspaper publication of financial results for quarter and half year ended September 30, 2024 and advertisement w.r.t. postal ballot notice, remote e-voting and other related information","24-Oct-2024 15:04:48","2024-10-24 15:04:48","24-Oct-2024 15:04:49","00:00:01","https://nsearchives.nseindia.com/corporate/ZOMATO_24102024150448_NewspaperPublicationResultsSep2024.pdf"
"ETERNAL","ETERNAL LIMITED","News Verification","The Exchange has sought clarification from Zomato Limited with respect to recent news item captioned Zomato hikes platform fee to  10 amid festive season rush.  The response from the Company is awaited.","23-Oct-2024 17:14:04","2024-10-23 17:14:04","23-Oct-2024 17:14:05","00:00:01","-"
"ETERNAL","ETERNAL LIMITED","Shareholders meeting","Zomato Limited has informed the Exchange regarding notice of Postal Ballot.","23-Oct-2024 11:39:20","2024-10-23 11:39:20","23-Oct-2024 11:39:21","00:00:01","https://nsearchives.nseindia.com/corporate/ZOMATO_23102024113920_ZomatoPostalBallotintimationSigned.pdf"
"ETERNAL","ETERNAL LIMITED","Analysts/Institutional Investor Meet/Con. Call Updates","Zomato Limited has informed the exchange about link of audio recording of earnings conference call.","22-Oct-2024 21:24:15","2024-10-22 21:24:15","22-Oct-2024 21:24:15","00:00:00","https://nsearchives.nseindia.com/corporate/ZOMATO_22102024212415_AudioRecordingIntimationSep2024signed.pdf"
"ETERNAL","ETERNAL LIMITED","Outcome of Board Meeting","Zomato Limited has informed the Exchange outcome of the Board meeting held on October 22, 2024.","22-Oct-2024 15:34:10","2024-10-22 15:34:10","22-Oct-2024 15:34:11","00:00:01","https://nsearchives.nseindia.com/corporate/ZOMATO_22102024153410_ZomatoOutcomeSigned.pdf"
"ETERNAL","ETERNAL LIMITED","Financial Result Updates"," Zomato Limited has submitted to the Exchange, the financial results for the period ended September 30, 2024.","22-Oct-2024 15:30:08","2024-10-22 15:30:08","22-Oct-2024 15:30:08","00:00:00","https://nsearchives.nseindia.com/corporate/ZomatoOutcomeSigned_22102024153008.pdf"
"ETERNAL","ETERNAL LIMITED","Updates","Zomato Limited has informed the Exchange regarding 'Shareholders letter'.","22-Oct-2024 15:28:49","2024-10-22 15:28:49","22-Oct-2024 15:28:49","00:00:00","https://nsearchives.nseindia.com/corporate/ZOMATO_22102024152849_ZomatoShareholdersletterSigned.pdf"
"ETERNAL","ETERNAL LIMITED","Updates","Zomato Limited has informed the exchange regarding allotment of securities approved by the nomination and remuneration committee in its meeting held today pursuant to exercise of options.","22-Oct-2024 13:49:49","2024-10-22 13:49:49","22-Oct-2024 13:49:50","00:00:01","https://nsearchives.nseindia.com/corporate/ZOMATO_22102024134950_ZLIntimationsigned20241022.pdf"
"ETERNAL","ETERNAL LIMITED","Analysts/Institutional Investor Meet/Con. Call Updates","Zomato Limited has informed the Exchange that Company will hold its earnings conference call on Tuesday, October 22, 2024 at 5:00 PM IST.","17-Oct-2024 16:49:52","2024-10-17 16:49:52","17-Oct-2024 16:49:53","00:00:01","https://nsearchives.nseindia.com/corporate/ZOMATO_17102024164952_ZomatoIntimationSigned.pdf"
"ETERNAL","ETERNAL LIMITED","Resignation of Independent director","ZOMATO LIMITED has informed the Exchange about Resignation of Independent director.","13-Oct-2024 00:48:41","2024-10-13 00:48:41","13-Oct-2024 00:48:42","00:00:01","https://nsearchives.nseindia.com/corporate/ZOMATO_13102024004841_ZOMATO_ROID_37370_KMP_Doc_13102024004841.zip"
"ETERNAL","ETERNAL LIMITED","Resignation","Zomato Limited has informed the Exchange regarding resignation of Ms Gunjan Tilak Raj Soni as independent director of the company w.e.f. October 11, 2024.","11-Oct-2024 20:29:34","2024-10-11 20:29:34","11-Oct-2024 20:29:35","00:00:01","https://nsearchives.nseindia.com/corporate/ZOMATO_11102024202934_ZomatoDisclosuresigned.pdf"
"ETERNAL","ETERNAL LIMITED","Certificate under SEBI (Depositories and Participants) Regulations, 2018","Zomato limited has informed the exchange about certificate under Regulation 74(5) of SEBI (Depositories and Participants) Regulations, 2018 for the quarter ended September 30, 2024.","09-Oct-2024 18:36:56","2024-10-09 18:36:56","09-Oct-2024 18:36:57","00:00:01","https://nsearchives.nseindia.com/corporate/ZOMATO_09102024183656_Zomato745signed.pdf"
"ETERNAL","ETERNAL LIMITED","Options to purchase securities","Zomato Limited has informed the exchange regarding grant of stock options pursuant to approval of nomination and remuneration committee.","02-Oct-2024 12:04:02","2024-10-02 12:04:02","02-Oct-2024 12:04:03","00:00:01","https://nsearchives.nseindia.com/corporate/ZOMATO_02102024120402_ZomatoGrantsIntimationsigned.pdf"
"ETERNAL","ETERNAL LIMITED","Resignation","Zomato Limited has informed the Exchange regarding resignation of Ms Akriti Chopra w.e.f. September 27, 2024.","27-Sep-2024 19:22:08","2024-09-27 19:22:08","27-Sep-2024 19:22:09","00:00:01","https://nsearchives.nseindia.com/corporate/ZOMATO_27092024192208_ZomatoIntimationSigned.pdf"
"ETERNAL","ETERNAL LIMITED","Resignation","Zomato Limited has informed the Exchange regarding Resignation of Ms Akriti Chopra as Other of the company w.e.f. September 27, 2024.","27-Sep-2024 19:08:34","2024-09-27 19:08:34","27-Sep-2024 19:08:35","00:00:01","https://nsearchives.nseindia.com/corporate/ZOMATO_27092024190834_ZomatoIntimationSigned.pdf"
"ETERNAL","ETERNAL LIMITED","Trading Window","Zomato Limited has informed the Exchange regarding the Trading Window closure pursuant to SEBI (Prohibition of Insider Trading) Regulations, 2015","20-Sep-2024 20:06:44","2024-09-20 20:06:44","20-Sep-2024 20:06:45","00:00:01","https://nsearchives.nseindia.com/corporate/ZOMATO_20092024200644_InsiderTradingIntimationtostockexchange21092024signed.pdf"
"ETERNAL","ETERNAL LIMITED","Updates","Zomato Limited has informed the exchange regarding order passed by Assistant Commissioner of Revenue, Government of West Bengal.","18-Sep-2024 18:08:16","2024-09-18 18:08:16","18-Sep-2024 18:08:17","00:00:01","https://nsearchives.nseindia.com/corporate/ZOMATO_18092024180816_ZLIntimationWBOrder17September2024.pdf"
"ETERNAL","ETERNAL LIMITED","Analysts/Institutional Investor Meet/Con. Call Updates","Zomato Limited has informed the Exchange about schedule of investor meet.","16-Sep-2024 20:32:34","2024-09-16 20:32:34","16-Sep-2024 20:32:35","00:00:01","https://nsearchives.nseindia.com/corporate/ZOMATO_16092024203234_ZomatoLimitedSigned.pdf"
"ETERNAL","ETERNAL LIMITED","Updates","Zomato Limited has provided Clarification to the exchange on disclosure dated September 13, 2024 and September 14, 2024.","16-Sep-2024 18:06:29","2024-09-16 18:06:29","16-Sep-2024 18:06:30","00:00:01","https://nsearchives.nseindia.com/corporate/ZOMATO_16092024180629_ZLRevisedIntimationWBOrder16September2024.pdf"
"ETERNAL","ETERNAL LIMITED","Analysts/Institutional Investor Meet/Con. Call Updates","Zomato Limited has informed the exchange about schedule of investor meet.","16-Sep-2024 14:04:08","2024-09-16 14:04:08","16-Sep-2024 14:04:09","00:00:01","https://nsearchives.nseindia.com/corporate/ZOMATO_16092024140408_Zomatointimationinvestorsigned.pdf"
"ETERNAL","ETERNAL LIMITED","Updates","Zomato Limited has filed with the Exchange corrigendum to the disclosure filed on 13 September 2024 at 4:08 PM","14-Sep-2024 10:53:28","2024-09-14 10:53:28","14-Sep-2024 10:53:29","00:00:01","https://nsearchives.nseindia.com/corporate/ZOMATO_14092024105329_ZomatoIntimation.pdf"
"ETERNAL","ETERNAL LIMITED","Updates","Zomato Limited has informed the Exchange regarding 'Zomato Limited has informed the exchange regarding order passed by Assistant Commissioner of Revenue, Government of West Bengal.","13-Sep-2024 16:12:16","2024-09-13 16:12:16","13-Sep-2024 16:12:17","00:00:01","https://nsearchives.nseindia.com/corporate/ZOMATO_13092024161217_ZLIntimationWBOrder13September2024.pdf"
"ETERNAL","ETERNAL LIMITED","Analysts/Institutional Investor Meet/Con. Call Updates","Zomato Limited has informed the exchange about schedule of investor meet","03-Sep-2024 22:46:01","2024-09-03 22:46:01","03-Sep-2024 22:46:02","00:00:01","https://nsearchives.nseindia.com/corporate/ZOMATO_03092024224601_Zomatoinvestorintimation.pdf"
"ETERNAL","ETERNAL LIMITED","Updates","Zomato Limited has informed the exchange regarding orders passed by Sales Tax Officer, Ward 300, Delhi.","31-Aug-2024 15:22:15","2024-08-31 15:22:15","31-Aug-2024 15:22:16","00:00:01","https://nsearchives.nseindia.com/corporate/ZOMATO_31082024152215_ZomatoIntimatiogst.pdf"
"ETERNAL","ETERNAL LIMITED","Shareholders meeting","Zomato Limited has submitted the Exchange a copy Srutinizers report of  Annual General Meeting held on August 28, 2024. Further, the company has informed the Exchange regarding voting results.","30-Aug-2024 11:33:38","2024-08-30 11:33:38","30-Aug-2024 11:33:39","00:00:01","https://nsearchives.nseindia.com/corporate/ZOMATO_30082024113338_ZomatoProceedingsSigned.pdf"
"ETERNAL","ETERNAL LIMITED","ESOP/ESOS/ESPS","Zomato Limited has informed exchange regarding allotment of securities approved by the nomination and remuneration committee in its meeting held today pursuant to exercise of stock options.","29-Aug-2024 17:15:32","2024-08-29 17:15:32","29-Aug-2024 17:15:33","00:00:01","https://nsearchives.nseindia.com/corporate/ZOMATO_29082024171533_ZLIntimationAllotmentofsharesunderESOP29Aug2024.pdf"
"ETERNAL","ETERNAL LIMITED","Updates","Zomato Limited has informed the Exchange regarding 'Zomato Limited has informed the exchange regarding orders passed by Assistant Commissioner of GST and Central Excise, Nungambakkam Division, Tamil Nadu and Assistant Commissioner of Revenue, Government of West Bengal'.","29-Aug-2024 13:54:18","2024-08-29 13:54:18","29-Aug-2024 13:54:19","00:00:01","https://nsearchives.nseindia.com/corporate/ZOMATO_29082024135418_ZLOrder.pdf"
"ETERNAL","ETERNAL LIMITED","Shareholders meeting","Zomato Limited has informed the Exchange regarding proceedings of 14th Annual General Meeting held on August 28, 2024","28-Aug-2024 22:33:48","2024-08-28 22:33:48","28-Aug-2024 22:33:49","00:00:01","https://nsearchives.nseindia.com/corporate/ZOMATO_28082024223348_ZomatoAGMProceedingsSigned.pdf"
"ETERNAL","ETERNAL LIMITED","Updates","Zomato Limited has informed the exchange regarding that Company has completed  the acquisition of Wasteland Entertainment Private Limited and Orbgen Technologies Private Limited on August 27, 2024.","27-Aug-2024 23:57:08","2024-08-27 23:57:08","27-Aug-2024 23:57:09","00:00:01","https://nsearchives.nseindia.com/corporate/ZOMATO_27082024235708_Zomatofinalintimationsigned.pdf"
"ETERNAL","ETERNAL LIMITED","Updates","Zomato Limited has filed with the exchange shareholders letter on the proposed acquisition of Paytm's entertainment ticketing business.","21-Aug-2024 21:17:49","2024-08-21 21:17:49","21-Aug-2024 21:17:49","00:00:00","https://nsearchives.nseindia.com/corporate/ZOMATO_21082024211749_ZomatoShareholdersLettersigned.pdf"
"ETERNAL","ETERNAL LIMITED","Outcome of Board Meeting","Zomato Limited has informed the Exchange regarding outcome of board meeting held on August 21, 2024.","21-Aug-2024 20:34:50","2024-08-21 20:34:50","21-Aug-2024 20:34:50","00:00:00","https://nsearchives.nseindia.com/corporate/ZOMATO_21082024203450_ZomatoIntimationSignedfinal.pdf"
"ETERNAL","ETERNAL LIMITED","Analysts/Institutional Investor Meet/Con. Call Updates","Zomato Limited has filed with exchange transcript of the earnings call held on August 1, 2024","08-Aug-2024 16:13:34","2024-08-08 16:13:34","08-Aug-2024 16:13:34","00:00:00","https://nsearchives.nseindia.com/corporate/ZOMATO_08082024161334_Transcriptintimationsigned.pdf"
"ETERNAL","ETERNAL LIMITED","Copy of Newspaper Publication","Zomato Limited has informed Exchange about Newspaper Advertisement regarding 14th Annual General Meeting of the Company and other information","05-Aug-2024 16:41:16","2024-08-05 16:41:16","05-Aug-2024 16:41:16","00:00:00","https://nsearchives.nseindia.com/corporate/ZOMATO_05082024164116_newspaperStxpost.pdf"
"ETERNAL","ETERNAL LIMITED","Copy of Newspaper Publication","Zomato Limited has informed exchange about extract of newspaper publication of financial results for the quarter ended June 30, 2024","03-Aug-2024 17:15:58","2024-08-03 17:15:58","03-Aug-2024 17:15:58","00:00:00","https://nsearchives.nseindia.com/corporate/ZOMATO_03082024171558_NewspaperPublicationsigned.pdf"
"ETERNAL","ETERNAL LIMITED","Shareholders meeting","Zomato Limited has informed the Exchange regarding Notice of 14th Annual General Meeting to be held on August 28, 2024","03-Aug-2024 16:30:59","2024-08-03 16:30:59","03-Aug-2024 16:31:00","00:00:01","https://nsearchives.nseindia.com/corporate/ZOMATO_03082024163059_ZomatoNSEFilingSigned.pdf"
"ETERNAL","ETERNAL LIMITED","Updates","Zomato Limited has informed the Exchange about Copy of Newspaper Publication","02-Aug-2024 20:29:43","2024-08-02 20:29:43","02-Aug-2024 20:29:44","00:00:01","https://nsearchives.nseindia.com/corporate/ZOMATO_02082024202943_newspaperfilingagm.pdf"
"ETERNAL","ETERNAL LIMITED","Analysts/Institutional Investor Meet/Con. Call Updates","Zomato Limited has informed the exchange about link of audio recording of earnings conference call.","01-Aug-2024 19:32:25","2024-08-01 19:32:25","01-Aug-2024 19:32:26","00:00:01","https://nsearchives.nseindia.com/corporate/ZOMATO_01082024193225_Zomatointimationsigned.pdf"
"ETERNAL","ETERNAL LIMITED","Updates","Zomato Limited has informed the Exchange regarding 'shareholders letter'.","01-Aug-2024 15:26:57","2024-08-01 15:26:57","01-Aug-2024 15:26:58","00:00:01","https://nsearchives.nseindia.com/corporate/ZOMATO_01082024152657_ZomatoSharehodlerslettersigned.pdf"
"ETERNAL","ETERNAL LIMITED","Code of Conduct under SEBI(PIT) Reg., 2015","Zomato Limited has informed the Exchange about Code of Conduct under SEBI(PIT) Reg., 2015","01-Aug-2024 15:23:01","2024-08-01 15:23:01","01-Aug-2024 15:23:01","00:00:00","https://nsearchives.nseindia.com/corporate/ZOMATO_01082024152301_ZomatoFairDisclosurecodesigned.pdf"
"ETERNAL","ETERNAL LIMITED","Outcome of Board Meeting","Zomato Limited has informed the exchange that Board in its meeting held today has approved the un-audited financial results (standalone & consolidated) for the quarter ended June 30, 2024 and notice convening 14th AGM of the Company to be held on Wednesday, August 28, 2024 at 12:00 P.M","01-Aug-2024 15:10:54","2024-08-01 15:10:54","01-Aug-2024 15:10:55","00:00:01","https://nsearchives.nseindia.com/corporate/ZOMATO_01082024151054_ZomatoOutcomeSigned.pdf"
"ETERNAL","ETERNAL LIMITED","Financial Result Updates"," Zomato Limited has submitted to the Exchange, the financial results for the period ended June 30, 2024.","01-Aug-2024 15:07:04","2024-08-01 15:07:04","01-Aug-2024 15:07:04","00:00:00","https://nsearchives.nseindia.com/corporate/ZomatoOutcomeSigned_01082024150704.pdf"
"ETERNAL","ETERNAL LIMITED","ESOP/ESOS/ESPS","Zomato Limited has informed exchange regarding allotment of securities approved by the nomination and remuneration committee in its meeting held today pursuant to exercise of stock options","01-Aug-2024 14:17:56","2024-08-01 14:17:56","01-Aug-2024 14:17:56","00:00:00","https://nsearchives.nseindia.com/corporate/ZOMATO_01082024141756_ZLIntimationAllotmentJune2024.pdf"
"ETERNAL","ETERNAL LIMITED","Updates","Zomato Limited has informed the Exchange regarding 'Zomato Limited has informed exchange regarding appointment of M/s Deloitte Haskins & Sells, Chartered Accountants, as statutory Auditors of Zomato Hyperpure Private Limited and Blink Commerce Private Limited, material subsidiaries of the Company '.","29-Jul-2024 21:09:54","2024-07-29 21:09:54","29-Jul-2024 21:09:54","00:00:00","https://nsearchives.nseindia.com/corporate/ZOMATO_29072024210954_Auditorappointmentsigned.pdf"
"ETERNAL","ETERNAL LIMITED","Analysts/Institutional Investor Meet/Con. Call Updates","Zomato Limited has informed the Exchange that Company will hold its earnings conference call on Thursday, August 1, 2024 at 5:00 PM IST, to discuss the financial results of the Company for the quarter ended June 30, 2024.","25-Jul-2024 16:31:07","2024-07-25 16:31:07","25-Jul-2024 16:31:07","00:00:00","https://nsearchives.nseindia.com/corporate/ZOMATO_25072024163107_IntimationBMSIGNED.pdf"
"ETERNAL","ETERNAL LIMITED","Updates","Zomato Limited has informed the exchange regarding liquidation of Zomato Slovakia s.r.o., step down subsidiary of Zomato Limited located in Slovak Republic.","12-Jul-2024 15:45:47","2024-07-12 15:45:47","12-Jul-2024 15:45:48","00:00:01","https://nsearchives.nseindia.com/corporate/ZOMATO_12072024154547_ZomatoSlovakintimationsigned.pdf"
"ETERNAL","ETERNAL LIMITED","ESOP/ESOS/ESPS","Zomato Limited has informed the exchange regarding grant of stock options pursuant to approval of nomination and remuneration committee","11-Jul-2024 20:34:53","2024-07-11 20:34:53","11-Jul-2024 20:34:53","00:00:00","https://nsearchives.nseindia.com/corporate/ZOMATO_11072024203453_Zomatointimationgrantsigned.pdf"
"ETERNAL","ETERNAL LIMITED","Certificate under SEBI (Depositories and Participants) Regulations, 2018","Zomato Limited has informed the Exchange about certificate under Regulation 74(5) of SEBI (Depositories and Participants) Regulations, 2018 for the quarter ended June 30, 2024","11-Jul-2024 17:57:28","2024-07-11 17:57:28","11-Jul-2024 17:57:29","00:00:01","https://nsearchives.nseindia.com/corporate/ZOMATO_11072024175728_ZomatoCertifictae745signed.pdf"
"ETERNAL","ETERNAL LIMITED","Updates","Zomato Limited has informed the exchange that board of directors of Zomato Financial Services Limited, wholly owned subsidiary, at its meeting held today i.e. July 2, 2024 has decided to voluntarily withdraw the application submitted with RBI for getting certificate of registration for undertaking the business of a Non-Banking Financial Company","02-Jul-2024 16:09:13","2024-07-02 16:09:13","02-Jul-2024 16:09:14","00:00:01","https://nsearchives.nseindia.com/corporate/ZOMATO_02072024160913_SEIntimationZFSLSigned.pdf"
"ETERNAL","ETERNAL LIMITED","Shareholders meeting","Zomato Limited has submitted the Exchange a copy Srutinizers report of  Postal Ballot. Further, the company has informed the Exchange regarding voting results.","01-Jul-2024 19:33:11","2024-07-01 19:33:11","01-Jul-2024 19:33:12","00:00:01","https://nsearchives.nseindia.com/corporate/ZOMATO_01072024193311_ZomatoScrutniserreportsigned.pdf"
"ETERNAL","ETERNAL LIMITED","Updates","Zomato Limited has informed the Exchange regarding 'Zomato Limited has informed the exchange regarding GST order received from Assistant Commissioner of Commercial Taxes (Audit), Karnataka'.","29-Jun-2024 23:32:41","2024-06-29 23:32:41","29-Jun-2024 23:32:42","00:00:01","https://nsearchives.nseindia.com/corporate/ZOMATO_29062024233241_ZLIntimationGST.pdf"
"ETERNAL","ETERNAL LIMITED","Trading Window","Zomato Limited has informed the Exchange regarding the Trading Window closure pursuant to SEBI (Prohibition of Insider Trading) Regulations, 2015","22-Jun-2024 20:25:46","2024-06-22 20:25:46","22-Jun-2024 20:25:47","00:00:01","https://nsearchives.nseindia.com/corporate/ZOMATO_22062024202546_ZomatoTradingwindowintimation.pdf"
"ETERNAL","ETERNAL LIMITED","Updates","Zomato Limited has given clarification on news articles related to acquisition of Paytm's movies and events business","16-Jun-2024 20:30:52","2024-06-16 20:30:52","16-Jun-2024 20:30:53","00:00:01","https://nsearchives.nseindia.com/corporate/ZOMATO_16062024203053_SXDisclosureclarification.pdf"
"ETERNAL","ETERNAL LIMITED","Copy of Newspaper Publication","Zomato Limited has informed the Exchange about newspaper advertisements w.r.t the postal ballot notice and on remote e-voting and other related information","31-May-2024 15:13:19","2024-05-31 15:13:19","31-May-2024 15:13:20","00:00:01","https://nsearchives.nseindia.com/corporate/ZOMATO_31052024151319_NPADSEDisclosuresigned.pdf"
"ETERNAL","ETERNAL LIMITED","Shareholders meeting","Zomato Limited has informed the Exchange about Notice of Postal Ballot","30-May-2024 00:28:42","2024-05-30 00:28:42","30-May-2024 00:28:43","00:00:01","https://nsearchives.nseindia.com/corporate/ZOMATO_30052024002842_SEIntimationsigned.pdf"
"ETERNAL","ETERNAL LIMITED","Updates","Zomato Limited has informed the Exchange regarding 'Zomato Limited has informed the exchange regarding appointment of M/s Deloitte Haskins & Sells, Chartered Accountants, as statutory auditor of Zomato Hyperpure Private Limited and Blink Commerce Private Limited, wholly owned subsidiaries of the Company respectively.","27-May-2024 20:33:25","2024-05-27 20:33:25","27-May-2024 20:33:25","00:00:00","https://nsearchives.nseindia.com/corporate/ZOMATO_27052024203325_SEDisclsoureWhollyownedSubsidiary.pdf"
"ETERNAL","ETERNAL LIMITED","Analysts/Institutional Investor Meet/Con. Call Updates","Zomato Limited has informed exchange about transcript of earnings call held on May 13, 2024","17-May-2024 22:52:31","2024-05-17 22:52:31","17-May-2024 22:52:37","00:00:06","https://nsearchives.nseindia.com/corporate/ZOMATO_17052024225231_ZomatoTranscripSigned.pdf"
"ETERNAL","ETERNAL LIMITED","Copy of Newspaper Publication","Zomato Limited has informed exchange about extract of newspaper publication of financial results for the quarter and financial year ended March 31, 2024","15-May-2024 14:37:38","2024-05-15 14:37:38","15-May-2024 14:37:44","00:00:06","https://nsearchives.nseindia.com/corporate/ZOMATO_15052024143738_NPadfinalsigned15052024.pdf"
"ETERNAL","ETERNAL LIMITED","Updates","Zomato Limited has filed with exchange views of the audit committee of the Company on resignation of the statutory auditor of Zomato Hyperpure Private Limited (ZHPL) and Blink Commerce Private Limited (ZHPL).","13-May-2024 23:23:16","2024-05-13 23:23:16","13-May-2024 23:23:21","00:00:05","https://nsearchives.nseindia.com/corporate/ZOMATO_13052024232316_Zomatoauditresgnsigned.pdf"
"ETERNAL","ETERNAL LIMITED","Analysts/Institutional Investor Meet/Con. Call Updates","Zomato Limited has informed the exchange about link of audio recording of earnings conference call","13-May-2024 23:07:51","2024-05-13 23:07:51","13-May-2024 23:07:55","00:00:04","https://nsearchives.nseindia.com/corporate/ZOMATO_13052024230751_Audiorecodringintimationsigned.pdf"
"ETERNAL","ETERNAL LIMITED","Resignation of Statutory Auditor","ZOMATO LIMITED has informed the Exchange about Resignation of Statutory Auditor","13-May-2024 21:29:23","2024-05-13 21:29:23","13-May-2024 21:29:32","00:00:09","https://nsearchives.nseindia.com/corporate/ZOMATO_13052024212923_ZOMATO_ROSA_24684_KMP_Doc_13052024212923.zip"
"ETERNAL","ETERNAL LIMITED","Updates","Zomato Limited has informed the exchange that board of directors of Zomato Payments Private Limited, a wholly owned subsidiary at its meeting held today i.e. May 13, 2024 has decided to voluntarily surrender the certificate of authorization issued by RBI to operate as an online payment aggregator; and to withdraw application submitted with the RBI to operate as the issuer of pre-paid payment instruments.","13-May-2024 18:03:35","2024-05-13 18:03:35","13-May-2024 18:03:39","00:00:04","https://nsearchives.nseindia.com/corporate/ZOMATO_13052024180335_ZomatoPPLIntimationsigned.pdf"
"ETERNAL","ETERNAL LIMITED","Updates","Zomato Limited has informed the Exchange regarding shareholders letter.","13-May-2024 15:12:06","2024-05-13 15:12:06","13-May-2024 15:12:26","00:00:20","https://nsearchives.nseindia.com/corporate/ZOMATO_13052024151206_Shareholderlettersigned.pdf"
"ETERNAL","ETERNAL LIMITED","Outcome of Board Meeting","Zomato Limited has informed the Exchange regarding Outcome of Board Meeting held on May 13, 2024.","13-May-2024 15:00:49","2024-05-13 15:00:49","13-May-2024 15:00:55","00:00:06","https://nsearchives.nseindia.com/corporate/ZOMATO_13052024150049_ZomatoOutcomesigned.pdf"
"ETERNAL","ETERNAL LIMITED","Financial Result Updates","Zomato Limited has submitted to the Exchange, the financial results for the period ended March 31, 2024.","13-May-2024 14:58:41","2024-05-13 14:58:41","13-May-2024 14:58:47","00:00:06","https://nsearchives.nseindia.com/corporate/ZomatoOutcomesigned_13052024145841.pdf"
"ETERNAL","ETERNAL LIMITED","Change in Auditors","Zomato Limited has informed the Exchange regarding Change in Auditors of the company.","12-May-2024 13:14:42","2024-05-12 13:14:42","12-May-2024 13:14:47","00:00:05","https://nsearchives.nseindia.com/corporate/ZOMATO_12052024131442_ZomatoIntimatioNResignationsigned.pdf"
"ETERNAL","ETERNAL LIMITED","ESOP/ESOS/ESPS","Zomato Limited has informed the exchange regarding allotment of securities approved by the nomination and remuneration committee in its meeting held today pursuant to exercise of stock options.","08-May-2024 17:41:21","2024-05-08 17:41:21","08-May-2024 17:41:30","00:00:09","https://nsearchives.nseindia.com/corporate/ZOMATO_08052024174121_ZomatoIntimationESOPSIGNED.pdf"
"ETERNAL","ETERNAL LIMITED","Analysts/Institutional Investor Meet/Con. Call Updates","Zomato Limited has informed the exchange that the Company will hold its earnings conference call on Monday, May 13, 2024 at 5:00 PM IST, to discuss the financial results for the quarter and financial year ended March 31, 2024.","07-May-2024 13:51:49","2024-05-07 13:51:49","07-May-2024 13:51:54","00:00:05","https://nsearchives.nseindia.com/corporate/ZOMATO_07052024135149_ZomatoBMIntimationsigned.pdf"
"ETERNAL","ETERNAL LIMITED","Updates","Zomato Limited has informed the Exchange regarding order passed by Sales Tax Officer, Delhi confirming demand of GST","01-May-2024 16:54:13","2024-05-01 16:54:13","01-May-2024 16:54:17","00:00:04","https://nsearchives.nseindia.com/corporate/ZOMATO_01052024165413_ZLIntimation.pdf"
"ETERNAL","ETERNAL LIMITED","Updates","Zomato Limited has informed the exchange regarding liquidation of PT. Zomato Media Indonesia, wholly owned subsidiary of the Company located in Indonesia.","30-Apr-2024 14:12:17","2024-04-30 14:12:17","30-Apr-2024 14:12:22","00:00:05","https://nsearchives.nseindia.com/corporate/ZOMATO_30042024141217_Regulation30DisclosureIndonesia.pdf"
"ETERNAL","ETERNAL LIMITED","Updates","Zomato Limited has informed the exchange regarding order passed by Additional Commissioner, Central Goods and Services Tax, Gurugram raising demand of GST.","19-Apr-2024 23:18:36","2024-04-19 23:18:36","19-Apr-2024 23:18:40","00:00:04","https://nsearchives.nseindia.com/corporate/ZOMATO_19042024231836_ZLIntimationharayanorder.pdf"
"ETERNAL","ETERNAL LIMITED","Certificate under SEBI (Depositories and Participants) Regulations, 2018","Zomato Limited has informed the Exchange about certificate under Regulation 74(5) of SEBI (Depositories and Participants) Regulations, 2018 for the quarter ended March 31, 2024.","12-Apr-2024 18:47:30","2024-04-12 18:47:30","12-Apr-2024 18:47:36","00:00:06","https://nsearchives.nseindia.com/corporate/ZOMATO_12042024184730_Zomato745Intimation.pdf"
"ETERNAL","ETERNAL LIMITED","Updates","Zomato Limited has informed the exchange order passed by the Commissioner, Adjudication, Central Tax, Delhi raising demand of service tax '.","01-Apr-2024 22:52:29","2024-04-01 22:52:29","01-Apr-2024 22:52:36","00:00:07","https://nsearchives.nseindia.com/corporate/ZOMATO_01042024225229_ZomatoIntimationGST01042024.pdf"
"ETERNAL","ETERNAL LIMITED","ESOP/ESOS/ESPS","Zomato Limited has informed the exchange regarding grant of stock options pursuant to the approval of nomination and remuneration committee.","01-Apr-2024 16:42:54","2024-04-01 16:42:54","01-Apr-2024 16:43:00","00:00:06","https://nsearchives.nseindia.com/corporate/ZOMATO_01042024164254_ZomatoESOPintimationSIGNED.pdf"
"ETERNAL","ETERNAL LIMITED","Updates","Zomato Limited has informed the exchange regarding GST order received from Assistant Commissioner of Commercial Taxes (Audit), Karnataka.","31-Mar-2024 12:36:00","2024-03-31 12:36:00","31-Mar-2024 12:36:05","00:00:05","https://nsearchives.nseindia.com/corporate/ZOMATO_31032024123600_ZomatoIntimationSigned.pdf"
"ETERNAL","ETERNAL LIMITED","Updates","Zomato Limited has informed the Exchange regarding GST order received from Deputy Commissioner of State Tax, Gujarat.","16-Mar-2024 18:06:48","2024-03-16 18:06:48","16-Mar-2024 18:06:52","00:00:04","https://nsearchives.nseindia.com/corporate/ZOMATO_16032024180648_Zomatointiamtiongst.pdf"
"ETERNAL","ETERNAL LIMITED","Trading Window","Zomato Limited has informed the Exchange regarding the Trading Window closure pursuant to SEBI (Prohibition of Insider Trading) Regulations, 2015","15-Mar-2024 22:53:44","2024-03-15 22:53:44","15-Mar-2024 22:53:51","00:00:07","https://nsearchives.nseindia.com/corporate/ZOMATO_15032024225344_ZomatoTradingwindowinimation.pdf"
"ETERNAL","ETERNAL LIMITED","Analysts/Institutional Investor Meet/Con. Call Updates","Zomato Limited has informed the Exchange about schedule of investor meet","21-Feb-2024 12:03:22","2024-02-21 12:03:22","21-Feb-2024 12:03:28","00:00:06","https://nsearchives.nseindia.com/corporate/ZOMATO_21022024120322_ZomatoInvestormeet.pdf"
"ETERNAL","ETERNAL LIMITED","Updates","Zomato Limited has informed the exchange regarding initiation of liquidation of  Zomato Malaysia Sdn. Bhd, step down subsidiary of the Company","15-Feb-2024 23:09:06","2024-02-15 23:09:06","15-Feb-2024 23:09:11","00:00:05","https://nsearchives.nseindia.com/corporate/ZOMATO_15022024230906_Zomatointimationmalaysia.pdf"
"ETERNAL","ETERNAL LIMITED","Analysts/Institutional Investor Meet/Con. Call Updates","Zomato Limited has informed exchange about transcript of earnings call held on February 8, 2024","15-Feb-2024 15:18:10","2024-02-15 15:18:10","15-Feb-2024 15:18:17","00:00:07","https://nsearchives.nseindia.com/corporate/ZOMATO_15022024151810_Transcriptsigned.pdf"
"ETERNAL","ETERNAL LIMITED","Copy of Newspaper Publication","Zomato Limited has informed the exchange about extract of newspaper publication of financial results for the quarter and nine months ended December 31, 2023","10-Feb-2024 21:58:25","2024-02-10 21:58:25","10-Feb-2024 21:58:31","00:00:06","https://nsearchives.nseindia.com/corporate/ZOMATO_10022024215825_NewspaperAdfiling.pdf"
"ETERNAL","ETERNAL LIMITED","Analysts/Institutional Investor Meet/Con. Call Updates","Zomato Limited has informed the Exchange about link of audio recording of earnings conference call","08-Feb-2024 19:47:24","2024-02-08 19:47:24","08-Feb-2024 19:47:31","00:00:07","https://nsearchives.nseindia.com/corporate/ZOMATO_08022024194724_Audiorecodringintimationupdated.pdf"
"ETERNAL","ETERNAL LIMITED","Updates","Zomato Limited has filed with the exchange shareholders letter.","08-Feb-2024 15:11:17","2024-02-08 15:11:17","08-Feb-2024 15:11:25","00:00:08","https://nsearchives.nseindia.com/corporate/ZOMATO_08022024151117_Zomatoshareholderslettersigned.pdf"
"ETERNAL","ETERNAL LIMITED","Financial Result Updates","Zomato Limited has submitted to the Exchange, the financial results for the period ended December 31, 2023.","08-Feb-2024 15:05:40","2024-02-08 15:05:40","08-Feb-2024 15:05:44","00:00:04","https://nsearchives.nseindia.com/corporate/ZomatoResultssignedfinal_08022024150540.pdf"
"ETERNAL","ETERNAL LIMITED","ESOP/ESOS/ESPS","Zomato Limited has informed the exchange regarding allotment of securities approved by the nomination and remuneration committee in its meeting held today pursuant to exercise of stock options","08-Feb-2024 13:01:27","2024-02-08 13:01:27","08-Feb-2024 13:01:31","00:00:04","https://nsearchives.nseindia.com/corporate/ZOMATO_08022024130127_ZomatoIntimationESOPSigned.pdf"
"ETERNAL","ETERNAL LIMITED","Updates","Zomato Limited has informed the exchange regarding liquidation of Zomato Vietnam Company Limited., step down subsidiary of the Company.","07-Feb-2024 20:41:57","2024-02-07 20:41:57","07-Feb-2024 20:42:03","00:00:06","https://nsearchives.nseindia.com/corporate/ZOMATO_07022024204157_ZomatoIntimationVietnamSigned.pdf"
"ETERNAL","ETERNAL LIMITED","Updates","Zomato Limited has informed the exchange regarding liquidation of Lunchtime.cz s.r.o., step down subsidiary of the Company.","07-Feb-2024 20:38:32","2024-02-07 20:38:32","07-Feb-2024 20:38:39","00:00:07","https://nsearchives.nseindia.com/corporate/ZOMATO_07022024203833_ZomatoIntimationLunchtimeSigned.pdf"
"ETERNAL","ETERNAL LIMITED","Analysts/Institutional Investor Meet/Con. Call Updates","Zomato Limited has informed the exchange that Company will hold its earnings conference call on Thursday, February 8, 2024 at 5:00 PM IST, to discuss the financial results of the Company for the quarter and nine months ended December 31, 2023.","01-Feb-2024 16:08:33","2024-02-01 16:08:33","01-Feb-2024 16:08:43","00:00:10","https://nsearchives.nseindia.com/corporate/ZOMATO_01022024160833_ZomatoIntimationsigned.pdf"
"ETERNAL","ETERNAL LIMITED","Updates","Zomato Limited has informed  exchange that Zomato Payments Private Limited, wholly owned subsidiary, has been granted certificate of authorization from RBI to operate as an  Online Payment Aggregator  w.e.f. January 24, 2024'.","25-Jan-2024 15:16:24","2024-01-25 15:16:24","25-Jan-2024 15:16:30","00:00:06","https://nsearchives.nseindia.com/corporate/ZOMATO_25012024151625_ZPPLINtimationsigned.pdf"
"ETERNAL","ETERNAL LIMITED","Certificate under SEBI (Depositories and Participants) Regulations, 2018","Zomato Limited has filed with the exchange about certificate under Regulation 74 SEBI (Depositories and Participants) Regulations, 2018 for the quarter ended December 31, 2023","12-Jan-2024 16:11:07","2024-01-12 16:11:07","12-Jan-2024 16:11:13","00:00:06","https://nsearchives.nseindia.com/corporate/ZOMATO_12012024161107_ZomatoIntimatio745Signed.pdf"
"ETERNAL","ETERNAL LIMITED","ESOP/ESOS/ESPS","Zomato Limited has informed the exchange regarding grant of stock options pursuant to the approval of nomination and remuneration committee","11-Jan-2024 16:51:26","2024-01-11 16:51:26","11-Jan-2024 16:51:32","00:00:06","https://nsearchives.nseindia.com/corporate/ZOMATO_11012024165126_ZomatoIntimationSigned.pdf"
"ETERNAL","ETERNAL LIMITED","Updates","Zomato Limited has informed the exchange regarding initiation of liquidation of its step down subsidiary Zomato Vietnam Company Limited.'.","04-Jan-2024 11:17:37","2024-01-04 11:17:37","04-Jan-2024 11:17:42","00:00:05","https://nsearchives.nseindia.com/corporate/ZOMATO_04012024111737_IntimationofLiquidationVietnam.pdf"
"ETERNAL","ETERNAL LIMITED","Updates","Zomato Limited has informed the exchange regarding initiation of liquidation of its step down subsidiary Gastronauci SP. Z.O.O","03-Jan-2024 17:58:32","2024-01-03 17:58:32","03-Jan-2024 17:58:37","00:00:05","https://nsearchives.nseindia.com/corporate/ZOMATO_03012024175832_IntimationofLiquidationGastronauci.pdf"
"ETERNAL","ETERNAL LIMITED","Updates","Zomato Limited has informed the exchange regarding orders received from Sales Tax Officer, Ward 300, Delhi and Deputy Commissioner, DGSTO-4, Bengaluru, Karnataka","31-Dec-2023 17:33:22","2023-12-31 17:33:22","31-Dec-2023 17:33:28","00:00:06","https://nsearchives.nseindia.com/corporate/ZOMATO_31122023173322_ZomatoGSTintiamtionfinal.pdf"
"ETERNAL","ETERNAL LIMITED","Updates","Zomato Limited has informed the exchange regarding orders received from Sales Tax Officer, Ward 300, Delhi and Deputy Commissioner, DGSTO-4, Bengaluru, Karnataka","31-Dec-2023 17:28:58","2023-12-31 17:28:58","31-Dec-2023 17:29:04","00:00:06","https://nsearchives.nseindia.com/corporate/ZOMATO_31122023172858_ZomatoGSTintiamtionfinal.pdf"
"ETERNAL","ETERNAL LIMITED","Updates","Zomato Limited has informed the exchange regarding show cause notice received by the Company.","27-Dec-2023 23:01:31","2023-12-27 23:01:31","27-Dec-2023 23:01:36","00:00:05","https://nsearchives.nseindia.com/corporate/ZOMATO_27122023230132_ZomatoIntimationSCNSigned.pdf"
"ETERNAL","ETERNAL LIMITED","Trading Window","Zomato Limited has informed the Exchange regarding the Trading Window closure pursuant to SEBI (Prohibition of Insider Trading) Regulations, 2015","22-Dec-2023 22:20:48","2023-12-22 22:20:48","22-Dec-2023 22:20:54","00:00:06","https://nsearchives.nseindia.com/corporate/ZOMATO_22122023222048_InsiderTradingIntimationtostockexchange.pdf"
"ETERNAL","ETERNAL LIMITED","Updates","Zomato Limited has informed the Exchange regarding 'Clarification on news article related to acquisition of Shiprocket'.","21-Dec-2023 22:21:40","2023-12-21 22:21:40","21-Dec-2023 22:21:46","00:00:06","https://nsearchives.nseindia.com/corporate/ZOMATO_21122023222140_ZomatoIntimationShipSigned.pdf"
"ETERNAL","ETERNAL LIMITED","Analysts/Institutional Investor Meet/Con. Call Updates","Zomato Limited has informed the Exchange about Schedule of meet","17-Nov-2023 19:32:29","2023-11-17 19:32:29","17-Nov-2023 19:32:36","00:00:07","https://nsearchives.nseindia.com/corporate/ZOMATO_17112023193229_ZomatointimationIMSigned.pdf"
"ETERNAL","ETERNAL LIMITED","Analysts/Institutional Investor Meet/Con. Call Updates","Zomato Limited has informed the Exchange about Transcript of earnings call held on November 3, 2023","10-Nov-2023 15:22:06","2023-11-10 15:22:06","10-Nov-2023 15:22:13","00:00:07","https://nsearchives.nseindia.com/corporate/ZOMATO_10112023152206_Zomatointimationearningscall.pdf"
"ETERNAL","ETERNAL LIMITED","Copy of Newspaper Publication","Zomato Limited has informed the Exchange about extract of newspaper Publication - Financial Results for the quarter and half year ended September 30, 2023","05-Nov-2023 10:13:01","2023-11-05 10:13:01","05-Nov-2023 10:13:07","00:00:06","https://nsearchives.nseindia.com/corporate/ZOMATO_05112023101301_Zomatonewspaperpublicationsigned.pdf"
"ETERNAL","ETERNAL LIMITED","Analysts/Institutional Investor Meet/Con. Call Updates","Zomato Limited has informed the Exchange about link of audio recording of earnings conference call.","03-Nov-2023 22:07:58","2023-11-03 22:07:58","03-Nov-2023 22:08:03","00:00:05","https://nsearchives.nseindia.com/corporate/ZOMATO_03112023220758_Zomatoearningscallrecordingsigned.pdf"
"ETERNAL","ETERNAL LIMITED","Updates","Zomato Limited has informed the Exchange regarding 'shareholders letter'.","03-Nov-2023 15:00:44","2023-11-03 15:00:44","03-Nov-2023 15:00:58","00:00:14","https://nsearchives.nseindia.com/corporate/ZOMATO_03112023150044_ZomatoShareholderslettersigned.pdf"
"ETERNAL","ETERNAL LIMITED","Updates","Zomato Limited has informed the Exchange regarding 'outcome of board meeting'.","03-Nov-2023 14:56:57","2023-11-03 14:56:57","03-Nov-2023 14:57:20","00:00:23","https://nsearchives.nseindia.com/corporate/ZOMATO_03112023145657_Zomatoutcomesigned.pdf"
"ETERNAL","ETERNAL LIMITED","Financial Result Updates","Zomato Limited has submitted to the Exchange, the financial results for the period ended September 30, 2023.","03-Nov-2023 14:53:16","2023-11-03 14:53:16","03-Nov-2023 14:53:23","00:00:07","https://nsearchives.nseindia.com/corporate/Zomatoutcomesigned_03112023145316.pdf"
"ETERNAL","ETERNAL LIMITED","Allotment of Securities","Zomato Limited has informed the Exchange regarding allotment of securities pursuant to ESOP at its NRC meeting held on November 03, 2023","03-Nov-2023 13:32:49","2023-11-03 13:32:49","03-Nov-2023 13:32:55","00:00:06","https://nsearchives.nseindia.com/corporate/ZOMATO_03112023133249_ZomatoIntimationSigned.pdf"
"ETERNAL","ETERNAL LIMITED","Analysts/Institutional Investor Meet/Con. Call Updates","Zomato Limited has informed the Exchange about schedule of investor conferences.","02-Nov-2023 19:28:59","2023-11-02 19:28:59","02-Nov-2023 19:29:06","00:00:07","https://nsearchives.nseindia.com/corporate/ZOMATO_02112023192859_ZomatoIntimationInvestormeetsigned.pdf"
"ETERNAL","ETERNAL LIMITED","Analysts/Institutional Investor Meet/Con. Call Updates","Company will hold its earnings conference call on Friday, November 3, 2023 at 6:00 PM IST, to discuss the financial results of the Company for the quarter and half year ended September 30, 2023.","26-Oct-2023 19:28:24","2023-10-26 19:28:24","26-Oct-2023 19:28:30","00:00:06","https://nsearchives.nseindia.com/corporate/ZOMATO_26102023192824_ZomatoBMIntimationSigned.pdf"
"ETERNAL","ETERNAL LIMITED","Certificate under SEBI (Depositories and Participants) Regulations, 2018","Zomato Limited has filed with  Exchange, certificate under Regulation 74(5) of SEBI (Depositories and Participants) Regulations, 2018 for the quarter ended September 30, 2023.","13-Oct-2023 16:50:25","2023-10-13 16:50:25","13-Oct-2023 16:50:30","00:00:05","https://nsearchives.nseindia.com/corporate/ZOMATO_13102023165025_ZomatointimationSigned.pdf"
"ETERNAL","ETERNAL LIMITED","Updates","Zomato Limited has informed the Exchange regarding 'order passed District Consumer DisputeRedressal Forum (II) Jodhpur'.","13-Oct-2023 12:39:55","2023-10-13 12:39:55","13-Oct-2023 12:40:02","00:00:07","https://nsearchives.nseindia.com/corporate/ZOMATO_13102023123955_ZomatoIntimatiod.pdf"
"ETERNAL","ETERNAL LIMITED","Updates","Zomato Limited has informed the exchange regarding the grant of stock options pursuant to the approval of Nomination and Remuneration Committee","04-Oct-2023 19:10:45","2023-10-04 19:10:45","04-Oct-2023 19:10:51","00:00:06","https://nsearchives.nseindia.com/corporate/ZOMATO_04102023191046_ZomatoIntimationofESOP.pdf"
"ETERNAL","ETERNAL LIMITED","Updates","Zomato Limited has informed the Exchange regarding 'liquidation of Zomato Chile SpA, wholly owned subsidiary of the Company'.","30-Sep-2023 21:18:46","2023-09-30 21:18:46","30-Sep-2023 21:18:57","00:00:11","https://nsearchives.nseindia.com/corporate/ZOMATO_30092023211846_ZomatoIntimationchile.pdf"
"ETERNAL","ETERNAL LIMITED","Trading Window","Zomato Limited has informed the Exchange regarding the Trading Window closure pursuant to SEBI (Prohibition of Insider Trading) Regulations, 2015","23-Sep-2023 20:40:57","2023-09-23 20:40:57","23-Sep-2023 20:41:01","00:00:04","https://nsearchives.nseindia.com/corporate/ZOMATO_23092023204057_ZomatoIntimationSigned.pdf"
"ETERNAL","ETERNAL LIMITED","Updates","Zomato Limited has informed the exchange initiation of liquidation of its step down subsidiary located in Slovakia.","15-Sep-2023 18:36:36","2023-09-15 18:36:36","15-Sep-2023 18:36:54","00:00:18","https://nsearchives.nseindia.com/corporate/ZOMATO_15092023183636_ZomatoIntimationSigned.pdf"
"ETERNAL","ETERNAL LIMITED","Updates","Zomato has informed the exchange that Company has initiated liquidation of Lunchtime.cz. s.r.o., step down subsidiary of the Company located in Czech Republic","01-Sep-2023 22:02:44","2023-09-01 22:02:44","01-Sep-2023 22:02:49","00:00:05","https://nsearchives.nseindia.com/corporate/ZOMATO_01092023220244_ZomatoIntimationofdissolutionofLunchtime.pdf"
"ETERNAL","ETERNAL LIMITED","Shareholders meeting","Zomato Limited has informed the Exchange about Voting results and Scrutinizer report of Annual General Meeting held on 30-Aug-2023","01-Sep-2023 11:19:00","2023-09-01 11:19:00","01-Sep-2023 11:19:10","00:00:10","https://nsearchives.nseindia.com/corporate/ZOMATO_01092023111900_VotingresultsDisclosuresigned.pdf"
"ETERNAL","ETERNAL LIMITED","Amendment to AOA/MOA","Zomato Limited has informed the Exchange regarding the Amendment to AOA/MOA of the company.","30-Aug-2023 22:38:45","2023-08-30 22:38:45","30-Aug-2023 22:38:50","00:00:05","https://nsearchives.nseindia.com/corporate/ZOMATO_30082023223845_ZomatoMOAAlteration.pdf"
"ETERNAL","ETERNAL LIMITED","Shareholders meeting","Zomato Limited has informed the Exchange regarding Proceedings of  Annual General Meeting held on August 30, 2023.","30-Aug-2023 22:36:54","2023-08-30 22:36:54","30-Aug-2023 22:36:59","00:00:05","https://nsearchives.nseindia.com/corporate/ZOMATO_30082023223654_ZomatoAGMProceedings.pdf"
"ETERNAL","ETERNAL LIMITED","Change in Auditors","Zomato Limited has informed the Exchange regarding Change in Auditors of the company.","29-Aug-2023 18:31:14","2023-08-29 18:31:14","29-Aug-2023 18:31:18","00:00:04","https://nsearchives.nseindia.com/corporate/ZOMATO_29082023183114_ZomatoZHPLAppt.pdf"
"ETERNAL","ETERNAL LIMITED","Updates","Zomato Limited has informed the Exchange regarding liquidation of Zomato Media Portugal, Unipessoal Lda, wholly owned subsidiary of the Company, located in Portugal.","22-Aug-2023 22:47:04","2023-08-22 22:47:04","22-Aug-2023 22:47:11","00:00:07","https://nsearchives.nseindia.com/corporate/ZOMATO_22082023224704_Zomatointimationport.pdf"
"ETERNAL","ETERNAL LIMITED","Analysts/Institutional Investor Meet/Con. Call Updates","Zomato Limited has informed the exchange about transcript of earnings call held on August 3, 2023","10-Aug-2023 17:48:25","2023-08-10 17:48:25","10-Aug-2023 17:48:59","00:00:34","https://nsearchives.nseindia.com/corporate/ZOMATO_10082023174825_Earningscalltranscript.pdf"
"ETERNAL","ETERNAL LIMITED","Copy of Newspaper Publication","Zomato Limited has informed the Exchange about extract of newspaper Publication - Financial Results for the quarter ended June 30, 2023.","06-Aug-2023 20:31:06","2023-08-06 20:31:06","07-Aug-2023 00:19:22","03:48:16","https://nsearchives.nseindia.com/corporate/ZOMATO_06082023203106_NPAdQuarterlysigned.pdf"
"ETERNAL","ETERNAL LIMITED","Copy of Newspaper Publication","Zomato Limited has informed the Exchange about Newspaper Advertisement regarding 13th annual general meeting of the Company and other information.","05-Aug-2023 12:33:13","2023-08-05 12:33:13","06-Aug-2023 23:30:51","34:57:38","https://nsearchives.nseindia.com/corporate/ZOMATO_05082023123313_ZomatoPostPublicationAdSigned.pdf"
"ETERNAL","ETERNAL LIMITED","Updates","Zomato Limited has informed the Exchange regarding 'business responsibility and sustainability report for the financial year ended March 31, 2023.","04-Aug-2023 19:35:41","2023-08-04 19:35:41","04-Aug-2023 19:35:55","00:00:14","https://nsearchives.nseindia.com/corporate/ZOMATO_04082023193541_ZomatoBRSRCoveringSigned.pdf"
"ETERNAL","ETERNAL LIMITED","Copy of Newspaper Publication","Zomato Limited has informed the Exchange about Copy of Newspaper Publication","04-Aug-2023 18:09:38","2023-08-04 18:09:38","04-Aug-2023 18:09:56","00:00:18","https://nsearchives.nseindia.com/corporate/ZOMATO_04082023180938_NewspaperPublicationSigned.pdf"
"ETERNAL","ETERNAL LIMITED","Shareholders meeting","Zomato Limited has informed the Exchange regarding Notice of Annual General Meeting to be held on August 30, 2023","04-Aug-2023 17:17:17","2023-08-04 17:17:17","04-Aug-2023 17:17:31","00:00:14","https://nsearchives.nseindia.com/corporate/ZOMATO_04082023171717_ZomatoAGMNoticeStockExchnage.pdf"
"ETERNAL","ETERNAL LIMITED","Updates","Zomato Limited has filed with the exchange disclosure w.r.t continuing event.","03-Aug-2023 23:13:05","2023-08-03 23:13:05","03-Aug-2023 23:13:18","00:00:13","https://nsearchives.nseindia.com/corporate/ZOMATO_03082023231305_disclosuresigned.pdf"
"ETERNAL","ETERNAL LIMITED","Analysts/Institutional Investor Meet/Con. Call Updates","Zomato Limited has informed the Exchange about audio recording of the earnings call dated August 3, 2023","03-Aug-2023 20:37:49","2023-08-03 20:37:49","03-Aug-2023 20:38:01","00:00:12","https://nsearchives.nseindia.com/corporate/ZOMATO_03082023203749_Earningscallsigned.pdf"
"ETERNAL","ETERNAL LIMITED","Updates","Zomato Limited has filed with the exchange shareholders letter dated August 3, 2023 from Deepinder Goyal, Managing Director & Chief Executive Officer of the Company and Akshant Goyal, Chief Financial Officer of the Company.","03-Aug-2023 15:28:08","2023-08-03 15:28:08","03-Aug-2023 15:28:21","00:00:13","https://nsearchives.nseindia.com/corporate/ZOMATO_03082023152808_Zomatoshareholdersletter.pdf"
"ETERNAL","ETERNAL LIMITED","Outcome of Board Meeting","Zomato Limited has informed the exchange that Board in its meeting held today approved the following:1. The un-audited financial results (standalone and consolidated) for the quarter ended June 30, 2023;2. The amendment in the policy on determination of materiality for disclosure of events or information ( Policy );3. Notice convening 13th AGM of the Company on Wednesday, August 30, 2023 at 4:30 p.m; and4. Amendments in the MOA of the Company w.r.t  cancellation of unissued authorised preference share capital of the Company and reallocation of the same to authorized equity share capital of the Company. The meeting of the Board commenced at 2:07 P.M. and concluded at 3:03 P.M.","03-Aug-2023 15:19:08","2023-08-03 15:19:08","03-Aug-2023 15:19:42","00:00:34","https://nsearchives.nseindia.com/corporate/ZOMATO_03082023151908_ZomatoOutcomeSigned.pdf"
"ETERNAL","ETERNAL LIMITED","Financial Result Updates","Zomato Limited has submitted to the Exchange, the financial results for the period ended June 30, 2023.","03-Aug-2023 15:17:47","2023-08-03 15:17:47","03-Aug-2023 15:18:00","00:00:13","https://nsearchives.nseindia.com/corporate/ZomatoOutcomeSigned_03082023151747.pdf"
"ETERNAL","ETERNAL LIMITED","ESOP/ESOS/ESPS","Zomato Limited has informed the Exchange regarding Allotment of 25259179  Shares.","31-Jul-2023 18:58:39","2023-07-31 18:58:39","31-Jul-2023 18:58:55","00:00:16","https://nsearchives.nseindia.com/corporate/ZOMATO_31072023185839_ZomatoESOPAllotmentIntimation.pdf"
"ETERNAL","ETERNAL LIMITED","Analysts/Institutional Investor Meet/Con. Call Updates","Company will hold its earnings conference call on Thursday, August 3, 2023 at 6:00 PM IST, to discuss the financial results of the Company for the quarter ended June 30, 2023","25-Jul-2023 20:17:22","2023-07-25 20:17:22","25-Jul-2023 20:17:30","00:00:08","https://nsearchives.nseindia.com/corporate/ZOMATO_25072023201722_ZomatoIntimationsigned.pdf"
"ETERNAL","ETERNAL LIMITED","Updates","Zomato has informed the exchange that Company has initiated liquidation of Zomato Media Portugal Unipessoal Lda, subsidiary of the Company located in Portugal.","21-Jul-2023 19:22:23","2023-07-21 19:22:23","21-Jul-2023 19:22:31","00:00:08","https://nsearchives.nseindia.com/corporate/ZOMATO_21072023192223_ZomatoIntimationPortugal.pdf"
"ETERNAL","ETERNAL LIMITED","Certificate under SEBI (Depositories and Participants) Regulations, 2018","Zomato Limited has informed the Exchange about Certificate under Regulation 74(5) of SEBI (Depositories and Participants) Regulations, 2018 for the quarter ended June 30, 2023","14-Jul-2023 17:26:13","2023-07-14 17:26:13","14-Jul-2023 17:26:18","00:00:05","https://nsearchives.nseindia.com/corporate/ZOMATO_14072023172613_ZomatoIntimation74.pdf"
"ETERNAL","ETERNAL LIMITED","Updates","Zomato Limited has informed the Exchange that Company has initiated liquidation of PT Zomato Media Indonesia, subsidiary of the Company located in Indonesia.","05-Jul-2023 22:44:45","2023-07-05 22:44:45","05-Jul-2023 22:44:52","00:00:07","https://nsearchives.nseindia.com/corporate/ZOMATO_05072023224445_ZomatoIntimationIndonesiaf.pdf"
"ETERNAL","ETERNAL LIMITED","Updates","Zomato Limited has informed the exchange that Company has received intimation yesterday regarding liquidation of Zomato NZ Media Private Limited, wholly owned subsidiary of the Company w.e.f June 22, 2023.","28-Jun-2023 15:37:13","2023-06-28 15:37:13","28-Jun-2023 15:37:17","00:00:04","https://nsearchives.nseindia.com/corporate/ZOMATO_28062023153713_ZomatoIntimation.pdf"
"ETERNAL","ETERNAL LIMITED","Trading Window","Zomato Limited has informed the Exchange regarding the Trading Window closure pursuant to SEBI (Prohibition of Insider Trading) Regulations, 2015","24-Jun-2023 12:52:17","2023-06-24 12:52:17","24-Jun-2023 12:52:21","00:00:04","https://nsearchives.nseindia.com/corporate/ZOMATO_24062023125217_ZomatoTradingwindowintimation.pdf"
"ETERNAL","ETERNAL LIMITED","Updates","Zomato Limited has informed the Exchange regarding 'Zomato Australia Pty Limited, step down subsidiary of the Company is deregistered w.e.f. June 11, 2023.'.","13-Jun-2023 22:27:10","2023-06-13 22:27:10","13-Jun-2023 22:27:15","00:00:05","https://nsearchives.nseindia.com/corporate/ZOMATO_13062023222710_ZomatoIntimationofdissolutionofZomatoAustralia.pdf"
"ETERNAL","ETERNAL LIMITED","Updates","Zomato Limited has informed the exchange regarding appointment of M/s S. R. Batliboi & Associates LLP  as statutory auditor of Zomato Hyperpure Private Limited, material subsidiary of the Company''.","09-Jun-2023 20:33:55","2023-06-09 20:33:55","09-Jun-2023 20:33:59","00:00:04","https://nsearchives.nseindia.com/corporate/ZOMATO_09062023203355_ZomatoHyperpureAuditorIntimation.pdf"
"ETERNAL","ETERNAL LIMITED","Analysts/Institutional Investor Meet/Con. Call Updates","Zomato Limited has informed the Exchange about schedule of meeting with group of investors","31-May-2023 20:45:55","2023-05-31 20:45:55","31-May-2023 20:45:58","00:00:03","https://nsearchives.nseindia.com/corporate/ZOMATO_31052023204555_ZLInvestormeetsigned.pdf"
"ETERNAL","ETERNAL LIMITED","Annual Secretarial Compliance Report","Zomato Limited has filed with the exchange annual secretarial compliance report for the financial year ended March 31, 2023","30-May-2023 16:44:50","2023-05-30 16:44:50","30-May-2023 16:45:37","00:00:47","https://nsearchives.nseindia.com/corporate/ZOMATO_30052023164450_ZomatoSecretarialCompliance.pdf"
"ETERNAL","ETERNAL LIMITED","Analysts/Institutional Investor Meet/Con. Call Updates","Zomato Limited has informed the Exchange about Transcript of the earnings conference call held on May 19, 2023","26-May-2023 17:36:25","2023-05-26 17:36:25","26-May-2023 17:36:36","00:00:11","https://nsearchives.nseindia.com/corporate/ZOMATO_26052023173625_ZoamtotranscriptintimationSigned.pdf"
"ETERNAL","ETERNAL LIMITED","Analysts/Institutional Investor Meet/Con. Call Updates","Zomato Limited has informed the Exchange about Schedule of meet","22-May-2023 18:37:07","2023-05-22 18:37:07","22-May-2023 18:37:12","00:00:05","https://nsearchives.nseindia.com/corporate/ZOMATO_22052023183707_InvestormeetIntimationsigned.pdf"
"ETERNAL","ETERNAL LIMITED","Copy of Newspaper Publication","Zomato Limited has informed the Exchange about extract of newspaper Publication - Financial Results for the quarter and financial year ended March 31, 2023.","21-May-2023 10:15:07","2023-05-21 10:15:07","21-May-2023 10:15:10","00:00:03","https://nsearchives.nseindia.com/corporate/ZOMATO_21052023101507_IntimationPublication.pdf"
"ETERNAL","ETERNAL LIMITED","Analysts/Institutional Investor Meet/Con. Call Updates","Zomato Limited has informed the Exchange about Link of Recording","20-May-2023 17:30:30","2023-05-20 17:30:30","20-May-2023 17:30:35","00:00:05","https://nsearchives.nseindia.com/corporate/ZOMATO_20052023173030_Zomatointimationearni.pdf"
"ETERNAL","ETERNAL LIMITED","Code of Conduct under SEBI(PIT) Reg., 2015","Zomato Limited has informed the Exchange about Code of Conduct under SEBI(PIT) Reg., 2015","19-May-2023 21:07:20","2023-05-19 21:07:20","19-May-2023 21:07:26","00:00:06","https://nsearchives.nseindia.com/corporate/ZOMATO_19052023210720_ZomatoFairDisclosureCodeSigned.pdf"
"ETERNAL","ETERNAL LIMITED","Related Party Transactions","Zomato Limited has filed with the exchange related party transactions for the half year ended March 31, 2023","19-May-2023 20:54:35","2023-05-19 20:54:35","19-May-2023 20:54:39","00:00:04","https://nsearchives.nseindia.com/corporate/ZOMATO_19052023205435_ZomatoRPTIntimationSigned.pdf"
"ETERNAL","ETERNAL LIMITED","Updates","Zomato Limited has informed the Exchange regarding the appointment(s) of:a. Rakesh Ranjan as CEO-Food ordering and delivery business;b. Rinshul Chandra as COO-Food ordering and delivery business; andc. Rishi Arora as CEO-Zomato Hyperpure Private Limited, material subsidiary of the Company.","19-May-2023 17:53:27","2023-05-19 17:53:27","19-May-2023 17:53:31","00:00:04","https://nsearchives.nseindia.com/corporate/ZOMATO_19052023175327_ZomatoIntimationSigned.pdf"
"ETERNAL","ETERNAL LIMITED","Statement of deviation(s) or variation(s) under Reg. 32","Zomato Limited has informed the Exchange about statement of deviation(s) or variation(s) under Reg. 32","19-May-2023 16:56:36","2023-05-19 16:56:36","19-May-2023 16:56:39","00:00:03","https://nsearchives.nseindia.com/corporate/ZOMATO_19052023165636_ZomatoSDAIntimationSigned.pdf"
"ETERNAL","ETERNAL LIMITED","Updates","Zomato Limited has filed with the exchange shareholders letter dated May 19, 2023 from Deepinder Goyal, Managing Director & Chief Executive Officer of the Company and Akshant Goyal, Chief Financial Officer of the Company.","19-May-2023 16:21:28","2023-05-19 16:21:28","19-May-2023 16:21:38","00:00:10","https://nsearchives.nseindia.com/corporate/ZOMATO_19052023162128_ZomatoshareholdersLetter.pdf"
"ETERNAL","ETERNAL LIMITED","Financial Result Updates","Zomato Limited has submitted to the Exchange, the financial results for the period ended March 31, 2023.","19-May-2023 16:14:25","2023-05-19 16:14:25","19-May-2023 16:14:29","00:00:04","https://nsearchives.nseindia.com/corporate/ZomatoOutcomeSigned_19052023161425.pdf"
"ETERNAL","ETERNAL LIMITED","Resignation of Statutory Auditor","ZOMATO LIMITED has informed the Exchange about Resignation of Statutory Auditor","13-May-2023 21:05:37","2023-05-13 21:05:37","13-May-2023 21:05:40","00:00:03","https://nsearchives.nseindia.com/corporate/ZOMATO_13052023210537_ZOMATO_ROSA_4303_KMP_Doc_13052023210537.zip"
"ETERNAL","ETERNAL LIMITED","Updates","Zomato Ltd has informed the exchange that M/s B. B. & Associates, statutory auditor of Zomato Hyperpure Private Limited, material subsidiary of the Company has resigned w.e.f. May 13, 2023.","13-May-2023 14:45:19","2023-05-13 14:45:19","13-May-2023 14:45:22","00:00:03","https://nsearchives.nseindia.com/corporate/ZOMATO_13052023144519_ZomatoIntimationMaterialSubSigned.pdf"
"ETERNAL","ETERNAL LIMITED","Analysts/Institutional Investor Meet/Con. Call Updates","Company will hold its earnings conference call on Friday, May 19, 2023 at 6:00 PM IST, to discuss the financial results of the Company for the quarter and financial year ended March 31, 2023","10-May-2023 21:37:54","2023-05-10 21:37:54","10-May-2023 21:37:58","00:00:04","https://nsearchives.nseindia.com/corporate/ZOMATO_10052023213754_ZomatoBMIntimationSigned.pdf"
"ETERNAL","ETERNAL LIMITED","ESOP/ESOS/ESPS","Zomato Limited has informed the Exchange regarding Allotment of 25677266  Shares pursuant to exercise of stock options","25-Apr-2023 22:12:40","2023-04-25 22:12:40","25-Apr-2023 22:12:43","00:00:03","https://nsearchives.nseindia.com/corporate/ZOMATO_25042023221240_ZomatoIntimationESOPAllotmentSigned.pdf"
"ETERNAL","ETERNAL LIMITED","News Verification","The Exchange has sought clarification from Zomato Limited with respect to recent news item captioned Blinkit 'temporarily unavailable' after delivery partners protest change in pay structure.  The response from the Company is attached.","19-Apr-2023 14:41:47","2023-04-19 14:41:47","19-Apr-2023 14:41:51","00:00:04","https://nsearchives.nseindia.com/corporate/ZOMATO_19042023144147_NSEResponsesigned.pdf"
"ETERNAL","ETERNAL LIMITED","News Verification","The Exchange has sought clarification from Zomato Limited with respect to recent news item captioned Blinkit 'temporarily unavailable' after delivery partners protest change in pay structure.  The response from the Company is awaited.","18-Apr-2023 17:53:29","2023-04-18 17:53:29","18-Apr-2023 17:53:36","00:00:07","-"
"ETERNAL","ETERNAL LIMITED","Certificate under SEBI (Depositories and Participants) Regulations, 2018","Zomato Limited has informed the Exchange about Certificate under SEBI (Depositories and Participants) Regulations, 2018 for the quarter ended March 31, 2023","15-Apr-2023 13:47:29","2023-04-15 13:47:29","15-Apr-2023 13:47:31","00:00:02","https://nsearchives.nseindia.com/corporate/ZOMATO_15042023134729_Reg74.pdf"
"ETERNAL","ETERNAL LIMITED","Updates","Zomato Limited has informed the Exchange regarding 'dissolution of subsidiaries located in New Zealand and Australia'.","01-Apr-2023 09:31:11","2023-04-01 09:31:11","01-Apr-2023 09:31:14","00:00:03","https://nsearchives.nseindia.com/corporate/ZOMATO_01042023093111_ZomatoIntimationofdissolutionofZomatoNZandAustraliaSigned.pdf"
"ETERNAL","ETERNAL LIMITED","Analysts/Institutional Investor Meet/Con. Call Updates","Zomato Limited has informed the exchange about schedule of proposed participation in investor conference.","16-Mar-2023 16:44:10","2023-03-16 16:44:10","16-Mar-2023 16:44:14","00:00:04","https://nsearchives.nseindia.com/corporate/ZOMATO_16032023164410_ZomatoInvestormeetSigned.pdf"
"ETERNAL","ETERNAL LIMITED","Trading Window","Zomato Limited has informed the Exchange regarding the Trading Window closure pursuant to SEBI (Prohibition of Insider Trading) Regulations, 2015","15-Mar-2023 17:44:46","2023-03-15 17:44:46","15-Mar-2023 17:44:49","00:00:03","https://nsearchives.nseindia.com/corporate/ZOMATO_15032023174446_ZomatoTradingwindowintimationsigned.pdf"
"ETERNAL","ETERNAL LIMITED","Updates","Zomato Limited has informed the exchange, Zomato Ireland Limited - Jordan, a step-down subsidiary of the Company is liquidated w.e.f. March 12, 2023.","14-Mar-2023 23:23:53","2023-03-14 23:23:53","14-Mar-2023 23:24:05","00:00:12","https://nsearchives.nseindia.com/corporate/ZOMATO_14032023232353_ZL_Intimation_Jordan_Dissolution.pdf"
"ETERNAL","ETERNAL LIMITED","Analysts/Institutional Investor Meet/Con. Call Updates","Zomato Limited has informed the Exchange about transcript of the earnings conference call conducted on February 10, 2023.","17-Feb-2023 16:58:06","2023-02-17 16:58:06","17-Feb-2023 16:58:11","00:00:05","https://nsearchives.nseindia.com/corporate/ZOMATO_17022023165806_ZomatoTranscriptIntimationSigned.pdf"
"ETERNAL","ETERNAL LIMITED","Analysts/Institutional Investor Meet/Con. Call Updates","Zomato Limited has informed the exchange about schedule of proposed participation in investor conference","17-Feb-2023 15:59:55","2023-02-17 15:59:55","17-Feb-2023 15:59:59","00:00:04","https://nsearchives.nseindia.com/corporate/ZOMATO_17022023155955_ZomatoInvestormeetIntimation.pdf"
"ETERNAL","ETERNAL LIMITED","Copy of Newspaper Publication","Zomato Limited has informed the Exchange about extract of newspaper Publication - Financial Results for the quarter and nine months ended December 31, 2022","11-Feb-2023 14:18:50","2023-02-11 14:18:50","11-Feb-2023 14:18:53","00:00:03","https://nsearchives.nseindia.com/corporate/ZOMATO_11022023141849_ZomatoNewspaperAd.pdf"
"ETERNAL","ETERNAL LIMITED","Analysts/Institutional Investor Meet/Con. Call Updates","Zomato Limited has informed the Exchange about audio recording of the earnings  call dated February 10, 2023","11-Feb-2023 14:10:36","2023-02-11 14:10:36","11-Feb-2023 14:10:44","00:00:08","https://nsearchives.nseindia.com/corporate/ZOMATO_11022023141036_ZomatoAudioRecordingIntimation.pdf"
"ETERNAL","ETERNAL LIMITED","Monitoring Agency Report","Zomato Limited has filed with the exchange Monitoring Agency Report for the quarter ended December 31, 2022. The earlier report submitted was not reflecting in searchable format (OCR) on the exchange portal.","10-Feb-2023 16:02:34","2023-02-10 16:02:34","10-Feb-2023 16:02:46","00:00:12","https://nsearchives.nseindia.com/corporate/ZOMATO_10022023160234_MARSigned.pdf"
"ETERNAL","ETERNAL LIMITED","Monitoring Agency Report","Zomato Limited has filed with the exchange Monitoring Agency Report for the quarter ended December 31, 2022","09-Feb-2023 21:04:28","2023-02-09 21:04:28","09-Feb-2023 21:04:33","00:00:05","https://nsearchives.nseindia.com/corporate/ZOMATO_09022023210428_ZomatoMARSigned.pdf"
"ETERNAL","ETERNAL LIMITED","Statement of deviation(s) or variation(s) under Reg. 32","Zomato Limited has informed the Exchange about statement of deviation(s) or variation(s) under Reg. 32","09-Feb-2023 20:59:03","2023-02-09 20:59:03","09-Feb-2023 20:59:10","00:00:07","https://nsearchives.nseindia.com/corporate/ZOMATO_09022023205903_ZomatoStatementofDeviationSigned.pdf"
"ETERNAL","ETERNAL LIMITED","Resignation","Zomato Limited has informed the Exchange regarding resignation of Mr Douglas Feagin as Nominee Director .","09-Feb-2023 19:59:55","2023-02-09 19:59:55","09-Feb-2023 19:59:57","00:00:02","https://nsearchives.nseindia.com/corporate/ZOMATO_09022023195955_Zomatointimation.pdf"
"ETERNAL","ETERNAL LIMITED","Financial Result Updates","Zomato Limited has submitted to the Exchange, the financial results for the period ended December 31, 2022.","09-Feb-2023 18:47:07","2023-02-09 18:47:07","09-Feb-2023 18:47:13","00:00:06","https://nsearchives.nseindia.com/corporate/ZomatoOutcome_09022023184707.pdf"
"ETERNAL","ETERNAL LIMITED","Analysts/Institutional Investor Meet/Con. Call Updates","Company will hold its earnings conference call on Friday, February 10, 2023 at 5:00 PM IST, to discuss the financial results of the Company for the quarter and nine months ended December 31, 2022.","01-Feb-2023 19:06:00","2023-02-01 19:06:00","01-Feb-2023 19:06:06","00:00:06","https://nsearchives.nseindia.com/corporate/ZOMATO_01022023190600_ZomatoEarningsCall.pdf"
"ETERNAL","ETERNAL LIMITED","News Verification","The Exchange has sought clarification from Zomato Limited with respect to recent news item captioned Zomato stops 10-minute food delivery offering.  The response from the Company is attached.","30-Jan-2023 16:58:00","2023-01-30 16:58:00","30-Jan-2023 16:58:30","00:00:30","https://nsearchives.nseindia.com/corporate/ZOMATO_30012023165827_NSE_ZL_Clarification_on_Instant_Signed.pdf"
"ETERNAL","ETERNAL LIMITED","ESOP/ESOS/ESPS","Zomato Limited has informed the Exchange regarding Allotment of 1765182  Shares.","25-Jan-2023 19:01:30","2023-01-25 19:01:30","25-Jan-2023 19:01:33","00:00:03","https://nsearchives.nseindia.com/corporate/ZOMATO_25012023190130_ZLIntimationESOP25012023.pdf"
"ETERNAL","ETERNAL LIMITED","News Verification","The Exchange has sought clarification from Zomato Limited with respect to recent news item captioned Zomato stops 10-minute food delivery offering.  The response from the Company is awaited.","25-Jan-2023 15:29:00","2023-01-25 15:29:00","25-Jan-2023 15:29:25","00:00:25","-"
"ETERNAL","ETERNAL LIMITED","Certificate under SEBI (Depositories and Participants) Regulations, 2018","Zomato Limited has informed the Exchange about Certificate under Regulation 74(5) of SEBI (Depositories and Participants) Regulations, 2018 for the quarter ended December 31, 2022","12-Jan-2023 18:48:09","2023-01-12 18:48:09","12-Jan-2023 18:48:11","00:00:02","https://nsearchives.nseindia.com/corporate/ZOMATO_12012023184809_Zomato74CertificateSigned.pdf"
"ETERNAL","ETERNAL LIMITED","Updates","Zomato Limited has informed the exchange regarding resignation of Mr. Gunjan Patidar","02-Jan-2023 18:40:23","2023-01-02 18:40:23","02-Jan-2023 18:40:28","00:00:05","https://nsearchives.nseindia.com/corporate/ZOMATO_02012023184023_ZomatoIntimationGunjansigned.pdf"
"ETERNAL","ETERNAL LIMITED","Trading Window","Zomato Limited has informed the Exchange regarding the Trading Window closure pursuant to SEBI (Prohibition of Insider Trading) Regulations, 2015","24-Dec-2022 22:51:00","2022-12-24 22:51:00","24-Dec-2022 22:51:04","00:00:04","https://nsearchives.nseindia.com/corporate/ZOMATO_24122022225100_Zomatotradingwindow.pdf"
"ETERNAL","ETERNAL LIMITED","Schedule of Analysts/Institutional Investor Meet/Con. Call","Zomato Limited has informed the Exchange that the Company will be participating in an investor group meeting.","07-Dec-2022 18:06:09","2022-12-07 18:06:09","07-Dec-2022 18:06:13","00:00:04","https://nsearchives.nseindia.com/corporate/ZOMATO_07122022180609_InvestorgroupmeetingIntimation.pdf"
"ETERNAL","ETERNAL LIMITED","Related Party Transaction","Zomato Limited has informed the Exchange about related party transaction for the period ended September 2022","24-Nov-2022 18:59:12","2022-11-24 18:59:12","24-Nov-2022 18:59:16","00:00:04","https://nsearchives.nseindia.com/corporate/ZOMATO_24112022185912_ZomatoRPT_signed.pdf"
"ETERNAL","ETERNAL LIMITED","General updates","Zomato Limited has informed the exchange regarding resignation of Mr. Mohit Gupta ","18-Nov-2022 19:39:15","2022-11-18 19:39:15","18-Nov-2022 19:39:19","00:00:04","https://nsearchives.nseindia.com/corporate/ZOMATO_18112022193915_mg_filing_vff.pdf"
"ETERNAL","ETERNAL LIMITED","Transcript of Analysts/Institutional Investor Meet/Con. Call","Transcript of earnings conference call conducted on November 11, 2022","18-Nov-2022 17:15:00","2022-11-18 17:15:00","18-Nov-2022 17:15:06","00:00:06","https://nsearchives.nseindia.com/corporate/ZOMATO_18112022171500_ZomatoTranscriptofEarningsconferencecall.pdf"
"ETERNAL","ETERNAL LIMITED","General updates","Zomato Limited has informed the exchange regarding resignation of Mr. Rahul Ganjoo","14-Nov-2022 15:55:41","2022-11-14 15:55:41","14-Nov-2022 15:55:53","00:00:12","https://nsearchives.nseindia.com/corporate/ZOMATO_14112022155541_ZL_Intimation_RG_signed.pdf"
"ETERNAL","ETERNAL LIMITED","General updates","Zomato Limited has informed the Exchange about general update on food delivery business in UAE.","14-Nov-2022 15:44:39","2022-11-14 15:44:39","14-Nov-2022 15:44:43","00:00:04","https://nsearchives.nseindia.com/corporate/ZOMATO_14112022154439_ZL_Intimation_UAE_Finalsigned.pdf"
"ETERNAL","ETERNAL LIMITED","Newspaper Advertisements","Zomato Limited has filed with exchange, extract of newspaper publication(s) of the financial Results of the Company for the quarter and half year ended September 30, 2022.","12-Nov-2022 23:55:15","2022-11-12 23:55:15","12-Nov-2022 23:55:18","00:00:03","https://nsearchives.nseindia.com/corporate/ZOMATO_12112022235515_zomatonewspaperintimation.pdf"
"ETERNAL","ETERNAL LIMITED","Transcript of Analysts/Institutional Investor Meet/Con. Call","Zomato Limited has informed the exchange about audio recording of the earnings conference call dated November 11, 2022","12-Nov-2022 14:31:12","2022-11-12 14:31:12","12-Nov-2022 14:31:16","00:00:04","https://nsearchives.nseindia.com/corporate/ZOMATO_12112022143112_ZomatoEarningsrecording.pdf"
"ETERNAL","ETERNAL LIMITED","Monitoring Agency Report","Zomato Limited has filed with the exchange Monitoring Agency Report for the quarter ended September 30, 2022","10-Nov-2022 19:13:57","2022-11-10 19:13:57","10-Nov-2022 19:14:02","00:00:05","https://nsearchives.nseindia.com/corporate/ZOMATO_10112022191357_Zomato_MARSigned.pdf"
"ETERNAL","ETERNAL LIMITED","General updates","Zomato Limited has informed the Exchange statement on deviation or variation in utilisation of funds, if any raised through Initial Public Offer for the quarter ended September 30, 2022 under Reg. 32 of SEBI (Listing Obligations and Disclosure Requirements) Regulations, 2015","10-Nov-2022 19:08:45","2022-11-10 19:08:45","10-Nov-2022 19:08:49","00:00:04","https://nsearchives.nseindia.com/corporate/ZOMATO_10112022190845_Zomato_statementofdevaition_signed.pdf"
"ETERNAL","ETERNAL LIMITED","Outcome of Board Meeting","Pursuant to Regulations 30 and 33 and other applicable provisions of the Listing Regulations, we wish to inform you that the board of directors of Zomato Limited at its meeting held today i.e., November 10, 2022, inter alia, has considered, approved and taken on record the unaudited standalone and consolidated financial results for the quarter and half year ended September 30, 2022 along with limited review report by the statutory auditors of the Company.","10-Nov-2022 17:31:36","2022-11-10 17:31:36","10-Nov-2022 17:31:40","00:00:04","https://nsearchives.nseindia.com/corporate/ZOMATO_10112022173136_Zomatointimation.pdf"
"ETERNAL","ETERNAL LIMITED","ESOP/ESPS/SBEB Scheme","Zomato Limited has informed the Exchange about allotment of 30,08,300 Equity Shares pursuant to exercise of options under Zomato Employee Stock Option Plan 2018.","03-Nov-2022 19:08:18","2022-11-03 19:08:18","03-Nov-2022 19:08:34","00:00:16","https://nsearchives.nseindia.com/corporate/ZOMATO_03112022190818_ZLIntimation_AllotmentofsharesunderESOP.pdf"
"ETERNAL","ETERNAL LIMITED","Schedule of Analysts/Institutional Investor Meet/Con. Call","Zomato Limited has informed the exchange that Company will hold its earnings conference call on Friday, November 11, 2022 at 5:00 PM IST, to discuss the financial results of the Company for the quarter and half year ended September 30, 2022","03-Nov-2022 19:03:57","2022-11-03 19:03:57","03-Nov-2022 19:04:04","00:00:07","https://nsearchives.nseindia.com/corporate/ZOMATO_03112022190357_ZomatoLimitedQ2FY23earningscallintimation_draft2.pdf"
"ETERNAL","ETERNAL LIMITED","Closure of operations of any unit/division","Zomato Limited has informed the exchange, Zomato Media WLL, joint venture of the Company is liquidated w.e.f. October 25, 2022.","31-Oct-2022 17:52:21","2022-10-31 17:52:21","31-Oct-2022 17:52:26","00:00:05","https://nsearchives.nseindia.com/corporate/ZOMATO_31102022175221_ZLqatardissolution.pdf"
"ETERNAL","ETERNAL LIMITED","General updates","Zomato Limited has informed the Exchange about Certificate under Regulation 74(5) of SEBI (Depositories and Participants) Regulations, 2018 for the quarter ended September 30, 2022","14-Oct-2022 18:26:09","2022-10-14 18:26:09","14-Oct-2022 18:26:13","00:00:04","https://nsearchives.nseindia.com/corporate/ZOMATO_14102022182609_ZomatoCertificate74Sept.pdf"
"ETERNAL","ETERNAL LIMITED","Closure of trading window","Zomato Limited has informed the exchange about Closure of trading window","23-Sep-2022 23:46:09","2022-09-23 23:46:09","23-Sep-2022 23:46:12","00:00:03","https://nsearchives.nseindia.com/corporate/ZOMATO_23092022234609_ZomatoIntitmationInsidertrading.pdf"
"ETERNAL","ETERNAL LIMITED","Annual General Meeting","In furtherance to our letter dated August 31, 2022, under Regulation 30 of the Listing Regulations, wherein the Company has inter-alia submitted proceedings of the 12th Annual General Meeting of the Company, we would like to inform the exchange that the Company has inadvertently shown Ms Aparna Popat Ved, independent director of the Company as present while intimating attendance of directors at the AGM. Accordingly, please find attached revised proceedings of 12th Annual General Meeting of the Company. ","22-Sep-2022 20:27:51","2022-09-22 20:27:51","22-Sep-2022 20:27:55","00:00:04","https://nsearchives.nseindia.com/corporate/ZOMATO_22092022202751_ZomatoAGMProceedings_signedfinal.pdf"
"ETERNAL","ETERNAL LIMITED","Schedule of Analysts/Institutional Investor Meet/Con. Call","Zomato Limited has informed the Exchange about that he Company will be participating in an investor conference.","19-Sep-2022 21:47:33","2022-09-19 21:47:33","19-Sep-2022 21:47:37","00:00:04","https://nsearchives.nseindia.com/corporate/ZOMATO_19092022214733_zomatoreg30.pdf"
"ETERNAL","ETERNAL LIMITED","Annual General Meeting","Zomato Limited has informed the Exchange about Voting results and  Scrutinizer report of Annual General Meeting held on 30-Aug-2022","01-Sep-2022 17:48:57","2022-09-01 17:48:57","01-Sep-2022 17:49:02","00:00:05","https://nsearchives.nseindia.com/corporate/ZOMATO_01092022174857_ZomatoVotingresultsintimation.pdf"
"ETERNAL","ETERNAL LIMITED","General updates","Zomato Limited has informed the Exchange about General Update - Launch of Intercity Legends","31-Aug-2022 21:22:30","2022-08-31 21:22:30","31-Aug-2022 21:22:32","00:00:02","https://nsearchives.nseindia.com/corporate/ZOMATO_31082022212230_ZomatoIntimationofIntercityLegendsdraft_Revised.pdf"
"ETERNAL","ETERNAL LIMITED","General updates","Zomato Limited has informed the Exchange about General Update - Resignation of Mr. Nitin Savara","31-Aug-2022 17:36:51","2022-08-31 17:36:51","31-Aug-2022 17:36:55","00:00:04","https://nsearchives.nseindia.com/corporate/ZOMATO_31082022173651_ZomatoIntimationofResignationofMr.NitinSavara.pdf"
"ETERNAL","ETERNAL LIMITED","Annual General Meeting","Zomato Limited has informed the Exchange about  Proceedings of Annual General Meeting held on 30-Aug-2022","31-Aug-2022 16:17:03","2022-08-31 16:17:03","31-Aug-2022 16:17:08","00:00:05","https://nsearchives.nseindia.com/corporate/ZOMATO_31082022161703_Zomatopdf.pdf"
"ETERNAL","ETERNAL LIMITED","General updates","General update","29-Aug-2022 16:25:54","2022-08-29 16:25:54","29-Aug-2022 16:25:57","00:00:03","https://nsearchives.nseindia.com/corporate/ZOMATO_29082022162554_Zomato_Generalupdate.pdf"
"ETERNAL","ETERNAL LIMITED","General updates","Zomato Limited has informed the Exchange that stakeholders relationship committee of the Board in its meeting held today approved allotment of 62,85,30,012 fully paid-up equity shares of the Company to acquire 33,018  equity shares of Blink Commerce Private Limited for a total purchase consideration of INR 4447,47,84,078  (Indian Rupees Four Thousand Four Hundred Forty Seven Crores Forty Seven Lakhs Eighty Four Thousand and Seventy Eight Only).","10-Aug-2022 17:30:12","2022-08-10 17:30:12","10-Aug-2022 17:30:21","00:00:09","https://nsearchives.nseindia.com/corporate/ZOMATO_10082022173012_Zomato_Reg3031.pdf"
"ETERNAL","ETERNAL LIMITED","News Verification","ZOMATO : The Exchange has sought clarification from Zomato Limited with respect to recent news item captioned Uber Divests Entire Stake In Zomato.  The response from the Company is attached.","10-Aug-2022 10:13:42","2022-08-10 10:13:42","10-Aug-2022 10:13:46","00:00:04","https://nsearchives.nseindia.com/corporate/ZOMATO_10082022101342_Zomato_ResponseNSE.pdf"
"ETERNAL","ETERNAL LIMITED","Transcript of Analysts/Institutional Investor Meet/Con. Call","Zomato Limited has informed the exchange about transcript of the earnings conference call conducted on August 2, 2022.","09-Aug-2022 21:54:06","2022-08-09 21:54:06","09-Aug-2022 21:54:08","00:00:02","https://nsearchives.nseindia.com/corporate/ZOMATO_09082022215406_Zomato_Transcript.pdf"
"ETERNAL","ETERNAL LIMITED","Newspaper Advertisements","Zomato Limited has informed the Exchange about Newspaper Advertisement regarding 12th annual general meeting of the Company and other information","07-Aug-2022 13:35:30","2022-08-07 13:35:30","07-Aug-2022 13:35:32","00:00:02","https://nsearchives.nseindia.com/corporate/ZOMATO_07082022133530_Zomato_Newspaper..pdf"
"ETERNAL","ETERNAL LIMITED","General updates","Zomato Limited has informed the Exchange about Annual Report under Regulation 34(1) of SEBI LODR Regulations","05-Aug-2022 21:29:40","2022-08-05 21:29:40","05-Aug-2022 21:29:45","00:00:05","https://nsearchives.nseindia.com/corporate/ZOMATO_05082022212939_Zomato_Reg30_annualreport.pdf"
"ETERNAL","ETERNAL LIMITED","Annual General Meeting","Zomato Limited has informed the Exchange about Notice of Annual General Meeting to be held on 30-Aug-2022","05-Aug-2022 20:56:40","2022-08-05 20:56:40","05-Aug-2022 20:56:44","00:00:04","https://nsearchives.nseindia.com/corporate/ZOMATO_05082022205639_Zomato_Notice_compressed.pdf"
"ETERNAL","ETERNAL LIMITED","News Verification","ZOMATO : The Exchange has sought clarification from Zomato Limited with respect to recent news item captioned Uber Divests Entire Stake In Zomato.  The response from the Company is awaited.","05-Aug-2022 18:25:33","2022-08-05 18:25:33","05-Aug-2022 18:25:36","00:00:03","-"
"ETERNAL","ETERNAL LIMITED","News Verification","ZOMATO : The Exchange has sought clarification from Zomato Limited with respect to recent news item captioned Zomato to move to multiple CEO structure under larger organisation.  The response from the Company is attached.","05-Aug-2022 15:39:48","2022-08-05 15:39:48","05-Aug-2022 15:39:51","00:00:03","https://nsearchives.nseindia.com/corporate/ZOMATO_05082022153948_NSE_response__1_.pdf"
"ETERNAL","ETERNAL LIMITED","General updates"," Zomato Limited has informed the Exchange about disclosure pursuant to Regulation 30 of the SEBI (Listing Obligations and Disclosure Requirements) Regulations, 2015.","05-Aug-2022 00:26:48","2022-08-05 00:26:48","05-Aug-2022 00:26:57","00:00:09","https://nsearchives.nseindia.com/corporate/ZOMATO_05082022002648_Zomatoreg30.pdf"
"ETERNAL","ETERNAL LIMITED","Newspaper Advertisements","Zomato Limited has informed the exchange about newspaper publication of information regarding the AGM.","04-Aug-2022 16:55:06","2022-08-04 16:55:06","04-Aug-2022 16:55:09","00:00:03","https://nsearchives.nseindia.com/corporate/ZOMATO_04082022165506_ZomatoSTXIntimationsigned.pdf"
"ETERNAL","ETERNAL LIMITED","Newspaper Advertisements","Zomato Limited has informed the exchange about newspaper publication of the financial results for the quarter ended June 30, 2022.","03-Aug-2022 22:42:57","2022-08-03 22:42:57","03-Aug-2022 22:43:01","00:00:04","https://nsearchives.nseindia.com/corporate/ZOMATO_03082022224257_ZomatoIntimationofnewspaperpublication03082022.pdf"
"ETERNAL","ETERNAL LIMITED","News Verification","ZOMATO : The Exchange has sought clarification from Zomato Limited with respect to recent news item captioned Zomato to move to multiple CEO structure under larger organisation.  The response from the Company is awaited.","03-Aug-2022 18:41:42","2022-08-03 18:41:42","03-Aug-2022 18:41:47","00:00:05","-"
"ETERNAL","ETERNAL LIMITED","Monitoring Agency Report","Zomato Limited has filed with the exchange Monitoring Agency Report for the quarter ended June 30, 2022","03-Aug-2022 00:52:21","2022-08-03 00:52:21","03-Aug-2022 00:52:30","00:00:09","https://nsearchives.nseindia.com/corporate/ZOMATO_03082022005221_ZomatoMAR.pdf"
"ETERNAL","ETERNAL LIMITED","Recording of Analysts/Institutional Investor Meet/Con. Call","Zomato Limited has informed the exchange about audio recording of the earnings conference call dated August 2, 2022","03-Aug-2022 00:45:27","2022-08-03 00:45:27","03-Aug-2022 00:45:34","00:00:07","https://nsearchives.nseindia.com/corporate/ZOMATO_03082022004527_Zomato_Earningscall.pdf"
"ETERNAL","ETERNAL LIMITED","General updates","Zomato Limited has informed the Exchange statement on deviation or variation in utilisation of funds, if any raised through Initial Public Offer for the quarter ended June 30, 2022 under Reg. 32 of SEBI (Listing Obligations and Disclosure Requirements) Regulations, 201","02-Aug-2022 23:07:45","2022-08-02 23:07:45","02-Aug-2022 23:07:47","00:00:02","https://nsearchives.nseindia.com/corporate/ZOMATO_02082022230745_Statementofdeviation1.pdf"
"ETERNAL","ETERNAL LIMITED","General updates","Zomato Limited has filed with the Exchange response on queries raised by some media reports w.r.t the proposed acquisition of Blinkit by Zomato","02-Aug-2022 13:35:54","2022-08-02 13:35:54","02-Aug-2022 13:35:59","00:00:05","https://nsearchives.nseindia.com/corporate/ZOMATO_02082022133554_Zomato_Reg30Intimation.pdf"
"ETERNAL","ETERNAL LIMITED","Outcome of Board Meeting","Zomato Limited  has informed the Exchange about Board Meeting held on 01-Aug-2022 to consider financial statements for the period ended June 30 2022","01-Aug-2022 17:40:00","2022-08-01 17:40:00","01-Aug-2022 17:40:10","00:00:10","https://nsearchives.nseindia.com/corporate/ZOMATO_01082022174000_ZomatoOutcome.pdf"
"ETERNAL","ETERNAL LIMITED","Schedule of Analysts/Institutional Investor Meet/Con. Call","Zomato Limited has informed the Exchange that Company will hold its earnings conference call on Tuesday, August 2, 2022 at 5:00 PM IST.","26-Jul-2022 22:17:15","2022-07-26 22:17:15","26-Jul-2022 22:17:19","00:00:04","https://nsearchives.nseindia.com/corporate/ZOMATO_26072022221715_Zomato_earningscall.pdf"
"ETERNAL","ETERNAL LIMITED","Postal Ballot","Zomato Limited has informed the Exchange a copy Scrutinizer''s Report of Postal Ballot and Voting Results is submitted herewith","26-Jul-2022 21:59:48","2022-07-26 21:59:48","26-Jul-2022 21:59:53","00:00:05","https://nsearchives.nseindia.com/corporate/ZOMATO_26072022215948_Zomato_VotingresultsEGM1.pdf"
"ETERNAL","ETERNAL LIMITED","ESOP/ESPS/SBEB Scheme","Zomato Limited has informed the Exchange about allotment of 4,65,51,600 Equity Shares pursuant to exercise of options under Employee Stock Option Schemes","26-Jul-2022 15:44:00","2022-07-26 15:44:00","26-Jul-2022 15:44:11","00:00:11","https://nsearchives.nseindia.com/corporate/ZOMATO_26072022154400_ZomatoESOP.pdf"
"ETERNAL","ETERNAL LIMITED","General updates","Zomato Limited has informed the Exchange about Certificate under Regulation 74(5) of SEBI (Depositories and Participants) Regulations, 2018 for the quarter ended June 30, 2022","15-Jul-2022 18:53:30","2022-07-15 18:53:30","15-Jul-2022 18:53:34","00:00:04","https://nsearchives.nseindia.com/corporate/ZOMATO_15072022185330_Zomato_Certificateunder74.pdf"
"ETERNAL","ETERNAL LIMITED","Newspaper Advertisements","Zomato Limited has informed the Exchange about newspaper advertisements w.r.t the postal ballot notice and on remote e-voting and other related information.","26-Jun-2022 19:11:00","2022-06-26 19:11:00","26-Jun-2022 19:11:04","00:00:04","https://nsearchives.nseindia.com/corporate/ZOMATO_26062022191100_Zomatonewspaperpublication.pdf"
"ETERNAL","ETERNAL LIMITED","Closure of trading window","Zomato Limited has informed the Exchange about Closure of trading window","25-Jun-2022 23:31:18","2022-06-25 23:31:18","25-Jun-2022 23:31:22","00:00:04","https://nsearchives.nseindia.com/corporate/ZOMATO_25062022233118_Intimationtradingwindow.pdf"
"ETERNAL","ETERNAL LIMITED","Postal Ballot","Zomato Limited has informed the Exchange about Notice of Postal Ballot","25-Jun-2022 09:35:30","2022-06-25 09:35:30","25-Jun-2022 09:35:34","00:00:04","https://nsearchives.nseindia.com/corporate/ZOMATO_25062022093530_Zomato_PBIntimation.pdf"
"ETERNAL","ETERNAL LIMITED","Schedule of Analysts/Institutional Investor Meet/Con. Call","Zomato Limited has informed the Exchange that Company will hold its investor conference call on Saturday, June 25, 2022 at 5:00 PM (IST) to discuss the proposed acquisition of Blinkit","24-Jun-2022 20:41:36","2022-06-24 20:41:36","24-Jun-2022 20:41:40","00:00:04","https://nsearchives.nseindia.com/corporate/ZOMATO_24062022204136_Investorcall_SXfiling_v031.pdf"
"ETERNAL","ETERNAL LIMITED","General updates","Please find attached shareholders��� letter on Zomato's proposed acquisition of Blinkit","24-Jun-2022 19:53:20","2022-06-24 19:53:20","24-Jun-2022 19:53:23","00:00:03","https://nsearchives.nseindia.com/corporate/ZOMATO_24062022195320_Zomato_ProposedAcquisitionofBlinkit.pdf"
"ETERNAL","ETERNAL LIMITED","Outcome of Board Meeting","Zomato Limited  has informed the Exchange about outcome of Board Meeting held on 24-Jun-2022.","24-Jun-2022 19:00:53","2022-06-24 19:00:53","24-Jun-2022 19:00:58","00:00:05","https://nsearchives.nseindia.com/corporate/ZOMATO_24062022190053_ZomatoOutcome1.pdf"
"ETERNAL","ETERNAL LIMITED","Schedule of Analysts/Institutional Investor Meet/Con. Call","Zomato Limited has informed the exchange about schedule of analyst/institutional investor meet/Con. Call ","07-Jun-2022 17:20:57","2022-06-07 17:20:57","07-Jun-2022 17:21:00","00:00:03","https://nsearchives.nseindia.com/corporate/ZOMATO_07062022172056_ZomatoIntimation.pdf"
"ETERNAL","ETERNAL LIMITED","Related Party Transaction","Zomato Limited has informed the Exchange about related party transaction for the half year ended on March 31, 2022","07-Jun-2022 14:36:26","2022-06-07 14:36:26","07-Jun-2022 14:36:31","00:00:05","https://nsearchives.nseindia.com/corporate/ZOMATO_07062022143626_Zomatointimation.pdf"
"ETERNAL","ETERNAL LIMITED","Transcript of Analysts/Institutional Investor Meet/Con. Call","Zomato Limited has submitted to the exchange transcript of earnings conference call conducted on May 24, 2022","30-May-2022 00:03:24","2022-05-30 00:03:24","30-May-2022 00:03:27","00:00:03","https://nsearchives.nseindia.com/corporate/ZOMATO_30052022000323_Zomatoearningscalltrancsript.pdf"
"ETERNAL","ETERNAL LIMITED","Newspaper Advertisements","Zomato Limited has informed the exchange about newspaper publication of the consolidated financial Results for the quarter and year ended March 31, 2022","25-May-2022 16:34:30","2022-05-25 16:34:30","25-May-2022 16:34:35","00:00:05","https://nsearchives.nseindia.com/corporate/ZOMATO_25052022163430_Zomato_newspaper.pdf"
"ETERNAL","ETERNAL LIMITED","Recording of Analysts/Institutional Investor Meet/Con. Call","Zomato Limited has informed the Exchange that audio recording of earnings call conducted on May 24, 2022 has been uploaded on the website of the Company","24-May-2022 23:52:37","2022-05-24 23:52:37","24-May-2022 23:52:42","00:00:05","https://nsearchives.nseindia.com/corporate/ZOMATO_24052022235237_ZomatoEarningsrecording1.pdf"
"ETERNAL","ETERNAL LIMITED","General updates","Zomato Limited has filed with the Exchange, statement on deviation or variation in utilisation of funds, if any raised through Initial Public Offer for the quarter ended March 31, 2022 under Reg. 32 of SEBI (Listing Obligations and Disclosure Requirements) Regulations, 2015.","23-May-2022 19:59:34","2022-05-23 19:59:34","23-May-2022 19:59:37","00:00:03","https://nsearchives.nseindia.com/corporate/ZOMATO_23052022195933_ZomatoIntimationSDA.pdf"
"ETERNAL","ETERNAL LIMITED","Financial Result Updates","Zomato Limited has submitted to the Exchange, the financial results for the period ended March 31, 2022.","23-May-2022 17:52:53","2022-05-23 17:52:53","23-May-2022 17:54:05","00:01:12","https://nsearchives.nseindia.com/corporate/ZomatoOutcome_23052022175253.pdf"
"ETERNAL","ETERNAL LIMITED","Outcome of Board Meeting","Pursuant to Regulations 30 and 33 and other applicable provisions of the Listing Regulations, we wish to inform you that the board of directors of Zomato Limited at its meeting held today i.e May 23, 2022, inter alia, has considered, approved and taken on record the financial results (standalone & consolidated) for the quarter and financial year ended March 31, 2022. Attached are the financial results (standalone & consolidated) for the quarter and financial year ended March 31, 2022 along with audit report issued by Deloitte Haskins & Sells, shareholders letter and declaration w.r.t unmodified opinion on the audit report.","23-May-2022 17:44:37","2022-05-23 17:44:37","23-May-2022 17:44:44","00:00:07","https://nsearchives.nseindia.com/corporate/ZOMATO_23052022174437_ZomatoOutcome.pdf"
"ETERNAL","ETERNAL LIMITED","Schedule of Analysts/Institutional Investor Meet/Con. Call","Zomato Limited has informed the exchange that Company will hold earnings conference call on Tuesday, May 24, 2022 at 5.30 PM IST, to discuss the financial results of the Company for the quarter and financial year ended March 31, 2022.Participants are facing some technical issues in registering for the call through the link shared. Please use this link for registering for the call.","19-May-2022 19:58:37","2022-05-19 19:58:37","19-May-2022 19:58:40","00:00:03","https://nsearchives.nseindia.com/corporate/ZOMATO_19052022195837_ZomatoScheduleofEarningsCallQ4FY202122..pdf"
"ETERNAL","ETERNAL LIMITED","Schedule of Analysts/Institutional Investor Meet/Con. Call","Zomato Limited has informed the exchange that Company will hold earnings conference call on Tuesday, May 24, 2022 at 5.30 PM IST, to discuss the financial results of the Company for the quarter and financial year ended March 31, 2022.","19-May-2022 18:14:09","2022-05-19 18:14:09","19-May-2022 18:14:13","00:00:04","https://nsearchives.nseindia.com/corporate/ZOMATO_19052022181356_Zomatointimationearning.pdf"
"ETERNAL","ETERNAL LIMITED","ESOP/ESPS/SBEB Scheme","Zomato Limited has intimated the Exchange about allotment of 17, 21,900 equity shares pursuant to exercise of options under Zomato Employee Stock Option Plan 2018","16-May-2022 19:04:04","2022-05-16 19:04:04","16-May-2022 19:04:07","00:00:03","https://nsearchives.nseindia.com/corporate/ZOMATO_16052022190402_Zomatointimationallotment.pdf"
"ETERNAL","ETERNAL LIMITED","Monitoring Agency Report","Zomato Limited has informed the Exchange about Monitoring Agency Report issued by Kotak Mahindra Bank Limited for the quarter ended March 31, 2022","13-May-2022 20:37:15","2022-05-13 20:37:15","13-May-2022 20:37:22","00:00:07","https://nsearchives.nseindia.com/corporate/ZOMATO_13052022203715_ZomatoIntimationmonitoringagency.pdf"
"ETERNAL","ETERNAL LIMITED","General updates","Zomato Limited has informed the Exchange about Compliances-Certificate under Reg. 74 (5) of SEBI (DP) Regulations, 2018","19-Apr-2022 23:34:02","2022-04-19 23:34:02","19-Apr-2022 23:34:06","00:00:04","https://nsearchives.nseindia.com/corporate/ZOMATO_19042022233359_Zomato74Certificate.pdf"
"ETERNAL","ETERNAL LIMITED","Litigations/Disputes/Regulatory actions","Zomato Limited has informed the Exchange about order passed by the Hon'ble Competition Commission of India.","05-Apr-2022 13:15:58","2022-04-05 13:15:58","05-Apr-2022 13:16:10","00:00:12","https://nsearchives.nseindia.com/corporate/ZOMATO_05042022131558_ZomatoIntimationCCI.pdf"
"ETERNAL","ETERNAL LIMITED","Acquisition","Zomato Limited has informed the exchange about completion of acquisition of securities in Mukunda Foods Private Limited","25-Mar-2022 18:46:58","2022-03-25 18:46:58","25-Mar-2022 18:47:01","00:00:03","https://nsearchives.nseindia.com/corporate/ZOMATO_25032022184648_ZomatoIntimation.pdf"
"ETERNAL","ETERNAL LIMITED","Liquidation","Zomato Limited has informed the Exchange about dissolution of Zomato Canada Inc, step down subsidiary of the Company w.e.f. March 22, 2022","23-Mar-2022 19:27:42","2022-03-23 19:27:42","23-Mar-2022 19:27:51","00:00:09","https://nsearchives.nseindia.com/corporate/ZOMATO_23032022192736_ZomatoIntimationCanadaClosure.pdf"
"ETERNAL","ETERNAL LIMITED","Closure of trading window","Zomato Limited has informed the Exchange about closure of trading window pursuant to SEBI (Prohibition of Insider Trading) Regulations, 2015.","16-Mar-2022 17:48:51","2022-03-16 17:48:51","16-Mar-2022 17:48:57","00:00:06","https://nsearchives.nseindia.com/corporate/ZOMATO_16032022174848_ZomatoIntimationTradingwindow.pdf"
"ETERNAL","ETERNAL LIMITED","Acquisition","Zomato Limited has informed the Exchange about (a)	acquisition of securities in Mukunda Foods Private Limited for an aggregate cash consideration of INR equivalent of US$5 million and (b)	grant of loan up to INR equivalent of US$150 million to Grofers India Private Limited ","15-Mar-2022 18:49:15","2022-03-15 18:49:15","15-Mar-2022 18:49:20","00:00:05","https://nsearchives.nseindia.com/corporate/ZOMATO_15032022184911_ZomatoIntimation.pdf"
"ETERNAL","ETERNAL LIMITED","Acquisition","Zomato Limited has informed the Exchange about incorporation of Zomato Financial Services Limited, wholly owned subsidiary of the Company","26-Feb-2022 13:16:11","2022-02-26 13:16:11","26-Feb-2022 13:16:16","00:00:05","https://nsearchives.nseindia.com/corporate/ZOMATO_26022022131611_Zomato_Intimation.pdf"
"ETERNAL","ETERNAL LIMITED","Copy of Newspaper Publication","Zomato Limited has informed the Exchange about Copy of Newspaper Publication of un-audited financial results for the quarter and nine months ended December 31, 2021.","14-Feb-2022 15:42:44","2022-02-14 15:42:44","14-Feb-2022 15:43:03","00:00:19","https://nsearchives.nseindia.com/corporate/ZOMATO_14022022154244_ZomatoIntimationNewspaperPublication.pdf"
"ETERNAL","ETERNAL LIMITED","Monitoring Agency Report","Monitoring Agency Report for the quarter ended December 31, 2021 issued by the Kotak Mahindra Bank Limited, Monitoring Agency.","11-Feb-2022 13:48:49","2022-02-11 13:48:49","11-Feb-2022 13:49:01","00:00:12","https://nsearchives.nseindia.com/corporate/ZOMATO_11022022134849_ZomatoMonitoringAgencyReporDec21.pdf"
"ETERNAL","ETERNAL LIMITED","Statement of deviation(s) or variation(s) under Reg. 32","Zomato Limited has informed the Exchange about statement of deviation(s) or variation(s) under Reg. 32","11-Feb-2022 00:17:44","2022-02-11 00:17:44","11-Feb-2022 00:17:56","00:00:12","https://nsearchives.nseindia.com/corporate/ZOMATO_11022022001744_Statementofdeviation.pdf"
"ETERNAL","ETERNAL LIMITED","Financial Result Updates","Zomato Limited has submitted to the Exchange, the financial results for the period ended December 31, 2021.","10-Feb-2022 17:24:59","2022-02-10 17:24:59","10-Feb-2022 17:27:01","00:02:02","https://nsearchives.nseindia.com/corporate/ZomatoOutcomeBoardMeetingResults_10022022172459.pdf"
"ETERNAL","ETERNAL LIMITED","Acquisition","Zomato Limited has informed the Exchange that Company has completed acquisition of securities in Adonmo Private Limited and Urban Piper Technology Private Limited","01-Feb-2022 02:00:54","2022-02-01 02:00:54","01-Feb-2022 02:01:02","00:00:08","https://nsearchives.nseindia.com/corporate/ZOMATO_01022022020054_ZLintimationacqusition.pdf"
"ETERNAL","ETERNAL LIMITED","ESOP/ESOS/ESPS","Zomato Limited has informed the Exchange that nomination and remuneration committee of the Company at its meeting held today i.e., January 31, 2022 approved allotment of 5,42,700 equity shares pursuant to exercise of ESOPs under Zomato Employee Stock Option Plan 2018.","31-Jan-2022 21:59:48","2022-01-31 21:59:48","31-Jan-2022 21:59:56","00:00:08","https://nsearchives.nseindia.com/corporate/ZOMATO_31012022215948_ZLIntimationESOPallotment.pdf"
"ETERNAL","ETERNAL LIMITED","Acquisition","Zomato Limited has informed the Exchange about proposed investments and setting up of wholly owned subsidiary.","27-Jan-2022 23:21:07","2022-01-27 23:21:07","27-Jan-2022 23:21:22","00:00:15","https://nsearchives.nseindia.com/corporate/ZOMATO_27012022232107_ZomatoStockExchangeIntimationAcquistion.pdf"
"ETERNAL","ETERNAL LIMITED","Price movement","Significant movement in price has been observed in Zomato Limited. The Exchange, in order to ensure that investors have latest relevant information about the company and to inform the market place so that the interest of the investors is safeguarded, had written to the company. Zomato Limited has submitted their response.","26-Jan-2022 00:52:00","2022-01-26 00:52:00","26-Jan-2022 00:52:16","00:00:16","https://nsearchives.nseindia.com/corporate/ZOMATO_26012022005203_ZL_Intimation.pdf"
"ETERNAL","ETERNAL LIMITED","Price movement","Significant movement in price has been observed in Zomato Limited. The Exchange, in order to ensure that investors have latest relevant information about the company and to inform the market place so that the interest of the investors is safeguarded, has written to the company. The response from the company is awaited.","25-Jan-2022 17:31:00","2022-01-25 17:31:00","25-Jan-2022 17:31:11","00:00:11","-"
"ETERNAL","ETERNAL LIMITED","Diversification/Disinvestment","Zomato Limited has informed the exchange about dissolution of Zomato South Africa Proprietary (Pty) Ltd, step down subsidiary of the Company located in South Africa.","13-Jan-2022 22:46:19","2022-01-13 22:46:19","13-Jan-2022 22:46:24","00:00:05","https://nsearchives.nseindia.com/corporate/ZOMATO_13012022224619_Zomatointimation.pdf"
"ETERNAL","ETERNAL LIMITED","Certificate under SEBI (Depositories and Participants) Regulations, 2018","Zomato Limited has informed the Exchange about Certificate under SEBI (Depositories and Participants) Regulations, 2018","13-Jan-2022 20:45:37","2022-01-13 20:45:37","13-Jan-2022 20:45:43","00:00:06","https://nsearchives.nseindia.com/corporate/ZOMATO_13012022204537_ZomatoIntimationtoStockExchangeReg74.pdf"
"ETERNAL","ETERNAL LIMITED","Trading Window","Zomato Limited has informed the Exchange regarding the Trading Window closure pursuant to SEBI (Prohibition of Insider Trading) Regulations, 2015","31-Dec-2021 16:10:53","2021-12-31 16:10:53","31-Dec-2021 16:10:58","00:00:05","https://nsearchives.nseindia.com/corporate/ZOMATO_31122021161053_InsiderTradingIntimationtostockexchange.pdf"
"ETERNAL","ETERNAL LIMITED","Updates","Zomato Limited has informed the Exchange that Company has yesterday been served with a copy of a writ petition filed by the Indian Federation of APP-Based Transport Workers (IFAT) in the nature of a public interest litigation before the Hon ble Supreme Court of India. ''.","22-Dec-2021 17:03:31","2021-12-22 17:03:31","22-Dec-2021 17:03:37","00:00:06","https://nsearchives.nseindia.com/corporate/ZOMATO_22122021170331_ZomatoIntimationUpdates.pdf"
"ETERNAL","ETERNAL LIMITED","Acquisition","Zomato Limited has informed the Exchange that Company has completed acquisition of 7.89% of the share capital of Bigfoot Retail Solutions Private Limited","17-Dec-2021 22:44:03","2021-12-17 22:44:03","17-Dec-2021 22:44:07","00:00:04","https://nsearchives.nseindia.com/corporate/ZOMATO_17122021224403_Zomato_shiprocket.pdf"
"ETERNAL","ETERNAL LIMITED","Updates","Zomato Limited has informed the Exchange regarding 'Appointment of Ms. Anjalli Ravi Kumar and Mr. Nitin Savara'.","14-Dec-2021 11:39:22","2021-12-14 11:39:22","14-Dec-2021 11:39:28","00:00:06","https://nsearchives.nseindia.com/corporate/ZOMATO_14122021113922_ZomatoApptofNitinandAnjalli.pdf"
"ETERNAL","ETERNAL LIMITED","Updates","Zomato Limited has informed the Exchange regarding 'dissolution of Zomato Media Private Limited, step down subsidiary of the Company'.","08-Dec-2021 22:45:46","2021-12-08 22:45:46","08-Dec-2021 22:45:52","00:00:06","https://nsearchives.nseindia.com/corporate/ZOMATO_08122021224546_ZL_Intimation_Singapore_Deregistration.pdf"
"ETERNAL","ETERNAL LIMITED","Updates","Zomato Limited has informed the Exchange regarding 'Updates on acquisition & divestment'.","02-Dec-2021 19:20:11","2021-12-02 19:20:11","02-Dec-2021 19:20:15","00:00:04","https://nsearchives.nseindia.com/corporate/ZOMATO_02122021192011_ZL_Intimation_Curefit.pdf"
"ETERNAL","ETERNAL LIMITED","Acquisition","Zomato Limited has informed the Exchange about the proposed acquisition of 6.38% of the share capital of Curefit Healthcare Private Limited and the  proposed divestment by way of sale of 100% of the share capital of Jogo Technologies Private Limited by the Company.","29-Nov-2021 22:18:11","2021-11-29 22:18:11","29-Nov-2021 22:18:17","00:00:06","https://nsearchives.nseindia.com/corporate/ZOMATO_29112021221811_ZomatoIntimationCurefitFitSo.pdf"
"ETERNAL","ETERNAL LIMITED","Acquisition","Zomato Limited has informed the Exchange that acquisition in Samast Technologies Private Limited  has been completed on November 23, 2021.","23-Nov-2021 23:27:21","2021-11-23 23:27:21","23-Nov-2021 23:27:27","00:00:06","https://nsearchives.nseindia.com/corporate/ZOMATO_23112021232721_ZLIntimationMagicpinacquisition.pdf"
"ETERNAL","ETERNAL LIMITED","Diversification/Disinvestment","Zomato Limited has informed the Exchange regarding initiation of striking off Zomato South Africa Proprietary (Pty) Ltd, step down subsidiary of the Company.","23-Nov-2021 22:42:53","2021-11-23 22:42:53","23-Nov-2021 22:42:59","00:00:06","https://nsearchives.nseindia.com/corporate/ZOMATO_23112021224253_ZL_Intimation_SA_Deregistration.pdf"
"ETERNAL","ETERNAL LIMITED","Diversification/Disinvestment","Zomato Limited has informed the Exchange about dissolution of Zomato UK Limited, step down subsidiary of the Company  effective from November 16, 2021","17-Nov-2021 19:32:39","2021-11-17 19:32:39","17-Nov-2021 19:32:42","00:00:03","https://nsearchives.nseindia.com/corporate/ZOMATO_17112021193239_ZLIntimationStrikeoff.pdf"
"ETERNAL","ETERNAL LIMITED","Copy of Newspaper Publication","Zomato Limited has informed the exchange about copy of Newspaper Publication of un-audited financial results for the quarter and half year ended September 30, 2021","14-Nov-2021 22:36:39","2021-11-14 22:36:39","14-Nov-2021 22:36:44","00:00:05","https://nsearchives.nseindia.com/corporate/ZOMATO_14112021223639_ZomatoIntimationNewspaperpublication.pdf"
"ETERNAL","ETERNAL LIMITED","Monitoring Agency Report","Dear Sirs/ Ma'am,Please find enclosed herewith the Monitoring Agency Report ('said report') in respect of utilization of proceeds of the Initial Public Offer of the Company for the quarter ended September 30, 2021, issued by the Kotak Mahindra Bank Limited, Monitoring Agency.RegardsSandhya","12-Nov-2021 17:36:21","2021-11-12 17:36:21","12-Nov-2021 17:36:29","00:00:08","https://nsearchives.nseindia.com/corporate/ZOMATO_12112021173621_ZomatoMonitoringAgencyReport.pdf"
"ETERNAL","ETERNAL LIMITED","Acquisition","Zomato Limited has informed the Exchange about proposed investments and divestment by the Company.","10-Nov-2021 20:06:54","2021-11-10 20:06:54","10-Nov-2021 20:07:00","00:00:06","https://nsearchives.nseindia.com/corporate/ZOMATO_10112021200654_ZomatolimitedIntimationAcquistion.pdf"
"ETERNAL","ETERNAL LIMITED","Financial Result Updates","Zomato Limited has submitted to the Exchange, the financial results for the period ended September 30, 2021.","10-Nov-2021 19:56:01","2021-11-10 19:56:01","10-Nov-2021 19:58:04","00:02:03","https://nsearchives.nseindia.com/corporate/ZomatoLimitedQ2FY22ShareholdersLetterandResults_10112021195601.pdf"
"ETERNAL","ETERNAL LIMITED","Updates","Zomato Limited has informed the Exchange regarding 'Shutting down of operations of branch of Zomato Ireland Limited, wholly owned subsidiary of the Company located in Lebanon'.","27-Oct-2021 16:58:44","2021-10-27 16:58:44","27-Oct-2021 16:58:48","00:00:04","https://nsearchives.nseindia.com/corporate/ZOMATO_27102021165844_ZLIntimationClosureofOperationsLebanonBranch.pdf"
"ETERNAL","ETERNAL LIMITED","Allotment of Securities","Zomato Limited has informed the Exchange regarding allotment of 26210400 securities pursuant to ESOP/ESPS at its meeting held on October 25, 2021","25-Oct-2021 21:11:44","2021-10-25 21:11:44","25-Oct-2021 21:11:48","00:00:04","https://nsearchives.nseindia.com/corporate/ZOMATO_25102021211144_ZLIntimationAllotmentunderESOP.pdf"
"ETERNAL","ETERNAL LIMITED","Certificate under SEBI (Depositories and Participants) Regulations, 2018","Zomato Limited has informed the Exchange about Certificate under SEBI (Depositories and Participants) Regulations, 2018","14-Oct-2021 14:35:32","2021-10-14 14:35:32","14-Oct-2021 14:35:37","00:00:05","https://nsearchives.nseindia.com/corporate/ZOMATO_14102021143532_ZomatoCertificateRegulation74ofSEBIDPRegulations.pdf"
"ETERNAL","ETERNAL LIMITED","Trading Window","Zomato Limited has informed the Exchange regarding the Trading Window closure pursuant to SEBI (Prohibition of Insider Trading) Regulations, 2015","30-Sep-2021 19:04:15","2021-09-30 19:04:15","30-Sep-2021 19:04:19","00:00:04","https://nsearchives.nseindia.com/corporate/ZOMATO_30092021190415_Zomatotradingwindowclosure.pdf"
"ETERNAL","ETERNAL LIMITED","Shareholders meeting","Zomato Limited has informed the Exchange that there was a typographical error in the intimation submitted earlier today with respect to results of postal ballot.��Hence the Company has submitted revised intimation with a copy Scrutinizer report of Postal Ballot and copy of voting results. Exchange is requested to consider the same.","20-Sep-2021 17:17:32","2021-09-20 17:17:32","20-Sep-2021 17:17:36","00:00:04","https://nsearchives.nseindia.com/corporate/ZOMATO_20092021171732_ZomatoIntimationVotingResults.pdf"
"ETERNAL","ETERNAL LIMITED","Shareholders meeting","Zomato Limited has submitted the Exchange a copy Scrutinizer report of�� Postal Ballot. Further, the company has informed the Exchange regarding voting results.This is for your information and records.","20-Sep-2021 15:35:24","2021-09-20 15:35:24","20-Sep-2021 15:35:27","00:00:03","https://nsearchives.nseindia.com/corporate/ZOMATO_20092021153524_ZomatoIntimationVotingResults.pdf"
"ETERNAL","ETERNAL LIMITED","News Verification","The Exchange has sought clarification from Zomato Limited with respect to recent news item captioned Zomato cofounder Gaurav Gupta quits two months after IPO.  The response from the Company is attached.","20-Sep-2021 09:40:00","2021-09-20 09:40:00","20-Sep-2021 09:40:36","00:00:36","https://nsearchives.nseindia.com/corporate/ZOMATO_20092021094030_ZL_Clarification_NSE_Survillenace.pdf"
"ETERNAL","ETERNAL LIMITED","News Verification","The Exchange has sought clarification from Zomato Limited with respect to recent news item captioned Zomato cofounder Gaurav Gupta quits two months after IPO.  The response from the Company is awaited.","17-Sep-2021 21:13:00","2021-09-17 21:13:00","17-Sep-2021 21:13:22","00:00:22","-"
"ETERNAL","ETERNAL LIMITED","Diversification/Disinvestment","Zomato Limited has informed the exchange regarding initiation of striking off in following step down subsidiaries of the Company:a) Zomato Media Private Limited located in Singapore; andb) Zomato UK Limited, located in United Kingdom","01-Sep-2021 22:24:15","2021-09-01 22:24:15","01-Sep-2021 22:24:20","00:00:05","https://nsearchives.nseindia.com/corporate/ZOMATO_01092021222415_ZomatoIntimationSDSStrikeoff.pdf"
"ETERNAL","ETERNAL LIMITED","Diversification/Disinvestment","Zomato Limited has informed the Exchange regarding dissolution and winding up of Zomato USA LLC, step down subsidiary of the Company","19-Aug-2021 20:15:48","2021-08-19 20:15:48","19-Aug-2021 20:15:54","00:00:06","https://nsearchives.nseindia.com/corporate/ZOMATO_19082021201547_ZomatoIntimationZomatoUSALLC.pdf"
"ETERNAL","ETERNAL LIMITED","Copy of Newspaper Publication","Zomato Limited has informed the Exchange about Copy of Newspaper Publication on August 18, 2021 for the Postal Ballot Notice dated August 16, 2021","18-Aug-2021 18:36:23","2021-08-18 18:36:23","18-Aug-2021 18:36:29","00:00:06","https://nsearchives.nseindia.com/corporate/ZOMATO_18082021183623_ZomatoIntimationNewspaperPublicationPostalBallot.pdf"
"ETERNAL","ETERNAL LIMITED","Acquisition","Zomato Limited has informed the Exchange about acquisition of (i) 9.16% of shareholding on a fully diluted basis in Grofers India Private Limited for a consideration of INR 5,182,155,000/- and (ii) 8.94% of shareholding on fully diluted basis in Hands on Trades Private Limited for a consideration of INR 2,228,359,140/-","18-Aug-2021 18:25:57","2021-08-18 18:25:57","18-Aug-2021 18:26:00","00:00:03","https://nsearchives.nseindia.com/corporate/ZOMATO_18082021182557_Zomato_Intimation_Investment_Grofers.pdf"
"ETERNAL","ETERNAL LIMITED","Shareholders meeting","Zomato Limited has informed the Exchange regarding Notice of Postal Ballot","16-Aug-2021 18:28:41","2021-08-16 18:28:41","16-Aug-2021 18:28:57","00:00:16","https://nsearchives.nseindia.com/corporate/ZOMATO_16082021182841_ZomatoIntimationPostalBallot.pdf"
"ETERNAL","ETERNAL LIMITED","Updates","Zomato Limited has informed the Exchange regarding 'Zomato Limited has informed the Exchange regarding approval of Competition Commission of India in relation to proposed investment by the Company in Grofers India Private Limited and Hands On Trades Private Limited'.","13-Aug-2021 23:09:08","2021-08-13 23:09:08","13-Aug-2021 23:09:12","00:00:04","https://nsearchives.nseindia.com/corporate/ZOMATO_13082021230908_Zomato_Intimation__CCI.pdf"
"ETERNAL","ETERNAL LIMITED","Copy of Newspaper Publication","Zomato Limited has informed the Exchange about Copy of Newspaper Publication of un-audited financial results for the quarter ended June 30, 2021","12-Aug-2021 13:27:55","2021-08-12 13:27:55","12-Aug-2021 13:28:30","00:00:35","https://nsearchives.nseindia.com/corporate/ZOMATO_12082021132755_ZomatoIntimationNewspaperpublication.pdf"
"ETERNAL","ETERNAL LIMITED","Diversification/Disinvestment","Zomato Limited has informed the Exchange Zomato Inc, Step down subsidiary of the Company has entered stock purchase agreement for sale of shares held by Zomato Inc of Nextable Inc. another step down subsidiary of the Company","11-Aug-2021 18:06:09","2021-08-11 18:06:09","11-Aug-2021 18:06:19","00:00:10","https://nsearchives.nseindia.com/corporate/ZOMATO_11082021180609_ZomatoLimitedIntimationDisposal.pdf"
"ETERNAL","ETERNAL LIMITED","Financial Result Updates","Zomato Limited has submitted to the Exchange, the financial results for the period ended June 30, 2021.","10-Aug-2021 19:36:47","2021-08-10 19:36:47","10-Aug-2021 19:38:03","00:01:16","https://nsearchives.nseindia.com/corporate/Q1FY22ShareholdersLetterandResults_10082021193647.pdf"
"ETERNAL","ETERNAL LIMITED","Acquisition","Zomato Limited has informed the exchange about incorporation of Zomato Payments Private Limited, wholly owned subsidiary of the Company","04-Aug-2021 21:31:09","2021-08-04 21:31:09","04-Aug-2021 21:31:16","00:00:07","https://nsearchives.nseindia.com/corporate/ZOMATO_04082021213109_Intimation_Incorporation.pdf"
"ETERNAL","ETERNAL LIMITED","Trading Window","Zomato Limited has informed the Exchange regarding the Trading Window closure pursuant to SEBI (Prohibition of Insider Trading) Regulations, 2015","23-Jul-2021 12:26:44","2021-07-23 12:26:44","23-Jul-2021 12:26:56","00:00:12","https://nsearchives.nseindia.com/corporate/ZOMATO_23072021122644_ZomatoIntimationTradingWindowClosure.pdf"