"SYMBOL","COMPANY NAME","SUBJECT","DETAILS","BROADCAST DATE/TIME","RECEIPT","DISSEMINATION","DIFFERENCE","ATTACHMENT"
"ADANIENT","Adani Enterprises Limited","News Verification","The Exchange has sought clarification from Adani Enterprises Limited with respect to recent news item captioned Adani Airport Holdings raises $120 million through local bond issue..  The response from the Company is attached.","01-Oct-2026 15:10:25","2026-10-01 15:10:25","01-Oct-2026 15:10:26","00:00:01","https://nsearchives.nseindia.com/corporate/nishant_joshi_adani_com_01102026151007_AELRoumourClarificationfinal.pdf"
"ADANIENT","Adani Enterprises Limited","Outcome of Board Meeting","Adani Enterprises Limited has informed the Exchange regarding Outcome of Rights Issue Committee Meeting held on Wednesday September 30, 2026.","30-Sep-2026 17:13:27","2026-09-30 17:13:27","30-Sep-2026 17:13:29","00:00:02","https://nsearchives.nseindia.com/corporate/nishant_joshi_adani_com_30092026171121_OutcomeRICommittee30092026.pdf"
"ADANIENT","Adani Enterprises Limited","Committee Meeting Updates","Adani Enterprises Limited has informed the Exchange regarding Outcome of Rights Committee Meeting held on Wednesday, September 30, 2026.","30-Sep-2026 17:07:23","2026-09-30 17:07:23","30-Sep-2026 17:07:24","00:00:01","https://nsearchives.nseindia.com/corporate/nishant_joshi_adani_com_30092026170710_OutcomeRICommittee30092026.pdf"
"ADANIENT","Adani Enterprises Limited","News Verification","The Exchange has sought clarification from Adani Enterprises Limited with respect to recent news item captioned Adani Airport Holdings raises $120 million through local bond issue..  The response from the Company is awaited.","29-Sep-2026 16:20:30","2026-09-29 16:20:30","29-Sep-2026 16:20:30","00:00:00","-"
"ADANIENT","Adani Enterprises Limited","Action(s) taken or orders passed","Adani Enterprises Limited has informed the Exchange about Action(s) taken or orders passed","29-Sep-2026 08:55:03","2026-09-29 08:55:03","29-Sep-2026 08:55:03","00:00:00","https://nsearchives.nseindia.com/corporate/nishant_joshi_adani_com_29092026085455_AELDisclosureofSettlementOrderdated29092026.pdf"
"ADANIENT","Adani Enterprises Limited","Trading Window","Adani Enterprises Limited has informed the Exchange regarding the Trading Window closure pursuant to SEBI (Prohibition of Insider Trading) Regulations, 2015","26-Sep-2026 15:55:52","2026-09-26 15:55:52","26-Sep-2026 15:55:53","00:00:01","https://nsearchives.nseindia.com/corporate/nishant_joshi_adani_com_26092026155545_IntimationTradingWindowClosure30092026.pdf"
"ADANIENT","Adani Enterprises Limited","Acquisition","Adani Enterprises Limited has informed the Exchange about acquisition of 50% stake of Monvarex Aluminium Holding RSC Ltd. by Adani Global Limited, a wholly owned subsidiary of the Company","26-Sep-2026 12:48:37","2026-09-26 12:48:37","26-Sep-2026 12:48:38","00:00:01","https://nsearchives.nseindia.com/corporate/nishant_joshi_adani_com_26092026124830_AELIntimationsigned26092026.pdf"
"ADANIENT","Adani Enterprises Limited","Action(s) taken or orders passed","Adani Enterprises Limited has informed the Exchange about Action(s) taken or orders passed","22-Sep-2026 19:43:35","2026-09-22 19:43:35","22-Sep-2026 19:43:36","00:00:01","https://nsearchives.nseindia.com/corporate/nishant_joshi_adani_com_22092026194323_AELintimationSO.pdf"
"ADANIENT","Adani Enterprises Limited","Copy of Newspaper Publication","Adani Enterprises Limited has informed the Exchange about Copy of Newspaper Publication for dispatch of notice of postal ballot","22-Sep-2026 14:00:29","2026-09-22 14:00:29","22-Sep-2026 14:00:29","00:00:00","https://nsearchives.nseindia.com/corporate/nishant_joshi_adani_com_22092026140022_AELIntimation21092026.pdf"
"ADANIENT","Adani Enterprises Limited","Shareholders meeting","Adani Enterprises Limited has informed the Exchange regarding Notice of Postal Ballot","21-Sep-2026 17:22:10","2026-09-21 17:22:10","21-Sep-2026 17:22:11","00:00:01","https://nsearchives.nseindia.com/corporate/nishant_joshi_adani_com_21092026172201_AELIntimationDispatchofPostalBallotnotice21092026.pdf"
"ADANIENT","Adani Enterprises Limited","Press Release","Adani Enterprises Limited has informed the Exchange regarding a press release dated September 09, 2026, titled ""Adani Airports to raise USD 1 billion of primary equity from marquee global investors"".","09-Sep-2026 09:05:34","2026-09-09 09:05:34","09-Sep-2026 09:05:35","00:00:01","https://nsearchives.nseindia.com/corporate/nishant_joshi_adani_com_09092026090527_AELIntimationMediaRelease09092026.pdf"
"ADANIENT","Adani Enterprises Limited","Agreements","Adani Enterprises Limited has informed the Exchange about entering to into shareholders  agreement by the Company","09-Sep-2026 08:18:53","2026-09-09 08:18:53","09-Sep-2026 08:18:55","00:00:02","https://nsearchives.nseindia.com/corporate/nishant_joshi_adani_com_09092026081846_AELIntimationSHA09092026.pdf"
"ADANIENT","Adani Enterprises Limited","Analysts/Institutional Investor Meet/Con. Call Updates","Adani Enterprises Limited has informed the Exchange about Schedule of meet","07-Sep-2026 13:47:22","2026-09-07 13:47:22","07-Sep-2026 13:47:23","00:00:01","https://nsearchives.nseindia.com/corporate/nishant_joshi_adani_com_07092026134716_AELIntimation07092026.pdf"
"ADANIENT","Adani Enterprises Limited","Acquisition","Adani Enterprises Limited has informed the Exchange about Acquisition of Chandenvalle Infra Park Limited by AdaniConneX Private Limited, a joint venture of the Company","27-Aug-2026 17:31:24","2026-08-27 17:31:24","27-Aug-2026 17:31:26","00:00:02","https://nsearchives.nseindia.com/corporate/nishant_joshi_adani_com_27082026173118_AELIntimationChandenvalleInfraPark27082026.pdf"
"ADANIENT","Adani Enterprises Limited","Suspension of Trading","Members of the Exchange are hereby informed that the trading in Non-Convertible Debentures of Adani Enterprises Limited shall be suspended w.e.f. August 28, 2026 (ISIN No. INE423A07351 & INE423A07369) on account of Maturity.","26-Aug-2026 18:21:50","2026-08-26 18:21:50","26-Aug-2026 18:21:51","00:00:01","-"
"ADANIENT","Adani Enterprises Limited","Analysts/Institutional Investor Meet/Con. Call Updates","Adani Enterprises Limited has informed the Exchange about Schedule of meet","24-Aug-2026 12:28:36","2026-08-24 12:28:36","24-Aug-2026 12:28:37","00:00:01","https://nsearchives.nseindia.com/corporate/nishant_joshi_adani_com_24082026122830_AELIntimation24082026.pdf"
"ADANIENT","Adani Enterprises Limited","Change in Management","Adani Enterprises Limited has informed the Exchange that Mr. V. Subramanian shall be completing his second term as an Independent Director of the Company and consequently, he shall cease to be an Independent Director with effect from end of business hours on 21st August, 2026.","21-Aug-2026 18:29:13","2026-08-21 18:29:13","21-Aug-2026 18:29:13","00:00:00","https://nsearchives.nseindia.com/corporate/nishant_joshi_adani_com_21082026182903_AELIntimation21082026.pdf"
"ADANIENT","Adani Enterprises Limited","Analysts/Institutional Investor Meet/Con. Call Updates","Adani Enterprises Limited has informed the Exchange about Schedule of meet","20-Aug-2026 11:54:44","2026-08-20 11:54:44","20-Aug-2026 11:54:45","00:00:01","https://nsearchives.nseindia.com/corporate/nishant_joshi_adani_com_20082026115437_AELIntimation20082026.pdf"
"ADANIENT","Adani Enterprises Limited","Acquisition","Adani Enterprises Limited has informed the Exchange about Acquisition of Path Highway LLP by Adani Road Transport Limited, a wholly owned subsidiary of the Company and Adani Road GRICL Limited, a wholly owned subsidiary of ARTL and step down subsidiary of the Company,","13-Aug-2026 18:13:30","2026-08-13 18:13:30","13-Aug-2026 18:13:32","00:00:02","https://nsearchives.nseindia.com/corporate/nishant_joshi_adani_com_13082026181323_AELIntimationAcqPath13082026.pdf"
"ADANIENT","Adani Enterprises Limited","Acquisition","Adani Enterprises Limited has informed the Exchange about Adani Airport City Limited, a step down wholly owned subsidiary of the Company has incorporated wholly owned subsidiary namely AACL Global IFSC Limited","08-Aug-2026 16:48:29","2026-08-08 16:48:29","08-Aug-2026 16:48:30","00:00:01","https://nsearchives.nseindia.com/corporate/nishant_joshi_adani_com_08082026164822_AELIntimationAACLGlobal.pdf"
"ADANIENT","Adani Enterprises Limited","Analysts/Institutional Investor Meet/Con. Call Updates","Adani Enterprises Limited has informed the Exchange about Schedule of meet","06-Aug-2026 15:47:54","2026-08-06 15:47:54","06-Aug-2026 15:47:55","00:00:01","https://nsearchives.nseindia.com/corporate/nishant_joshi_adani_com_06082026154749_AELIntimation06082026.pdf"
"ADANIENT","Adani Enterprises Limited","Analysts/Institutional Investor Meet/Con. Call Updates","Adani Enterprises Limited has informed the Exchange about Transcript","05-Aug-2026 19:24:41","2026-08-05 19:24:41","05-Aug-2026 19:24:42","00:00:01","https://nsearchives.nseindia.com/corporate/nishant_joshi_adani_com_05082026192412_AELearningcallTranscript29042026_1.pdf"
"ADANIENT","Adani Enterprises Limited","Acquisition","Adani Enterprises Limited has informed the Exchange about incorporation of wholly owned subsidiary company by Adani Airport Holdings Limited, wholly owned subsidiary of the company.","05-Aug-2026 16:32:04","2026-08-05 16:32:04","05-Aug-2026 16:32:05","00:00:01","https://nsearchives.nseindia.com/corporate/nishant_joshi_adani_com_05082026163157_AELIntimationAAHLGlobal.pdf"
"ADANIENT","Adani Enterprises Limited","Acquisition","Adani Enterprises Limited has informed the Exchange about Acquisition","04-Aug-2026 23:01:25","2026-08-04 23:01:25","04-Aug-2026 23:01:26","00:00:01","https://nsearchives.nseindia.com/corporate/nishant_joshi_adani_com_04082026230107_AELIntimationofacquisitioncompletion04082026signed.pdf"
"ADANIENT","Adani Enterprises Limited","Analysts/Institutional Investor Meet/Con. Call Updates","Adani Enterprises Limited has informed the Exchange about Link of Recording","29-Jul-2026 22:26:32","2026-07-29 22:26:32","29-Jul-2026 22:26:33","00:00:01","https://nsearchives.nseindia.com/corporate/nishant_joshi_adani_com_29072026222626_SubmissionofAudioRecordingof_InvCall29072026.pdf"
"ADANIENT","Adani Enterprises Limited","Statement of deviation(s) or variation(s) under Reg. 32","Adani Enterprises Limited has informed the Exchange about statement of deviation(s) or variation(s) under Reg. 32","29-Jul-2026 15:27:29","2026-07-29 15:27:29","29-Jul-2026 15:27:30","00:00:01","https://nsearchives.nseindia.com/corporate/ADANIENT_29072026152718_June26AELUtilisationStatementRightsIssue__2_.pdf"
"ADANIENT","Adani Enterprises Limited","Monitoring Agency Report","Monitoring Agency Report for the quarter ended on 30th June, 2026","29-Jul-2026 15:06:51","2026-07-29 15:06:51","29-Jul-2026 15:06:53","00:00:02","https://nsearchives.nseindia.com/corporate/ADANIENT_29072026150638_AELMonitoringAgency30062026_2.pdf"
"ADANIENT","Adani Enterprises Limited","Investor Presentation","Adani Enterprises Limited has informed the Exchange about Investor Presentation","29-Jul-2026 14:56:44","2026-07-29 14:56:44","29-Jul-2026 14:56:46","00:00:02","https://nsearchives.nseindia.com/corporate/ADANIENT_29072026145631_AELsubmissionofMediaRelease29072026_1.pdf"
"ADANIENT","Adani Enterprises Limited","Press Release","Adani Enterprises Limited has informed the Exchange regarding a press release dated July 29, 2026, titled ""Media Release on the Unaudited Financial Results (Standalone and Consolidated) for the quarter ended on 30th June 2026, as Annexure  A . "".","29-Jul-2026 14:54:46","2026-07-29 14:54:46","29-Jul-2026 14:54:47","00:00:01","https://nsearchives.nseindia.com/corporate/ADANIENT_29072026145434_AELsubmissionofMediaRelease29072026_1.pdf"
"ADANIENT","Adani Enterprises Limited","Appointment","Adani Enterprises Limited has informed the Exchange regarding Appointment of  Ms. Anju Abrol (DIN: 11841715) as Non- Executive Independent Director of the company w.e.f. July 29, 2026  for a first term of 3 years, subject to the approval of the shareholders of the Company.","29-Jul-2026 14:40:20","2026-07-29 14:40:20","29-Jul-2026 14:40:21","00:00:01","https://nsearchives.nseindia.com/corporate/ADANIENT_29072026143955_AELBMOutcome29072026_1.pdf"
"ADANIENT","Adani Enterprises Limited","Outcome of Board Meeting","Adani Enterprises Limited has submitted to the Exchange, the financial results for the period ended Jun 30, 2026.","29-Jul-2026 14:36:38","2026-07-29 14:36:38","29-Jul-2026 14:36:39","00:00:01","https://nsearchives.nseindia.com/corporate/ADANIENT_29072026143517_AELBMOutcome29072026_1.pdf"
"ADANIENT","Adani Enterprises Limited","Updates","Adani Enterprises Limited has informed the Exchange regarding 'Denial of Media Reports '.","24-Jul-2026 07:38:13","2026-07-24 07:38:13","24-Jul-2026 07:38:14","00:00:01","https://nsearchives.nseindia.com/corporate/nishant_joshi_adani_com_24072026073758_AELclarification24072026.pdf"
"ADANIENT","Adani Enterprises Limited","Analysts/Institutional Investor Meet/Con. Call Updates","Adani Enterprises Limited has informed the Exchange about Schedule of meet","18-Jul-2026 13:27:42","2026-07-18 13:27:42","18-Jul-2026 13:27:43","00:00:01","https://nsearchives.nseindia.com/corporate/ADANIENT_18072026132721_AELBoardMeetingandinvestorcallIntimation29072026.pdf"
"ADANIENT","Adani Enterprises Limited","Updates","Adani Enterprises Limited has informed the Exchange regarding 'Intimation relating to Share Purchase Agreement executed by a subsidiary entity  '.","16-Jul-2026 23:09:41","2026-07-16 23:09:41","16-Jul-2026 23:09:42","00:00:01","https://nsearchives.nseindia.com/corporate/ADANIENT_16072026230850_Draft_SEBI_Disclosure_150726.pdf"
"ADANIENT","Adani Enterprises Limited","Updates","Adani Enterprises Limited has informed the Exchange regarding 'Conversion of partly paid-up Rights Equity Shares into fully paid-up equity shares in relation to the rights issue by the Company, upon receipt of the Call Monies, as applicable'.","13-Jul-2026 18:43:50","2026-07-13 18:43:50","13-Jul-2026 18:43:51","00:00:01","https://nsearchives.nseindia.com/corporate/nishant_joshi_adani_com_13072026184341_IntimationconversionPPtoFP13072026.pdf"
"ADANIENT","Adani Enterprises Limited","Press Release","Adani Enterprises Limited has informed the Exchange regarding a press release dated July 10, 2026, titled ""Clarification in relation to media release submitted by the Company on 10th July, 2026 "".","10-Jul-2026 13:53:10","2026-07-10 13:53:10","10-Jul-2026 13:53:11","00:00:01","https://nsearchives.nseindia.com/corporate/nishant_joshi_adani_com_10072026135301_AELIntimationMediaRelease10072026.pdf"
"ADANIENT","Adani Enterprises Limited","Press Release","Adani Enterprises Limited has informed the Exchange regarding a press release dated July 10, 2026, titled ""Adani Dioxycle Partnership to Advance Low-Carbon Chemical Manufacturing"".","10-Jul-2026 12:18:48","2026-07-10 12:18:48","10-Jul-2026 12:18:49","00:00:01","https://nsearchives.nseindia.com/corporate/nishant_joshi_adani_com_10072026121842_AELIntimationMediaRelease10072026.pdf"
"ADANIENT","Adani Enterprises Limited","Certificate under SEBI (Depositories and Participants) Regulations, 2018","Adani Enterprises Limited has informed the Exchange about Certificate under SEBI (Depositories and Participants) Regulations, 2018 for the quarter ended on 30.06.2026","08-Jul-2026 11:45:19","2026-07-08 11:45:19","08-Jul-2026 11:45:20","00:00:01","https://nsearchives.nseindia.com/corporate/nishant_joshi_adani_com_08072026114513_74_5_CoveringLetterJune2026.pdf"
"ADANIENT","Adani Enterprises Limited","Qualified Institutional Placement","Allotment of Equity Shares to all Eligible Qualified Institutional Buyers.","07-Jul-2026 23:26:29","2026-07-07 23:26:29","07-Jul-2026 23:26:30","00:00:01","https://nsearchives.nseindia.com/corporate/kuntal_chandya_adani_com_07072026232559_Allotment_sbicaps_comments.pdf"
"ADANIENT","Adani Enterprises Limited","Qualified Institutional Placement","Intimation regarding approval of closure of QIPs and Placement documents","07-Jul-2026 22:43:26","2026-07-07 22:43:26","07-Jul-2026 22:43:28","00:00:02","https://nsearchives.nseindia.com/corporate/kuntal_chandya_adani_com_07072026224249_Issue_closing__Pricing_sbicaps_comments_07072026.pdf"
"ADANIENT","Adani Enterprises Limited","Press Release","Adani Enterprises Limited has informed the Exchange regarding a press release dated July 07, 2026, titled ""Adani Enterprises  Kutch Copper Limited Achieves London Metal Exchange Brand Registration for  Adani Copper  Grade-A Cathodes"".","07-Jul-2026 12:23:07","2026-07-07 12:23:07","07-Jul-2026 12:23:09","00:00:02","https://nsearchives.nseindia.com/corporate/ADANIENT_07072026122301_mediarelease07072026Signed.pdf"
"ADANIENT","Adani Enterprises Limited","Press Release","Adani Enterprises Limited has informed the Exchange regarding a press release dated July 05, 2026, titled ""Adani Defence & Aerospace to Invest &#8377;2,500 Crore in South Asia's Largest Private-Sector Missile Ecosystem in Shivpuri, Madhya Pradesh"".","05-Jul-2026 19:11:07","2026-07-05 19:11:07","05-Jul-2026 19:11:08","00:00:01","https://nsearchives.nseindia.com/corporate/nishant_joshi_adani_com_05072026191057_mediarelease05072026_signed.pdf"
"ADANIENT","Adani Enterprises Limited","Qualified Institutional Placement","Intimation regarding Qualified Institutional Placement of equity shares of face value &#8377;1 each of the Company","02-Jul-2026 17:42:23","2026-07-02 17:42:23","02-Jul-2026 17:42:24","00:00:01","https://nsearchives.nseindia.com/corporate/kuntal_chandya_adani_com_02072026174126_SE_Intimation_QIP.pdf"
"ADANIENT","Adani Enterprises Limited","Press Release","Adani Enterprises Limited has informed the Exchange regarding a press release dated July 02, 2026, titled ""Adani Enterprises and IHC Group Company IRH to form a 50:50 Joint Venture for USD 11.5 Billion Aluminium Project, Positioning Odisha in the Global Aluminium Supply Chain"".","02-Jul-2026 17:18:43","2026-07-02 17:18:43","02-Jul-2026 17:18:44","00:00:01","https://nsearchives.nseindia.com/corporate/nishant_joshi_adani_com_02072026171824_mediarelease02072026.pdf"
"ADANIENT","Adani Enterprises Limited","Credit Rating","Adani Enterprises Limited has informed the Exchange about Credit Rating","02-Jul-2026 13:39:56","2026-07-02 13:39:56","02-Jul-2026 13:39:57","00:00:01","https://nsearchives.nseindia.com/corporate/nishant_joshi_adani_com_02072026133948_AELIntimationESGRating02072026.pdf"
"ADANIENT","Adani Enterprises Limited","Trading Window","Adani Enterprises Limited has informed the Exchange regarding the Trading Window closure pursuant to SEBI (Prohibition of Insider Trading) Regulations, 2015","30-Jun-2026 17:26:16","2026-06-30 17:26:16","30-Jun-2026 17:26:17","00:00:01","https://nsearchives.nseindia.com/corporate/ADANIENT_30062026172554_IntimationTradingWindowClosure_30062026.pdf"
"ADANIENT","Adani Enterprises Limited","Shareholders meeting","Adani Enterprises Limited has submitted the Exchange a copy Srutinizers report of  Annual General Meeting held on Jun 24, 2026. Further, the company has informed the Exchange regarding voting results.","25-Jun-2026 22:00:13","2026-06-25 22:00:13","25-Jun-2026 22:00:14","00:00:01","https://nsearchives.nseindia.com/corporate/nishant_joshi_adani_com_25062026215942_AELScrutiniserReportAGM_1.pdf"
"ADANIENT","Adani Enterprises Limited","Shareholders meeting","Adani Enterprises Limited has informed the Exchange regarding Proceedings of Annual General Meeting held on Jun 24, 2026","25-Jun-2026 13:11:45","2026-06-25 13:11:45","25-Jun-2026 13:11:45","00:00:00","https://nsearchives.nseindia.com/corporate/ADANIENT_25062026130409_AELProceedingsofAGM2026_revised.pdf"
"ADANIENT","Adani Enterprises Limited","Shareholders meeting","Adani Enterprises Limited has informed the Exchange regarding Proceedings of Annual General Meeting held on Jun 24, 2026","24-Jun-2026 23:34:57","2026-06-24 23:34:57","24-Jun-2026 23:34:58","00:00:01","https://nsearchives.nseindia.com/corporate/ADANIENT_24062026233421_AELProceedingsofAGM2026.pdf"
"ADANIENT","Adani Enterprises Limited","Press Release","Adani Enterprises Limited has informed the Exchange regarding a press release dated Jun 15, 2026, titled ""Adani Enterprises and Jabil Target a Strategic Alliance to Build AI Data Center Infrastructure Platform in India"".","15-Jun-2026 18:03:33","2026-06-15 18:03:33","15-Jun-2026 18:03:34","00:00:01","https://nsearchives.nseindia.com/corporate/ADANIENT_15062026180324_AELIntimationforMediaRelease15062026.pdf"
"ADANIENT","Adani Enterprises Limited","Acquisition","Adani Enterprises Limited has informed the Exchange about Acquisition of 100% equity stake of Madhuvanti Build Estate Limited by AdaniConneX Private Limited, a joint venture of the Company","11-Jun-2026 21:35:51","2026-06-11 21:35:51","11-Jun-2026 21:35:52","00:00:01","https://nsearchives.nseindia.com/corporate/nishant_joshi_adani_com_11062026213538_AELIntimationMadhuvantiBuild_Estate11062026.pdf"
"ADANIENT","Adani Enterprises Limited","Acquisition","Adani Enterprises Limited has informed the Exchange about completion of acquisition of Portus Ventures Private Limited by Adani Airport City Limited, a wholly owned step-down subsidiary of the Company.","10-Jun-2026 19:57:59","2026-06-10 19:57:59","10-Jun-2026 19:58:00","00:00:01","https://nsearchives.nseindia.com/corporate/ADANIENT_10062026195747_AEL_Intimationofacquisitioncompletion.pdf"
"ADANIENT","Adani Enterprises Limited","Updates","Adani Enterprises Limited has informed the Exchange regarding 'Intimation Of Entering To Into An Agreement For Acquisition Of 100% Equity Share Capital Of Portus Ventures Private Limited By Adani Airport City Limited, A Wholly Owned Step-Down Subsidiary Of The Company'.","08-Jun-2026 18:43:10","2026-06-08 18:43:10","08-Jun-2026 18:43:11","00:00:01","https://nsearchives.nseindia.com/corporate/ADANIENT_08062026184256_AAHLAcquisitionAgreement.pdf"
"ADANIENT","Adani Enterprises Limited","Analysts/Institutional Investor Meet/Con. Call Updates","Adani Enterprises Limited has informed the Exchange about Schedule of meet","05-Jun-2026 20:17:00","2026-06-05 20:17:00","05-Jun-2026 20:17:01","00:00:01","https://nsearchives.nseindia.com/corporate/ADANIENT_05062026201643_AELIntimation05062026.pdf"
"ADANIENT","Adani Enterprises Limited","Copy of Newspaper Publication","Adani Enterprises Limited has informed the Exchange about Copy of Newspaper Publication of the post advertisement for the 34th Annual General Meeting of the Company","30-May-2026 14:34:57","2026-05-30 14:34:57","30-May-2026 14:34:58","00:00:01","https://nsearchives.nseindia.com/corporate/nishant_joshi_adani_com_30052026143451_AELIntimationPostAdv31052025.pdf"
"ADANIENT","Adani Enterprises Limited","Shareholders meeting","Adani Enterprises Limited has informed the Exchange regarding Notice of 34th Annual General Meeting of the Company to be held on Jun 24, 2026","29-May-2026 22:30:35","2026-05-29 22:30:35","29-May-2026 22:30:36","00:00:01","https://nsearchives.nseindia.com/corporate/nishant_joshi_adani_com_29052026223026_AELIntimationfordispatchofARandNoticeAGM.pdf"
"ADANIENT","Adani Enterprises Limited","Credit Rating","Adani Enterprises Limited has informed the Exchange about Credit Rating","29-May-2026 10:37:53","2026-05-29 10:37:53","29-May-2026 10:37:54","00:00:01","https://nsearchives.nseindia.com/corporate/nishant_joshi_adani_com_29052026103745_AELIntimationforwithdrawalofRating28052026.pdf"
"ADANIENT","Adani Enterprises Limited","Copy of Newspaper Publication","Adani Enterprises Limited has informed the Exchange about Pre Advertisement for 34th Annual general Meeting of the company","28-May-2026 16:25:29","2026-05-28 16:25:29","28-May-2026 16:25:30","00:00:01","https://nsearchives.nseindia.com/corporate/nishant_joshi_adani_com_28052026162451_AELIntimationPreNewAddSubmission28052026.pdf"
"ADANIENT","Adani Enterprises Limited","Disclosure under SEBI Takeover Regulations","S. B. Adani Family Trust has Submitted to the Exchange a copy of Disclosure under Regulation 31(4) of the Securities and Exchange Board of India (Substantial Acquisition of Shares and Takeovers) Regulations, 2011.","25-May-2026 19:02:59","2026-05-25 19:02:59","25-May-2026 19:03:01","00:00:02","https://nsearchives.nseindia.com/corporate/team_sandeshc_29042026124254_43.pdf"
"ADANIENT","Adani Enterprises Limited","General Updates","Adani Enterprises Limited has informed the Exchange about Intimation under Regulation 30 of SEBI (Listing Obligations & Disclosure Requirements) Regulations, 2015   Update on the Resolution Plan for Jaiprakash Associates Limited ( JAL ).","21-May-2026 23:29:23","2026-05-21 23:29:23","21-May-2026 23:29:24","00:00:01","https://nsearchives.nseindia.com/corporate/nishant_joshi_adani_com_21052026232917_AELSXDisclosureEffectiveDateSPMay212026.pdf"
"ADANIENT","Adani Enterprises Limited","Analysts/Institutional Investor Meet/Con. Call Updates","Adani Enterprises Limited has informed the Exchange about Schedule of meet","21-May-2026 15:36:53","2026-05-21 15:36:53","21-May-2026 15:36:54","00:00:01","https://nsearchives.nseindia.com/corporate/nishant_joshi_adani_com_21052026153613_AELIntimation21052026.pdf"
"ADANIENT","Adani Enterprises Limited","Agreements","Adani Enterprises Limited has informed the Exchange about execution of settlement agreement by the Company with the U.S. Department of the Treasury's Office of Foreign Assets Control (""OFAC"")","18-May-2026 21:18:39","2026-05-18 21:18:39","18-May-2026 21:18:40","00:00:01","https://nsearchives.nseindia.com/corporate/nishant_joshi_adani_com_18052026211830_AELSEIntimationReg30OFACDisclosure.pdf"
"ADANIENT","Adani Enterprises Limited","Copy of Newspaper Publication","Adani Enterprises Limited has informed the Exchange about Copy of Newspaper Publication regarding dispatch of reminder notice for payments pending towards First call, if any and Second and Final call on partly paid-up equity shares of the Company.","18-May-2026 20:41:16","2026-05-18 20:41:16","18-May-2026 20:41:18","00:00:02","https://nsearchives.nseindia.com/corporate/nishant_joshi_adani_com_18052026204111_Intimation_NewspaperAd_remindernoticedispatch_finalupload.pdf"
"ADANIENT","Adani Enterprises Limited","Copy of Newspaper Publication","Adani Enterprises Limited has informed the Exchange about dispatch of reminder notice towards payment of pending First Call and second and final call on partly paid equity shares of the Company","16-May-2026 17:49:13","2026-05-16 17:49:13","16-May-2026 17:49:14","00:00:01","https://nsearchives.nseindia.com/corporate/nishant_joshi_adani_com_16052026174905_Intimation_NewspaperAd_remindernoticedispatch__CAM_Comments_.pdf"
"ADANIENT","Adani Enterprises Limited","Committee Meeting Updates","Adani Enterprises Limited has informed the Exchange regarding Outcome Of Rights Issue Committee Meeting Held On Wednesday, May 13, 2026","13-May-2026 18:51:40","2026-05-13 18:51:40","13-May-2026 18:51:41","00:00:01","https://nsearchives.nseindia.com/corporate/ADANIENT_13052026185124_outcomeofRIcommittee13052026.pdf"
"ADANIENT","Adani Enterprises Limited","Copy of Newspaper Publication","Newspaper Advertisement - Notice to the Equity shareholders of the Company for transfer of Equity Shares to the Investors Education & Protection Fund (IEPF) Suspense Account of FY 2018-19.","12-May-2026 18:23:19","2026-05-12 18:23:19","12-May-2026 18:23:20","00:00:01","https://nsearchives.nseindia.com/corporate/nishant_joshi_adani_com_12052026182155_SEIntimation.pdf"
"ADANIENT","Adani Enterprises Limited","Copy of Newspaper Publication","Newspaper Advertisement - Notice to the Equity shareholders of the Company for transfer of Equity Shares to the Investors Education & Protection Fund (IEPF) Suspense Account of FY 2018-19.","12-May-2026 18:23:02","2026-05-12 18:23:02","12-May-2026 18:23:03","00:00:01","https://nsearchives.nseindia.com/corporate/nishant_joshi_adani_com_12052026182155_SEIntimation.pdf"
"ADANIENT","Adani Enterprises Limited","Analysts/Institutional Investor Meet/Con. Call Updates","Adani Enterprises Limited has informed the Exchange about Transcript","07-May-2026 19:07:45","2026-05-07 19:07:45","07-May-2026 19:07:47","00:00:02","https://nsearchives.nseindia.com/corporate/nishant_joshi_adani_com_07052026190730_AELearningcallTranscript30042026.pdf"
"ADANIENT","Adani Enterprises Limited","Analysts/Institutional Investor Meet/Con. Call Updates","Adani Enterprises Limited has informed the Exchange about Schedule of meet","06-May-2026 11:10:59","2026-05-06 11:10:59","06-May-2026 11:11:00","00:00:01","https://nsearchives.nseindia.com/corporate/nishant_joshi_adani_com_06052026111053_AELIntimation06042026.pdf"
"ADANIENT","Adani Enterprises Limited","Analysts/Institutional Investor Meet/Con. Call Updates","Adani Enterprises Limited has informed the Exchange about Schedule of meet","01-May-2026 18:57:53","2026-05-01 18:57:53","01-May-2026 18:57:55","00:00:02","https://nsearchives.nseindia.com/corporate/nishant_joshi_adani_com_01052026185745_AELIntimation01052026.pdf"
"ADANIENT","Adani Enterprises Limited","Analysts/Institutional Investor Meet/Con. Call Updates","Adani Enterprises Limited has informed the Exchange about Link of Recording","30-Apr-2026 22:04:14","2026-04-30 22:04:14","30-Apr-2026 22:04:14","00:00:00","https://nsearchives.nseindia.com/corporate/nishant_joshi_adani_com_30042026220404_AELAudioRecordingofInvCall30042026.pdf"
"ADANIENT","Adani Enterprises Limited","Copy of Newspaper Publication","Newspaper Publication - Second 100 Days Campaign- 'Saksham Niveshak' - For KYC And Other Related Updation and Shareholder Engagement to Prevent Transfer of Unpaid / Unclaimed Dividends to Investor Education and Protection Fund ('IEPF')","30-Apr-2026 20:24:30","2026-04-30 20:24:30","30-Apr-2026 20:24:31","00:00:01","https://nsearchives.nseindia.com/corporate/nishant_joshi_adani_com_30042026202405_AEL_SE_Intimation_Newspaper_adv_1.pdf"
"ADANIENT","Adani Enterprises Limited","Change in Auditors","Adani Enterprises Limited has informed the Exchange regarding Change in Auditors of the company.","30-Apr-2026 16:19:52","2026-04-30 16:19:52","30-Apr-2026 16:19:54","00:00:02","https://nsearchives.nseindia.com/corporate/ADANIENT_30042026161940_AELBMOutcome30042026.pdf"
"ADANIENT","Adani Enterprises Limited","Statement of deviation(s) or variation(s) under Reg. 32","Adani Enterprises Limited has informed the Exchange about statement of deviation(s) or variation(s) under Reg. 32","30-Apr-2026 16:13:26","2026-04-30 16:13:26","30-Apr-2026 16:13:27","00:00:01","https://nsearchives.nseindia.com/corporate/ADANIENT_30042026161312_March26AELUtilisationStatement_RightsIssue_1.pdf"
"ADANIENT","Adani Enterprises Limited","Monitoring Agency Report","Monitoring Agency Report for the quarter and year ended on 31st March, 2026","30-Apr-2026 15:55:52","2026-04-30 15:55:52","30-Apr-2026 15:55:53","00:00:01","https://nsearchives.nseindia.com/corporate/ADANIENT_30042026155540_AELMonitoringAgency30042026.pdf"
"ADANIENT","Adani Enterprises Limited","Investor Presentation","Adani Enterprises Limited has informed the Exchange about Investor Presentation","30-Apr-2026 15:51:05","2026-04-30 15:51:05","30-Apr-2026 15:51:06","00:00:01","https://nsearchives.nseindia.com/corporate/ADANIENT_30042026155054_AELsubmissionofMediaRelease30042025.pdf"
"ADANIENT","Adani Enterprises Limited","Press Release","Adani Enterprises Limited has informed the Exchange regarding a press release dated April 30, 2026, titled ""Media Release dated 30th April 2026 on the Audited Financial Results (Standalone and Consolidated) for the quarter and year ended on 31st March 2026"".","30-Apr-2026 15:48:55","2026-04-30 15:48:55","30-Apr-2026 15:48:56","00:00:01","https://nsearchives.nseindia.com/corporate/ADANIENT_30042026154840_AELsubmissionofMediaRelease30042025.pdf"
"ADANIENT","Adani Enterprises Limited","Record Date","Adani Enterprises Limited has informed the Exchange that Record date for the purpose of Dividend  is 12-Jun-2026.","30-Apr-2026 15:39:05","2026-04-30 15:39:05","30-Apr-2026 15:39:06","00:00:01","https://nsearchives.nseindia.com/corporate/ADANIENT_30042026153846_AELBMOutcome30042026.pdf"
"ADANIENT","Adani Enterprises Limited","Outcome of Board Meeting","Adani Enterprises Limited has submitted to the Exchange the outcome of Board meeting held on April 30, 2026.","30-Apr-2026 15:34:58","2026-04-30 15:34:58","30-Apr-2026 15:35:00","00:00:02","https://nsearchives.nseindia.com/corporate/ADANIENT_30042026153306_AELBMOutcome30042026.pdf"
"ADANIENT","Adani Enterprises Limited","Updates","Adani Enterprises Limited has informed the Exchange regarding 'Media Release on the subject  Google Breaks Ground on India AI Hub, Launching a National Industrial Ecosystem Alongside  India's Digital Infrastructure Milestone'.","28-Apr-2026 13:32:33","2026-04-28 13:32:33","28-Apr-2026 13:32:34","00:00:01","https://nsearchives.nseindia.com/corporate/ADANIENT_28042026133219_AELIntimationforMediaRelease28042026.pdf"
"ADANIENT","Adani Enterprises Limited","Updates","Adani Enterprises Limited has informed the Exchange regarding 'Intimation regarding second 100 days campaign for IEPF - ''Saksham Niveshak'''.","22-Apr-2026 17:16:57","2026-04-22 17:16:57","22-Apr-2026 17:16:58","00:00:01","https://nsearchives.nseindia.com/corporate/nishant_joshi_adani_com_22042026171450_AELintimation_Campaign_-_Saksham_Niveshak.pdf"
"ADANIENT","Adani Enterprises Limited","Analysts/Institutional Investor Meet/Con. Call Updates","Adani Enterprises Limited has informed the Exchange about Schedule of meet","20-Apr-2026 23:20:14","2026-04-20 23:20:14","20-Apr-2026 23:20:15","00:00:01","https://nsearchives.nseindia.com/corporate/nishant_joshi_adani_com_20042026232007_AELBoardMeetingIntimation30042026111.pdf"
"ADANIENT","Adani Enterprises Limited","Acquisition","Adani Enterprises Limited has informed the Exchange about incorporation of step down wholly owned subsidiaries.","18-Apr-2026 23:12:02","2026-04-18 23:12:02","18-Apr-2026 23:12:03","00:00:01","https://nsearchives.nseindia.com/corporate/ADANIENT_18042026231055_AEL_Intimation_Regulation_30_incorporatio.pdf"
"ADANIENT","Adani Enterprises Limited","Updates","Adani Enterprises Limited has informed the Exchange regarding 'Intimation for allotment of equity shares pursuant to the Composite Scheme of Amalgamation '.","15-Apr-2026 16:37:59","2026-04-15 16:37:59","15-Apr-2026 16:38:00","00:00:01","https://nsearchives.nseindia.com/corporate/nishant_joshi_adani_com_15042026163753_AELSEintimationAllotment.pdf"
"ADANIENT","Adani Enterprises Limited","Incorporation","Adani Enterprises Limited has informed the Exchange about Incorporation of Adani Mangaluru Airport City Limited, Adani Jaipur Airport City Limited , Adani Lucknow Airport City Limited and Adani TRV Airport City Limited by Adani Airport City Limited, a step down wholly owned subsidiary of the Company","11-Apr-2026 15:40:41","2026-04-11 15:40:41","11-Apr-2026 15:40:43","00:00:02","https://nsearchives.nseindia.com/corporate/nishant_joshi_adani_com_11042026154035_AELIntimationRegulation11042026.pdf"
"ADANIENT","Adani Enterprises Limited","Credit Rating","Adani Enterprises Limited has informed the Exchange about Credit Rating","10-Apr-2026 19:58:03","2026-04-10 19:58:03","10-Apr-2026 19:58:04","00:00:01","https://nsearchives.nseindia.com/corporate/nishant_joshi_adani_com_10042026195423_AELIntimationESGRating10042026_1.pdf"
"ADANIENT","Adani Enterprises Limited","Updates","Adani Enterprises Limited has informed the Exchange regarding 'Conversion Of Partly Paid-Up Rights Equity Shares Into Fully Paid-Up Equity Shares In Relation To The Rights Issue ('Rights Issue') By Adani Enterprises Limited (The 'Company'), Upon Receipt Of The Call Monies, As Applicable, Through Modes Other Than The ASBA Facility'.","06-Apr-2026 22:44:22","2026-04-06 22:44:22","06-Apr-2026 22:44:23","00:00:01","https://nsearchives.nseindia.com/corporate/ADANIENT_06042026224408_Intimationconversion_PPtoFP_NonASBA.pdf"
"ADANIENT","Adani Enterprises Limited","Certificate under SEBI (Depositories and Participants) Regulations, 2018","Adani Enterprises Limited has informed the Exchange about Certificate under SEBI (Depositories and Participants) Regulations, 2018","06-Apr-2026 17:42:55","2026-04-06 17:42:55","06-Apr-2026 17:42:56","00:00:01","https://nsearchives.nseindia.com/corporate/nishant_joshi_adani_com_06042026174230_AELIntimation74_5_31032026.pdf"
"ADANIENT","Adani Enterprises Limited","Updates","Adani Enterprises Limited has informed the Exchange regarding 'Meeting of Management Committee for Allotment of shares in accordance with the Composite Scheme'.","01-Apr-2026 18:55:15","2026-04-01 18:55:15","01-Apr-2026 18:55:17","00:00:02","https://nsearchives.nseindia.com/corporate/ADANIENT_01042026185459_AELSEintimation01042026.pdf"
"ADANIENT","Adani Enterprises Limited","Record Date","Adani Enterprises Limited has informed the Exchange that the Record date for the purpose of Allotment of equity shares of the Company in accordance with the Composite Scheme is 14-Apr-2026.","01-Apr-2026 18:52:17","2026-04-01 18:52:17","01-Apr-2026 18:52:18","00:00:01","https://nsearchives.nseindia.com/corporate/ADANIENT_01042026185131_AELSEintimation01042026.pdf"
"ADANIENT","Adani Enterprises Limited","Scheme of Arrangement","Adani Enterprises Limited has informed the Exchange about Effective Date of the Composite Scheme of Arrangement","01-Apr-2026 18:48:46","2026-04-01 18:48:46","01-Apr-2026 18:48:47","00:00:01","https://nsearchives.nseindia.com/corporate/ADANIENT_01042026184830_AELSEintimation01042026.pdf"
"ADANIENT","Adani Enterprises Limited","Diversification/Disinvestment","Intimation regarding divestment of an associate company by a wholly ownedsubsidiary of the Company.","31-Mar-2026 23:15:02","2026-03-31 23:15:02","31-Mar-2026 23:15:02","00:00:00","https://nsearchives.nseindia.com/corporate/kuntal_chandya_adani_com_31032026231427_Intimation_Sale_of_stake_by_AAFL_in_Vishakha_final.pdf"
"ADANIENT","Adani Enterprises Limited","Incorporation","Adani Enterprises Limited has informed the Exchange about Adani Global FZE, a UAE based step down wholly owned subsidiary has incorporated a wholly owned subsidiary namely  ADANI METALS AND MINERALS FZCO  in UAE","31-Mar-2026 17:52:28","2026-03-31 17:52:28","31-Mar-2026 17:52:29","00:00:01","https://nsearchives.nseindia.com/corporate/nishant_joshi_adani_com_31032026175222_AELintimationADANIMETALSANDMINERALSFZCO31032026.pdf"
"ADANIENT","Adani Enterprises Limited","Acquisition","Adani Enterprises Limited has informed the Exchange about Disclosure pursuant to Regulation 30 of the Securities and Exchange Board of India (Listing Obligations and Disclosure Requirements) Regulations, 2015.","30-Mar-2026 20:06:11","2026-03-30 20:06:11","30-Mar-2026 20:06:12","00:00:01","https://nsearchives.nseindia.com/corporate/ADANIENT_30032026200605_AELIntimationAcqofSkyiwave30032026.pdf"
"ADANIENT","Adani Enterprises Limited","Trading Window","Adani Enterprises Limited has informed the Exchange regarding the Trading Window closure pursuant to SEBI (Prohibition of Insider Trading) Regulations, 2015","30-Mar-2026 11:09:21","2026-03-30 11:09:21","30-Mar-2026 11:09:23","00:00:02","https://nsearchives.nseindia.com/corporate/nishant_joshi_adani_com_30032026110916_IntimationTradingWindowClosure_31032026.pdf"
"ADANIENT","Adani Enterprises Limited","Updates","Adani Enterprises Limited has informed the Exchange regarding 'Intimation of early full redemption of NCDs by the Company.'.","25-Mar-2026 13:06:53","2026-03-25 13:06:53","25-Mar-2026 13:06:54","00:00:01","https://nsearchives.nseindia.com/corporate/nishant_joshi_adani_com_25032026130644_AELIntimationRedemption25032026.pdf"
"ADANIENT","Adani Enterprises Limited","Acquisition","Completion of acquisition of IANS India Private Limited","24-Mar-2026 16:32:37","2026-03-24 16:32:37","24-Mar-2026 16:32:39","00:00:02","https://nsearchives.nseindia.com/corporate/kuntal_chandya_adani_com_24032026163218_Share_Acq-Completion_IANS_and_AMG_Media_-_NG.pdf"
"ADANIENT","Adani Enterprises Limited","General Updates","Outcome of Management Committee Meeting of Board of Directors - Early fullredemption of Non-Convertible Debentures","24-Mar-2026 12:36:32","2026-03-24 12:36:32","24-Mar-2026 12:36:33","00:00:01","https://nsearchives.nseindia.com/corporate/kuntal_chandya_adani_com_24032026123409_MCM_Outcome.pdf"
"ADANIENT","Adani Enterprises Limited","Updates","Adani Enterprises Limited has informed the Exchange regarding 'Intimation Under Regulation 30 Of SEBI (Listing Obligations & Disclosure Requirements) Regulations, 2015 - Update On The Resolution Plan For Jaiprakash Associates Limited ('JAL').'.","19-Mar-2026 20:06:32","2026-03-19 20:06:32","19-Mar-2026 20:06:33","00:00:01","https://nsearchives.nseindia.com/corporate/ADANIENT_19032026200621_AELIntimationJAL19032026_2.pdf"
"ADANIENT","Adani Enterprises Limited","Updates","Adani Enterprises Limited has informed the Exchange regarding 'Conversion Of Rs. 0.75 Partly Paid-Up Equity Shares Into Rs. 1.00 Fully Paid-Up Equity Shares In Relation To The Rights Issue By Adani Enterprises Limited, Upon Receipt Of The Payment In Respect Of The Second And Final Call Through The ASBA Facility, To The Extent Applicable'.","19-Mar-2026 17:06:07","2026-03-19 17:06:07","19-Mar-2026 17:06:08","00:00:01","https://nsearchives.nseindia.com/corporate/ADANIENT_19032026170553_Intimationconversion_PPtoFP_2ndcall_final.pdf"
"ADANIENT","Adani Enterprises Limited","Updates","Adani Enterprises Limited has informed the Exchange regarding 'Pronouncement of Order dated March 17, 2026 approving the resolution plan submitted by the Company for Jaiprakash Associates Limited'.","17-Mar-2026 15:22:22","2026-03-17 15:22:22","17-Mar-2026 15:22:23","00:00:01","https://nsearchives.nseindia.com/corporate/ADANIENT_17032026151949_AELJALIntimation.pdf"
"ADANIENT","Adani Enterprises Limited","General Updates","Adani Enterprises Limited has informed the Exchange about Intimation regarding Sanction of Composite Scheme of Arrangement by Hon ble National Company Law Tribunal, Ahmedabad Bench","16-Mar-2026 19:12:36","2026-03-16 19:12:36","16-Mar-2026 19:12:36","00:00:00","https://nsearchives.nseindia.com/corporate/nishant_joshi_adani_com_16032026191229_AELSEintimationNCLTOrder16032026.pdf"
"ADANIENT","Adani Enterprises Limited","Updates","Adani Enterprises Limited has informed the Exchange regarding 'Completion Of Acquisition Of Defence Unit From Punj Lloyd Ltd By Wholly Owned Subsidiary Of The Company'.","11-Mar-2026 19:02:29","2026-03-11 19:02:29","11-Mar-2026 19:02:29","00:00:00","https://nsearchives.nseindia.com/corporate/ADANIENT_11032026190217_Acquisition_BTA_Punj_Llyod.pdf"
"ADANIENT","Adani Enterprises Limited","Acquisition","Adani Enterprises Limited has informed the Exchange about Acquisition of 14.2% effective shareholding in Air Works India (Engineering) Pvt. Ltd. by wholly owned subsidiary of the Company.","11-Mar-2026 18:58:25","2026-03-11 18:58:25","11-Mar-2026 18:58:26","00:00:01","https://nsearchives.nseindia.com/corporate/ADANIENT_11032026185733_Acquisition_of_shares_Punj_llyod.pdf"
"ADANIENT","Adani Enterprises Limited","Acquisition","Adani Enterprises Limited has informed the Exchange about completion of acquisition of the balance 49% the equity share capital and 100% optionally convertible preference share capital of D P Jain TOT Toll Roads Private Limited by Adani Road Transport Limited, a wholly owned subsidiary of the Company.","10-Mar-2026 17:25:39","2026-03-10 17:25:39","10-Mar-2026 17:25:40","00:00:01","https://nsearchives.nseindia.com/corporate/nishant_joshi_adani_com_10032026172509_AELIntimationDPJain10032026.pdf"
"ADANIENT","Adani Enterprises Limited","Incorporation","Adani Enterprises Limited has informed the Exchange about incorporation of a wholly owned subsidiary namely  CORR TOLLWAYS LIMITED","09-Mar-2026 13:31:39","2026-03-09 13:31:39","09-Mar-2026 13:31:40","00:00:01","https://nsearchives.nseindia.com/corporate/nishant_joshi_adani_com_09032026133133_AELintimationCORRTOLLWAYSLIMITED.pdf"
"ADANIENT","Adani Enterprises Limited","Diversification/Disinvestment","Adani Enterprises Limited has informed the Exchange about Disinvestment of a Joint Venture company by a wholly owned subsidiary of the Company","02-Mar-2026 18:57:59","2026-03-02 18:57:59","02-Mar-2026 18:58:00","00:00:01","https://nsearchives.nseindia.com/corporate/ADANIENT_02032026185742_Intimation_Sale_of_stake_by_KCL_2.pdf"
"ADANIENT","Adani Enterprises Limited","General Updates","Adani Enterprises Limited has informed the Exchange about Update on our intimation for signing of Share Purchase Agreement by Adani Defence Systems & Technologies Ltd ( ADSTL ), a wholly owned subsidiary of the Company with Punj Lloyd Aviation Ltd ( PLAL ).","02-Mar-2026 16:24:43","2026-03-02 16:24:43","02-Mar-2026 16:24:44","00:00:01","https://nsearchives.nseindia.com/corporate/nishant_joshi_adani_com_02032026162434_AELIntimationSPAUpdate.pdf"
"ADANIENT","Adani Enterprises Limited","General Updates","Adani Enterprises Limited has informed the Exchange about Intimation regarding execution Business Transfer Agreement by Adani Defence Systems & Technologies Ltd ( ADSTL ), a wholly owned subsidiary of the Company.","01-Mar-2026 14:59:33","2026-03-01 14:59:33","01-Mar-2026 14:59:34","00:00:01","https://nsearchives.nseindia.com/corporate/nishant_joshi_adani_com_01032026145924_AelIntimation01032026BTA.pdf"
"ADANIENT","Adani Enterprises Limited","General Updates","Adani Enterprises Limited has informed the Exchange about Intimation for signing of Share Purchase Agreement by Adani Defence Systems & Technologies Ltd ( ADSTL ), a wholly owned subsidiary of the Company with Punj Lloyd Aviation Ltd ( PLAL ).","01-Mar-2026 14:54:34","2026-03-01 14:54:34","01-Mar-2026 14:54:35","00:00:01","https://nsearchives.nseindia.com/corporate/nishant_joshi_adani_com_01032026145420_AelIntimation01032026SPA.pdf"
"ADANIENT","Adani Enterprises Limited","Copy of Newspaper Publication","Adani Enterprises Limited has informed the Exchange about Copy of Newspaper Publication regarding the notice for payment of outstanding first call money (if any) and second and final call","17-Feb-2026 18:57:21","2026-02-17 18:57:21","17-Feb-2026 18:57:22","00:00:01","https://nsearchives.nseindia.com/corporate/ADANIENT_17022026185712_Intimation_NewspaperAd_call_notice_dispatch.pdf"
"ADANIENT","Adani Enterprises Limited","Acquisition","Adani Enterprises Limited has informed the Exchange about Acquisition of 49% stake in Sree Vishwa Varadhi Private Limited by wholly owned subsidiary of the Company","17-Feb-2026 18:48:21","2026-02-17 18:48:21","17-Feb-2026 18:48:22","00:00:01","https://nsearchives.nseindia.com/corporate/ADANIENT_17022026184759_Acquisition_by_ARTL_SreeVishwaVaradhi.pdf"
"ADANIENT","Adani Enterprises Limited","Press Release","Adani Enterprises Limited has informed the Exchange regarding a press release dated February 17, 2026, titled   Adani Commits USD 100 Bn to Sovereign AI Infrastructure"".","17-Feb-2026 12:27:12","2026-02-17 12:27:12","17-Feb-2026 12:27:13","00:00:01","https://nsearchives.nseindia.com/corporate/nishant_joshi_adani_com_17022026122704_AELIntimationforMediaRelease17022026.pdf"
"ADANIENT","Adani Enterprises Limited","Incorporation","Adani Enterprises Limited has informed the Exchange about Incorporation","16-Feb-2026 19:16:27","2026-02-16 19:16:27","16-Feb-2026 19:16:29","00:00:02","https://nsearchives.nseindia.com/corporate/nishant_joshi_adani_com_16022026191617_AELintimationACX_NMPTL.pdf"
"ADANIENT","Adani Enterprises Limited","Acquisition","Adani Enterprises Limited has informed the Exchange about Completion of acquisition of 100% stake in Indamer Technics Private Limited by the step-down subsidiary of the Company","13-Feb-2026 23:35:10","2026-02-13 23:35:10","13-Feb-2026 23:35:11","00:00:01","https://nsearchives.nseindia.com/corporate/ADANIENT_13022026233501_Closing_intimation_Indamer.pdf"
"ADANIENT","Adani Enterprises Limited","Incorporation","Adani Enterprises Limited has informed the Exchange about Incorporation of Navi Mumbai Power Distribution Limited, by AdaniConneX Private Limited a joint venture of the Company.","13-Feb-2026 18:07:21","2026-02-13 18:07:21","13-Feb-2026 18:07:22","00:00:01","https://nsearchives.nseindia.com/corporate/nishant_joshi_adani_com_13022026180704_AELintimationACX.pdf"
"ADANIENT","Adani Enterprises Limited","Suspension of Trading","Members of the Exchange are hereby informed that the trading in the partly paid-up equity shares (Series: E1, ISIN: IN9423A01048) of Adani Enterprises Limited shall be suspended w.e.f. February 13, 2026 (i.e., closing hours of trading on February 12, 2026) on account of second and final call money.","11-Feb-2026 20:39:42","2026-02-11 20:39:42","11-Feb-2026 20:39:43","00:00:01","-"
"ADANIENT","Adani Enterprises Limited","Analysts/Institutional Investor Meet/Con. Call Updates","Adani Enterprises Limited has informed the Exchange about Schedule of meet with investors /analysts on February 18 , 2026- February 19 , 2026 in Mumbai","11-Feb-2026 20:24:56","2026-02-11 20:24:56","11-Feb-2026 20:24:58","00:00:02","https://nsearchives.nseindia.com/corporate/kuntal_chandya_adani_com_11022026202430_AELIntimation11022026.pdf"
"ADANIENT","Adani Enterprises Limited","Acquisition","Adani Enterprises Limited has informed the Exchange about Acquisition","10-Feb-2026 22:31:34","2026-02-10 22:31:34","10-Feb-2026 22:31:34","00:00:00","https://nsearchives.nseindia.com/corporate/kuntal_chandya_adani_com_10022026222735_DP_Jain_Draft_Intimation.pdf"
"ADANIENT","Adani Enterprises Limited","Copy of Newspaper Publication","Adani Enterprises Limited has informed the Exchange about Newspaper Publication regarding the record date for the Second and Final Call on partly paid equity shares of the Company.","10-Feb-2026 21:23:08","2026-02-10 21:23:08","10-Feb-2026 21:23:09","00:00:01","https://nsearchives.nseindia.com/corporate/ADANIENT_10022026212133_2ndcallrecorddatenewspaperintimation.pdf"
"ADANIENT","Adani Enterprises Limited","General Updates","Adani Enterprises Limited has informed the Exchange about General Updates","10-Feb-2026 10:46:22","2026-02-10 10:46:22","10-Feb-2026 10:46:23","00:00:01","https://nsearchives.nseindia.com/corporate/kuntal_chandya_adani_com_10022026104557_Intimation10022026.pdf"
"ADANIENT","Adani Enterprises Limited","Analysts/Institutional Investor Meet/Con. Call Updates","Adani Enterprises Limited has informed the Exchange about Transcript","09-Feb-2026 23:29:52","2026-02-09 23:29:52","09-Feb-2026 23:29:52","00:00:00","https://nsearchives.nseindia.com/corporate/nishant_joshi_adani_com_09022026232542_Submissionoftranscriptof_InvCall09022026.pdf"
"ADANIENT","Adani Enterprises Limited","Record Date","Adani Enterprises Limited has informed the Exchange that Record date for the purpose of Second and Final Call on partly paid equity shares is 13-Feb-2026.","09-Feb-2026 19:35:20","2026-02-09 19:35:20","09-Feb-2026 19:35:22","00:00:02","https://nsearchives.nseindia.com/corporate/ADANIENT_09022026193243_2ndcallrecorddateintimation_Final.pdf"
"ADANIENT","Adani Enterprises Limited","Committee Meeting Updates","Adani Enterprises Limited has informed the Exchange regarding Outcome of Rights Issue Committee Meeting held on February 09, 2026.","09-Feb-2026 19:28:13","2026-02-09 19:28:13","09-Feb-2026 19:28:13","00:00:00","https://nsearchives.nseindia.com/corporate/ADANIENT_09022026192746_2ndcallrecorddateintimation_Final.pdf"
"ADANIENT","Adani Enterprises Limited","Updates","Adani Enterprises Limited has informed the Exchange regarding 'Intimation For Conversion Of Rs. 0.50 Partly Paid-Up Equity Shares Into Rs. 0.75 Partly Paid-Up Equity Shares In Relation To The Rights Issue, Upon Receipt Of The Payment In Respect Of The First Call, To The Extent Applicable'.","04-Feb-2026 20:35:56","2026-02-04 20:35:56","04-Feb-2026 20:35:57","00:00:01","https://nsearchives.nseindia.com/corporate/ADANIENT_04022026203545_Intimationconversionpptopp1stcall.pdf"
"ADANIENT","Adani Enterprises Limited","Analysts/Institutional Investor Meet/Con. Call Updates","Adani Enterprises Limited has informed the Exchange about Link of Recording.","03-Feb-2026 23:22:01","2026-02-03 23:22:01","03-Feb-2026 23:22:02","00:00:01","https://nsearchives.nseindia.com/corporate/nishant_joshi_adani_com_03022026232021_SubmissionofAudioRecordingof_InvCall03022026.pdf"
"ADANIENT","Adani Enterprises Limited","Monitoring Agency Report","Monitoring Agency Report for the quarter ended on December 31, 2025","03-Feb-2026 15:10:46","2026-02-03 15:10:46","03-Feb-2026 15:10:47","00:00:01","https://nsearchives.nseindia.com/corporate/ADANIENT_03022026150919_AELMonitoringAgency.pdf"
"ADANIENT","Adani Enterprises Limited","Statement of deviation(s) or variation(s) under Reg. 32","Adani Enterprises Limited has informed the Exchange about statement of deviation(s) or variation(s) under Reg. 32","03-Feb-2026 14:55:58","2026-02-03 14:55:58","03-Feb-2026 14:55:58","00:00:00","https://nsearchives.nseindia.com/corporate/ADANIENT_03022026145546_StatementofDeviation.pdf"
"ADANIENT","Adani Enterprises Limited","Investor Presentation","Adani Enterprises Limited has informed the Exchange about Investor Presentation","03-Feb-2026 14:51:34","2026-02-03 14:51:34","03-Feb-2026 14:51:35","00:00:01","https://nsearchives.nseindia.com/corporate/ADANIENT_03022026144913_AELsubmissionofMediaRelease03022026.pdf"
"ADANIENT","Adani Enterprises Limited","Press Release","Adani Enterprises Limited has informed the Exchange regarding a press release dated February 03, 2026, titled ""Media Release dated February 3, 2026 on the Unaudited Financial Results (Standalone and Consolidated) for the and quarter and nine months ended December 31, 2025"".","03-Feb-2026 14:47:27","2026-02-03 14:47:27","03-Feb-2026 14:47:29","00:00:02","https://nsearchives.nseindia.com/corporate/ADANIENT_03022026144642_AELsubmissionofMediaRelease03022026.pdf"
"ADANIENT","Adani Enterprises Limited","Outcome of Board Meeting","Adani Enterprises Limited has submitted to the Exchange, the financial results for the period ended December 31, 2025.","03-Feb-2026 14:41:34","2026-02-03 14:41:34","03-Feb-2026 14:41:35","00:00:01","https://nsearchives.nseindia.com/corporate/ADANIENT_03022026143851_AELOutcomeofBM03022026.pdf"
"ADANIENT","Adani Enterprises Limited","Press Release","Adani Enterprises Limited has informed the Exchange regarding a press release dated February 03, 2026, titled ""Adani Defence & Aerospace and Leonardo Forge Strategic Partnership to Build India's Helicopter Ecosystem"".","03-Feb-2026 12:39:48","2026-02-03 12:39:48","03-Feb-2026 12:39:49","00:00:01","https://nsearchives.nseindia.com/corporate/ADANIENT_03022026123938_AELIntimationforMediaRelease03022026.pdf"
"ADANIENT","Adani Enterprises Limited","Analysts/Institutional Investor Meet/Con. Call Updates","Adani Enterprises Limited has informed the Exchange about Schedule of meet","28-Jan-2026 22:39:19","2026-01-28 22:39:19","28-Jan-2026 22:39:20","00:00:01","https://nsearchives.nseindia.com/corporate/nishant_joshi_adani_com_28012026223909_AELIntimation28012026.pdf"
"ADANIENT","Adani Enterprises Limited","Rumour Verification - Regulation 30(11)","Adani Enterprises Limited has informed the Exchange about Rumour Verification - Regulation 30(11)","28-Jan-2026 11:07:41","2026-01-28 11:07:41","28-Jan-2026 11:07:41","00:00:00","https://nsearchives.nseindia.com/corporate/nishant_joshi_adani_com_28012026110730_AELintimation28012026.pdf"
"ADANIENT","Adani Enterprises Limited","News Verification","The Exchange has sought clarification from Adani Enterprises Limited with respect to recent news item captioned US regulator seeking measures to serve Gautam, Sagar Adani legal summons, Bloomberg reports.  The response from the Company is attached.","24-Jan-2026 00:14:50","2026-01-24 00:14:50","24-Jan-2026 00:14:51","00:00:01","https://nsearchives.nseindia.com/corporate/ADANIENT_24012026001441_Reg30Rumourverification23012025.pdf"
"ADANIENT","Adani Enterprises Limited","Updates","Adani Enterprises Limited has informed the Exchange regarding 'Intimation for update on acquisition of stake in Flight Simulation Technique Centre Private Limited, Flight Simulation Solutions Private Limited'.","23-Jan-2026 16:31:28","2026-01-23 16:31:28","23-Jan-2026 16:31:29","00:00:01","https://nsearchives.nseindia.com/corporate/ADANIENT_23012026163119_Updateonacquisition.pdf"
"ADANIENT","Adani Enterprises Limited","News Verification","The Exchange has sought clarification from Adani Enterprises Limited with respect to recent news item captioned US regulator seeking measures to serve Gautam, Sagar Adani legal summons, Bloomberg reports.  The response from the Company is awaited.","23-Jan-2026 14:51:44","2026-01-23 14:51:44","23-Jan-2026 14:51:46","00:00:02","-"
"ADANIENT","Adani Enterprises Limited","Updates","Adani Enterprises Limited has informed the Exchange regarding 'Intimation For Signing Of Share Purchase Agreement By AMG Media Networks Limited, A Wholly Owned Subsidiary Of The Company With IANS India Private Limited And Its Existing Shareholder'.","22-Jan-2026 22:27:09","2026-01-22 22:27:09","22-Jan-2026 22:27:10","00:00:01","https://nsearchives.nseindia.com/corporate/ADANIENT_22012026222656_IntimationSPAINSAAMGMediafinal.pdf"
"ADANIENT","Adani Enterprises Limited","Analysts/Institutional Investor Meet/Con. Call Updates","Adani Enterprises Limited has informed the Exchange about Schedule of meet","20-Jan-2026 16:28:30","2026-01-20 16:28:30","20-Jan-2026 16:28:31","00:00:01","https://nsearchives.nseindia.com/corporate/ADANIENT_20012026162809_AELinvestorcall03022026.pdf"
"ADANIENT","Adani Enterprises Limited","Certificate under SEBI (Depositories and Participants) Regulations, 2018","Adani Enterprises Limited has informed the Exchange about Certificate under SEBI (Depositories and Participants) Regulations, 2018","08-Jan-2026 16:04:11","2026-01-08 16:04:11","08-Jan-2026 16:04:13","00:00:02","https://nsearchives.nseindia.com/corporate/nishant_joshi_adani_com_08012026160404_74_5_CoveringLetterDec2025.pdf"
"ADANIENT","Adani Enterprises Limited","Updates","Adani Enterprises Limited has informed the Exchange regarding ' Intimation In Relation To Early Closure Of The Public Issue Of Non Convertible Debentures'.","07-Jan-2026 17:40:50","2026-01-07 17:40:50","07-Jan-2026 17:40:51","00:00:01","https://nsearchives.nseindia.com/corporate/ADANIENT_07012026174038_Stock_Exchange_Intimation_for_Early_Closure.pdf"
"ADANIENT","Adani Enterprises Limited","General Updates","Adani Enterprises Limited has informed the Exchange about Intimation under Regulation 30 of the SEBI (LODR) Reg, 2015","03-Jan-2026 22:54:19","2026-01-03 22:54:19","03-Jan-2026 22:54:20","00:00:01","https://nsearchives.nseindia.com/corporate/nishant_joshi_adani_com_03012026225405_artl_intimation_copy.pdf"
"ADANIENT","Adani Enterprises Limited","Copy of Newspaper Publication","Adani Enterprises Limited has informed the Exchange about Copy of Newspaper Publication regarding corrigendum to the notice for the First Call published on December 27, 2025.","02-Jan-2026 19:26:03","2026-01-02 19:26:03","02-Jan-2026 19:26:04","00:00:01","https://nsearchives.nseindia.com/corporate/ADANIENT_02012026192556_Intimation_NewspaperAd_call_notice_dispatch_3.pdf"
"ADANIENT","Adani Enterprises Limited","Press Release","Adani Enterprises Limited has informed the Exchange regarding a press release dated January 02, 2026, titled ""Adani Enterprises launches its 3rd public issue of NCDs of &#8377;1,000 crore, offering up to 8.90% per annum"".","02-Jan-2026 18:29:29","2026-01-02 18:29:29","02-Jan-2026 18:29:30","00:00:01","https://nsearchives.nseindia.com/corporate/ADANIENT_02012026182918_AELIntimationforMediaRelease01012026.pdf"
"ADANIENT","Adani Enterprises Limited","Acquisition","Adani Enterprises Limited has informed the Exchange about Acquisition of Giridhari Build Estate Limited by AdaniConneX Private Limited, a joint venture of the Company.","01-Jan-2026 14:23:31","2026-01-01 14:23:31","01-Jan-2026 14:23:32","00:00:01","https://nsearchives.nseindia.com/corporate/ADANIENT_01012026142223_AELIntimationforacqofGiridhariBuildEstate.pdf"
"ADANIENT","Adani Enterprises Limited","Acquisition","Adani Enterprises Limited has informed the Exchange about Acquisition of 39% effective shareholding in Flight Simulation Technique Centre Pvt. Limited.","31-Dec-2025 22:09:33","2025-12-31 22:09:33","31-Dec-2025 22:09:34","00:00:01","https://nsearchives.nseindia.com/corporate/nishant_joshi_adani_com_31122025220919_IntimationforAcquisitionofFSTC.pdf"
"ADANIENT","Adani Enterprises Limited","Trading Window","Adani Enterprises Limited has informed the Exchange regarding the Trading Window closure pursuant to SEBI (Prohibition of Insider Trading) Regulations, 2015","30-Dec-2025 19:29:26","2025-12-30 19:29:26","30-Dec-2025 19:29:27","00:00:01","https://nsearchives.nseindia.com/corporate/nishant_joshi_adani_com_30122025192919_IntimationTradingWindowClosure.pdf"
"ADANIENT","Adani Enterprises Limited","Updates","Adani Enterprises Limited has informed the Exchange regarding 'Intimation Under The Securities And Exchange Board Of India (Listing Obligations And Disclosure Requirements) Regulations, 2015 As Amended (''''SEBI Listing Regulations'''') In Relation To The Public Issue Of Non-Convertible Debentures'.","29-Dec-2025 23:41:49","2025-12-29 23:41:49","29-Dec-2025 23:41:51","00:00:02","https://nsearchives.nseindia.com/corporate/nishant_joshi_adani_com_29122025234139_Intimationfilingofprospectus29122025.pdf"
"ADANIENT","Adani Enterprises Limited","Shareholders meeting","Adani Enterprises Limited has submitted the Exchange a copy Srutinizers report of  Court Convened General Meeting held on December 29, 2025. Further, the company has informed the Exchange regarding voting results.","29-Dec-2025 20:20:41","2025-12-29 20:20:41","29-Dec-2025 20:20:42","00:00:01","https://nsearchives.nseindia.com/corporate/nishant_joshi_adani_com_29122025202005_AELScrutinizerReport29122025.pdf"
"ADANIENT","Adani Enterprises Limited","Shareholders meeting","Adani Enterprises Limited has informed the Exchange regarding Proceedings of Court Convened General Meeting held on December 29, 2025","29-Dec-2025 12:52:53","2025-12-29 12:52:53","29-Dec-2025 12:52:54","00:00:01","https://nsearchives.nseindia.com/corporate/nishant_joshi_adani_com_29122025125211_AELSEintimationonNCLTMeetingProceedings.pdf"
"ADANIENT","Adani Enterprises Limited","Copy of Newspaper Publication","Adani Enterprises Limited has informed the Exchange about Copy of Newspaper Publication regarding First Call Notice.","27-Dec-2025 18:52:53","2025-12-27 18:52:53","27-Dec-2025 18:52:53","00:00:00","https://nsearchives.nseindia.com/corporate/nishant_joshi_adani_com_27122025185242_Intimation_NewspaperAd_call_notice_dispatch_1.pdf"
"ADANIENT","Adani Enterprises Limited","Updates","Adani Enterprises Limited has informed the Exchange regarding 'Intimation Under The Securities And Exchange Board Of India (Listing Obligations And Disclosure Requirements) Regulations, 2015 As Amended ('SEBI Listing Regulations') In Relation To The Public Issue Of Non-Convertible Debentures'.","24-Dec-2025 14:32:37","2025-12-24 14:32:37","24-Dec-2025 14:32:38","00:00:01","https://nsearchives.nseindia.com/corporate/nishant_joshi_adani_com_24122025143229_Stock_Exchange_Intimation_for_DRHP.pdf"
"ADANIENT","Adani Enterprises Limited","Credit Rating","Adani Enterprises Limited has informed the Exchange about Credit Rating","24-Dec-2025 00:17:19","2025-12-24 00:17:19","24-Dec-2025 00:17:20","00:00:01","https://nsearchives.nseindia.com/corporate/nishant_joshi_adani_com_24122025001626_AELIntimationCreditRating23122025.pdf"
"ADANIENT","Adani Enterprises Limited","Copy of Newspaper Publication","Adani Enterprises Limited has informed the Exchange about Newspaper Advertisement regarding the record date for the first Call on partly paid-up equity shares of the Company.","19-Dec-2025 20:23:32","2025-12-19 20:23:32","19-Dec-2025 20:23:32","00:00:00","https://nsearchives.nseindia.com/corporate/nishant_joshi_adani_com_19122025202321_AELRecorddateIntimationNewspaper.pdf"
"ADANIENT","Adani Enterprises Limited","Suspension of Trading","Members of the Exchange are hereby informed that the trading in the partly paid-up equity shares (Series: E1, ISIN: IN9423A01030) of Adani Enterprises Limited shall be suspended w.e.f. December 23, 2025 (i.e., closing hours of trading on December 22, 2025) on account of first call money.","19-Dec-2025 17:55:47","2025-12-19 17:55:47","19-Dec-2025 17:55:48","00:00:01","-"
"ADANIENT","Adani Enterprises Limited","Incorporation","Adani Enterprises Limited has informed the Exchange about Incorporation","18-Dec-2025 23:03:59","2025-12-18 23:03:59","18-Dec-2025 23:04:00","00:00:01","https://nsearchives.nseindia.com/corporate/nishant_joshi_adani_com_18122025230346_AELIntimationMDL18122025.pdf"
"ADANIENT","Adani Enterprises Limited","Record Date","Adani Enterprises Limited has informed the Exchange that Record date for the purpose of first Call on partly paid equity shares issued on rights basis is 23-Dec-2025.","17-Dec-2025 21:00:45","2025-12-17 21:00:45","17-Dec-2025 21:00:46","00:00:01","https://nsearchives.nseindia.com/corporate/nishant_joshi_adani_com_17122025205644_AELRICOutcome17122025.pdf"
"ADANIENT","Adani Enterprises Limited","Outcome of Board Meeting","Adani Enterprises Limited has informed the Exchange regarding outcome of rights issue committee meeting held on December 17, 2025.","17-Dec-2025 20:52:05","2025-12-17 20:52:05","17-Dec-2025 20:52:07","00:00:02","https://nsearchives.nseindia.com/corporate/nishant_joshi_adani_com_17122025204731_AELRICOutcome17122025.pdf"
"ADANIENT","Adani Enterprises Limited","Analysts/Institutional Investor Meet/Con. Call Updates","Adani Enterprises Limited has informed the Exchange about Schedule of meet","15-Dec-2025 23:17:31","2025-12-15 23:17:31","15-Dec-2025 23:17:32","00:00:01","https://nsearchives.nseindia.com/corporate/nishant_joshi_adani_com_15122025231700_AELIntimation15122025.pdf"
"ADANIENT","Adani Enterprises Limited","Copy of Newspaper Publication","Adani Enterprises Limited has informed the Exchange about Copy of Newspaper Publication for the matters relating to Rights Issue","15-Dec-2025 18:25:12","2025-12-15 18:25:12","15-Dec-2025 18:25:13","00:00:01","https://nsearchives.nseindia.com/corporate/nishant_joshi_adani_com_15122025182502_AELIntimationNewspaperAdv15122025.pdf"
"ADANIENT","Adani Enterprises Limited","Acquisition","Adani Enterprises Limited has informed the Exchange about Acquisition","13-Dec-2025 11:50:56","2025-12-13 11:50:56","13-Dec-2025 11:50:57","00:00:01","https://nsearchives.nseindia.com/corporate/nishant_joshi_adani_com_13122025115051_AELIntimation_ACX_HYD_Two_13122025.pdf"
"ADANIENT","Adani Enterprises Limited","Rights Issue","Allotment of partly paid up equity shares on rights basis","11-Dec-2025 21:27:40","2025-12-11 21:27:40","11-Dec-2025 21:27:42","00:00:02","https://nsearchives.nseindia.com/corporate/nishant_joshi_adani_com_11122025212653_AELAllotment11122025__v3.pdf"
"ADANIENT","Adani Enterprises Limited","Updates","Adani Enterprises Limited has informed the Exchange regarding 'closure of the issue period of the rights issue of Adani Enterprises Limited '.","10-Dec-2025 20:00:23","2025-12-10 20:00:23","10-Dec-2025 20:00:25","00:00:02","https://nsearchives.nseindia.com/corporate/nishant_joshi_adani_com_10122025200017_AELissueclosedintimation10122025.pdf"
"ADANIENT","Adani Enterprises Limited","Copy of Newspaper Publication","Adani Enterprises Limited has informed the Exchange about Copy of Newspaper Publication for the Rights issue","09-Dec-2025 22:12:40","2025-12-09 22:12:40","09-Dec-2025 22:12:41","00:00:01","https://nsearchives.nseindia.com/corporate/nishant_joshi_adani_com_09122025221233_AELnewspaperAdvRIclosurefinal09122025.pdf"
"ADANIENT","Adani Enterprises Limited","General Updates","Adani Enterprises Limited has informed the Exchange about completion of acquisition","09-Dec-2025 21:40:06","2025-12-09 21:40:06","09-Dec-2025 21:40:07","00:00:01","https://nsearchives.nseindia.com/corporate/nishant_joshi_adani_com_09122025214000_AAHLIntimationaftercompletionoftransaction09122025.pdf"
"ADANIENT","Adani Enterprises Limited","Incorporation","Adani Enterprises Limited has informed the Exchange about Incorporation","08-Dec-2025 13:16:59","2025-12-08 13:16:59","08-Dec-2025 13:17:00","00:00:01","https://nsearchives.nseindia.com/corporate/nishant_joshi_adani_com_08122025131654_AELIntimationAirportCity07122025.pdf"
"ADANIENT","Adani Enterprises Limited","Incorporation","Adani Enterprises Limited has informed the Exchange about Incorporation of wholly owned subsidiary company","06-Dec-2025 19:59:11","2025-12-06 19:59:11","06-Dec-2025 19:59:12","00:00:01","https://nsearchives.nseindia.com/corporate/nishant_joshi_adani_com_06122025195902_AELIntimationASEL06122025.pdf"
"ADANIENT","Adani Enterprises Limited","Incorporation","Adani Enterprises Limited has informed the Exchange about Incorporation","03-Dec-2025 19:31:15","2025-12-03 19:31:15","03-Dec-2025 19:31:16","00:00:01","https://nsearchives.nseindia.com/corporate/nishant_joshi_adani_com_03122025193054_AELIntimationACXHTL.pdf"
"ADANIENT","Adani Enterprises Limited","Updates","Adani Enterprises Limited has informed the Exchange regarding 'Dilution of Stake In Subsidiary Company'.","02-Dec-2025 23:23:23","2025-12-02 23:23:23","02-Dec-2025 23:23:25","00:00:02","https://nsearchives.nseindia.com/corporate/nishant_joshi_adani_com_02122025232316_AELintimationAstraanDilution.pdf"
"ADANIENT","Adani Enterprises Limited","Updates","Adani Enterprises Limited has informed the Exchange regarding 'Update on completion of acquisition'.","02-Dec-2025 21:58:26","2025-12-02 21:58:26","02-Dec-2025 21:58:27","00:00:01","https://nsearchives.nseindia.com/corporate/nishant_joshi_adani_com_02122025215812_AELIntimationAAH02122025.pdf"
"ADANIENT","Adani Enterprises Limited","Updates","Adani Enterprises Limited has informed the Exchange regarding 'Update on Completion of acquisition'.","02-Dec-2025 15:24:27","2025-12-02 15:24:27","02-Dec-2025 15:24:28","00:00:01","https://nsearchives.nseindia.com/corporate/nishant_joshi_adani_com_02122025152422_AELIntimation02122025.pdf"
"ADANIENT","Adani Enterprises Limited","Updates","Adani Enterprises Limited has informed the Exchange regarding 'Update - Completion of Acquisition'.","28-Nov-2025 13:50:36","2025-11-28 13:50:36","28-Nov-2025 13:50:38","00:00:02","https://nsearchives.nseindia.com/corporate/nishant_joshi_adani_com_28112025135030_AELcompletioofdisinvestmentPTGlobal27112025.pdf"
"ADANIENT","Adani Enterprises Limited","Updates","Adani Enterprises Limited has informed the Exchange regarding 'Disclosure pursuant to Regulation 30 of the Securities and Exchange Board of India (Listing Obligations and Disclosure Requirements) Regulations, 2015.'.","27-Nov-2025 21:49:13","2025-11-27 21:49:13","27-Nov-2025 21:49:14","00:00:01","https://nsearchives.nseindia.com/corporate/nishant_joshi_adani_com_27112025214905_AELIntimation27222025.pdf"
"ADANIENT","Adani Enterprises Limited","Copy of Newspaper Publication","Adani Enterprises Limited has informed the Exchange about Newspaper advertisement for Notice calling NCLT convened meeting of equity shareholders","27-Nov-2025 18:40:00","2025-11-27 18:40:00","27-Nov-2025 18:40:01","00:00:01","https://nsearchives.nseindia.com/corporate/nishant_joshi_adani_com_27112025183950_AELSEintimationonNewspaperadvertisement.pdf"
"ADANIENT","Adani Enterprises Limited","Updates","Adani Enterprises Limited has informed the Exchange regarding signing of Share Purchase Agreements by Horizon Aero Solutions Limited and Adani Defence Systems and Technologies Limited, subsidiaries of the Company, with Flight Simulation Technique Centre Private Limited, Flight Simulation Solutions Private Limited and their existing shareholders.","27-Nov-2025 18:15:26","2025-11-27 18:15:26","27-Nov-2025 18:15:27","00:00:01","https://nsearchives.nseindia.com/corporate/nishant_joshi_adani_com_27112025181520_AELIntimation27112025Maverick.pdf"
"ADANIENT","Adani Enterprises Limited","Updates","Adani Enterprises Limited has informed the Exchange regarding signing of Share Purchase Agreements by Horizon Aero Solutions Limited and Adani Defence Systems and Technologies Limited, subsidiaries of the Company, with Flight Simulation Technique Centre Private Limited, Flight Simulation Solutions Private Limited and their existing shareholders.'.","27-Nov-2025 18:03:20","2025-11-27 18:03:20","27-Nov-2025 18:03:21","00:00:01","https://nsearchives.nseindia.com/corporate/nishant_joshi_adani_com_27112025180313_AELIntimation27112025Maverick.pdf"
"ADANIENT","Adani Enterprises Limited","Shareholders meeting","Adani Enterprises Limited has informed the Exchange regarding Notice of meeting of Equity shareholders pursuant to the Order passed by the Hon ble National Company Law Tribunal, Ahmedabad Bench to be held on December 29, 2025","26-Nov-2025 21:36:46","2025-11-26 21:36:46","26-Nov-2025 21:36:46","00:00:00","https://nsearchives.nseindia.com/corporate/nishant_joshi_adani_com_26112025213634_AELSEintimationonNCLTMeeting.pdf"
"ADANIENT","Adani Enterprises Limited","Updates","Adani Enterprises Limited has informed the Exchange regarding 'Intimation for signing of Share Purchase Agreement between AdaniConneX Private Limited, a joint venture of the Company with Trade Castle Tech Park Private Limited and its existing shareholders.'.","22-Nov-2025 01:32:09","2025-11-22 01:32:09","22-Nov-2025 01:32:10","00:00:01","https://nsearchives.nseindia.com/corporate/nishant_joshi_adani_com_22112025013151_AELIntimationTradeCastle22112025.pdf"
"ADANIENT","Adani Enterprises Limited","Updates","Adani Enterprises Limited has informed the Exchange regarding 'Intimation under Regulation 30 of the SEBI (LODR) Reg, 2015, as amended from time to time ( SEBI LODR Regulations ) read with Securities and Exchange Board of India s Master Circular (SEBI/HO/CFD/PoD2/CIR/P/0155) dated November 11, 2024 ( Circular ) by Adani Enterprises Limited.","21-Nov-2025 22:41:13","2025-11-21 22:41:13","21-Nov-2025 22:41:14","00:00:01","https://nsearchives.nseindia.com/corporate/nishant_joshi_adani_com_21112025224037_AELReg30sell21112025.pdf"
"ADANIENT","Adani Enterprises Limited","Copy of Newspaper Publication","Adani Enterprises Limited has informed the Exchange about Copy of Newspaper Publication in respect of certain matters relating to rights issue of partly paid-up equity shares of the Company.","20-Nov-2025 15:32:32","2025-11-20 15:32:32","20-Nov-2025 15:32:33","00:00:01","https://nsearchives.nseindia.com/corporate/nishant_joshi_adani_com_20112025153213_StatAdintimationtoSE20112025.pdf"
"ADANIENT","Adani Enterprises Limited","Updates","Adani Enterprises Limited has informed the Exchange regarding 'Intimation under Regulation 30 of SEBI (LODR) Reg, 2015   Declaration of the Successful Resolution Applicant and issuance of Letter of Intent for acquiring Jaiprakash Associates Limited'.","19-Nov-2025 16:51:48","2025-11-19 16:51:48","19-Nov-2025 16:51:49","00:00:01","https://nsearchives.nseindia.com/corporate/nishant_joshi_adani_com_19112025165112_AELIntimationJAL19112025.pdf"
"ADANIENT","Adani Enterprises Limited","Updates","Adani Enterprises Limited has informed the Exchange regarding 'Intimation under Regulation 30 of the Securities and Exchange Board of India (Listing Obligations and Disclosure Requirements) Regulations, 2015, as amended from time to time ( SEBI LODR Regulations ) read with Securities and Exchange Board of India s Master Circular (SEBI/HO/CFD/PoD2/CIR/P/0155) dated November 11, 2024 ( Circular ) by Adani Enterprises Limited ( Company ).'.","19-Nov-2025 14:02:18","2025-11-19 14:02:18","19-Nov-2025 14:02:20","00:00:02","https://nsearchives.nseindia.com/corporate/nishant_joshi_adani_com_19112025140212_AELIntimationAWL19112025.pdf"
"ADANIENT","Adani Enterprises Limited","Scheme of Arrangement","Adani Enterprises Limited has informed the Exchange about update on Scheme of Arrangement","17-Nov-2025 21:00:14","2025-11-17 21:00:14","17-Nov-2025 21:00:15","00:00:01","https://nsearchives.nseindia.com/corporate/nishant_joshi_adani_com_17112025210001_AELSEIntimation17112025.pdf"
"ADANIENT","Adani Enterprises Limited","Press Release","Adani Enterprises Limited has informed the Exchange regarding Submission of Media Release for Navi Mumbai International Airport   India s newest greenfield airport   to Begin Operations from 25 December 2025.","17-Nov-2025 20:49:55","2025-11-17 20:49:55","17-Nov-2025 20:49:55","00:00:00","https://nsearchives.nseindia.com/corporate/nishant_joshi_adani_com_17112025204944_AELIntimationforMediaRelease17112025.pdf"
"ADANIENT","Adani Enterprises Limited","Analysts/Institutional Investor Meet/Con. Call Updates","Adani Enterprises Limited has informed the Exchange about Schedule of meet","17-Nov-2025 19:24:43","2025-11-17 19:24:43","17-Nov-2025 19:24:44","00:00:01","https://nsearchives.nseindia.com/corporate/nishant_joshi_adani_com_17112025192434_AELIntimation17112025.pdf"
"ADANIENT","Adani Enterprises Limited","Incorporation","Adani Enterprises Limited has informed the Exchange about Incorporation","14-Nov-2025 17:59:21","2025-11-14 17:59:21","14-Nov-2025 17:59:22","00:00:01","https://nsearchives.nseindia.com/corporate/nishant_joshi_adani_com_14112025175753_AELIntimation_incorporation_of_Stepdown_WOS_Singrauli__003_.pdf"
"ADANIENT","Adani Enterprises Limited","News Verification","The Exchange has sought clarification from Adani Enterprises Limited with respect to recent news item captioned Adani plans India's biggest battery storage in Gujarat.  The response from the Company is attached.","14-Nov-2025 12:01:01","2025-11-14 12:01:01","14-Nov-2025 12:01:03","00:00:02","https://nsearchives.nseindia.com/corporate/nishant_joshi_adani_com_14112025120037_Reg30_11_Rumourverification13112025.pdf"
"ADANIENT","Adani Enterprises Limited","Updates","Adani Enterprises Limited has informed the Exchange regarding 'Signing of Share Purchase Agreement between Adani Airport Holdings Limited, a wholly owned subsidiary of the Company with AGHPort Aviation Services Private Limited and Indo Thai Airport Management Services Private Limited '.","13-Nov-2025 21:53:16","2025-11-13 21:53:16","13-Nov-2025 21:53:17","00:00:01","https://nsearchives.nseindia.com/corporate/nishant_joshi_adani_com_13112025215243_AELintimationSPAAAHL.pdf"
"ADANIENT","Adani Enterprises Limited","Updates","Adani Enterprises Limited has informed the Exchange regarding submission of Letter of Offer dated November 12, 2025 for Rights Issue of Partly Paid up equity shares.","12-Nov-2025 20:55:20","2025-11-12 20:55:20","12-Nov-2025 20:55:20","00:00:00","https://nsearchives.nseindia.com/corporate/nishant_joshi_adani_com_12112025205513_AELLetterofOffer.pdf"
"ADANIENT","Adani Enterprises Limited","News Verification","The Exchange has sought clarification from Adani Enterprises Limited with respect to recent news item captioned Adani plans India's biggest battery storage in Gujarat.  The response from the Company is awaited.","12-Nov-2025 15:35:45","2025-11-12 15:35:45","12-Nov-2025 15:35:46","00:00:01","-"
"ADANIENT","Adani Enterprises Limited","Outcome of Board Meeting","Adani Enterprises Limited has informed the Exchange regarding Outcome of Board Meeting held on November 11, 2025.","11-Nov-2025 21:34:04","2025-11-11 21:34:04","11-Nov-2025 21:34:05","00:00:01","https://nsearchives.nseindia.com/corporate/nishant_joshi_adani_com_11112025213108_AELoutcomeBoard11112025Final.pdf"
"ADANIENT","Adani Enterprises Limited","Record Date","Adani Enterprises Limited has informed the Exchange that Record date for the purpose of Rights is 17-Nov-2025.","11-Nov-2025 20:31:46","2025-11-11 20:31:46","11-Nov-2025 20:31:46","00:00:00","https://nsearchives.nseindia.com/corporate/nishant_joshi_adani_com_11112025202939_AELoutcomeRIcommittee11112025_final.pdf"
"ADANIENT","Adani Enterprises Limited","Rights Issue","Adani Enterprises Limited has informed the Exchange that the Rights Issue Committee of the Board at its meeting held on November 11, 2025, has decided to issue equity shares on rights basis in the ratio of 3 : 25, i.e 3 Equity Shares for every 25 Equity Shares held. Issue Price is Rs. 1800 per share.","11-Nov-2025 20:27:56","2025-11-11 20:27:56","11-Nov-2025 20:27:57","00:00:01","https://nsearchives.nseindia.com/corporate/nishant_joshi_adani_com_11112025202726_AELoutcomeRIcommittee11112025_final.pdf"
"ADANIENT","Adani Enterprises Limited","Updates","Adani Enterprises Limited has informed the Exchange regarding divestment by a wholly owned subsidiary of the Company'.","10-Nov-2025 22:59:12","2025-11-10 22:59:12","10-Nov-2025 22:59:12","00:00:00","https://nsearchives.nseindia.com/corporate/nishant_joshi_adani_com_10112025225858_AELintimationaahlwpccl.pdf"
"ADANIENT","Adani Enterprises Limited","Analysts/Institutional Investor Meet/Con. Call Updates","Adani Enterprises Limited has informed the Exchange about Transcript","10-Nov-2025 22:02:15","2025-11-10 22:02:15","10-Nov-2025 22:02:16","00:00:01","https://nsearchives.nseindia.com/corporate/nishant_joshi_adani_com_10112025220157_SubmissionoftranscriptofInvCall04112025.pdf"
"ADANIENT","Adani Enterprises Limited","Updates","Adani Enterprises Limited has informed the Exchange regarding signing of Securities Purchase Agreement by Adani Global Limited (Mauritius) and Adani Global Pte Ltd (Singapore), the subsidiaries of the Company with ENERGICO FZCO","06-Nov-2025 23:11:00","2025-11-06 23:11:00","06-Nov-2025 23:11:01","00:00:01","https://nsearchives.nseindia.com/corporate/nishant_joshi_adani_com_06112025231046_SEIntimationDivestment.pdf"
"ADANIENT","Adani Enterprises Limited","Incorporation","Adani Enterprises Limited has informed the Exchange about Incorporation of wholly owned subsidiary of the Company","05-Nov-2025 17:44:46","2025-11-05 17:44:46","05-Nov-2025 17:44:47","00:00:01","https://nsearchives.nseindia.com/corporate/nishant_joshi_adani_com_05112025174439_AELIntimationBBWL.pdf"
"ADANIENT","Adani Enterprises Limited","Analysts/Institutional Investor Meet/Con. Call Updates","Adani Enterprises Limited has informed the Exchange about Link of Recording","04-Nov-2025 20:25:20","2025-11-04 20:25:20","04-Nov-2025 20:25:21","00:00:01","https://nsearchives.nseindia.com/corporate/nishant_joshi_adani_com_04112025202504_AELSubmissionofaudiorecording.pdf"
"ADANIENT","Adani Enterprises Limited","Outcome of Board Meeting","Adani Enterprises Limited has submitted to the Exchange, the financial results for the period ended September 30, 2025.","04-Nov-2025 20:09:27","2025-11-04 20:09:27","04-Nov-2025 20:09:28","00:00:01","https://nsearchives.nseindia.com/corporate/nishant_joshi_adani_com_04112025200618_AELBoardoutcome04112025_final.pdf"
"ADANIENT","Adani Enterprises Limited","Investor Presentation","Adani Enterprises Limited has informed the Exchange about Investor Presentation","04-Nov-2025 14:58:27","2025-11-04 14:58:27","04-Nov-2025 14:58:27","00:00:00","https://nsearchives.nseindia.com/corporate/nishant_joshi_adani_com_04112025145812_AELsubmissionofMediaRelease04112025.pdf"
"ADANIENT","Adani Enterprises Limited","Press Release","Adani Enterprises Limited has informed the Exchange regarding a press release dated November 04, 2025, titled ""Media Release on the Unaudited Financial Results (Standalone and Consolidated) for the quarter and half year ended on September 30, 2025"".","04-Nov-2025 14:56:50","2025-11-04 14:56:50","04-Nov-2025 14:56:51","00:00:01","https://nsearchives.nseindia.com/corporate/nishant_joshi_adani_com_04112025145642_AELsubmissionofMediaRelease04112025.pdf"
"ADANIENT","Adani Enterprises Limited","Outcome of Board Meeting","Adani Enterprises Limited has informed the Exchange regarding Fund Raising approved by the Board at the Board meeting held on November 04, 2025","04-Nov-2025 14:52:21","2025-11-04 14:52:21","04-Nov-2025 14:52:22","00:00:01","https://nsearchives.nseindia.com/corporate/nishant_joshi_adani_com_04112025145032_AELBoardoutcome04112025_final.pdf"
"ADANIENT","Adani Enterprises Limited","Outcome of Board Meeting","Adani Enterprises Limited has informed the Exchange regarding  Board meeting held on November 04, 2025.","04-Nov-2025 14:43:41","2025-11-04 14:43:41","04-Nov-2025 14:43:42","00:00:01","https://nsearchives.nseindia.com/corporate/nishant_joshi_adani_com_04112025144315_AELBoardoutcome04112025_final.pdf"
"ADANIENT","Adani Enterprises Limited","Incorporation","Adani Enterprises Limited has informed the Exchange about incorporation of wholly owned subsidiary of the Company","04-Nov-2025 01:04:10","2025-11-04 01:04:10","04-Nov-2025 01:04:11","00:00:01","https://nsearchives.nseindia.com/corporate/nishant_joshi_adani_com_04112025010343_2AELIntimation04112025.pdf"
"ADANIENT","Adani Enterprises Limited","Acquisition","Adani Enterprises Limited has informed the Exchange about Incorporation of subsidiary Company","04-Nov-2025 01:00:33","2025-11-04 01:00:33","04-Nov-2025 01:00:34","00:00:01","https://nsearchives.nseindia.com/corporate/nishant_joshi_adani_com_04112025010025_1AELIntimation04112025.pdf"
"ADANIENT","Adani Enterprises Limited","Acquisition","Adani Enterprises Limited has informed the Exchange about Completion of transaction","01-Nov-2025 19:41:26","2025-11-01 19:41:26","01-Nov-2025 19:41:27","00:00:01","https://nsearchives.nseindia.com/corporate/nishant_joshi_adani_com_01112025194117_AELIntimation01112025.pdf"
"ADANIENT","Adani Enterprises Limited","Incorporation","Adani Enterprises Limited has informed the Exchange about Incorporation of a wholly owned subsidiary company.","27-Oct-2025 21:15:14","2025-10-27 21:15:14","27-Oct-2025 21:15:17","00:00:03","https://nsearchives.nseindia.com/corporate/nishant_joshi_adani_com_27102025211428_AELIntimationShriKedarnathRopewaysLimited.pdf"
"ADANIENT","Adani Enterprises Limited","Incorporation","Adani Enterprises Limited has informed the Exchange about Incorporation","24-Oct-2025 02:13:22","2025-10-24 02:13:22","24-Oct-2025 02:13:22","00:00:00","https://nsearchives.nseindia.com/corporate/nishant_joshi_adani_com_24102025021314_AELIntimationAdaniRopewaysLimited.pdf"
"ADANIENT","Adani Enterprises Limited","Incorporation","Adani Enterprises Limited has informed the Exchange about Incorporation of wholly owned subsidiary company","22-Oct-2025 11:41:44","2025-10-22 11:41:44","22-Oct-2025 11:41:45","00:00:01","https://nsearchives.nseindia.com/corporate/nishant_joshi_adani_com_22102025114057_AELIntimationSULTANGANJSABOURROADLIMITED1.pdf"
"ADANIENT","Adani Enterprises Limited","Shareholders meeting","Adani Enterprises Limited has informed the Exchange regarding Proceedings of Postal Ballot. Further, the company has submitted the Exchange a copy of Srutinizers report.","17-Oct-2025 16:39:24","2025-10-17 16:39:24","17-Oct-2025 16:39:25","00:00:01","https://nsearchives.nseindia.com/corporate/nishant_joshi_adani_com_17102025163726_AELIntimationforVotingResultsFinal.pdf"
"ADANIENT","Adani Enterprises Limited","Press Release","Adani Enterprises Limited has informed the Exchange regarding a press release dated October 14, 2025, titled ""Adani and Google Partner to Build India's Largest Data Centre Campus in Visakhapatnam"".","14-Oct-2025 12:16:49","2025-10-14 12:16:49","14-Oct-2025 12:16:50","00:00:01","https://nsearchives.nseindia.com/corporate/nishant_joshi_adani_com_14102025121604_AELIntimationforMediaRelease14102025.pdf"
"ADANIENT","Adani Enterprises Limited","Certificate under SEBI (Depositories and Participants) Regulations, 2018","Adani Enterprises Limited has informed the Exchange about Certificate under Regulation 74(5) of the SEBI (Depositories and Participants) Regulations, 2018 for the quarter and half year ended 30th September 2025","10-Oct-2025 19:35:51","2025-10-10 19:35:51","10-Oct-2025 19:35:51","00:00:00","https://nsearchives.nseindia.com/corporate/nishant_joshi_adani_com_10102025193533_AELReg74_5_Sep25.pdf"
"ADANIENT","Adani Enterprises Limited","Updates","Adani Enterprises Limited has informed the Exchange regarding 'Allotment Of Non-Convertible Debentures On Private Placement Basis.'.","09-Oct-2025 18:59:18","2025-10-09 18:59:18","09-Oct-2025 18:59:19","00:00:01","https://nsearchives.nseindia.com/corporate/ADANIENT_09102025185841_AEL_SE_Intimation_allotment.pdf"
"ADANIENT","Adani Enterprises Limited","Outcome of Board Meeting","Adani Enterprises Limited has informed the Exchange regarding  Board meeting held on October 08, 2025.","08-Oct-2025 12:48:21","2025-10-08 12:48:21","08-Oct-2025 12:48:22","00:00:01","https://nsearchives.nseindia.com/corporate/nishant_joshi_adani_com_08102025124803_AELBMOutcome08102025.pdf"
"ADANIENT","Adani Enterprises Limited","Updates","Adani Enterprises Limited has informed the Exchange regarding 'Intimation for signing of Share Purchase Agreement by Adani Road Transport Limited, a wholly owned subsidiary of the Company.'","01-Oct-2025 00:21:56","2025-10-01 00:21:56","01-Oct-2025 00:21:57","00:00:01","https://nsearchives.nseindia.com/corporate/ADANIENT_01102025002143_Reg_30_AEL_Disclosure_DRN_30Sept2025_v1.pdf"
"ADANIENT","Adani Enterprises Limited","Trading Window","Adani Enterprises Limited has informed the Exchange regarding the Trading Window closure pursuant to SEBI (Prohibition of Insider Trading) Regulations, 2015","27-Sep-2025 16:37:08","2025-09-27 16:37:08","27-Sep-2025 16:37:09","00:00:01","https://nsearchives.nseindia.com/corporate/ADANIENT_27092025163658_IntimationTradingWindowClosure_1.pdf"
"ADANIENT","Adani Enterprises Limited","Updates","Adani Enterprises Limited has informed the Exchange regarding 'Chairman'S Letter To Shareholders'.","24-Sep-2025 13:35:56","2025-09-24 13:35:56","24-Sep-2025 13:35:56","00:00:00","https://nsearchives.nseindia.com/corporate/ADANIENT_24092025133533_AELIntimation_chairmanorderSEBIOrderHidenberg.pdf"
"ADANIENT","Adani Enterprises Limited","Updates","Adani Enterprises Limited has informed the Exchange regarding 'receipt of SEBI Order dated September 18, 2025'.","19-Sep-2025 16:00:13","2025-09-19 16:00:13","19-Sep-2025 16:00:15","00:00:02","https://nsearchives.nseindia.com/corporate/ADANIENT_19092025155715_AELIntimationforSEBIOrderHidenberg.pdf"
"ADANIENT","Adani Enterprises Limited","Copy of Newspaper Publication","Adani Enterprises Limited has informed the Exchange about Copy of Newspaper Publication -100 Days Campaign-  Saksham Niveshak","16-Sep-2025 20:09:08","2025-09-16 20:09:08","16-Sep-2025 20:09:10","00:00:02","https://nsearchives.nseindia.com/corporate/nishant_joshi_adani_com_16092025200857_SEAELIntimationSaksham.pdf"
"ADANIENT","Adani Enterprises Limited","Copy of Newspaper Publication","Adani Enterprises Limited has informed the Exchange about Copy of Newspaper Publication for dispatch of postal ballot notice","16-Sep-2025 18:52:50","2025-09-16 18:52:50","16-Sep-2025 18:52:51","00:00:01","https://nsearchives.nseindia.com/corporate/nishant_joshi_adani_com_16092025185228_AELIntimation29102024.pdf"
"ADANIENT","Adani Enterprises Limited","Shareholders meeting","Adani Enterprises Limited has informed the Exchange regarding Notice of Postal Ballot","15-Sep-2025 20:26:54","2025-09-15 20:26:54","15-Sep-2025 20:26:56","00:00:02","https://nsearchives.nseindia.com/corporate/nishant_joshi_adani_com_15092025202647_AELIntimationDispatchofPostalBallotnotice09082025.pdf"
"ADANIENT","Adani Enterprises Limited","Press Release","Adani Enterprises Limited has informed the Exchange regarding a press release dated September 15, 2025, titled ""Adani Enterprises receives LoA for the prestigious ropeway project between Sonprayag and Kedarnath"".","15-Sep-2025 16:20:19","2025-09-15 16:20:19","15-Sep-2025 16:20:20","00:00:01","https://nsearchives.nseindia.com/corporate/ADANIENT_15092025162011_AELIntimationforMediaRelease15092025_1.pdf"
"ADANIENT","Adani Enterprises Limited","Updates","Adani Enterprises Limited has informed the Exchange regarding 'Intimation for signing of Share Purchase Agreement between Adani Road Transport Limited, a wholly owned subsidiary of the Company with D P Jain TOT Toll Roads Private Limited, D P Jain & Co Infrastructure Private Limited and DPJ-DRA Tollways Private Limited'.","12-Sep-2025 11:08:58","2025-09-12 11:08:58","12-Sep-2025 11:08:59","00:00:01","https://nsearchives.nseindia.com/corporate/nishant_joshi_adani_com_12092025110842_Avenue_Stock_Exchange_Disclosure_Final__1_.pdf"
"ADANIENT","Adani Enterprises Limited","Analysts/Institutional Investor Meet/Con. Call Updates","Adani Enterprises Limited has informed the Exchange about Schedule of meet","09-Sep-2025 20:09:52","2025-09-09 20:09:52","09-Sep-2025 20:09:54","00:00:02","https://nsearchives.nseindia.com/corporate/nishant_joshi_adani_com_09092025200946_AELIntimation09092025.pdf"
"ADANIENT","Adani Enterprises Limited","Analysts/Institutional Investor Meet/Con. Call Updates","Adani Enterprises Limited has informed the Exchange about Schedule of meet","25-Aug-2025 19:03:52","2025-08-25 19:03:52","25-Aug-2025 19:03:53","00:00:01","https://nsearchives.nseindia.com/corporate/nishant_joshi_adani_com_25082025190158_AELIntimation25082025.pdf"
"ADANIENT","Adani Enterprises Limited","Incorporation","Adani Enterprises Limited has informed the Exchange about Incorporation","23-Aug-2025 20:30:35","2025-08-23 20:30:35","23-Aug-2025 20:30:36","00:00:01","https://nsearchives.nseindia.com/corporate/nishant_joshi_adani_com_23082025203017_AELIntimationincorporation_CG_SynGas.pdf"
"ADANIENT","Adani Enterprises Limited","General Updates","Intimation regarding 100 Days Campaign Saksham Niveshak -IEPF","20-Aug-2025 17:04:22","2025-08-20 17:04:22","20-Aug-2025 17:04:23","00:00:01","https://nsearchives.nseindia.com/corporate/nishant_joshi_adani_com_20082025170142_SE-AEL_Intimation_Saksham__002___002_.pdf"
"ADANIENT","Adani Enterprises Limited","Updates","Adani Enterprises Limited has informed the Exchange regarding ' Intimation for signing of Share Purchase Agreement by Horizon Aero Solutions Limited, a step subsidiary of the Company with Indamer Technics Private Limited and its existing shareholders'.","11-Aug-2025 15:49:29","2025-08-11 15:49:29","11-Aug-2025 15:49:30","00:00:01","https://nsearchives.nseindia.com/corporate/nishant_joshi_adani_com_11082025154917_AELIntimationPressRelease11082025.pdf"
"ADANIENT","Adani Enterprises Limited","Change in Director(s)","Adani Enterprises Limited has informed the Exchange regarding Change in Director(s) of the company.","09-Aug-2025 23:20:52","2025-08-09 23:20:52","09-Aug-2025 23:20:54","00:00:02","https://nsearchives.nseindia.com/corporate/nishant_joshi_adani_com_09082025232035_AELIntimationchangeindirectorate.pdf"
"ADANIENT","Adani Enterprises Limited","Incorporation","Adani Enterprises Limited has informed the Exchange about incorporation of a step-down Wholly Owned Subsidiaries of the Company.","08-Aug-2025 23:46:50","2025-08-08 23:46:50","08-Aug-2025 23:46:51","00:00:01","https://nsearchives.nseindia.com/corporate/nishant_joshi_adani_com_08082025234642_AELIntimationincorporationODSynGas_-_Copy.pdf"
"ADANIENT","Adani Enterprises Limited","Incorporation","Adani Enterprises Limited has informed the Exchange about incorporation of a step-down Wholly Owned Subsidiary Company","07-Aug-2025 00:04:41","2025-08-07 00:04:41","07-Aug-2025 00:04:42","00:00:01","https://nsearchives.nseindia.com/corporate/nishant_joshi_adani_com_07082025000425_AELIntimationincorporationNagpurSynGas_1.pdf"
"ADANIENT","Adani Enterprises Limited","Analysts/Institutional Investor Meet/Con. Call Updates","Adani Enterprises Limited has informed the Exchange about Transcript","05-Aug-2025 18:46:46","2025-08-05 18:46:46","05-Aug-2025 18:46:47","00:00:01","https://nsearchives.nseindia.com/corporate/nishant_joshi_adani_com_05082025184605_Submissionoftranscriptof_InvCall31072025.pdf"
"ADANIENT","Adani Enterprises Limited","Incorporation","Adani Enterprises Limited has informed the Exchange about incorporation of a Wholly Owned Subsidiary company","05-Aug-2025 18:44:51","2025-08-05 18:44:51","05-Aug-2025 18:44:51","00:00:00","https://nsearchives.nseindia.com/corporate/nishant_joshi_adani_com_05082025184431_AELIntimationAdaniCybersecurity.pdf"
"ADANIENT","Adani Enterprises Limited","Action(s) initiated or orders passed","Adani Enterprises Limited has informed the Exchange about Action(s) initiated or orders passed","04-Aug-2025 18:51:43","2025-08-04 18:51:43","04-Aug-2025 18:51:44","00:00:01","https://nsearchives.nseindia.com/corporate/nishant_joshi_adani_com_04082025185123_AELIntimationImportduty_penaltyOrder_04082025.pdf"
"ADANIENT","Adani Enterprises Limited","Rumour Verification - Regulation 30(11)","Adani Enterprises Limited has informed the Exchange about Rumour Verification - Regulation 30(11) of SEBI LODR","04-Aug-2025 12:21:21","2025-08-04 12:21:21","04-Aug-2025 12:21:22","00:00:01","https://nsearchives.nseindia.com/corporate/nishant_joshi_adani_com_04082025122110_Reg30_11_Rumourverification04082025.pdf"
"ADANIENT","Adani Enterprises Limited","Updates","Adani Enterprises Limited has informed the Exchange regarding 'Update On Effectiveness Of Scheme - Adani Cementation Limited With Ambuja Cements Limited'.","01-Aug-2025 22:30:53","2025-08-01 22:30:53","01-Aug-2025 22:30:54","00:00:01","https://nsearchives.nseindia.com/corporate/nishant_joshi_adani_com_01082025223039_AELIntimation01082025.pdf"
"ADANIENT","Adani Enterprises Limited","Analysts/Institutional Investor Meet/Con. Call Updates","Adani Enterprises Limited has informed the Submission of Audio Recording of Analysts / Investors  Call pertaining to the Unaudited Financial Results of the Company for the quarter ended 30th June 2025","31-Jul-2025 23:07:55","2025-07-31 23:07:55","31-Jul-2025 23:07:56","00:00:01","https://nsearchives.nseindia.com/corporate/nishant_joshi_adani_com_31072025230658_SubmissionofAudioRecordingof_InvCall31072025.pdf"
"ADANIENT","Adani Enterprises Limited","Investor Presentation","Adani Enterprises Limited has informed the Exchange about Investor Presentation","31-Jul-2025 14:57:02","2025-07-31 14:57:02","31-Jul-2025 14:57:03","00:00:01","https://nsearchives.nseindia.com/corporate/nishant_joshi_adani_com_31072025145609_AELPressReleaseUFR30062025.pdf"
"ADANIENT","Adani Enterprises Limited","Press Release","Adani Enterprises Limited has informed the Exchange regarding a press release dated July 31, 2025, titled ""Adani Enterprises Ltd announces Q1-FY26 results"".","31-Jul-2025 14:51:00","2025-07-31 14:51:00","31-Jul-2025 14:51:01","00:00:01","https://nsearchives.nseindia.com/corporate/nishant_joshi_adani_com_31072025145032_AELPressReleaseUFR30062025.pdf"
"ADANIENT","Adani Enterprises Limited","Outcome of Board Meeting","Adani Enterprises Limited has submitted to the Exchange, the financial results for the period ended Jun 30, 2025.","31-Jul-2025 14:38:23","2025-07-31 14:38:23","31-Jul-2025 14:38:23","00:00:00","https://nsearchives.nseindia.com/corporate/nishant_joshi_adani_com_31072025143559_AELOutcomeBM31072025.pdf"
"ADANIENT","Adani Enterprises Limited","Press Release","Adani Enterprises Limited has informed the Exchange regarding a press release dated July 24, 2025, titled ""Adani Enterprises to join hands with MetTube for copper tubes business"".","24-Jul-2025 18:32:19","2025-07-24 18:32:19","24-Jul-2025 18:32:20","00:00:01","https://nsearchives.nseindia.com/corporate/nishant_joshi_adani_com_24072025183208_AELintimationJVMetTube24072025.pdf"
"ADANIENT","Adani Enterprises Limited","Agreements","Adani Enterprises Limited has informed the Exchange about Agreements","24-Jul-2025 18:24:03","2025-07-24 18:24:03","24-Jul-2025 18:24:04","00:00:01","https://nsearchives.nseindia.com/corporate/nishant_joshi_adani_com_24072025182343_AELintimationJVMetTube24072025.pdf"
"ADANIENT","Adani Enterprises Limited","Updates","Adani Enterprises Limited has informed the Exchange regarding 'Scheme of amalgamation of Adani Cementation Limited, a wholly owned subsidiary ofAdani Enterprises Limited (the  Company ) with Ambuja Cements Limited'.","18-Jul-2025 19:21:44","2025-07-18 19:21:44","18-Jul-2025 19:21:45","00:00:01","https://nsearchives.nseindia.com/corporate/nishant_joshi_adani_com_18072025192137_AELIntimation18072025.pdf"
"ADANIENT","Adani Enterprises Limited","Updates","Adani Enterprises Limited has informed the Exchange regarding 'Intimation under Regulation 30 of SEBI (LODR), Regulation 2015'.","18-Jul-2025 19:08:59","2025-07-18 19:08:59","18-Jul-2025 19:08:59","00:00:00","https://nsearchives.nseindia.com/corporate/nishant_joshi_adani_com_18072025190844_Reg30LODR.pdf"
"ADANIENT","Adani Enterprises Limited","General Updates","Adani Enterprises Limited has informed the Exchange about General Updates under Reg. 30 of SEBI (LODR).","17-Jul-2025 14:34:51","2025-07-17 14:34:51","17-Jul-2025 14:34:52","00:00:01","https://nsearchives.nseindia.com/corporate/nishant_joshi_adani_com_17072025143444_AELReg30Disclosure.pdf"
"ADANIENT","Adani Enterprises Limited","Certificate under SEBI (Depositories and Participants) Regulations, 2018","Adani Enterprises Limited has informed the Exchange about Certificate under SEBI (Depositories and Participants) Regulations, 2018","12-Jul-2025 10:11:36","2025-07-12 10:11:36","12-Jul-2025 10:11:37","00:00:01","https://nsearchives.nseindia.com/corporate/nishant_joshi_adani_com_12072025101120_74_5_CoveringLetterJune2025.pdf"
"ADANIENT","Adani Enterprises Limited","Updates","Adani Enterprises Limited has informed the Exchange regarding 'Intimation in relation to early closure of public issue of Non convertible Debentures'.","10-Jul-2025 00:22:49","2025-07-10 00:22:49","10-Jul-2025 00:22:50","00:00:01","https://nsearchives.nseindia.com/corporate/nishant_joshi_adani_com_10072025002203_AELIntimationforearlyclosure09072025__Trilegal_Comments_.pdf"
"ADANIENT","Adani Enterprises Limited","Credit Rating","Adani Enterprises Limited has informed the Exchange about Credit Rating","02-Jul-2025 15:16:55","2025-07-02 15:16:55","02-Jul-2025 15:16:56","00:00:01","https://nsearchives.nseindia.com/corporate/nishant_joshi_adani_com_02072025151610_IntimationtoRatingLetter.pdf"
"ADANIENT","Adani Enterprises Limited","Acquisition","Adani Enterprises Limited has informed the Exchange about Acquisition","01-Jul-2025 19:38:17","2025-07-01 19:38:17","01-Jul-2025 19:38:18","00:00:01","https://nsearchives.nseindia.com/corporate/nishant_joshi_adani_com_01072025193809_AELIntimation01072025.pdf"
"ADANIENT","Adani Enterprises Limited","Updates","Adani Enterprises Limited has informed the Exchange regarding ' Intimation In Relation To Filing Of Prospectus For Public Issue Of Non-Convertible Debenture'.","01-Jul-2025 15:52:29","2025-07-01 15:52:29","01-Jul-2025 15:52:30","00:00:01","https://nsearchives.nseindia.com/corporate/nishant_joshi_adani_com_01072025155215_AELIntimationforProspectus30062025_final.pdf"
"ADANIENT","Adani Enterprises Limited","Trading Window","Adani Enterprises Limited has informed the Exchange regarding the Trading Window closure pursuant to SEBI (Prohibition of Insider Trading) Regulations, 2015","27-Jun-2025 18:44:29","2025-06-27 18:44:29","27-Jun-2025 18:44:31","00:00:02","https://nsearchives.nseindia.com/corporate/nishant_joshi_adani_com_27062025184415_IntimationTradingWindowClosure.pdf"
"ADANIENT","Adani Enterprises Limited","Acquisition","Adani Enterprises Limited has informed the Exchange that AdaniConneX Private Limited ( ACX ), a joint venture of the Company has completed the acquisition of 100% stake of Granthik Realtors Private Limited","27-Jun-2025 01:24:50","2025-06-27 01:24:50","27-Jun-2025 01:24:50","00:00:00","https://nsearchives.nseindia.com/corporate/nishant_joshi_adani_com_27062025012442_SEIntimation27062025.pdf"
"ADANIENT","Adani Enterprises Limited","Shareholders meeting","Adani Enterprises Limited has submitted the Exchange a copy of Scrutinizer's report dated 26/06/2025 along with Voting results of Annual General Meeting held on Jun 24, 2025","26-Jun-2025 20:04:24","2025-06-26 20:04:24","26-Jun-2025 20:04:25","00:00:01","https://nsearchives.nseindia.com/corporate/nishant_joshi_adani_com_26062025200003_AGM_Result_24062025.pdf"
"ADANIENT","Adani Enterprises Limited","Updates","Adani Enterprises Limited has informed the Exchange regarding 'Intimation under the Securities and Exchange Board of India (Listing Obligations and Disclosure Requirements) Regulations, 2015 as amended ( SEBI Listing Regulations ) in relation to the public issue of non-convertible debentures'.","25-Jun-2025 21:47:16","2025-06-25 21:47:16","25-Jun-2025 21:47:17","00:00:01","https://nsearchives.nseindia.com/corporate/nishant_joshi_adani_com_25062025214608_AELIntimationforDraftprospectus25062025.pdf"
"ADANIENT","Adani Enterprises Limited","Shareholders meeting","Adani Enterprises Limited has informed the Exchange regarding Proceedings of Annual General Meeting held on Jun 24, 2025","24-Jun-2025 22:51:43","2025-06-24 22:51:43","24-Jun-2025 22:51:44","00:00:01","https://nsearchives.nseindia.com/corporate/nishant_joshi_adani_com_24062025225126_AGM_Proceedings2025.pdf"
"ADANIENT","Adani Enterprises Limited","Press Release","Adani Enterprises Limited has informed the Exchange regarding a press release dated Jun 24, 2025, titled ""Adani Airports Secures USD 1 Billion financing from Global Investors for Mumbai International Airport"".","24-Jun-2025 11:19:46","2025-06-24 11:19:46","24-Jun-2025 11:19:46","00:00:00","https://nsearchives.nseindia.com/corporate/nishant_joshi_adani_com_24062025111931_AELIntimationforMediaRelease24062025.pdf"
"ADANIENT","Adani Enterprises Limited","Press Release","Adani Enterprises Limited has informed the Exchange regarding a press release dated Jun 23, 2025, titled ""Adani Commissions India s First Off-Grid Green Hydrogen Pilot Plant of 5 MW Capacity"".","23-Jun-2025 11:59:43","2025-06-23 11:59:43","23-Jun-2025 11:59:44","00:00:01","https://nsearchives.nseindia.com/corporate/nishant_joshi_adani_com_23062025115936_AELIntimationforMediaRelease23062025Final.pdf"
"ADANIENT","Adani Enterprises Limited","Credit Rating","Adani Enterprises Limited has informed the Exchange about Credit Rating","20-Jun-2025 16:08:19","2025-06-20 16:08:19","20-Jun-2025 16:08:20","00:00:01","https://nsearchives.nseindia.com/corporate/nishant_joshi_adani_com_20062025160746_AELIntimationESGRating.pdf"
"ADANIENT","Adani Enterprises Limited","Credit Rating","Adani Enterprises Limited has informed the Exchange about Credit Rating","19-Jun-2025 17:16:59","2025-06-19 17:16:59","19-Jun-2025 17:17:00","00:00:01","https://nsearchives.nseindia.com/corporate/nishant_joshi_adani_com_19062025171652_AELIntimationCreditRating18062025.pdf"
"ADANIENT","Adani Enterprises Limited","Disclosure under SEBI Takeover Regulations","Adani Enterprises Limited has Submitted to the Exchange a copy of Disclosure under Regulation 31(4) of the Securities and Exchange Board of India (Substantial Acquisition of Shares and Takeovers) Regulations, 2011.","18-Jun-2025 19:09:02","2025-06-18 19:09:02","18-Jun-2025 19:09:03","00:00:01","https://nsearchives.nseindia.com/corporate/team_bbodade_28042025152518_ADANIENT.pdf"
"ADANIENT","Adani Enterprises Limited","Incorporation","Adani Enterprises Limited has informed the Exchange about Incorporation","14-Jun-2025 14:07:27","2025-06-14 14:07:27","14-Jun-2025 14:07:28","00:00:01","https://nsearchives.nseindia.com/corporate/nishant_joshi_adani_com_14062025140628_AELIntimationAstraanDefence14062025.pdf"
"ADANIENT","Adani Enterprises Limited","Analysts/Institutional Investor Meet/Con. Call Updates","Adani Enterprises Limited has informed the Exchange about Schedule of meet","05-Jun-2025 19:02:18","2025-06-05 19:02:18","05-Jun-2025 19:02:19","00:00:01","https://nsearchives.nseindia.com/corporate/nishant_joshi_adani_com_05062025190211_AELIntimation05062025.pdf"
"ADANIENT","Adani Enterprises Limited","Copy of Newspaper Publication","Adani Enterprises Limited has informed the Exchange about Copy of Newspaper Publication regarding Notice to the Equity shareholders of the Company for transfer of Equity Shares to the Investors Education & Protection Fund (IEPF) Suspense Account of FY 2017-18.","04-Jun-2025 18:32:29","2025-06-04 18:32:29","04-Jun-2025 18:32:30","00:00:01","https://nsearchives.nseindia.com/corporate/nishant_joshi_adani_com_04062025183206_AELGeneralUpdate04062025_-_Copy.pdf"
"ADANIENT","Adani Enterprises Limited","Press Release","Adani Enterprises Limited has informed the Exchange regarding a press release dated Jun 03, 2025, titled ""Adani Airports clinches USD 750 Mn Global Financing to power next phase of growth"".","04-Jun-2025 10:57:14","2025-06-04 10:57:14","04-Jun-2025 10:57:15","00:00:01","https://nsearchives.nseindia.com/corporate/nishant_joshi_adani_com_04062025105701_AELIntimationforPressRelease.pdf"
"ADANIENT","Adani Enterprises Limited","General Updates","Adani Enterprises Limited has informed the Exchange about General Updates regarding response to Wall Street Journal (WSJ) Article dated 2nd June, 2025","02-Jun-2025 19:07:35","2025-06-02 19:07:35","02-Jun-2025 19:07:36","00:00:01","https://nsearchives.nseindia.com/corporate/nishant_joshi_adani_com_02062025190710_AELGeneralUpdate02062025.pdf"
"ADANIENT","Adani Enterprises Limited","Copy of Newspaper Publication","Adani Enterprises Limited has informed the Exchange about Copy of Newspaper Publication for Notice of 33rd Annual General Meeting, Intimation of Record Date and E-voting information, etc.","31-May-2025 16:16:15","2025-05-31 16:16:15","31-May-2025 16:16:16","00:00:01","https://nsearchives.nseindia.com/corporate/nishant_joshi_adani_com_31052025161606_AELIntimationPostAdv.pdf"
"ADANIENT","Adani Enterprises Limited","Updates","Adani Enterprises Limited has informed the Exchange regarding 'Submission of Business Responsibility and Sustainability Report of the Company for the Financial Year 2024-25.'.","29-May-2025 23:52:18","2025-05-29 23:52:18","29-May-2025 23:52:19","00:00:01","https://nsearchives.nseindia.com/corporate/nishant_joshi_adani_com_29052025235210_AELIntimationforsubmissionofBRSR.pdf"
"ADANIENT","Adani Enterprises Limited","Shareholders meeting","Adani Enterprises Limited has informed the Exchange regarding Notice of Annual General Meeting to be held on Jun 24, 2025","29-May-2025 23:30:00","2025-05-29 23:30:00","29-May-2025 23:30:01","00:00:01","https://nsearchives.nseindia.com/corporate/nishant_joshi_adani_com_29052025232928_AELIntimationfordispatchofARandNoticeAGM.pdf"
"ADANIENT","Adani Enterprises Limited","Copy of Newspaper Publication","Adani Enterprises Limited has informed the Exchange about Copy of Newspaper Publication for 33rd Annual General Meeting","27-May-2025 19:37:56","2025-05-27 19:37:56","27-May-2025 19:37:58","00:00:02","https://nsearchives.nseindia.com/corporate/nishant_joshi_adani_com_27052025193740_AELIntimationPreNewAddSubmission27052025.pdf"
"ADANIENT","Adani Enterprises Limited","Analysts/Institutional Investor Meet/Con. Call Updates","Adani Enterprises Limited has informed the Exchange about Schedule of meet","10-May-2025 16:54:04","2025-05-10 16:54:04","10-May-2025 16:54:04","00:00:00","https://nsearchives.nseindia.com/corporate/nishant_joshi_adani_com_10052025165348_AELIntimation10052025.pdf"
"ADANIENT","Adani Enterprises Limited","Analysts/Institutional Investor Meet/Con. Call Updates","Adani Enterprises Limited has informed the Exchange about Transcript","07-May-2025 18:58:48","2025-05-07 18:58:48","07-May-2025 18:58:49","00:00:01","https://nsearchives.nseindia.com/corporate/nishant_joshi_adani_com_07052025185841_Submissionoftranscriptof_InvCall02052025.pdf"
"ADANIENT","Adani Enterprises Limited","Monitoring Agency Report","Monitoring Agency Report for the Quarter ended 31st March 2025.","02-May-2025 11:36:15","2025-05-02 11:36:15","02-May-2025 11:36:16","00:00:01","https://nsearchives.nseindia.com/corporate/nishant_joshi_adani_com_02052025113537_AELMonitoringAgencyforQIP01052025.pdf"
"ADANIENT","Adani Enterprises Limited","Analysts/Institutional Investor Meet/Con. Call Updates","Adani Enterprises Limited has informed the Exchange about Link of Recording.","01-May-2025 20:47:32","2025-05-01 20:47:32","01-May-2025 20:47:32","00:00:00","https://nsearchives.nseindia.com/corporate/nishant_joshi_adani_com_01052025204710_SubmissionofAudioRecordingof_InvCall01052025.pdf"
"ADANIENT","Adani Enterprises Limited","Updates","Adani Enterprises Limited has informed the Exchange regarding 'Intimation of Change in Senior Management Personnel.'","01-May-2025 20:44:51","2025-05-01 20:44:51","01-May-2025 20:44:51","00:00:00","https://nsearchives.nseindia.com/corporate/nishant_joshi_adani_com_01052025204422_OutcomeAELBM01052025.pdf"
"ADANIENT","Adani Enterprises Limited","Updates","Adani Enterprises Limited has informed the Exchange regarding Monitoring Agency Report for the quarter ended on 31st March, 2025 ''.","01-May-2025 20:41:33","2025-05-01 20:41:33","01-May-2025 20:41:34","00:00:01","https://nsearchives.nseindia.com/corporate/nishant_joshi_adani_com_01052025203907_AELMonitoringAgencyforQIP01052025.pdf"
"ADANIENT","Adani Enterprises Limited","Updates","Adani Enterprises Limited has informed the Exchange regarding 'Change in Internal Auditor of The Company.'","01-May-2025 20:36:08","2025-05-01 20:36:08","01-May-2025 20:36:08","00:00:00","https://nsearchives.nseindia.com/corporate/nishant_joshi_adani_com_01052025203551_OutcomeAELBM01052025.pdf"
"ADANIENT","Adani Enterprises Limited","Updates","Adani Enterprises Limited has informed the Exchange regarding 'Appointment of Secretarial Auditor of The Company.'","01-May-2025 20:33:25","2025-05-01 20:33:25","01-May-2025 20:33:25","00:00:00","https://nsearchives.nseindia.com/corporate/nishant_joshi_adani_com_01052025203250_OutcomeAELBM01052025.pdf"
"ADANIENT","Adani Enterprises Limited","Change in Director(s)","Adani Enterprises Limited has informed the Exchange regarding Change in Director(s) of the company.","01-May-2025 18:02:35","2025-05-01 18:02:35","01-May-2025 18:02:35","00:00:00","https://nsearchives.nseindia.com/corporate/nishant_joshi_adani_com_01052025180224_OutcomeAELBM01052025.pdf"
"ADANIENT","Adani Enterprises Limited","Updates","Adani Enterprises Limited has informed the Exchange regarding 're-appointment of Independent Director of the Company'.","01-May-2025 17:59:43","2025-05-01 17:59:43","01-May-2025 17:59:44","00:00:01","https://nsearchives.nseindia.com/corporate/nishant_joshi_adani_com_01052025175917_OutcomeAELBM01052025.pdf"
"ADANIENT","Adani Enterprises Limited","Change in Management","Adani Enterprises Limited has informed the Exchange about change in Management","01-May-2025 17:38:05","2025-05-01 17:38:05","01-May-2025 17:38:05","00:00:00","https://nsearchives.nseindia.com/corporate/nishant_joshi_adani_com_01052025173723_OutcomeAELBM01052025.pdf"
"ADANIENT","Adani Enterprises Limited","Change in Auditors","Adani Enterprises Limited has informed the Exchange regarding Change in Auditors of the company.","01-May-2025 17:34:45","2025-05-01 17:34:45","01-May-2025 17:34:46","00:00:01","https://nsearchives.nseindia.com/corporate/nishant_joshi_adani_com_01052025173425_OutcomeAELBM01052025.pdf"
"ADANIENT","Adani Enterprises Limited","Outcome of Board Meeting","Adani Enterprises Limited has informed the Exchange regarding Outcome of Board Meeting held on May 01, 2025.","01-May-2025 16:12:59","2025-05-01 16:12:59","01-May-2025 16:13:00","00:00:01","https://nsearchives.nseindia.com/corporate/ADANIENT_01052025160947_OutcomeAELBM01052025.pdf"
"ADANIENT","Adani Enterprises Limited","Investor Presentation","Adani Enterprises Limited has informed the Exchange about Investor Presentation","01-May-2025 15:17:36","2025-05-01 15:17:36","01-May-2025 15:17:36","00:00:00","https://nsearchives.nseindia.com/corporate/nishant_joshi_adani_com_01052025151634_AELsubmissionofMediaRelease01052025_1.pdf"
"ADANIENT","Adani Enterprises Limited","Record Date","Adani Enterprises Limited has informed the Exchange that Record date for the purpose of Dividend  is 13-Jun-2025.","01-May-2025 15:13:29","2025-05-01 15:13:29","01-May-2025 15:13:29","00:00:00","https://nsearchives.nseindia.com/corporate/nishant_joshi_adani_com_01052025151155_OutcomeAELBM01052025.pdf"
"ADANIENT","Adani Enterprises Limited","Dividend","Adani Enterprises Limited has informed the Exchange that Board of Directors at its meeting held on May 01, 2025, recommended Final Dividend of 1.30 per equity share.","01-May-2025 15:05:14","2025-05-01 15:05:14","01-May-2025 15:05:15","00:00:01","https://nsearchives.nseindia.com/corporate/nishant_joshi_adani_com_01052025150342_OutcomeAELBM01052025.pdf"
"ADANIENT","Adani Enterprises Limited","Press Release","Adani Enterprises Limited has informed the Exchange regarding a press release dated May 01, 2025, titled ""Media Release and Investor Presentation on Audited Financial Results (Standalone and Consolidated) for the quarter and year ended 31st March 2025"".","01-May-2025 14:55:17","2025-05-01 14:55:17","01-May-2025 14:55:18","00:00:01","https://nsearchives.nseindia.com/corporate/nishant_joshi_adani_com_01052025145459_AELsubmissionofMediaRelease01052025_1.pdf"
"ADANIENT","Adani Enterprises Limited","Outcome of Board Meeting","Adani Enterprises Limited has informed the Exchange regarding outcome of Board meeting held on May 01, 2025.","01-May-2025 14:51:16","2025-05-01 14:51:16","01-May-2025 14:51:17","00:00:01","https://nsearchives.nseindia.com/corporate/nishant_joshi_adani_com_01052025144955_OutcomeAELBM01052025.pdf"
"ADANIENT","Adani Enterprises Limited","Updates","Adani Enterprises Limited has informed the Exchange regarding Change of email ID & website of RTA.","25-Apr-2025 08:40:51","2025-04-25 08:40:51","25-Apr-2025 08:40:52","00:00:01","https://nsearchives.nseindia.com/corporate/team_lshetty_25042025083525_AEL_GeneralUpdates.pdf"
"ADANIENT","Adani Enterprises Limited","Press Release","Adani Enterprises Limited has informed the Exchange regarding a Media release dated April 22, 2025, titled ""Adani Data Networks to transfer 400 MHz spectrum to Bharti Airtel"".","22-Apr-2025 17:12:18","2025-04-22 17:12:18","22-Apr-2025 17:12:20","00:00:02","https://nsearchives.nseindia.com/corporate/nishant_joshi_adani_com_22042025171159_AELIntimationforMediaRelease22042025.pdf"
"ADANIENT","Adani Enterprises Limited","Certificate under SEBI (Depositories and Participants) Regulations, 2018","Adani Enterprises Limited has informed the Exchange about Certificate under SEBI (Depositories and Participants) Regulations, 2018","07-Apr-2025 19:34:47","2025-04-07 19:34:47","07-Apr-2025 19:34:48","00:00:01","https://nsearchives.nseindia.com/corporate/nishant_joshi_adani_com_07042025193439_AEL74_5_CertificateMarch2025.pdf"
"ADANIENT","Adani Enterprises Limited","Trading Window","Adani Enterprises Limited has informed the Exchange regarding the Trading Window closure pursuant to SEBI (Prohibition of Insider Trading) Regulations, 2015","30-Mar-2025 11:22:30","2025-03-30 11:22:30","30-Mar-2025 11:22:32","00:00:02","https://nsearchives.nseindia.com/corporate/nishant_joshi_adani_com_30032025112216_IntimationTradingWindowClosure31032025.pdf"
"ADANIENT","Adani Enterprises Limited","Credit Rating","Adani Enterprises Limited has informed the Exchange about Credit Rating","28-Mar-2025 18:53:33","2025-03-28 18:53:33","28-Mar-2025 18:53:34","00:00:01","https://nsearchives.nseindia.com/corporate/nishant_joshi_adani_com_28032025185316_AELIntimationCreditRating28032025.pdf"
"ADANIENT","Adani Enterprises Limited","Acquisition","Adani Enterprises Limited has informed the Exchange about Intimation of incorporation of Company.","24-Mar-2025 19:39:11","2025-03-24 19:39:11","24-Mar-2025 19:39:12","00:00:01","https://nsearchives.nseindia.com/corporate/nishant_joshi_adani_com_24032025193904_AELIntimation24032025AdaniNewIndustriesOneLimited.pdf"
"ADANIENT","Adani Enterprises Limited","Incorporation","Adani Enterprises Limited has informed the Exchange about Incorporation of a step-down subsidiary Company","21-Mar-2025 20:10:57","2025-03-21 20:10:57","21-Mar-2025 20:10:58","00:00:01","https://nsearchives.nseindia.com/corporate/nishant_joshi_adani_com_21032025200920_AELDraft_intimation.pdf"
"ADANIENT","Adani Enterprises Limited","Updates","Adani Enterprises Limited has informed the Exchange regarding 'Acquisition by a joint venture entity of Company s wholly acquisition by a joint venture entity of Company s wholly owned subsidiary'.","20-Mar-2025 13:09:05","2025-03-20 13:09:05","20-Mar-2025 13:09:05","00:00:00","https://nsearchives.nseindia.com/corporate/nishant_joshi_adani_com_20032025130853_AELIntimation20032025.pdf"
"ADANIENT","Adani Enterprises Limited","Incorporation","Adani Enterprises Limited has informed the Exchange about incorporation of a Joint Venture company by wholly owned subsidiary of the Company","19-Mar-2025 18:39:00","2025-03-19 18:39:00","19-Mar-2025 18:39:01","00:00:01","https://nsearchives.nseindia.com/corporate/nishant_joshi_adani_com_19032025182542_AELIntimation19032025.pdf"
"ADANIENT","Adani Enterprises Limited","Analysts/Institutional Investor Meet/Con. Call Updates","Adani Enterprises Limited has informed the Exchange about Schedule of meet","13-Mar-2025 16:58:04","2025-03-13 16:58:04","13-Mar-2025 16:58:05","00:00:01","https://nsearchives.nseindia.com/corporate/nishant_joshi_adani_com_13032025165733_AELIntimation13032025.pdf"
"ADANIENT","Adani Enterprises Limited","Analysts/Institutional Investor Meet/Con. Call Updates","Adani Enterprises Limited has informed the Exchange about interaction with Investors / Analyst.","08-Mar-2025 16:09:16","2025-03-08 16:09:16","08-Mar-2025 16:09:17","00:00:01","https://nsearchives.nseindia.com/corporate/ADANIENT_08032025160904_AELIntimation08032025.pdf"
"ADANIENT","Adani Enterprises Limited","Action(s) taken or orders passed","Adani Enterprises Limited has informed the Exchange about Action(s) taken or orders passed","27-Feb-2025 11:10:45","2025-02-27 11:10:45","27-Feb-2025 11:10:46","00:00:01","https://nsearchives.nseindia.com/corporate/kuntal_chandya_adani_com_27022025111037_AELIntimationGSTNotice26022025.pdf"
"ADANIENT","Adani Enterprises Limited","Action(s) taken or orders passed","Adani Enterprises Limited has informed the Exchange about Action(s) taken or orders passed","27-Feb-2025 11:09:07","2025-02-27 11:09:07","27-Feb-2025 11:09:08","00:00:01","https://nsearchives.nseindia.com/corporate/kuntal_chandya_adani_com_27022025110354_AELIntimationGSTNotice26022025.pdf"
"ADANIENT","Adani Enterprises Limited","Acquisition","Adani Enterprises Limited has informed the Exchange about incorporation of step down wholly owned subsidiary by Adani Road Transport Limited, a wholly owned subsidiary of the Company.","21-Feb-2025 13:12:56","2025-02-21 13:12:56","21-Feb-2025 13:12:57","00:00:01","https://nsearchives.nseindia.com/corporate/kuntal_chandya_adani_com_21022025131040_AELIntimationIGRL21022025.pdf"
"ADANIENT","Adani Enterprises Limited","Credit Rating","Adani Enterprises Limited has informed the Exchange about Credit Rating","19-Feb-2025 21:42:34","2025-02-19 21:42:34","19-Feb-2025 21:42:35","00:00:01","https://nsearchives.nseindia.com/corporate/kuntal_chandya_adani_com_19022025214115_AELclarificationIntimationRevisioninCreditRating.pdf"
"ADANIENT","Adani Enterprises Limited","Updates","Adani Enterprises Limited has informed the Exchange regarding 'Intimation for incorporation of wholly owned subsidiary Company by a Joint Venture Company'.","12-Feb-2025 18:12:10","2025-02-12 18:12:10","12-Feb-2025 18:12:11","00:00:01","https://nsearchives.nseindia.com/corporate/kuntal_chandya_adani_com_12022025181201_AELIntimation12022025COREDGE.pdf"
"ADANIENT","Adani Enterprises Limited","News Verification","The Exchange has sought clarification from Adani Enterprises Limited with respect to recent news item captioned Adani Enterprises shares rally 4% on $686 million investment in not-for-profit healthcare initiative.  The response from the Company is attached.","12-Feb-2025 14:07:43","2025-02-12 14:07:43","12-Feb-2025 14:07:44","00:00:01","https://nsearchives.nseindia.com/corporate/kuntal_chandya_adani_com_12022025132532_Reg30_11_.pdf"
"ADANIENT","Adani Enterprises Limited","Rumour Verification - Regulation 30(11)","Adani Enterprises Limited has informed the Exchange about Rumour Verification - Regulation 30(11)","12-Feb-2025 13:27:55","2025-02-12 13:27:55","12-Feb-2025 13:27:55","00:00:00","https://nsearchives.nseindia.com/corporate/kuntal_chandya_adani_com_12022025132725_Reg30_11_.pdf"
"ADANIENT","Adani Enterprises Limited","News Verification","The Exchange has sought clarification from Adani Enterprises Limited with respect to recent news item captioned Adani Enterprises shares rally 4% on $686 million investment in not-for-profit healthcare initiative.  The response from the Company is awaited.","11-Feb-2025 14:58:24","2025-02-11 14:58:24","11-Feb-2025 14:58:24","00:00:00","-"
"ADANIENT","Adani Enterprises Limited","Analysts/Institutional Investor Meet/Con. Call Updates","Adani Enterprises Limited has informed the Exchange about Schedule of meet","04-Feb-2025 19:36:01","2025-02-04 19:36:01","04-Feb-2025 19:36:02","00:00:01","https://nsearchives.nseindia.com/corporate/kuntal_chandya_adani_com_04022025193533_AELInvestormeet04022025.pdf"
"ADANIENT","Adani Enterprises Limited","Action(s) taken or orders passed","Adani Enterprises Limited has informed the Exchange about Action(s) taken or orders passed","04-Feb-2025 19:08:17","2025-02-04 19:08:17","04-Feb-2025 19:08:18","00:00:01","https://nsearchives.nseindia.com/corporate/kuntal_chandya_adani_com_04022025190705_AELIntimationGST_Notice_04012025.pdf"
"ADANIENT","Adani Enterprises Limited","Analysts/Institutional Investor Meet/Con. Call Updates","Adani Enterprises Limited has informed the Exchange about Transcript","04-Feb-2025 18:49:05","2025-02-04 18:49:05","04-Feb-2025 18:49:05","00:00:00","https://nsearchives.nseindia.com/corporate/kuntal_chandya_adani_com_04022025184850_Submissionoftranscriptof_InvCall30012025.pdf"
"ADANIENT","Adani Enterprises Limited","Integrated Filing- Financial","Adani Enterprises Limited has informed the Exchange about Integrated Filing (Financials) for the quarter and nine months ended 31st December, 2024","30-Jan-2025 15:00:35","2025-01-30 15:00:35","30-Jan-2025 15:00:36","00:00:01","https://nsearchives.nseindia.com/corporate/kuntal_chandya_adani_com_30012025150022_AELIntegratedfilings30012025.pdf"
"ADANIENT","Adani Enterprises Limited","Investor Presentation","Adani Enterprises Limited has informed the Exchange about Investor Presentation","30-Jan-2025 14:48:14","2025-01-30 14:48:14","30-Jan-2025 14:48:15","00:00:01","https://nsearchives.nseindia.com/corporate/kuntal_chandya_adani_com_30012025144735_AELsubmissionofMediaRelease30012025.pdf"
"ADANIENT","Adani Enterprises Limited","Press Release","Adani Enterprises Limited has informed the Exchange regarding a press release dated January 30, 2025, titled ""Media Release on Unaudited Financial Results (Standalone and Consolidated) for the quarter and nine months ended 31st December, 2024"".","30-Jan-2025 14:45:51","2025-01-30 14:45:51","30-Jan-2025 14:45:52","00:00:01","https://nsearchives.nseindia.com/corporate/kuntal_chandya_adani_com_30012025144529_AELsubmissionofMediaRelease30012025.pdf"
"ADANIENT","Adani Enterprises Limited","Monitoring Agency Report","Adani Enterprises Limited has informed the Exchange about Monitoring Agency Report","30-Jan-2025 14:39:12","2025-01-30 14:39:12","30-Jan-2025 14:39:13","00:00:01","https://nsearchives.nseindia.com/corporate/kuntal_chandya_adani_com_30012025143837_AELMonitoringAgencyforQIP30012025.pdf"
"ADANIENT","Adani Enterprises Limited","Utilisation of Funds","Adani Enterprises Limited has informed the Exchange about Utilisation of Funds raised through issue of Non-Convertible Debentures.","30-Jan-2025 14:36:04","2025-01-30 14:36:04","30-Jan-2025 14:36:05","00:00:01","https://nsearchives.nseindia.com/corporate/kuntal_chandya_adani_com_30012025143542_AELOutcomeofBM30012025.pdf"
"ADANIENT","Adani Enterprises Limited","Statement of deviation(s) or variation(s) under Reg. 32","Adani Enterprises Limited has informed the Exchange about statement of deviation(s) or variation(s) under Reg. 32","30-Jan-2025 14:34:00","2025-01-30 14:34:00","30-Jan-2025 14:34:00","00:00:00","https://nsearchives.nseindia.com/corporate/kuntal_chandya_adani_com_30012025143335_AELStatementofdeviationQIP30012025.pdf"
"ADANIENT","Adani Enterprises Limited","Financial Result Updates"," Adani Enterprises Limited has submitted to the Exchange, the financial results for the period ended December 31, 2024.","30-Jan-2025 14:17:21","2025-01-30 14:17:21","30-Jan-2025 14:17:21","00:00:00","https://nsearchives.nseindia.com/corporate/AELOutcomeofBM30012025_30012025141721.pdf"
"ADANIENT","Adani Enterprises Limited","Outcome of Board Meeting","Adani Enterprises Limited has informed the Exchange regarding  Board meeting held on January 30, 2025.","30-Jan-2025 14:14:46","2025-01-30 14:14:46","30-Jan-2025 14:14:46","00:00:00","https://nsearchives.nseindia.com/corporate/kuntal_chandya_adani_com_30012025141341_AELOutcomeofBM30012025.pdf"
"ADANIENT","Adani Enterprises Limited","Certificate under SEBI (Depositories and Participants) Regulations, 2018","Adani Enterprises Limited has informed the Exchange about Certificate under SEBI (Depositories and Participants) Regulations, 2018","07-Jan-2025 18:12:32","2025-01-07 18:12:32","07-Jan-2025 18:12:33","00:00:01","https://nsearchives.nseindia.com/corporate/kuntal_chandya_adani_com_07012025181134_AEL74_5_CoveringLetterDecember2024.pdf"
"ADANIENT","Adani Enterprises Limited","Updates","Adani Enterprises Limited has informed the Exchange regarding 'Intimation for incorporation of a Joint Venture company by wholly owned subsidiary of the Company.'.","06-Jan-2025 19:06:44","2025-01-06 19:06:44","06-Jan-2025 19:06:44","00:00:00","https://nsearchives.nseindia.com/corporate/kuntal_chandya_adani_com_06012025190634_AELIntimationIncJV06012025.pdf"
"ADANIENT","Adani Enterprises Limited","Updates","Adani Enterprises Limited has informed the Exchange regarding 'Change of name of Registrar and Share Transfer Agent of the Company'.","31-Dec-2024 21:24:47","2024-12-31 21:24:47","31-Dec-2024 21:24:48","00:00:01","https://nsearchives.nseindia.com/corporate/kuntal_chandya_adani_com_31122024212244_RTA_Name_Change_SE_Intimaton.pdf"
"ADANIENT","Adani Enterprises Limited","Agreements","Adani Enterprises Limited has informed the Exchange about Intimation for signing of Agreement between Adani Enterprises Limited ( AEL ), Adani Commodities LLP ( ACL ) and Lence Pte. Ltd. ( Lence ) ( Agreement )","30-Dec-2024 23:18:07","2024-12-30 23:18:07","30-Dec-2024 23:18:08","00:00:01","https://nsearchives.nseindia.com/corporate/kuntal_chandya_adani_com_30122024231701_AELIntimationReg30Disclosure.pdf"
"ADANIENT","Adani Enterprises Limited","Press Release","Adani Enterprises Limited has informed the Exchange regarding a press release dated December 30, 2024, titled ""Media Release"".","30-Dec-2024 15:13:24","2024-12-30 15:13:24","30-Dec-2024 15:13:25","00:00:01","https://nsearchives.nseindia.com/corporate/kuntal_chandya_adani_com_30122024151258_AEL_Reg_30__Disclosure_Media_Release.pdf"
"ADANIENT","Adani Enterprises Limited","Outcome of Board Meeting","Adani Enterprises Limited has informed the Exchange regarding  Board meeting held on December 30, 2024.","30-Dec-2024 15:10:09","2024-12-30 15:10:09","30-Dec-2024 15:10:10","00:00:01","https://nsearchives.nseindia.com/corporate/kuntal_chandya_adani_com_30122024151001_AEL_disclosureof_BM_Reg_30Disclosure.pdf"
"ADANIENT","Adani Enterprises Limited","Trading Window","Adani Enterprises Limited has informed the Exchange regarding the Trading Window closure pursuant to SEBI (Prohibition of Insider Trading) Regulations, 2015","30-Dec-2024 11:54:44","2024-12-30 11:54:44","30-Dec-2024 11:54:45","00:00:01","https://nsearchives.nseindia.com/corporate/kuntal_chandya_adani_com_30122024115433_IntimationTradingWindowClosure.pdf"
"ADANIENT","Adani Enterprises Limited","Updates","Adani Enterprises Limited has informed the Exchange regarding 'Intimation of wholly owned subsidiary becoming subsidiary company.'.","27-Dec-2024 17:02:18","2024-12-27 17:02:18","27-Dec-2024 17:02:18","00:00:00","https://nsearchives.nseindia.com/corporate/kuntal_chandya_adani_com_27122024170211_AELIntimation27122024.pdf"
"ADANIENT","Adani Enterprises Limited","Acquisition","Adani Enterprises Limited has informed the Exchange about acquisition of 26% stake of Gidhmuri Paturia Collieries Private Limited (GPCPL) by Adani Enterprises Limited (AEL)","26-Dec-2024 19:12:32","2024-12-26 19:12:32","26-Dec-2024 19:12:33","00:00:01","https://nsearchives.nseindia.com/corporate/kuntal_chandya_adani_com_26122024191209_AELIntimation26122024.pdf"
"ADANIENT","Adani Enterprises Limited","Updates","Adani Enterprises Limited has informed the Exchange regarding 'Intimation for signing of Share Purchase Agreement between Adani Defence Systems and Technologies Limited (ADSTL), a wholly owned subsidiary of the Company with Air Works India (Engineering) Pvt. Ltd (AWIEPL) and its existing shareholders.'.","23-Dec-2024 15:17:56","2024-12-23 15:17:56","23-Dec-2024 15:17:57","00:00:01","https://nsearchives.nseindia.com/corporate/kuntal_chandya_adani_com_23122024151747_SEIntimationAcquisitionbyADSTL.pdf"
"ADANIENT","Adani Enterprises Limited","Updates","Adani Enterprises Limited has informed the Exchange regarding 'Intimation for incorporation of wholly owned Subsidiary company by Adani Airport Holdings Limited, wholly owned subsidiary of the Company'.","18-Dec-2024 22:32:13","2024-12-18 22:32:13","18-Dec-2024 22:32:14","00:00:01","https://nsearchives.nseindia.com/corporate/ADANIENT_18122024223213_AELIntimation18122024.pdf"
"ADANIENT","Adani Enterprises Limited","Action(s) initiated or orders passed","Adani Enterprises Limited has informed the Exchange about Action(s) initiated or orders passed","05-Dec-2024 17:10:01","2024-12-05 17:10:01","05-Dec-2024 17:10:01","00:00:00","https://nsearchives.nseindia.com/corporate/ADANIENT_05122024171001_AELIntimationGST_Notice_05122024.pdf"
"ADANIENT","Adani Enterprises Limited","Analysts/Institutional Investor Meet/Con. Call Updates","Adani Enterprises Limited has informed the Exchange about Schedule of meet","05-Dec-2024 16:06:37","2024-12-05 16:06:37","05-Dec-2024 16:06:38","00:00:01","https://nsearchives.nseindia.com/corporate/ADANIENT_05122024160637_AELInvestormeet05122024.pdf"
"ADANIENT","Adani Enterprises Limited","Updates","Adani Enterprises Limited has informed the Exchange regarding 'Further Update on the Scheme of Amalgamation of Stratatech Mineral Resources Private Limited, a Wholly Owned Subsidiary of Adani Enterprises Limited with Mahan Energen Limited, A Subsidiary of Adani Power Limited, becoming effective'.","04-Dec-2024 16:08:27","2024-12-04 16:08:27","04-Dec-2024 16:08:27","00:00:00","https://nsearchives.nseindia.com/corporate/ADANIENT_04122024160827_AEL_update_schemeofarrangement_APL_04122024.pdf"
"ADANIENT","Adani Enterprises Limited","Credit Rating","Adani Enterprises Limited has informed the Exchange about Credit Rating","03-Dec-2024 22:18:06","2024-12-03 22:18:06","03-Dec-2024 22:18:07","00:00:01","https://nsearchives.nseindia.com/corporate/ADANIENT_03122024221806_AELclarificationIntimationRevisioninCreditRating.pdf"
"ADANIENT","Adani Enterprises Limited","Shareholders meeting","Adani Enterprises Limited has submitted the Exchange a copy Srutinizers report of  Postal Ballot","30-Nov-2024 18:37:29","2024-11-30 18:37:29","30-Nov-2024 18:37:30","00:00:01","https://nsearchives.nseindia.com/corporate/ADANIENT_30112024183729_AELREG44VotingResults28112024.pdf"
"ADANIENT","Adani Enterprises Limited","Credit Rating","Adani Enterprises Limited has informed the Exchange about Credit Rating","30-Nov-2024 11:55:40","2024-11-30 11:55:40","30-Nov-2024 11:55:41","00:00:01","https://nsearchives.nseindia.com/corporate/ADANIENT_30112024115540_SEIntimationUpdatesRating.pdf"
"ADANIENT","Adani Enterprises Limited","Amendment to AOA/MOA","Adani Enterprises Limited has informed the Exchange regarding the Amendment to AOA/MOA of the company.","29-Nov-2024 19:38:14","2024-11-29 19:38:14","29-Nov-2024 19:38:14","00:00:00","https://nsearchives.nseindia.com/corporate/ADANIENT_29112024193814_SE_Intimation_amendment_MOA.pdf"
"ADANIENT","Adani Enterprises Limited","Updates","Adani Enterprises Limited has informed the Exchange regarding 'Intimation regarding acquisition of 99% of stake of Aviserve Facilities Private Limited and Aviground Facilities Private Limited, respectively by Adani Airport Holdings Limited, wholly owned subsidiary of the Company.'.","29-Nov-2024 15:43:03","2024-11-29 15:43:03","29-Nov-2024 15:43:04","00:00:01","https://nsearchives.nseindia.com/corporate/ADANIENT_29112024154303_AELIntimationAAHL29112024.pdf"
"ADANIENT","Adani Enterprises Limited","Updates","Adani Enterprises Limited has informed the Exchange regarding ' Update on   Completion of acquisition","26-Nov-2024 18:30:42","2024-11-26 18:30:42","26-Nov-2024 18:30:43","00:00:01","https://nsearchives.nseindia.com/corporate/ADANIENT_26112024183042_AELIntimation26112024.pdf"
"ADANIENT","Adani Enterprises Limited","News Verification","The Exchange has sought clarification from Adani Enterprises Limited with respect to recent news item captioned Kenya drops over $2.5 billion of Adani deals after US indictment.  The response from the Company is attached.","25-Nov-2024 10:05:07","2024-11-25 10:05:07","25-Nov-2024 10:05:07","00:00:00","https://nsearchives.nseindia.com/corporate/ADANIENT_25112024100507_AELRoumourverificationBSENSEKenya23112024.pdf"
"ADANIENT","Adani Enterprises Limited","News Verification","The Exchange has sought clarification from Adani Enterprises Limited with respect to recent news item captioned Kenya drops over $2.5 billion of Adani deals after US indictment.  The response from the Company is awaited.","22-Nov-2024 10:58:49","2024-11-22 10:58:49","22-Nov-2024 10:58:50","00:00:01","-"
"ADANIENT","Adani Enterprises Limited","Analysts/Institutional Investor Meet/Con. Call Updates","Adani Enterprises Limited has informed the Exchange about Schedule of meet","21-Nov-2024 22:42:16","2024-11-21 22:42:16","21-Nov-2024 22:42:17","00:00:01","https://nsearchives.nseindia.com/corporate/ADANIENT_21112024224216_AELInvestormeet21112024.pdf"
"ADANIENT","Adani Enterprises Limited","News Verification","The Exchange has sought clarification from Adani Enterprises Limited with respect to recent news item captioned Adani Group stocks in focus: Here is what the US SEC said.  The response from the Company is attached.","21-Nov-2024 15:13:18","2024-11-21 15:13:18","21-Nov-2024 15:13:18","00:00:00","https://nsearchives.nseindia.com/corporate/ADANIENT_21112024151318_AELPressrelease21112024.pdf"
"ADANIENT","Adani Enterprises Limited","News Verification","The Exchange has sought clarification from Adani Enterprises Limited with respect to recent news item captioned Adani Group stocks in focus: Here is what the US SEC said.  The response from the Company is awaited.","21-Nov-2024 11:17:55","2024-11-21 11:17:55","21-Nov-2024 11:17:56","00:00:01","-"
"ADANIENT","Adani Enterprises Limited","Diversification/Disinvestment","Adani Enterprises Limited has informed the Exchange about Diversification/Disinvestment","14-Nov-2024 22:25:22","2024-11-14 22:25:22","14-Nov-2024 22:25:22","00:00:00","https://nsearchives.nseindia.com/corporate/ADANIENT_14112024222522_AELIntimation14112024.pdf"
"ADANIENT","Adani Enterprises Limited","Updates","Adani Enterprises Limited has informed the Exchange regarding 'signing of Joint Venture Agreement between Mumbai Travel Retail Private Limited ( MTRPL ), a stepdown subsidiary of the Company, Ospree International FZCO ( Ospree ), a wholly owned subsidiary of MTRPL and Eurotunnel JV INC'.","12-Nov-2024 22:38:36","2024-11-12 22:38:36","12-Nov-2024 22:38:37","00:00:01","https://nsearchives.nseindia.com/corporate/ADANIENT_12112024223836_AELIntimation12112024Reg30.pdf"
"ADANIENT","Adani Enterprises Limited","Updates","Adani Enterprises Limited has informed the Exchange regarding 'Update on the Scheme of Amalgamation of Stratatech Mineral Resources Private Limited, a wholly owned subsidiary of Adani Enterprises Limited (the  Company ) with Mahan Energen Limited, a subsidiary of Adani Power Limited.'.","07-Nov-2024 19:50:18","2024-11-07 19:50:18","07-Nov-2024 19:50:18","00:00:00","https://nsearchives.nseindia.com/corporate/ADANIENT_07112024195018_AELIntimation07112024.pdf"
"ADANIENT","Adani Enterprises Limited","Analysts/Institutional Investor Meet/Con. Call Updates","Adani Enterprises Limited has informed the Exchange about Transcript","05-Nov-2024 22:27:44","2024-11-05 22:27:44","05-Nov-2024 22:27:44","00:00:00","https://nsearchives.nseindia.com/corporate/ADANIENT_05112024222744_AELIntimationforTranscript29102024.pdf"
"ADANIENT","Adani Enterprises Limited","Updates","Adani Enterprises Limited has informed the Exchange regarding 'Corrigendum - Outcome of Board Meeting held on 29th October, 2024.'.","04-Nov-2024 19:15:53","2024-11-04 19:15:53","04-Nov-2024 19:15:53","00:00:00","https://nsearchives.nseindia.com/corporate/ADANIENT_04112024191553_AELCorrigendumOutcomeofBoardMeeting04112024.pdf"
"ADANIENT","Adani Enterprises Limited","Updates","Adani Enterprises Limited has informed the Exchange regarding '' Submission of Audio Recording of Analysts / Investors  Call pertaining to the Unaudited Financial Results of the Company for the quarter and half year ended 30th September 2024"".","29-Oct-2024 20:07:45","2024-10-29 20:07:45","29-Oct-2024 20:07:46","00:00:01","https://nsearchives.nseindia.com/corporate/ADANIENT_29102024200745_SubmissionofAudioRecordingof_InvCall29102024.pdf"
"ADANIENT","Adani Enterprises Limited","Updates","Adani Enterprises Limited has informed the Exchange regarding 'Outcome of Board meeting held on October 29, 2024 and submission of Unaudited Financial Results of the Company for the Quarter and Half Year Ended 30Th September 2024'.","29-Oct-2024 16:21:32","2024-10-29 16:21:32","29-Oct-2024 16:21:33","00:00:01","https://nsearchives.nseindia.com/corporate/ADANIENT_29102024162132_AELOutcomeofBM29102024_1.pdf"
"ADANIENT","Adani Enterprises Limited","Investor Presentation","Adani Enterprises Limited has informed the Exchange about Investor Presentation","29-Oct-2024 15:31:41","2024-10-29 15:31:41","29-Oct-2024 15:31:42","00:00:01","https://nsearchives.nseindia.com/corporate/ADANIENT_29102024153142_AELsubmissionofMediaRelease30092024_2.pdf"
"ADANIENT","Adani Enterprises Limited","Press Release","Adani Enterprises Limited has informed the Exchange regarding a press release dated October 29, 2024, titled ""Media Release on Unaudited Financial Results (Standalone and Consolidated) for the quarter and half year ended 30th September 2024"".","29-Oct-2024 15:27:40","2024-10-29 15:27:40","29-Oct-2024 15:27:41","00:00:01","https://nsearchives.nseindia.com/corporate/ADANIENT_29102024152741_AELsubmissionofMediaRelease30092024_2.pdf"
"ADANIENT","Adani Enterprises Limited","Issue of Securities","Adani Enterprises Limited has informed the Exchange about Public issuance of Non-Convertible Debentures for an amount not exceeding Rs. 2,000 crores in one or more tranches","29-Oct-2024 15:03:33","2024-10-29 15:03:33","29-Oct-2024 15:03:34","00:00:01","https://nsearchives.nseindia.com/corporate/ADANIENT_29102024150333_AELOutcomeofBM29102024.pdf"
"ADANIENT","Adani Enterprises Limited","Financial Result Updates"," Adani Enterprises Limited has submitted to the Exchange, the financial results for the period ended September 30, 2024.","29-Oct-2024 14:58:48","2024-10-29 14:58:48","29-Oct-2024 14:58:48","00:00:00","https://nsearchives.nseindia.com/corporate/AELOutcomeofBM29102024_29102024145848.pdf"
"ADANIENT","Adani Enterprises Limited","Outcome of Board Meeting","Adani Enterprises Limited has informed the Exchange regarding Outcome of Board meeting held on October 29, 2024 and submission of Unaudited Financial Results of the Company for the Quarter and Half Year Ended 30Th September 2024","29-Oct-2024 14:55:50","2024-10-29 14:55:50","29-Oct-2024 14:55:51","00:00:01","https://nsearchives.nseindia.com/corporate/ADANIENT_29102024145550_AELOutcomeofBM29102024.pdf"
"ADANIENT","Adani Enterprises Limited","Copy of Newspaper Publication","Adani Enterprises Limited has informed the Exchange about Copy of Newspaper Publication","29-Oct-2024 14:26:33","2024-10-29 14:26:33","29-Oct-2024 14:26:34","00:00:01","https://nsearchives.nseindia.com/corporate/ADANIENT_29102024142633_AELIntimation29102024.pdf"
"ADANIENT","Adani Enterprises Limited","Shareholders meeting","Adani Enterprises Limited has informed the Exchange regarding Notice of Postal Ballot","28-Oct-2024 18:14:53","2024-10-28 18:14:53","28-Oct-2024 18:14:54","00:00:01","https://nsearchives.nseindia.com/corporate/ADANIENT_28102024181453_AELIntimationDispatchofPostalBallotnotice.pdf"
"ADANIENT","Adani Enterprises Limited","Updates","Adani Enterprises Limited has informed the Exchange regarding 'Intimation for incorporation of CELERITAS INTERNATIONAL FZCO, UAE by Adani Airport Holdings Limited, Wholly-owned subsidiary of the Company'.","26-Oct-2024 00:04:09","2024-10-26 00:04:09","26-Oct-2024 00:04:10","00:00:01","https://nsearchives.nseindia.com/corporate/ADANIENT_26102024000409_AELintimation25102024.pdf"
"ADANIENT","Adani Enterprises Limited","Analysts/Institutional Investor Meet/Con. Call Updates","Adani Enterprises Limited has informed the Exchange about update on Intimation for interaction with Investors / Analyst.","24-Oct-2024 19:26:23","2024-10-24 19:26:23","24-Oct-2024 19:26:24","00:00:01","https://nsearchives.nseindia.com/corporate/ADANIENT_24102024192623_AELInvestormeet24102024.pdf"
"ADANIENT","Adani Enterprises Limited","Analysts/Institutional Investor Meet/Con. Call Updates","Adani Enterprises Limited has informed the Exchange about Schedule of meet","24-Oct-2024 16:03:59","2024-10-24 16:03:59","24-Oct-2024 16:04:00","00:00:01","https://nsearchives.nseindia.com/corporate/ADANIENT_24102024160400_AELInvestormeet24102024.pdf"
"ADANIENT","Adani Enterprises Limited","Updates","Adani Enterprises Limited has informed the Exchange regarding 'Intimation for incorporation of Joint Venture company by Adani Airport Holdings Limited, wholly owned subsidiary of the Company.'.","22-Oct-2024 23:06:21","2024-10-22 23:06:21","22-Oct-2024 23:06:22","00:00:01","https://nsearchives.nseindia.com/corporate/ADANIENT_22102024230621_AELIntimation22102024.pdf"
"ADANIENT","Adani Enterprises Limited","Press Release","Adani Enterprises Limited has informed the Exchange regarding a press release dated October 17, 2024, titled ""Submission of Media Release"".","17-Oct-2024 19:46:32","2024-10-17 19:46:32","17-Oct-2024 19:46:33","00:00:01","https://nsearchives.nseindia.com/corporate/ADANIENT_17102024194632_AELIntimationforMediaRelease17102024.pdf"
"ADANIENT","Adani Enterprises Limited","Allotment of Securities","Adani Enterprises Limited has informed the Exchange regarding allotment of 14179608 securities pursuant to Qualified Institution Placement at its meeting held on October 15, 2024","15-Oct-2024 23:57:40","2024-10-15 23:57:40","15-Oct-2024 23:57:41","00:00:01","https://nsearchives.nseindia.com/corporate/ADANIENT_15102024235740_StockIntimation.pdf"
"ADANIENT","Adani Enterprises Limited","Qualified Institutional Placement","Adani Enterprises Limited has informed the Exchange about qualified Institutional Placement - Closure of Issue","15-Oct-2024 23:26:42","2024-10-15 23:26:42","15-Oct-2024 23:26:43","00:00:01","https://nsearchives.nseindia.com/corporate/ADANIENT_15102024232642_AELIntimation15102024Closureofissue.pdf"
"ADANIENT","Adani Enterprises Limited","Acquisition","Adani Enterprises Limited has informed the Exchange about Acquisition","15-Oct-2024 13:52:31","2024-10-15 13:52:31","15-Oct-2024 13:52:31","00:00:00","https://nsearchives.nseindia.com/corporate/ADANIENT_15102024135231_AELIntimation15102024.pdf"
"ADANIENT","Adani Enterprises Limited","Certificate under SEBI (Depositories and Participants) Regulations, 2018","Adani Enterprises Limited has informed the Exchange about Certificate under SEBI (Depositories and Participants) Regulations, 2018","14-Oct-2024 15:14:22","2024-10-14 15:14:22","14-Oct-2024 15:14:23","00:00:01","https://nsearchives.nseindia.com/corporate/ADANIENT_14102024151422_AEL74_5_CoveringLetterSeptember2024.pdf"
"ADANIENT","Adani Enterprises Limited","Qualified Institutional Placement","Adani Enterprises Limited has informed the Exchange about Qualified institutions placement of equity shares at  face value Re. 1 each","09-Oct-2024 19:36:10","2024-10-09 19:36:10","09-Oct-2024 19:36:11","00:00:01","https://nsearchives.nseindia.com/corporate/ADANIENT_09102024193610_AELIntimationfilingPPD09102024.pdf"
"ADANIENT","Adani Enterprises Limited","Updates","Adani Enterprises Limited has informed the Exchange regarding 'Intimation on amalgamation of Adani Infrastructure Private Limited and Mundra Solar Technology Limited, Wholly Owned Step-Down Subsidiaries with Adani New Industries Limited, Wholly Owned Subsidiary of the Company.'.","02-Oct-2024 12:18:27","2024-10-02 12:18:27","02-Oct-2024 12:18:28","00:00:01","https://nsearchives.nseindia.com/corporate/ADANIENT_02102024121827_AELIntimation02102024.pdf"
"ADANIENT","Adani Enterprises Limited","Trading Window","Adani Enterprises Limited has informed the Exchange regarding the Trading Window closure pursuant to SEBI (Prohibition of Insider Trading) Regulations, 2015","28-Sep-2024 11:42:41","2024-09-28 11:42:41","28-Sep-2024 11:42:42","00:00:01","https://nsearchives.nseindia.com/corporate/ADANIENT_28092024114241_IntimationTradingWindowClosure.pdf"
"ADANIENT","Adani Enterprises Limited","Issue of Duplicate Share Certificate","Adani Enterprises Limited has informed the Exchange about Issue of Duplicate Share Certificate","27-Sep-2024 20:07:57","2024-09-27 20:07:57","27-Sep-2024 20:07:57","00:00:00","https://nsearchives.nseindia.com/corporate/ADANIENT_27092024200757_IntimationtoSEReg39_3_27092024.pdf"
"ADANIENT","Adani Enterprises Limited","Updates","Adani Enterprises Limited has informed the Exchange regarding 'Intimation regarding acquisition by a joint venture entity of Company s step down subsidiary company'.","27-Sep-2024 17:42:29","2024-09-27 17:42:29","27-Sep-2024 17:42:30","00:00:01","https://nsearchives.nseindia.com/corporate/ADANIENT_27092024174230_AELIntimation27092024.pdf"
"ADANIENT","Adani Enterprises Limited","Acquisition","Adani Enterprises Limited has informed the Exchange about Incorporation of Wholly Owned Subsidiary Company","25-Sep-2024 13:28:43","2024-09-25 13:28:43","25-Sep-2024 13:28:43","00:00:00","https://nsearchives.nseindia.com/corporate/ADANIENT_25092024132843_AELIntimationIncCom25092024.pdf"
"ADANIENT","Adani Enterprises Limited","Updates","Adani Enterprises Limited has informed the Exchange regarding 'Update   Completion of acquisition'.","24-Sep-2024 19:39:34","2024-09-24 19:39:34","24-Sep-2024 19:39:35","00:00:01","https://nsearchives.nseindia.com/corporate/ADANIENT_24092024193934_AELIntimation24092024.pdf"
"ADANIENT","Adani Enterprises Limited","News Verification","The Exchange has sought clarification from Adani Enterprises Limited with respect to recent news item captioned Adani ties up with Israel company for Rs 84k crore chip plant.  The response from the Company is attached.","11-Sep-2024 11:32:08","2024-09-11 11:32:08","11-Sep-2024 11:32:08","00:00:00","https://nsearchives.nseindia.com/corporate/ADANIENT_11092024113207_NSE_Clarification.pdf"
"ADANIENT","Adani Enterprises Limited","News Verification","The Exchange has sought clarification from Adani Enterprises Limited with respect to recent news item captioned Adani ties up with Israel company for Rs 84k crore chip plant.  The response from the Company is awaited.","09-Sep-2024 17:23:51","2024-09-09 17:23:51","09-Sep-2024 17:23:52","00:00:01","-"
"ADANIENT","Adani Enterprises Limited","Updates","Adani Enterprises Limited has informed the Exchange regarding 'Intimation under the Securities and Exchange Board of India (Listing Obligations and Disclosure Requirements) Regulations, 2015 .","05-Sep-2024 19:25:06","2024-09-05 19:25:06","05-Sep-2024 19:25:07","00:00:01","https://nsearchives.nseindia.com/corporate/ADANIENT_05092024192506_AELIntimation05092024.pdf"
"ADANIENT","Adani Enterprises Limited","Updates","Adani Enterprises Limited has informed the Exchange regarding 'Intimation for incorporation of a step-down subsidiary company'.","03-Sep-2024 17:41:59","2024-09-03 17:41:59","03-Sep-2024 17:42:00","00:00:01","https://nsearchives.nseindia.com/corporate/ADANIENT_03092024174159_AELIntimation03092024.pdf"
"ADANIENT","Adani Enterprises Limited","Updates","Adani Enterprises Limited has informed the Exchange regarding 'Intimation for incorporation of a step-down subsidiary company.'.","30-Aug-2024 22:27:51","2024-08-30 22:27:51","30-Aug-2024 22:27:51","00:00:00","https://nsearchives.nseindia.com/corporate/ADANIENT_30082024222751_AELIntimation30082024.pdf"
"ADANIENT","Adani Enterprises Limited","Analysts/Institutional Investor Meet/Con. Call Updates","Adani Enterprises Limited has informed the Exchange about Schedule of Investor / Analyst meet","28-Aug-2024 18:16:28","2024-08-28 18:16:28","28-Aug-2024 18:16:29","00:00:01","https://nsearchives.nseindia.com/corporate/ADANIENT_28082024181628_AELInvestormeet28082024.pdf"
"ADANIENT","Adani Enterprises Limited","Updates","Adani Enterprises Limited has informed the Exchange regarding ''Intimation under the Securities and Exchange Board of India (Listing Obligations and Disclosure Requirements) Regulations, 2015 as amended ( SEBI Listing Regulations ) in relation to the public issue of non-convertible debentures"".","28-Aug-2024 01:49:29","2024-08-28 01:49:29","28-Aug-2024 01:49:30","00:00:01","https://nsearchives.nseindia.com/corporate/ADANIENT_28082024014930_AELintimationprospectus28082024.pdf"
"ADANIENT","Adani Enterprises Limited","Loss of Share Certificates","Adani Enterprises Limited has informed the Exchange about Loss of Share Certificates","27-Aug-2024 21:34:31","2024-08-27 21:34:31","27-Aug-2024 21:34:31","00:00:00","https://nsearchives.nseindia.com/corporate/ADANIENT_27082024213431_IntimationtoSEReg39_3_27082024.pdf"
"ADANIENT","Adani Enterprises Limited","Updates","Adani Enterprises Limited has informed the Exchange regarding 'Intimation under the Securities and Exchange Board of India (Listing Obligations and Disclosure Requirements) Regulations, 2015 as amended ( SEBI Listing Regulations ) in relation to the public issue of non-convertible debentures'.","16-Aug-2024 23:13:36","2024-08-16 23:13:36","16-Aug-2024 23:13:36","00:00:00","https://nsearchives.nseindia.com/corporate/ADANIENT_16082024231336_AELIntimationforDRHP16082024.pdf"
"ADANIENT","Adani Enterprises Limited","Updates","Adani Enterprises Limited has informed the Exchange regarding 'a statement titled  Hindenburg Report - A Red Herring .'.","11-Aug-2024 12:09:00","2024-08-11 12:09:00","11-Aug-2024 12:09:00","00:00:00","https://nsearchives.nseindia.com/corporate/ADANIENT_11082024120900_AELIntimation11082024.pdf"
"ADANIENT","Adani Enterprises Limited","Updates","Adani Enterprises Limited has informed the Exchange regarding 'Update on filing of Machine Readable Form / Legible copy of Financial Results'.","08-Aug-2024 19:36:47","2024-08-08 19:36:47","08-Aug-2024 19:36:48","00:00:01","https://nsearchives.nseindia.com/corporate/ADANIENT_08082024193648_AELOutcomeofBM01082024Readableformat.pdf"
"ADANIENT","Adani Enterprises Limited","Analysts/Institutional Investor Meet/Con. Call Updates","Adani Enterprises Limited has informed the Exchange about Schedule of meet","07-Aug-2024 21:02:10","2024-08-07 21:02:10","07-Aug-2024 21:02:11","00:00:01","https://nsearchives.nseindia.com/corporate/ADANIENT_07082024210210_AELInvestormeet.pdf"
"ADANIENT","Adani Enterprises Limited","Updates","Adani Enterprises Limited has informed the Exchange regarding 'Intimation for incorporation of a step-down subsidiary company.'.","07-Aug-2024 20:59:54","2024-08-07 20:59:54","07-Aug-2024 20:59:55","00:00:01","https://nsearchives.nseindia.com/corporate/ADANIENT_07082024205954_AELIntimation07082024.pdf"
"ADANIENT","Adani Enterprises Limited","Analysts/Institutional Investor Meet/Con. Call Updates","Adani Enterprises Limited has informed the Exchange about Transcript","07-Aug-2024 17:06:27","2024-08-07 17:06:27","07-Aug-2024 17:06:28","00:00:01","https://nsearchives.nseindia.com/corporate/ADANIENT_07082024170628_AELIntimationforTranscript01082024.pdf"
"ADANIENT","Adani Enterprises Limited","News Verification","The Exchange has sought clarification from Adani Enterprises Limited with respect to recent news item captioned Adani succession plan: The four heirs to Adani's $213 billion empire.  The response from the Company is attached.","07-Aug-2024 16:59:52","2024-08-07 16:59:52","07-Aug-2024 16:59:52","00:00:00","https://nsearchives.nseindia.com/corporate/ADANIENT_07082024165952_ADANIENT_06082024195959_AELIntimationforClarificationNSE.pdf"
"ADANIENT","Adani Enterprises Limited","Rumour Verification - Regulation 30(11)","Clarification on media report captioned  Adani succession plan: The four heirs to Adani's $213 billion empire  on Website-www.economictimes.com on August 5, 2024.","06-Aug-2024 19:59:59","2024-08-06 19:59:59","06-Aug-2024 20:00:00","00:00:01","https://nsearchives.nseindia.com/corporate/ADANIENT_06082024195959_AELIntimationforClarificationNSE.pdf"
"ADANIENT","Adani Enterprises Limited","News Verification","The Exchange has sought clarification from Adani Enterprises Limited with respect to recent news item captioned Adani succession plan: The four heirs to Adani's $213 billion empire.  The response from the Company is awaited.","05-Aug-2024 12:56:39","2024-08-05 12:56:39","05-Aug-2024 12:56:39","00:00:00","-"
"ADANIENT","Adani Enterprises Limited","Updates","Adani Enterprises Limited has informed the Exchange regarding 'Submission of Audio Recording of Analysts / Investors  Call pertaining to the Unaudited Financial Results of the Company for the quarter ended 30th June 2024'.","01-Aug-2024 23:11:44","2024-08-01 23:11:44","01-Aug-2024 23:11:45","00:00:01","https://nsearchives.nseindia.com/corporate/ADANIENT_01082024231144_SubmissionofAudioRecordingofInvCall01082024.pdf"
"ADANIENT","Adani Enterprises Limited","Scheme of Arrangement","Adani Enterprises Limited has informed the Exchange about Scheme of Arrangement","01-Aug-2024 16:04:28","2024-08-01 16:04:28","01-Aug-2024 16:04:29","00:00:01","https://nsearchives.nseindia.com/corporate/ADANIENT_01082024160428_AELOutcomeofBM01082024.pdf"
"ADANIENT","Adani Enterprises Limited","Investor Presentation","Adani Enterprises Limited has informed the Exchange about Investor Presentation","01-Aug-2024 15:15:40","2024-08-01 15:15:40","01-Aug-2024 15:15:41","00:00:01","https://nsearchives.nseindia.com/corporate/ADANIENT_01082024151540_AELsubmissionofMediaRelease01082024.pdf"
"ADANIENT","Adani Enterprises Limited","Press Release","Adani Enterprises Limited has informed the Exchange regarding a press release dated August 01, 2024, titled ""Submission of Media Release and Investor Presentation on Unaudited Financial Results (Standalone and Consolidated) for the quarter ended 30th June 2024"".","01-Aug-2024 15:13:21","2024-08-01 15:13:21","01-Aug-2024 15:13:22","00:00:01","https://nsearchives.nseindia.com/corporate/ADANIENT_01082024151321_AELsubmissionofMediaRelease01082024.pdf"
"ADANIENT","Adani Enterprises Limited","Financial Result Updates"," Adani Enterprises Limited has submitted to the Exchange, the financial results for the period ended June 30, 2024.","01-Aug-2024 14:51:16","2024-08-01 14:51:16","01-Aug-2024 14:51:16","00:00:00","https://nsearchives.nseindia.com/corporate/AELOutcomeofBM01082024_01082024145116.pdf"
"ADANIENT","Adani Enterprises Limited","Outcome of Board Meeting","Adani Enterprises Limited has informed the Exchange regarding  Board meeting held on August 01, 2024.","01-Aug-2024 14:49:00","2024-08-01 14:49:00","01-Aug-2024 14:49:01","00:00:01","https://nsearchives.nseindia.com/corporate/ADANIENT_01082024144900_AELOutcomeofBM01082024.pdf"
"ADANIENT","Adani Enterprises Limited","Updates","Adani Enterprises Limited has informed the Exchange regarding 'Intimation under the Securities and Exchange Board of India (Listing Obligations and Disclosure Requirements) Regulations, 2015 as amended ( SEBI Listing Regulations ) in relation to the public issue of non-convertible debentures'.","26-Jul-2024 00:26:17","2024-07-26 00:26:17","26-Jul-2024 00:26:19","00:00:02","https://nsearchives.nseindia.com/corporate/ADANIENT_26072024002618_AELProjectIgniteSEIntimationFilingofDP.pdf"
"ADANIENT","Adani Enterprises Limited","Loss of Share Certificates","Adani Enterprises Limited has informed the Exchange about Loss of Share Certificates","19-Jul-2024 20:14:36","2024-07-19 20:14:36","19-Jul-2024 20:14:37","00:00:01","https://nsearchives.nseindia.com/corporate/ADANIENT_19072024201436_AEL39_3_Intimation19072024.pdf"
"ADANIENT","Adani Enterprises Limited","Updates","Adani Enterprises Limited has informed the Exchange regarding 'Intimation regarding acquisition by a joint venture entity of Company s wholly owned subsidiary.'.","16-Jul-2024 15:50:07","2024-07-16 15:50:07","16-Jul-2024 15:50:08","00:00:01","https://nsearchives.nseindia.com/corporate/ADANIENT_16072024155007_AELIntimation16072024.pdf"
"ADANIENT","Adani Enterprises Limited","Certificate under SEBI (Depositories and Participants) Regulations, 2018","Adani Enterprises Limited has informed the Exchange about Certificate under SEBI (Depositories and Participants) Regulations, 2018","10-Jul-2024 16:42:40","2024-07-10 16:42:40","10-Jul-2024 16:42:41","00:00:01","https://nsearchives.nseindia.com/corporate/ADANIENT_10072024164240_AEL74_5_CoveringLetterJune2024.pdf"
"ADANIENT","Adani Enterprises Limited","News Verification","The Exchange has sought clarification from Adani Enterprises Limited with respect to recent news item captioned TN govt orders vigilance probe into alleged coal scam by Adani group.  The response from the Company is attached.","04-Jul-2024 18:19:01","2024-07-04 18:19:01","04-Jul-2024 18:19:09","00:00:08","https://nsearchives.nseindia.com/corporate/ADANIENT_04072024181901_AELNSEClarification03072024.pdf"
"ADANIENT","Adani Enterprises Limited","News Verification","The Exchange has sought clarification from Adani Enterprises Limited with respect to recent news item captioned TN govt orders vigilance probe into alleged coal scam by Adani group.  The response from the Company is awaited.","03-Jul-2024 17:02:32","2024-07-03 17:02:32","03-Jul-2024 17:02:41","00:00:09","-"
"ADANIENT","Adani Enterprises Limited","Trading Window","Adani Enterprises Limited has informed the Exchange regarding the Trading Window closure pursuant to SEBI (Prohibition of Insider Trading) Regulations, 2015","29-Jun-2024 15:12:39","2024-06-29 15:12:39","29-Jun-2024 15:12:40","00:00:01","https://nsearchives.nseindia.com/corporate/ADANIENT_29062024151239_IntimationTradingWindowClosure.pdf"
"ADANIENT","Adani Enterprises Limited","Analysts/Institutional Investor Meet/Con. Call Updates","Adani Enterprises Limited has informed the Exchange about Intimation for interaction with Investors / Analyst.","29-Jun-2024 15:10:57","2024-06-29 15:10:57","29-Jun-2024 15:10:58","00:00:01","https://nsearchives.nseindia.com/corporate/ADANIENT_29062024151058_AELInvestormeet.pdf"
"ADANIENT","Adani Enterprises Limited","Updates","Adani Enterprises Limited has informed the Exchange regarding 'Scheme of amalgamation of Adani Cementation Limited, a wholly owned subsidiary of Adani Enterprises Limited (the  Company ) with Ambuja Cements Limited'.","27-Jun-2024 16:31:24","2024-06-27 16:31:24","27-Jun-2024 16:31:25","00:00:01","https://nsearchives.nseindia.com/corporate/ADANIENT_27062024163124_AELIntimation27062024.pdf"
"ADANIENT","Adani Enterprises Limited","Shareholders meeting","Adani Enterprises Limited has submitted the Exchange a copy Srutinizers report of  Annual General Meeting held on Jun 24, 2024. Further, the company has informed the Exchange regarding voting results.","25-Jun-2024 20:48:11","2024-06-25 20:48:11","25-Jun-2024 20:48:12","00:00:01","https://nsearchives.nseindia.com/corporate/ADANIENT_25062024204811_AELScrutinizerReport.pdf"
"ADANIENT","Adani Enterprises Limited","Shareholders meeting","Adani Enterprises Limited has informed the Exchange regarding Proceedings of Annual General Meeting held on Jun 24, 2024","24-Jun-2024 19:20:00","2024-06-24 19:20:00","24-Jun-2024 19:20:01","00:00:01","https://nsearchives.nseindia.com/corporate/ADANIENT_24062024192000_AEL32AGMProceedings24062024.pdf"
"ADANIENT","Adani Enterprises Limited","Analysts/Institutional Investor Meet/Con. Call Updates","Adani Enterprises Limited has informed the Exchange about Schedule of meet","19-Jun-2024 13:13:00","2024-06-19 13:13:00","19-Jun-2024 13:13:00","00:00:00","https://nsearchives.nseindia.com/corporate/ADANIENT_19062024131300_AELInvestormeet.pdf"
"ADANIENT","Adani Enterprises Limited","Analysts/Institutional Investor Meet/Con. Call Updates","Adani Enterprises Limited has informed the Exchange about Schedule of meet","12-Jun-2024 17:30:05","2024-06-12 17:30:05","12-Jun-2024 17:30:06","00:00:01","https://nsearchives.nseindia.com/corporate/ADANIENT_12062024173005_AELInvestormeet.pdf"
"ADANIENT","Adani Enterprises Limited","Press Release","Adani Enterprises Limited has informed the Exchange regarding a press release dated Jun 11, 2024, titled ""Adani Defence & Aerospace and EDGE Group Sign Landmark Cooperation Agreement in Defence & Security"".","11-Jun-2024 12:21:52","2024-06-11 12:21:52","11-Jun-2024 12:21:53","00:00:01","https://nsearchives.nseindia.com/corporate/ADANIENT_11062024122152_AELIntimationforMediaRelease11062024.pdf"
"ADANIENT","Adani Enterprises Limited","Press Release","Adani Enterprises Limited has informed the Exchange regarding a press release dated Jun 09, 2024, titled ""Submission of Press / Media Release "".","09-Jun-2024 11:48:56","2024-06-09 11:48:56","09-Jun-2024 11:48:57","00:00:01","https://nsearchives.nseindia.com/corporate/ADANIENT_09062024114856_AELIntimationforMediaRelease09062024.pdf"
"ADANIENT","Adani Enterprises Limited","Updates","Adani Enterprises Limited has informed the Exchange regarding 'Scheme of amalgamation of Stratatech Mineral Resources Private Limited, a wholly owned subsidiary of Adani Enterprises Limited (the  Company ) with Mahan Energen Limited, a wholly owned subsidiary of Adani Power Limited'.","03-Jun-2024 19:03:11","2024-06-03 19:03:11","03-Jun-2024 19:03:12","00:00:01","https://nsearchives.nseindia.com/corporate/ADANIENT_03062024190311_AELIntimation03062024.pdf"
"ADANIENT","Adani Enterprises Limited","Copy of Newspaper Publication","Adani Enterprises Limited has informed the Exchange about Copy of Newspaper Publication for Notice of 32nd Annual General Meeting, Intimation of Record Date and E-voting information, etc.","30-May-2024 15:53:27","2024-05-30 15:53:27","30-May-2024 15:53:28","00:00:01","https://nsearchives.nseindia.com/corporate/ADANIENT_30052024155327_AELIntimationPostAdvertisementon32ndAGM.pdf"
"ADANIENT","Adani Enterprises Limited","Shareholders meeting","Adani Enterprises Limited has informed the Exchange regarding Notice of 32nd Annual General Meeting to be held on Jun 24, 2024","29-May-2024 20:30:38","2024-05-29 20:30:38","29-May-2024 20:30:39","00:00:01","https://nsearchives.nseindia.com/corporate/ADANIENT_29052024203038_AELIntimationfordispatchofARandNoticeAGM.pdf"
"ADANIENT","Adani Enterprises Limited","Acquisition","Adani Enterprises Limited has informed the Exchange about Acquisition of 100% stake of Terravista Developers Private Limited by AdaniConneX Private Limited, a joint venture of the Company","28-May-2024 23:52:19","2024-05-28 23:52:19","28-May-2024 23:52:20","00:00:01","https://nsearchives.nseindia.com/corporate/ADANIENT_28052024235219_AELIntimationAcquisition28052024.pdf"
"ADANIENT","Adani Enterprises Limited","Outcome of Board Meeting","Adani Enterprises Limited has informed the Exchange regarding  Board meeting held on May 28, 2024.","28-May-2024 11:19:07","2024-05-28 11:19:07","28-May-2024 11:19:08","00:00:01","https://nsearchives.nseindia.com/corporate/ADANIENT_28052024111907_AELBMOutcome28052024.pdf"
"ADANIENT","Adani Enterprises Limited","Copy of Newspaper Publication","Adani Enterprises Limited has informed the Exchange about Copy of Newspaper Publication - 32nd Annual General Meeting through Video Conferencing / Other Audio-Visual Means ( VC / OAVM ) facility","26-May-2024 14:19:27","2024-05-26 14:19:27","26-May-2024 14:19:28","00:00:01","https://nsearchives.nseindia.com/corporate/ADANIENT_26052024141927_ARLIntimationPreNewAddSubmission26052024.pdf"
"ADANIENT","Adani Enterprises Limited","Trading Window","Adani Enterprises Limited has informed the Exchange regarding the Trading Window closure pursuant to SEBI (Prohibition of Insider Trading) Regulations, 2015","23-May-2024 16:27:17","2024-05-23 16:27:17","23-May-2024 16:27:18","00:00:01","https://nsearchives.nseindia.com/corporate/ADANIENT_23052024162717_AELBMIntimation.pdf"
"ADANIENT","Adani Enterprises Limited","Corrigendum","Adani Enterprises Limited has informed the Exchange regarding Corrigendum to the intimation dated May 9, 2024","10-May-2024 12:16:52","2024-05-10 12:16:52","10-May-2024 12:17:01","00:00:09","https://nsearchives.nseindia.com/corporate/ADANIENT_10052024121652_AELRevisedIntimation09052024.pdf"
"ADANIENT","Adani Enterprises Limited","Acquisition","Adani Enterprises Limited has informed the Exchange about Acquisition","09-May-2024 20:54:11","2024-05-09 20:54:11","09-May-2024 20:54:16","00:00:05","https://nsearchives.nseindia.com/corporate/ADANIENT_09052024205411_AELIntimation09052024.pdf"
"ADANIENT","Adani Enterprises Limited","Analysts/Institutional Investor Meet/Con. Call Updates","Adani Enterprises Limited has informed the Exchange about Transcript","06-May-2024 17:33:28","2024-05-06 17:33:28","06-May-2024 17:33:32","00:00:04","https://nsearchives.nseindia.com/corporate/ADANIENT_06052024173328_AELIntimationforTranscript02052024.pdf"
"ADANIENT","Adani Enterprises Limited","Disclosure under SEBI Takeover Regulations","S.B. Adani Family Trust has Submitted to the Exchange a copy of Disclosure under Regulation 31(4) of the Securities and Exchange Board of India (Substantial Acquisition of Shares and Takeovers) Regulations, 2011.","03-May-2024 16:11:25","2024-05-03 16:11:25","03-May-2024 16:11:28","00:00:03","https://nsearchives.nseindia.com/corporate/ADANIENT_03052024161125_ADANIENT.pdf"
"ADANIENT","Adani Enterprises Limited","Analysts/Institutional Investor Meet/Con. Call Updates","Adani Enterprises Limited has informed the Exchange about Link of Recording","02-May-2024 20:47:52","2024-05-02 20:47:52","02-May-2024 20:47:57","00:00:05","https://nsearchives.nseindia.com/corporate/ADANIENT_02052024204752_Audiorecording.pdf"
"ADANIENT","Adani Enterprises Limited","Record Date","Adani Enterprises Limited has informed the Exchange that Record date for the purpose of Dividend  is 14-Jun-2024.","02-May-2024 15:21:59","2024-05-02 15:21:59","02-May-2024 15:22:05","00:00:06","https://nsearchives.nseindia.com/corporate/ADANIENT_02052024152159_outcome.pdf"
"ADANIENT","Adani Enterprises Limited","Press Release","Adani Enterprises Limited has informed the Exchange regarding a press release dated May 02, 2024, titled ""Submission of Media Release and Investor Presentation on Audited Financial Results (Standalone and Consolidated) for the quarter and year ended 31st March 2024"".","02-May-2024 15:18:53","2024-05-02 15:18:53","02-May-2024 15:18:59","00:00:06","https://nsearchives.nseindia.com/corporate/ADANIENT_02052024151853_AELsubmissionofMediaRelease02052024.pdf"
"ADANIENT","Adani Enterprises Limited","Financial Result Updates","Adani Enterprises Limited has submitted to the Exchange, the financial results for the period ended March 31, 2024.","02-May-2024 15:09:36","2024-05-02 15:09:36","02-May-2024 15:09:39","00:00:03","https://nsearchives.nseindia.com/corporate/outcome_02052024150936.pdf"
"ADANIENT","Adani Enterprises Limited","Dividend","Adani Enterprises Limited has informed the Exchange that Board of Directors at its meeting held on May 02, 2024, recommended Final Dividend of Rs. 1.30 per equity share.","02-May-2024 14:51:40","2024-05-02 14:51:40","02-May-2024 14:51:45","00:00:05","https://nsearchives.nseindia.com/corporate/ADANIENT_02052024145140_outcome.pdf"
"ADANIENT","Adani Enterprises Limited","Analysts/Institutional Investor Meet/Con. Call Updates","Adani Enterprises Limited has informed the Exchange about Schedule of meet","29-Apr-2024 15:24:13","2024-04-29 15:24:13","29-Apr-2024 15:24:17","00:00:04","https://nsearchives.nseindia.com/corporate/ADANIENT_29042024152413_AELInvestormeet.pdf"
"ADANIENT","Adani Enterprises Limited","Press Release","Adani Enterprises Limited has informed the Exchange regarding a press release dated April 27, 2024, titled ""Submission of Media Release on the subject  AdaniConneX sets benchmark with construction financing framework of USD 1.44 billion  by AdaniConnex Private Limited, a joint venture of the Company"".","27-Apr-2024 23:51:47","2024-04-27 23:51:47","27-Apr-2024 23:51:51","00:00:04","https://nsearchives.nseindia.com/corporate/ADANIENT_27042024235148_AELIntimationforMediaRelease27042024.pdf"
"ADANIENT","Adani Enterprises Limited","Analysts/Institutional Investor Meet/Con. Call Updates","Adani Enterprises Limited has informed the Exchange about Schedule of meet","27-Apr-2024 17:01:30","2024-04-27 17:01:30","27-Apr-2024 17:01:34","00:00:04","https://nsearchives.nseindia.com/corporate/ADANIENT_27042024170130_AELInvestormeet.pdf"
"ADANIENT","Adani Enterprises Limited","Acquisition","Adani Enterprises Limited has informed the Exchange about Acquisition","26-Apr-2024 19:20:35","2024-04-26 19:20:35","26-Apr-2024 19:20:42","00:00:07","https://nsearchives.nseindia.com/corporate/ADANIENT_26042024192035_AELIntimationacquisitionofAdaniEsyasoft26042024.pdf"
"ADANIENT","Adani Enterprises Limited","Analysts/Institutional Investor Meet/Con. Call Updates","Adani Enterprises Limited has informed the Exchange about Schedule of meet","19-Apr-2024 13:37:07","2024-04-19 13:37:07","19-Apr-2024 13:37:12","00:00:05","https://nsearchives.nseindia.com/corporate/ADANIENT_19042024133707_AELInvestormeet.pdf"
"ADANIENT","Adani Enterprises Limited","Acquisition","Adani Enterprises Limited has informed the Exchange about incorporation of Joint Venture company   KING POWER OSPREE PTE. LTD. in Singapore by Mumbai Travel RetailPrivate Limited, a step-down subsidiary","16-Apr-2024 17:51:52","2024-04-16 17:51:52","16-Apr-2024 17:52:01","00:00:09","https://nsearchives.nseindia.com/corporate/ADANIENT_16042024175152_AELIntimation16042024.pdf"
"ADANIENT","Adani Enterprises Limited","Updates","Adani Enterprises Limited has informed the Exchange regarding 'Intimation regarding entering into an agreement by Adani Global Limited, Mauritius (a Wholly Owned Subsidiary of the Company) for acquiring 49% stake of Adani Esyasoft Smart Solutions Limited, Abu Dhabi.'.","12-Apr-2024 19:43:32","2024-04-12 19:43:32","12-Apr-2024 19:43:43","00:00:11","https://nsearchives.nseindia.com/corporate/ADANIENT_12042024194333_AELIntimation12042024.pdf"
"ADANIENT","Adani Enterprises Limited","Certificate under SEBI (Depositories and Participants) Regulations, 2018","Adani Enterprises Limited has informed the Exchange about Certificate under SEBI (Depositories and Participants) Regulations, 2018","06-Apr-2024 15:21:31","2024-04-06 15:21:31","06-Apr-2024 15:21:37","00:00:06","https://nsearchives.nseindia.com/corporate/ADANIENT_06042024152131_74_5_CoveringLetterMarch2024Signed.pdf"
"ADANIENT","Adani Enterprises Limited","Analysts/Institutional Investor Meet/Con. Call Updates","Adani Enterprises Limited has informed the Exchange about Schedule of meet","06-Apr-2024 15:15:41","2024-04-06 15:15:41","06-Apr-2024 15:15:46","00:00:05","https://nsearchives.nseindia.com/corporate/ADANIENT_06042024151541_AELInvestormeet.pdf"
"ADANIENT","Adani Enterprises Limited","Acquisition","Adani Enterprises Limited has informed the Exchange about Acquisition","30-Mar-2024 17:44:15","2024-03-30 17:44:15","30-Mar-2024 17:44:21","00:00:06","https://nsearchives.nseindia.com/corporate/ADANIENT_30032024174415_AELIntimationAdaniConnex30032024.pdf"
"ADANIENT","Adani Enterprises Limited","Trading Window","Adani Enterprises Limited has informed the Exchange regarding the Trading Window closure pursuant to SEBI (Prohibition of Insider Trading) Regulations, 2015","29-Mar-2024 17:50:22","2024-03-29 17:50:22","29-Mar-2024 17:50:28","00:00:06","https://nsearchives.nseindia.com/corporate/ADANIENT_29032024175022_IntimationClosureofTradingWindow.pdf"
"ADANIENT","Adani Enterprises Limited","Press Release","Adani Enterprises Limited has informed the Exchange regarding a press release dated March 28, 2024, titled ""Adani s copperunit in Mundra begins operations"".","28-Mar-2024 10:53:46","2024-03-28 10:53:46","28-Mar-2024 10:53:51","00:00:05","https://nsearchives.nseindia.com/corporate/ADANIENT_28032024105346_AELIntimationforMediaRelease28032024.pdf"
"ADANIENT","Adani Enterprises Limited","Analysts/Institutional Investor Meet/Con. Call Updates","Adani Enterprises Limited has informed the Exchange about Schedule of meet","19-Mar-2024 17:21:48","2024-03-19 17:21:48","19-Mar-2024 17:21:55","00:00:07","https://nsearchives.nseindia.com/corporate/ADANIENT_19032024172148_AELInvestormeet.pdf"
"ADANIENT","Adani Enterprises Limited","Acquisition","Adani Enterprises Limited has informed the Exchange about Acquisition","19-Mar-2024 15:39:39","2024-03-19 15:39:39","19-Mar-2024 15:39:44","00:00:05","https://nsearchives.nseindia.com/corporate/ADANIENT_19032024153939_AELIntimation19032024.pdf"
"ADANIENT","Adani Enterprises Limited","News Verification","The Exchange has sought clarification from Adani Enterprises Limited with respect to recent news item captioned All Adani stocks in red on report of US government widening probe.  The response from the Company is attached.","19-Mar-2024 09:51:59","2024-03-19 09:51:59","19-Mar-2024 09:52:04","00:00:05","https://nsearchives.nseindia.com/corporate/ADANIENT_19032024095159_AELIntimationforClarificationofRumour.pdf"
"ADANIENT","Adani Enterprises Limited","News Verification","The Exchange has sought clarification from Adani Enterprises Limited with respect to recent news item captioned All Adani stocks in red on report of US government widening probe.  The response from the Company is awaited.","18-Mar-2024 18:22:27","2024-03-18 18:22:27","18-Mar-2024 18:22:32","00:00:05","-"
"ADANIENT","Adani Enterprises Limited","Press Release","Adani Enterprises Limited has informed the Exchange regarding a press release dated March 13, 2024, titled ""Media Release by AdaniConnex Private Limited,a joint venture of the Company, on the subject  AdaniConneX s Hyderabad SiteGets Five-Star Grading from British Safety Council"".","13-Mar-2024 18:11:44","2024-03-13 18:11:44","13-Mar-2024 18:11:48","00:00:04","https://nsearchives.nseindia.com/corporate/ADANIENT_13032024181144_AELIntimationMediarelease.pdf"
"ADANIENT","Adani Enterprises Limited","Analysts/Institutional Investor Meet/Con. Call Updates","Adani Enterprises Limited has informed the Exchange about Schedule of meet","11-Mar-2024 15:04:53","2024-03-11 15:04:53","11-Mar-2024 15:04:58","00:00:05","https://nsearchives.nseindia.com/corporate/ADANIENT_11032024150453_AELInvestormeet.pdf"
"ADANIENT","Adani Enterprises Limited","Press Release","Adani Enterprises Limited has informed the Exchange regarding a press release dated March 10, 2024, titled ""Media Release on the subject  PM inauguratesintegrated terminal T3 of Chaudhary Charan Singh International Airport ."".","10-Mar-2024 15:52:46","2024-03-10 15:52:46","10-Mar-2024 15:52:52","00:00:06","https://nsearchives.nseindia.com/corporate/ADANIENT_10032024155246_AELMediaReleasePMinauguratesTerminal3ofCCSIAirportLucknow.pdf"
"ADANIENT","Adani Enterprises Limited","Credit Rating","Adani Enterprises Limited has informed the Exchange about Credit Rating","06-Mar-2024 23:50:23","2024-03-06 23:50:23","06-Mar-2024 23:50:28","00:00:05","https://nsearchives.nseindia.com/corporate/ADANIENT_06032024235023_AELIntimationRevisioninCreditRating.pdf"
"ADANIENT","Adani Enterprises Limited","Acquisition","Adani Enterprises Limited has informed the Exchange about Acquisition","06-Mar-2024 19:20:46","2024-03-06 19:20:46","06-Mar-2024 19:20:52","00:00:06","https://nsearchives.nseindia.com/corporate/ADANIENT_06032024192046_AELIntimation06032024.pdf"
"ADANIENT","Adani Enterprises Limited","Analysts/Institutional Investor Meet/Con. Call Updates","Adani Enterprises Limited has informed the Exchange about Schedule of meet","29-Feb-2024 19:38:45","2024-02-29 19:38:45","29-Feb-2024 19:38:49","00:00:04","https://nsearchives.nseindia.com/corporate/ADANIENT_29022024193845_AELinvestormeet.pdf"
"ADANIENT","Adani Enterprises Limited","Updates","Adani Enterprises Limited has informed the Exchange regarding 'Intimation for divestment of the Company s entire stake in Vizag Tech ParkLimited, a wholly owned subsidiary.'.","29-Feb-2024 19:31:44","2024-02-29 19:31:44","29-Feb-2024 19:31:51","00:00:07","https://nsearchives.nseindia.com/corporate/ADANIENT_29022024193144_AELIntimationVTPL29022024.pdf"
"ADANIENT","Adani Enterprises Limited","Updates","Adani Enterprises Limited has informed the Exchange regarding 'Disclosure pursuant to Regulation 30 of the Securities and Exchange Board ofIndia (Listing Obligations and Disclosure Requirements) Regulations, 2015'.","29-Feb-2024 13:19:33","2024-02-29 13:19:33","29-Feb-2024 13:19:39","00:00:06","https://nsearchives.nseindia.com/corporate/ADANIENT_29022024131933_AELIntimationREG3029022024.pdf"
"ADANIENT","Adani Enterprises Limited","Updates","Adani Enterprises Limited has informed the Exchange regarding 'Disclosure Pursuant To Regulation 30 Of The SEBI (LODR) Regulations, 2015 (""SEBI Listing Regulations').'.","29-Feb-2024 08:49:33","2024-02-29 08:49:33","29-Feb-2024 08:49:37","00:00:04","https://nsearchives.nseindia.com/corporate/ADANIENT_29022024084933_AELIntimation28022024.pdf"
"ADANIENT","Adani Enterprises Limited","Updates","Adani Enterprises Limited has informed the Exchange regarding 'Intimation for interaction with Investors / Analyst'.","27-Feb-2024 19:10:15","2024-02-27 19:10:15","27-Feb-2024 19:10:21","00:00:06","https://nsearchives.nseindia.com/corporate/ADANIENT_27022024191015_AELInvestormeet.pdf"
"ADANIENT","Adani Enterprises Limited","Loss of Share Certificates","Adani Enterprises Limited has informed the Exchange about Loss of Share Certificates","26-Feb-2024 19:14:24","2024-02-26 19:14:24","26-Feb-2024 19:14:31","00:00:07","https://nsearchives.nseindia.com/corporate/ADANIENT_26022024191424_AEL39_3_.pdf"
"ADANIENT","Adani Enterprises Limited","Analysts/Institutional Investor Meet/Con. Call Updates","Adani Enterprises Limited has informed the Exchange about Schedule of meet","17-Feb-2024 14:43:23","2024-02-17 14:43:23","17-Feb-2024 14:43:28","00:00:05","https://nsearchives.nseindia.com/corporate/ADANIENT_17022024144323_AELInvestorCall22022024.pdf"
"ADANIENT","Adani Enterprises Limited","Updates","Adani Enterprises Limited has informed the Exchange regarding 'Intimation for incorporation of OSPREE INTERNATIONAL FZCO'.","14-Feb-2024 20:48:03","2024-02-14 20:48:03","14-Feb-2024 20:48:09","00:00:06","https://nsearchives.nseindia.com/corporate/ADANIENT_14022024204803_AELOSPREEINTIMATION.pdf"
"ADANIENT","Adani Enterprises Limited","Updates","Adani Enterprises Limited has informed the Exchange regarding 'Intimation for interaction with Investors'.","13-Feb-2024 17:07:08","2024-02-13 17:07:08","13-Feb-2024 17:07:15","00:00:07","https://nsearchives.nseindia.com/corporate/ADANIENT_13022024170708_AELInvestorMeetHNI16022024.pdf"
"ADANIENT","Adani Enterprises Limited","Updates","Adani Enterprises Limited has informed the Exchange regarding 'Transcript of Earnings call pertaining to the Unaudited Financial Results of the Company for the quarter and nine months ended 31st December 2024. '.","08-Feb-2024 19:07:56","2024-02-08 19:07:56","08-Feb-2024 19:08:03","00:00:07","https://nsearchives.nseindia.com/corporate/ADANIENT_08022024190756_AELIntimationforTranscript01022024.pdf"
"ADANIENT","Adani Enterprises Limited","Updates","Adani Enterprises Limited has informed the Exchange regarding 'Disclosure pursuant to Regulation 30 of the Securities and Exchange Board of India (Listing Obligations and Disclosure Requirements) Regulations, 2015'.","08-Feb-2024 19:06:10","2024-02-08 19:06:10","08-Feb-2024 19:06:24","00:00:14","https://nsearchives.nseindia.com/corporate/ADANIENT_08022024190610_AELCPRATING08022024.pdf"
"ADANIENT","Adani Enterprises Limited","Analysts/Institutional Investor Meet/Con. Call Updates","Adani Enterprises Limited has informed the Exchange about Schedule of meet","08-Feb-2024 18:59:06","2024-02-08 18:59:06","08-Feb-2024 18:59:12","00:00:06","https://nsearchives.nseindia.com/corporate/ADANIENT_08022024185906_AELInvestormeetAxisCapital14022024.pdf"
"ADANIENT","Adani Enterprises Limited","Updates","Adani Enterprises Limited has informed the Exchange regarding 'Intimation under Regulation 39(3) of the SEBI (Listing Obligations and   Disclosure Requirements) Regulations, 2015.'.","05-Feb-2024 19:25:27","2024-02-05 19:25:27","05-Feb-2024 19:25:38","00:00:11","https://nsearchives.nseindia.com/corporate/ADANIENT_05022024192527_IntimationtoSEReg39_3_05022024.pdf"
"ADANIENT","Adani Enterprises Limited","Updates","Adani Enterprises Limited has informed the Exchange regarding 'Disclosure pursuant to Regulation 30 of the Securities and Exchange Board ofIndia (Listing Obligations and Disclosure Requirements) Regulations, 2015'.","02-Feb-2024 12:56:25","2024-02-02 12:56:25","02-Feb-2024 12:56:29","00:00:04","https://nsearchives.nseindia.com/corporate/ADANIENT_02022024125626_AELGST020224.pdf"
"ADANIENT","Adani Enterprises Limited","Updates","Adani Enterprises Limited has informed the Exchange regarding 'Submission of Audio Recording of Analysts/Investors  Call and Presentationpertaining to the Unaudited Financial Results of the Company for Q3 FY 24'.","01-Feb-2024 21:15:29","2024-02-01 21:15:29","01-Feb-2024 21:15:35","00:00:06","https://nsearchives.nseindia.com/corporate/ADANIENT_01022024211529_AELRECORDINGOFICALL.pdf"
"ADANIENT","Adani Enterprises Limited","Updates","Adani Enterprises Limited has informed the Exchange regarding 'Submission of Media Release and Investor Presentation on Unaudited Financial Results (Standalone and Consolidated) for the quarter and nine months ended 31st December 2023.'.","01-Feb-2024 14:14:37","2024-02-01 14:14:37","01-Feb-2024 14:14:43","00:00:06","https://nsearchives.nseindia.com/corporate/ADANIENT_01022024141437_SubmissionofMediaReleaseBM01022024.pdf"
"ADANIENT","Adani Enterprises Limited","Financial Result Updates","Adani Enterprises Limited has submitted to the Exchange, the financial results for the period ended December 31, 2023.","01-Feb-2024 14:09:11","2024-02-01 14:09:11","01-Feb-2024 14:09:15","00:00:04","https://nsearchives.nseindia.com/corporate/OutcomeBM01022024_01022024140911.pdf"
"ADANIENT","Adani Enterprises Limited","Outcome of Board Meeting","Adani Enterprises Limited has informed the Exchange regarding  Board meeting held on February 01, 2024.","01-Feb-2024 14:07:45","2024-02-01 14:07:45","01-Feb-2024 14:07:54","00:00:09","https://nsearchives.nseindia.com/corporate/ADANIENT_01022024140745_OutcomeBM01022024.pdf"
"ADANIENT","Adani Enterprises Limited","Updates","Adani Enterprises Limited has informed the Exchange regarding 'Disclosure pursuant to Regulation 30 of the Securities and Exchange Board ofIndia (listing Obligations and Disclosure Requirements) Regulations, 2015. '.","31-Jan-2024 08:39:56","2024-01-31 08:39:56","31-Jan-2024 08:40:01","00:00:05","https://nsearchives.nseindia.com/corporate/ADANIENT_31012024083956_AELACXACQ.pdf"
"ADANIENT","Adani Enterprises Limited","Analysts/Institutional Investor Meet/Con. Call Updates","Adani Enterprises Limited has informed the Exchange about Schedule of meet","30-Jan-2024 15:57:16","2024-01-30 15:57:16","30-Jan-2024 15:57:21","00:00:05","https://nsearchives.nseindia.com/corporate/ADANIENT_30012024155716_AELHNIMeet02022024.pdf"
"ADANIENT","Adani Enterprises Limited","News Verification","The Exchange has sought clarification from Adani Enterprises Limited with respect to recent news item captioned Adani Enterprises, Adani Ports, other group stocks rally up to 6%.  The response from the Company is attached.","30-Jan-2024 10:03:57","2024-01-30 10:03:57","30-Jan-2024 10:04:01","00:00:04","https://nsearchives.nseindia.com/corporate/ADANIENT_30012024100357_ClarificationAEL29012024.pdf"
"ADANIENT","Adani Enterprises Limited","News Verification","The Exchange has sought clarification from Adani Enterprises Limited with respect to recent news item captioned Adani Enterprises, Adani Ports, other group stocks rally up to 6%.  The response from the Company is awaited.","29-Jan-2024 13:33:03","2024-01-29 13:33:03","29-Jan-2024 13:33:09","00:00:06","-"
"ADANIENT","Adani Enterprises Limited","Updates","Adani Enterprises Limited has informed the Exchange regarding 'Intimation for execution of Memorandum of Understanding ( MOU ) byAdaniConnex Private Limited, Joint Venture of the Company'.","25-Jan-2024 19:36:37","2024-01-25 19:36:37","25-Jan-2024 19:36:42","00:00:05","https://nsearchives.nseindia.com/corporate/ADANIENT_25012024193637_AELACXACQ.pdf"
"ADANIENT","Adani Enterprises Limited","Analysts/Institutional Investor Meet/Con. Call Updates","Adani Enterprises Limited has informed the Exchange about Schedule of meet","22-Jan-2024 18:59:47","2024-01-22 18:59:47","22-Jan-2024 18:59:52","00:00:05","https://nsearchives.nseindia.com/corporate/ADANIENT_22012024185947_AELInvestormeet25012024HNI.pdf"
"ADANIENT","Adani Enterprises Limited","Credit Rating","Adani Enterprises Limited has informed the Exchange about Credit Rating","20-Jan-2024 18:50:07","2024-01-20 18:50:07","20-Jan-2024 18:50:15","00:00:08","https://nsearchives.nseindia.com/corporate/ADANIENT_20012024185007_AELCPRATING.pdf"
"ADANIENT","Adani Enterprises Limited","Acquisition","Adani Enterprises Limited has informed the Exchange about Acquisition","17-Jan-2024 08:21:03","2024-01-17 08:21:03","17-Jan-2024 08:21:11","00:00:08","https://nsearchives.nseindia.com/corporate/ADANIENT_17012024082103_IANSRIINTIMATION.pdf"
"ADANIENT","Adani Enterprises Limited","Updates","Adani Enterprises Limited has informed the Exchange regarding 'Disclosure under Regulation 30 of the SEBI (Listing Obligations and Disclosure Requirements) Regulations, 2015 ( SEBI Listing Regulations )   Receipt of Award'.","12-Jan-2024 18:42:54","2024-01-12 18:42:54","12-Jan-2024 18:43:01","00:00:07","https://nsearchives.nseindia.com/corporate/ADANIENT_12012024184254_DisclosureReg3012012024.pdf"
"ADANIENT","Adani Enterprises Limited","Analysts/Institutional Investor Meet/Con. Call Updates","Adani Enterprises Limited has informed the Exchange about Schedule of meet","10-Jan-2024 19:58:15","2024-01-10 19:58:15","10-Jan-2024 19:58:22","00:00:07","https://nsearchives.nseindia.com/corporate/ADANIENT_10012024195815_AELICALL10012024.pdf"
"ADANIENT","Adani Enterprises Limited","Updates","Adani Enterprises Limited has informed the Exchange regarding 'Certificate under Regulation 74(5) of the SEBI (Depositories and Participants) Regulations, 2018 for the quarter ended                                      31st December, 2023'.","10-Jan-2024 15:21:22","2024-01-10 15:21:22","10-Jan-2024 15:21:28","00:00:06","https://nsearchives.nseindia.com/corporate/ADANIENT_10012024152122_AEL74531122023.pdf"
"ADANIENT","Adani Enterprises Limited","Updates","Adani Enterprises Limited has informed the Exchange regarding 'Disclosure pursuant to Regulation 30 of the Securities and Exchange Board of India (Listing Obligation and Disclosure Requirements) Regulations, 2015.'.","08-Jan-2024 15:43:12","2024-01-08 15:43:12","08-Jan-2024 15:43:17","00:00:05","https://nsearchives.nseindia.com/corporate/ADANIENT_08012024154312_AELMIAL.pdf"
"ADANIENT","Adani Enterprises Limited","Updates","Adani Enterprises Limited has informed the Exchange regarding 'Disclosure pursuant to Regulation 30 of the Securities and Exchange Board of India (Listing Obligation and Disclosure Requirements) Regulations, 2015.'.","05-Jan-2024 19:49:41","2024-01-05 19:49:41","05-Jan-2024 19:49:47","00:00:06","https://nsearchives.nseindia.com/corporate/ADANIENT_05012024194941_AELGSTORDER.pdf"
"ADANIENT","Adani Enterprises Limited","Memorandum of Understanding/Agreements","Adani Enterprises Limited has informed the Exchange about Memorandum of Understanding/Agreements","28-Dec-2023 13:02:01","2023-12-28 13:02:01","28-Dec-2023 13:02:06","00:00:05","https://nsearchives.nseindia.com/corporate/ADANIENT_28122023130201_AELIHCACQ.pdf"
"ADANIENT","Adani Enterprises Limited","Updates","Adani Enterprises Limited has informed the Exchange regarding 'Intimation of Meeting with Investors  / Analysts'.","18-Dec-2023 23:02:07","2023-12-18 23:02:07","18-Dec-2023 23:02:12","00:00:05","https://nsearchives.nseindia.com/corporate/ADANIENT_18122023230207_AELICALL2212.pdf"
"ADANIENT","Adani Enterprises Limited","Updates","Adani Enterprises Limited has informed the Exchange regarding 'Intimation for (i) Acquisition of 50.50% stake in IANS India Private Limited and (ii) Execution of Shareholders' Agreement'.","15-Dec-2023 23:37:33","2023-12-15 23:37:33","15-Dec-2023 23:37:39","00:00:06","https://nsearchives.nseindia.com/corporate/ADANIENT_15122023233733_AELINAS.pdf"
"ADANIENT","Adani Enterprises Limited","Updates","Adani Enterprises Limited has informed the Exchange regarding 'Intimation for dilution of stake in Atharva Advanced Systems and TechnologiesLimited, a step down wholly owned subsidiary of the Company.'.","14-Dec-2023 19:28:16","2023-12-14 19:28:16","14-Dec-2023 19:28:21","00:00:05","https://nsearchives.nseindia.com/corporate/ADANIENT_14122023192816_AELATHARVAINTIMATION.pdf"
"ADANIENT","Adani Enterprises Limited","Acquisition","Adani Enterprises Limited has informed the Exchange about Acquisition","08-Dec-2023 22:22:11","2023-12-08 22:22:11","08-Dec-2023 22:22:18","00:00:07","https://nsearchives.nseindia.com/corporate/ADANIENT_08122023222212_SEQBML.pdf"
"ADANIENT","Adani Enterprises Limited","Analysts/Institutional Investor Meet/Con. Call Updates","Adani Enterprises Limited has informed the Exchange about Schedule of meet","27-Nov-2023 18:47:07","2023-11-27 18:47:07","27-Nov-2023 18:47:17","00:00:10","https://nsearchives.nseindia.com/corporate/ADANIENT_27112023184707_AnalystCall.pdf"
"ADANIENT","Adani Enterprises Limited","Updates","Adani Enterprises Limited has informed the Exchange regarding 'Disclosure pursuant to Regulation 30 of the Securities and Exchange Board ofIndia (Listing Obligation and Disclosure Requirements) Regulations, 2015( SEBI Listing Regulations )'.","22-Nov-2023 17:46:56","2023-11-22 17:46:56","22-Nov-2023 17:47:04","00:00:08","https://nsearchives.nseindia.com/corporate/ADANIENT_22112023174656_AEL171A.pdf"
"ADANIENT","Adani Enterprises Limited","Memorandum of Understanding/Agreements","Adani Enterprises Limited has informed the Exchange about Memorandum of Understanding/Agreements","21-Nov-2023 19:26:25","2023-11-21 19:26:25","21-Nov-2023 19:26:32","00:00:07","https://nsearchives.nseindia.com/corporate/ADANIENT_21112023192625_ElbitJV.pdf"
"ADANIENT","Adani Enterprises Limited","Updates","Adani Enterprises Limited has informed the Exchange regarding 'Intimation for incorporation of MTRPL Macau Limited'.","20-Nov-2023 19:59:37","2023-11-20 19:59:37","20-Nov-2023 19:59:43","00:00:06","https://nsearchives.nseindia.com/corporate/ADANIENT_20112023195937_MacauIntimation.pdf"
"ADANIENT","Adani Enterprises Limited","Updates","Adani Enterprises Limited has informed the Exchange regarding 'Transcript of Earnings call pertaining to the Unaudited Financial Resultsof the Company for the quarter and half year ended 30th September2023.'.","08-Nov-2023 19:11:32","2023-11-08 19:11:32","08-Nov-2023 19:11:36","00:00:04","https://nsearchives.nseindia.com/corporate/ADANIENT_08112023191132_AELtranscriptcall.pdf"
"ADANIENT","Adani Enterprises Limited","Updates","Adani Enterprises Limited has informed the Exchange regarding 'Submission of Audio Recording of Analysts/Investors  Call and Presentation pertaining to the Unaudited Financial Results of the Company for Q2 FY 24'.","02-Nov-2023 22:33:10","2023-11-02 22:33:10","02-Nov-2023 22:33:17","00:00:07","https://nsearchives.nseindia.com/corporate/ADANIENT_02112023223310_PPTANDRECORD.pdf"
"ADANIENT","Adani Enterprises Limited","Updates","Adani Enterprises Limited has informed the Exchange regarding 'Submission of Media Release and Investor Presentation on UnauditedFinancial Results (Standalone and Consolidated) for the quarter and halfyear ended 30th September 2023.'.","02-Nov-2023 18:34:43","2023-11-02 18:34:43","02-Nov-2023 18:34:55","00:00:12","https://nsearchives.nseindia.com/corporate/ADANIENT_02112023183444_MRANDPPT.pdf"
"ADANIENT","Adani Enterprises Limited","Financial Result Updates","Adani Enterprises Limited has submitted to the Exchange, the financial results for the period ended September 30, 2023.","02-Nov-2023 18:31:20","2023-11-02 18:31:20","02-Nov-2023 18:31:26","00:00:06","https://nsearchives.nseindia.com/corporate/Outcome_02112023183120.pdf"
"ADANIENT","Adani Enterprises Limited","Press Release","Adani Enterprises Limited has informed the Exchange regarding a press release dated November 02, 2023, titled ""Media Release and Investor Presentation on UnauditedFinancial Results (Standalone and Consolidated) for the quarter and halfyear ended 30th September 2023. "".","02-Nov-2023 15:22:06","2023-11-02 15:22:06","02-Nov-2023 15:22:19","00:00:13","https://nsearchives.nseindia.com/corporate/ADANIENT_02112023152206_MRANDPPT.pdf"
"ADANIENT","Adani Enterprises Limited","Outcome of Board Meeting","Adani Enterprises Limited has informed the Exchange regarding  Board meeting held on November 02, 2023.","02-Nov-2023 15:19:25","2023-11-02 15:19:25","02-Nov-2023 15:19:31","00:00:06","https://nsearchives.nseindia.com/corporate/ADANIENT_02112023151925_Outcome.pdf"
"ADANIENT","Adani Enterprises Limited","Updates","Adani Enterprises Limited has informed the Exchange regarding 'Sir,Sub: Intimation for execution of Share Purchase Agreement in relation to acquisitionof remaining 51% stake in Quintillion Business Media Limited ( QBML )'.","01-Nov-2023 20:05:19","2023-11-01 20:05:19","01-Nov-2023 20:05:27","00:00:08","https://nsearchives.nseindia.com/corporate/ADANIENT_01112023200519_SPAQBML.pdf"
"ADANIENT","Adani Enterprises Limited","Updates","Adani Enterprises Limited has informed the Exchange regarding 'Media Statement in the interest of all ourstakeholders, including shareholders.'.","16-Oct-2023 17:08:03","2023-10-16 17:08:03","16-Oct-2023 17:08:10","00:00:07","https://nsearchives.nseindia.com/corporate/ADANIENT_16102023170803_MS1610.pdf"
"ADANIENT","Adani Enterprises Limited","Updates","Adani Enterprises Limited has informed the Exchange regarding 'Disclosure pursuant to Regulation 30 of the Securities and Exchange Board of India (Listing Obligation and Disclosure Requirements) Regulations, 2015 ( SEBI Listing Regulations )'.","13-Oct-2023 19:52:48","2023-10-13 19:52:48","13-Oct-2023 19:52:54","00:00:06","https://nsearchives.nseindia.com/corporate/ADANIENT_13102023195248_MIALandNMIAL.pdf"
"ADANIENT","Adani Enterprises Limited","Updates","Adani Enterprises Limited has informed the Exchange regarding 'Certificate under Regulation 74(5) of the SEBI (Depositories andParticipants) Regulations, 2018 for the quarter ended30th September, 2023'.","10-Oct-2023 19:55:23","2023-10-10 19:55:23","10-Oct-2023 19:55:29","00:00:06","https://nsearchives.nseindia.com/corporate/ADANIENT_10102023195523_AEL745.pdf"
"ADANIENT","Adani Enterprises Limited","Updates","Adani Enterprises Limited has informed the Exchange regarding 'Media Statement on the subject  Adani Group Condemns Financial Times  Malicious Campaign to Tarnish its Global Reputation .'.","09-Oct-2023 17:17:04","2023-10-09 17:17:04","09-Oct-2023 17:17:09","00:00:05","https://nsearchives.nseindia.com/corporate/ADANIENT_09102023171704_AELMS.pdf"
"ADANIENT","Adani Enterprises Limited","Updates","Adani Enterprises Limited has informed the Exchange regarding 'Media Statement on the subject  IHC enhance its investment in Adani Enterprises Limited .'.","03-Oct-2023 20:26:16","2023-10-03 20:26:16","03-Oct-2023 20:26:22","00:00:06","https://nsearchives.nseindia.com/corporate/ADANIENT_03102023202616_MSIHC.pdf"
"ADANIENT","Adani Enterprises Limited","Trading Window","Adani Enterprises Limited has informed the Exchange regarding the Trading Window closure pursuant to SEBI (Prohibition of Insider Trading) Regulations, 2015","28-Sep-2023 18:40:33","2023-09-28 18:40:33","28-Sep-2023 18:40:37","00:00:04","https://nsearchives.nseindia.com/corporate/ADANIENT_28092023184033_AELTWC.pdf"
"ADANIENT","Adani Enterprises Limited","Shareholders meeting","Adani Enterprises Limited has submitted the Exchange a copy Srutinizers report of  Postal Ballot. Further, the company has informed the Exchange regarding voting results along with copy of minutes.","25-Sep-2023 17:25:25","2023-09-25 17:25:25","25-Sep-2023 17:25:29","00:00:04","https://nsearchives.nseindia.com/corporate/ADANIENT_25092023172525_AELPB.pdf"
"ADANIENT","Adani Enterprises Limited","Amendment to AOA/MOA","Adani Enterprises Limited has informed the Exchange regarding the Amendment to AOA/MOA of the company.","22-Sep-2023 17:43:52","2023-09-22 17:43:52","22-Sep-2023 17:43:58","00:00:06","https://nsearchives.nseindia.com/corporate/ADANIENT_22092023174352_AELAOAamendment.pdf"
"ADANIENT","Adani Enterprises Limited","Updates","Adani Enterprises Limited has informed the Exchange regarding 'Submission of Business Responsibility and Sustainability Report (BRSR)'.","21-Sep-2023 17:49:15","2023-09-21 17:49:15","21-Sep-2023 17:49:24","00:00:09","https://nsearchives.nseindia.com/corporate/ADANIENT_21092023174915_AELBRSRsubmission.pdf"
"ADANIENT","Adani Enterprises Limited","Updates","Adani Enterprises Limited has informed the Exchange regarding 'Media Release on  Adani Wind s 5.2 MW wind turbine enlisted in the MNRE Revised List of Models and Manufacturers (RLMM); highest capacity onshore WTG in India .'.","14-Sep-2023 15:58:58","2023-09-14 15:58:58","14-Sep-2023 15:59:13","00:00:15","https://nsearchives.nseindia.com/corporate/ADANIENT_14092023155859_MediareleaseRLMM.pdf"
"ADANIENT","Adani Enterprises Limited","Updates","Adani Enterprises Limited has informed the Exchange regarding 'Media Release on Adani Group forms JV for marketing of green hydrogen in Japanese market.'.","14-Sep-2023 09:28:04","2023-09-14 09:28:04","14-Sep-2023 09:28:10","00:00:06","https://nsearchives.nseindia.com/corporate/ADANIENT_14092023092804_MediareleaseKowa.pdf"
"ADANIENT","Adani Enterprises Limited","Updates","Adani Enterprises Limited has informed the Exchange regarding 'incorporation of KOWA GREEN FUEL PTE. LTD.'.","14-Sep-2023 09:26:35","2023-09-14 09:26:35","14-Sep-2023 09:26:42","00:00:07","https://nsearchives.nseindia.com/corporate/ADANIENT_14092023092635_AnnouncementKOWAIncorporation.pdf"
"ADANIENT","Adani Enterprises Limited","Loss of Share Certificates","Adani Enterprises Limited has informed the Exchange about Loss of Share Certificates","13-Sep-2023 19:20:45","2023-09-13 19:20:45","13-Sep-2023 19:21:02","00:00:17","https://nsearchives.nseindia.com/corporate/ADANIENT_13092023192045_StockExchangeAnnouncementReg39.pdf"
"ADANIENT","Adani Enterprises Limited","Press Release","Adani Enterprises Limited has informed the Exchange regarding a press release dated September 13, 2023, titled ""Media Release on the subject  Adani Wind receives certification for India s largest turbine "".","13-Sep-2023 19:14:35","2023-09-13 19:14:35","13-Sep-2023 19:14:41","00:00:06","https://nsearchives.nseindia.com/corporate/ADANIENT_13092023191435_StockExchangeMediarelease.pdf"
"ADANIENT","Adani Enterprises Limited","Memorandum of Understanding/Agreements","Adani Enterprises Limited has informed the Exchange about Memorandum of Understanding/Agreements","08-Sep-2023 19:20:42","2023-09-08 19:20:42","08-Sep-2023 19:20:54","00:00:12","https://nsearchives.nseindia.com/corporate/ADANIENT_08092023192042_AELAGPTE.pdf"
"ADANIENT","Adani Enterprises Limited","Updates","Adani Enterprises Limited has informed the Exchange regarding 'Media Statement on the subject  OCCRPReport .'.","31-Aug-2023 10:54:34","2023-08-31 10:54:34","31-Aug-2023 10:54:42","00:00:08","https://nsearchives.nseindia.com/corporate/ADANIENT_31082023105434_MSOCCRP.pdf"
"ADANIENT","Adani Enterprises Limited","Copy of Newspaper Publication","Adani Enterprises Limited has informed the Exchange about Copy of Newspaper Publication","22-Aug-2023 18:20:11","2023-08-22 18:20:11","22-Aug-2023 18:20:19","00:00:08","https://nsearchives.nseindia.com/corporate/ADANIENT_22082023182011_AELNEWSPAPER.pdf"
"ADANIENT","Adani Enterprises Limited","Updates","Adani Enterprises Limited has informed the Exchange regarding 'Disclosure pursuant to Regulation 30 of the Securities and Exchange Board ofIndia (Listing Obligation and Disclosure Requirements) Regulations, 2015'.","22-Aug-2023 18:15:10","2023-08-22 18:15:10","22-Aug-2023 18:15:24","00:00:14","https://nsearchives.nseindia.com/corporate/ADANIENT_22082023181510_Fine17_1A_.pdf"
"ADANIENT","Adani Enterprises Limited","Updates","Adani Enterprises Limited has informed the Exchange regarding 'Intimation for incorporation of Tabemono True Aromas Private Limited'.","21-Aug-2023 22:49:24","2023-08-21 22:49:24","21-Aug-2023 22:49:33","00:00:09","https://nsearchives.nseindia.com/corporate/ADANIENT_21082023224924_TTAPL.pdf"
"ADANIENT","Adani Enterprises Limited","Shareholders meeting","Adani Enterprises Limited has informed the Exchange regarding Notice of Postal Ballot","21-Aug-2023 19:38:46","2023-08-21 19:38:46","21-Aug-2023 19:39:13","00:00:27","https://nsearchives.nseindia.com/corporate/ADANIENT_21082023193846_AELPB.pdf"
"ADANIENT","Adani Enterprises Limited","Updates","Adani Enterprises Limited has informed the Exchange regarding 'Intimation for incorporation of Sirius Digitech International Limited'.","21-Aug-2023 19:36:34","2023-08-21 19:36:34","21-Aug-2023 19:37:07","00:00:33","https://nsearchives.nseindia.com/corporate/ADANIENT_21082023193634_Sirius.pdf"
"ADANIENT","Adani Enterprises Limited","Updates","Adani Enterprises Limited has informed the Exchange regarding 'Commissioning of Manufacturing plant by Mundra Solar Energy Limited'.","17-Aug-2023 20:55:22","2023-08-17 20:55:22","17-Aug-2023 20:55:44","00:00:22","https://nsearchives.nseindia.com/corporate/ADANIENT_17082023205522_MSEL.pdf"
"ADANIENT","Adani Enterprises Limited","Memorandum of Understanding/Agreements","Adani Enterprises Limited has informed the Exchange about Memorandum of Understanding/Agreements","14-Aug-2023 21:08:12","2023-08-14 21:08:12","14-Aug-2023 21:08:50","00:00:38","https://nsearchives.nseindia.com/corporate/ADANIENT_14082023210812_StockExchangeAnnouncementQBML.pdf"
"ADANIENT","Adani Enterprises Limited","Updates","Adani Enterprises Limited has informed the Exchange regarding 'Disclosure of continuing event or information (i.e. ongoing litigations) of the Company and its subsidiaries'.","13-Aug-2023 17:15:01","2023-08-13 17:15:01","13-Aug-2023 17:15:16","00:00:15","https://nsearchives.nseindia.com/corporate/ADANIENT_13082023171501_REG30LITIGATION.pdf"
"ADANIENT","Adani Enterprises Limited","News Verification","The Exchange has sought clarification from Adani Enterprises Limited with respect to recent news item captioned Adani Enterprises weighs exiting $6 billion Wilmar venture.  The response from the Company is attached.","11-Aug-2023 12:07:41","2023-08-11 12:07:41","11-Aug-2023 12:07:52","00:00:11","https://nsearchives.nseindia.com/corporate/ADANIENT_11082023120741_NSEAELAWLClarification2.pdf"
"ADANIENT","Adani Enterprises Limited","Updates","Adani Enterprises Limited has informed the Exchange regarding 'Intimation for incorporation of Atharva Advanced Systems and TechnologiesLimited'.","09-Aug-2023 22:32:35","2023-08-09 22:32:35","09-Aug-2023 22:32:47","00:00:12","https://nsearchives.nseindia.com/corporate/ADANIENT_09082023223235_AASTL.pdf"
"ADANIENT","Adani Enterprises Limited","News Verification","The Exchange has sought clarification from Adani Enterprises Limited with respect to recent news item captioned Adani Enterprises weighs exiting $6 billion Wilmar venture.  The response from the Company is awaited.","09-Aug-2023 18:24:53","2023-08-09 18:24:53","09-Aug-2023 18:25:02","00:00:09","-"
"ADANIENT","Adani Enterprises Limited","Analysts/Institutional Investor Meet/Con. Call Updates","Adani Enterprises Limited has informed the Exchange about Transcript","08-Aug-2023 18:05:00","2023-08-08 18:05:00","08-Aug-2023 18:05:13","00:00:13","https://nsearchives.nseindia.com/corporate/ADANIENT_08082023180500_AELTRASNCRIPT.pdf"
"ADANIENT","Adani Enterprises Limited","Diversification/Disinvestment","Adani Enterprises Limited has informed the Exchange about Diversification/Disinvestment","05-Aug-2023 16:59:17","2023-08-05 16:59:17","07-Aug-2023 00:01:45","31:02:28","https://nsearchives.nseindia.com/corporate/ADANIENT_05082023165917_NGPLDisposalDisclosure.pdf"
"ADANIENT","Adani Enterprises Limited","Acquisition","Adani Enterprises Limited has informed the Exchange about Acquisition","04-Aug-2023 18:15:04","2023-08-04 18:15:04","04-Aug-2023 18:15:43","00:00:39","https://nsearchives.nseindia.com/corporate/ADANIENT_04082023181504_AELTrainmanStarkEnterpriseIntimation4Aug.pdf"
"ADANIENT","Adani Enterprises Limited","Updates","Adani Enterprises Limited has informed the Exchange regarding 'Submission of Audio Recording of Analysts/Investors  Call and Presentationpertaining to the Unaudited Financial Results of the Company for the quarterended 30th June 2023'.","03-Aug-2023 21:23:56","2023-08-03 21:23:56","03-Aug-2023 21:24:09","00:00:13","https://nsearchives.nseindia.com/corporate/ADANIENT_03082023212356_AELCALLRECORD.pdf"
"ADANIENT","Adani Enterprises Limited","Updates","Adani Enterprises Limited has informed the Exchange regarding 'Submission of Media Release and Investor Presentation on UnauditedFinancial Results (Standalone and Consolidated) for the quarter ended30th June, 2023'.","03-Aug-2023 14:57:27","2023-08-03 14:57:27","03-Aug-2023 14:58:02","00:00:35","https://nsearchives.nseindia.com/corporate/ADANIENT_03082023145727_MRPPT.pdf"
"ADANIENT","Adani Enterprises Limited","Financial Result Updates","Adani Enterprises Limited has submitted to the Exchange, the financial results for the period ended June 30, 2023.","03-Aug-2023 14:55:20","2023-08-03 14:55:20","03-Aug-2023 14:55:38","00:00:18","https://nsearchives.nseindia.com/corporate/Outcome_03082023145520.pdf"
"ADANIENT","Adani Enterprises Limited","Press Release","Adani Enterprises Limited has informed the Exchange regarding a press release dated July 27, 2023, titled ""Adani New Industries Limited raises trade finance facility of USD 394 mn from Barclays, Deutsche Bank"".","27-Jul-2023 19:54:48","2023-07-27 19:54:48","27-Jul-2023 19:54:57","00:00:09","https://nsearchives.nseindia.com/corporate/ADANIENT_27072023195448_ANILMR.pdf"
"ADANIENT","Adani Enterprises Limited","Loss of Share Certificates","Adani Enterprises Limited has informed the Exchange about Loss of Share Certificates","24-Jul-2023 19:33:24","2023-07-24 19:33:24","24-Jul-2023 19:33:35","00:00:11","https://nsearchives.nseindia.com/corporate/ADANIENT_24072023193324_REG39Intimation.pdf"
"ADANIENT","Adani Enterprises Limited","Shareholders meeting","Adani Enterprises Limited has submitted the Exchange a copy Srutinizers report of  Annual General Meeting held on July 18, 2023. Further, the company has informed the Exchange regarding voting results.","19-Jul-2023 22:19:56","2023-07-19 22:19:56","19-Jul-2023 22:20:04","00:00:08","https://nsearchives.nseindia.com/corporate/ADANIENT_19072023221956_AGMVOTING.pdf"
"ADANIENT","Adani Enterprises Limited","Shareholders meeting","Adani Enterprises Limited has informed the Exchange regarding Proceedings of Annual General Meeting held on July 18, 2023","18-Jul-2023 21:42:54","2023-07-18 21:42:54","18-Jul-2023 21:43:02","00:00:08","https://nsearchives.nseindia.com/corporate/ADANIENT_18072023214254_AELAGMOUTCOME.pdf"
"ADANIENT","Adani Enterprises Limited","Disclosure under SEBI Takeover Regulations","S B Adani Family Trust��has Submitted to the Exchange a copy of Disclosure under Regulation 31(4) of the Securities and Exchange Board of India��(Substantial Acquisition of Shares and Takeovers) Regulations, 2011.��","16-Jul-2023 17:07:54","2023-07-16 17:07:54","16-Jul-2023 17:08:03","00:00:09","https://nsearchives.nseindia.com/corporate/ADANIENT_16072023170754_ADANIENT.pdf"
"ADANIENT","Adani Enterprises Limited","Updates","Adani Enterprises Limited has informed the Exchange regarding 'Allotment of Non-Convertible Debentures on private placement basis'.","11-Jul-2023 19:52:42","2023-07-11 19:52:42","11-Jul-2023 19:52:48","00:00:06","https://nsearchives.nseindia.com/corporate/ADANIENT_11072023195242_AELNCDIntimation.pdf"
"ADANIENT","Adani Enterprises Limited","Acquisition","Adani Enterprises Limited has informed the Exchange about Acquisition","08-Jul-2023 15:23:15","2023-07-08 15:23:15","08-Jul-2023 15:23:25","00:00:10","https://nsearchives.nseindia.com/corporate/ADANIENT_08072023152315_AELTRAINMANI.pdf"
"ADANIENT","Adani Enterprises Limited","Copy of Newspaper Publication","Adani Enterprises Limited has informed the Exchange about Copy of Newspaper Publication","27-Jun-2023 18:15:19","2023-06-27 18:15:19","27-Jun-2023 18:15:26","00:00:07","https://nsearchives.nseindia.com/corporate/ADANIENT_27062023181519_AELPOSTAGMNEWSADD.pdf"
"ADANIENT","Adani Enterprises Limited","Shareholders meeting","Adani Enterprises Limited has informed the Exchange regarding Notice of Annual General Meeting to be held on July 18, 2023","27-Jun-2023 00:35:18","2023-06-27 00:35:18","27-Jun-2023 00:35:36","00:00:18","https://nsearchives.nseindia.com/corporate/ADANIENT_27062023003518_AELARDESPATCH.pdf"
"ADANIENT","Adani Enterprises Limited","Updates","Adani Enterprises Limited has informed the Exchange regarding 'Disclosure Note on  SEC News Article. '.","26-Jun-2023 23:00:36","2023-06-26 23:00:36","26-Jun-2023 23:00:42","00:00:06","https://nsearchives.nseindia.com/corporate/ADANIENT_26062023230036_AELDISCLOSURENOTE.pdf"
"ADANIENT","Adani Enterprises Limited","Copy of Newspaper Publication","Adani Enterprises Limited has informed the Exchange about Copy of Newspaper Publication","24-Jun-2023 16:35:01","2023-06-24 16:35:01","24-Jun-2023 16:35:08","00:00:07","https://nsearchives.nseindia.com/corporate/ADANIENT_24062023163501_AELPREAGM.pdf"
"ADANIENT","Adani Enterprises Limited","Press Release","Adani Enterprises Limited has informed the Exchange regarding a press release dated Jun 23, 2023, titled ""Media Release on the subject  AdaniConneX Seals theLargest Data Center Financing Deal in India with a USD 213 Mn ConstructionFinancing Facility ."".","23-Jun-2023 11:14:45","2023-06-23 11:14:45","23-Jun-2023 11:14:47","00:00:02","https://nsearchives.nseindia.com/corporate/ADANIENT_23062023111445_ACXMediaRelease.pdf"
"ADANIENT","Adani Enterprises Limited","Shareholders meeting","Adani Enterprises Limited has submitted the Exchange a copy Srutinizers report of  Postal Ballot. Further, the company has informed the Exchange regarding voting results along with copy of minutes.","17-Jun-2023 16:24:11","2023-06-17 16:24:11","17-Jun-2023 16:24:15","00:00:04","https://nsearchives.nseindia.com/corporate/ADANIENT_17062023162411_AELREG44.pdf"
"ADANIENT","Adani Enterprises Limited","Updates","Adani Enterprises Limited has informed the Exchange regarding 'Intimation for execution of Share Purchase Agreement in relation to acquisitionof 100% stake in Stark Enterprises Private Limited'.","16-Jun-2023 19:51:33","2023-06-16 19:51:33","16-Jun-2023 19:51:38","00:00:05","https://nsearchives.nseindia.com/corporate/ADANIENT_16062023195133_AELTrainman.pdf"
"ADANIENT","Adani Enterprises Limited","Updates","Adani Enterprises Limited has informed the Exchange regarding 'Intimation of interaction with Investors / Analysts'.","09-Jun-2023 17:40:25","2023-06-09 17:40:25","09-Jun-2023 17:40:27","00:00:02","https://nsearchives.nseindia.com/corporate/ADANIENT_09062023174025_Investorcall.pdf"
"ADANIENT","Adani Enterprises Limited","Updates","Adani Enterprises Limited has informed the Exchange regarding 'Update on acquisition of 100% stake in Swarna Tollway Private Limitedand 56.8% stake in Gujarat Road and Infrastructure Company Limited.'.","01-Jun-2023 20:25:36","2023-06-01 20:25:36","01-Jun-2023 20:25:40","00:00:04","https://nsearchives.nseindia.com/corporate/ADANIENT_01062023202536_AELMIAF.pdf"
"ADANIENT","Adani Enterprises Limited","Annual Secretarial Compliance Report","Annual Secretarial Compliance Certificate for the year ended 31st March, 2023","30-May-2023 19:58:26","2023-05-30 19:58:26","30-May-2023 20:00:12","00:01:46","https://nsearchives.nseindia.com/corporate/ADANIENT_30052023195826_AELASC.pdf"
"ADANIENT","Adani Enterprises Limited","Updates","Adani Enterprises Limited has informed the Exchange regarding 'Intimation of Meeting with Investors'.","24-May-2023 15:09:41","2023-05-24 15:09:41","24-May-2023 15:09:54","00:00:13","https://nsearchives.nseindia.com/corporate/ADANIENT_24052023150941_AELInvestorCall25052023.pdf"
"ADANIENT","Adani Enterprises Limited","Disclosure under SEBI Takeover Regulations","S. B. Adani Family Trust has Submitted to the Exchange a copy of Disclosure under Regulation 31(4) of the Securities and Exchange Board of India (Substantial Acquisition of Shares and Takeovers) Regulations, 2011.","18-May-2023 15:10:14","2023-05-18 15:10:14","18-May-2023 15:10:20","00:00:06","https://nsearchives.nseindia.com/corporate/ADANIENT_18052023151014_AEL.pdf"
"ADANIENT","Adani Enterprises Limited","Loss of Share Certificates","Adani Enterprises Limited has informed the Exchange about Loss of Share Certificates","17-May-2023 21:57:35","2023-05-17 21:57:35","17-May-2023 21:57:39","00:00:04","https://nsearchives.nseindia.com/corporate/ADANIENT_17052023215735_AELREG39.pdf"
"ADANIENT","Adani Enterprises Limited","Copy of Newspaper Publication","Adani Enterprises Limited has informed the Exchange about Copy of Newspaper Publication","16-May-2023 19:51:07","2023-05-16 19:51:07","16-May-2023 19:51:11","00:00:04","https://nsearchives.nseindia.com/corporate/ADANIENT_16052023195107_SEADVERTISEMENT.pdf"
"ADANIENT","Adani Enterprises Limited","Shareholders meeting","Adani Enterprises Limited has informed the Exchange regarding Notice of Postal Ballot","15-May-2023 19:22:16","2023-05-15 19:22:16","15-May-2023 19:22:21","00:00:05","https://nsearchives.nseindia.com/corporate/ADANIENT_15052023192216_SEPBNOTICE.pdf"
"ADANIENT","Adani Enterprises Limited","Outcome of Board Meeting","Adani Enterprises Limited has informed the Exchange regarding Outcome of Board Meeting held on May 13, 2023.","13-May-2023 13:32:12","2023-05-13 13:32:12","13-May-2023 13:32:16","00:00:04","https://nsearchives.nseindia.com/corporate/ADANIENT_13052023133212_AELBMOUTCOME1305.pdf"
"ADANIENT","Adani Enterprises Limited","Trading Window","Adani Enterprises Limited has informed the Exchange regarding the Trading Window closure pursuant to SEBI (Prohibition of Insider Trading) Regulations, 2015","10-May-2023 22:42:02","2023-05-10 22:42:02","10-May-2023 22:42:08","00:00:06","https://nsearchives.nseindia.com/corporate/ADANIENT_10052023224202_AELBMTWC.pdf"
"ADANIENT","Adani Enterprises Limited","Analysts/Institutional Investor Meet/Con. Call Updates","Adani Enterprises Limited has informed the Exchange about Transcript","09-May-2023 19:50:56","2023-05-09 19:50:56","09-May-2023 19:51:00","00:00:04","https://nsearchives.nseindia.com/corporate/ADANIENT_09052023195057_CallTranscript.pdf"
"ADANIENT","Adani Enterprises Limited","Related Party Transactions","Adani Enterprises Limited has informed the Exchange about related Party Transactions","04-May-2023 20:53:03","2023-05-04 20:53:03","04-May-2023 20:53:07","00:00:04","https://nsearchives.nseindia.com/corporate/ADANIENT_04052023205303_HalfyearlyRPT.pdf"
"ADANIENT","Adani Enterprises Limited","Analysts/Institutional Investor Meet/Con. Call Updates","Adani Enterprises Limited has informed the Exchange about Presentation and Link of Recording","04-May-2023 20:51:17","2023-05-04 20:51:17","04-May-2023 20:51:20","00:00:03","https://nsearchives.nseindia.com/corporate/ADANIENT_04052023205117_Recording.pdf"
"ADANIENT","Adani Enterprises Limited","Press Release","Adani Enterprises Limited has informed the Exchange regarding a press release dated May 04, 2023, titled ""Adani to buildIndia s first Integrated data center & technology business park in AndhraPradesh."".","04-May-2023 16:56:55","2023-05-04 16:56:55","04-May-2023 16:57:01","00:00:06","https://nsearchives.nseindia.com/corporate/ADANIENT_04052023165655_MRVIZAG.pdf"
"ADANIENT","Adani Enterprises Limited","Record Date","Adani Enterprises Limited has informed the Exchange that Record date for the purpose of Dividend  is 07-Jul-2023.","04-May-2023 15:29:30","2023-05-04 15:29:30","04-May-2023 15:29:38","00:00:08","https://nsearchives.nseindia.com/corporate/ADANIENT_04052023152930_AFR.pdf"
"ADANIENT","Adani Enterprises Limited","Investor Presentation","Adani Enterprises Limited has informed the Exchange about Investor Presentation","04-May-2023 15:25:03","2023-05-04 15:25:03","04-May-2023 15:25:29","00:00:26","https://nsearchives.nseindia.com/corporate/ADANIENT_04052023152503_MRPPT.pdf"
"ADANIENT","Adani Enterprises Limited","Financial Result Updates","Adani Enterprises Limited has submitted to the Exchange, the financial results for the period ended March 31, 2023.","04-May-2023 15:21:53","2023-05-04 15:21:53","04-May-2023 15:21:58","00:00:05","https://nsearchives.nseindia.com/corporate/AFR_04052023152153.pdf"
"ADANIENT","Adani Enterprises Limited","Updates","Adani Enterprises Limited has informed the Exchange regarding 'Submission of Media Statement'.","29-Apr-2023 22:19:22","2023-04-29 22:19:22","29-Apr-2023 22:19:27","00:00:05","https://nsearchives.nseindia.com/corporate/ADANIENT_29042023221922_MediaStatementSEBI.pdf"
"ADANIENT","Adani Enterprises Limited","Incorporation-XBRL","Intimation for incorporation of a Wholly Owned Subsidiary ( WOS ).","11-Apr-2023 19:47:25","2023-04-11 19:47:25","11-Apr-2023 19:47:30","00:00:05","https://nsearchives.nseindia.com/corporate/ADANIENT_11042023194725_PCLIntimation.pdf"
"ADANIENT","Adani Enterprises Limited","Updates","Adani Enterprises Limited has informed the Exchange regarding 'Submission of Media Statement.'.","11-Apr-2023 10:29:42","2023-04-11 10:29:42","11-Apr-2023 10:29:49","00:00:07","https://nsearchives.nseindia.com/corporate/ADANIENT_11042023102942_Adani.pdf"
"ADANIENT","Adani Enterprises Limited","Updates","Adani Enterprises Limited has informed the Exchange regarding 'Certificate under Regulation 74(5) of the SEBI (Depositories andParticipants) Regulations, 2018 for the quarter ended31st March, 2023'.","07-Apr-2023 18:43:08","2023-04-07 18:43:08","07-Apr-2023 18:43:16","00:00:08","https://nsearchives.nseindia.com/corporate/ADANIENT_07042023184308_AEL745.pdf"
"ADANIENT","Adani Enterprises Limited","Trading Window","Adani Enterprises Limited has informed the Exchange regarding the Trading Window closure pursuant to SEBI (Prohibition of Insider Trading) Regulations, 2015","31-Mar-2023 12:20:07","2023-03-31 12:20:07","31-Mar-2023 12:20:13","00:00:06","https://nsearchives.nseindia.com/corporate/ADANIENT_31032023122007_TWC.pdf"
"ADANIENT","Adani Enterprises Limited","News Verification","The Exchange has sought clarification from Adani Enterprises Limited with respect to recent news item captioned The Adani Group wants you to believe it has repaid all its loans against promoters.  The response from the Company is attached.","29-Mar-2023 10:31:00","2023-03-29 10:31:00","29-Mar-2023 10:31:20","00:00:20","https://nsearchives.nseindia.com/corporate/ADANIENT_29032023103114_NSE.pdf"
"ADANIENT","Adani Enterprises Limited","News Verification","The Exchange has sought clarification from Adani Enterprises Limited with respect to recent news item captioned The Adani Group wants you to believe it has repaid all its loans against promoters.  The response from the Company is awaited.","28-Mar-2023 15:14:00","2023-03-28 15:14:00","28-Mar-2023 15:14:54","00:00:54","-"
"ADANIENT","Adani Enterprises Limited","Updates","Adani Enterprises Limited has informed the Exchange regarding 'Update on acquisition of 49% stake of Quintillion Business MediaLimited ( QBML ) by AMG Media Networks Limited ( AMNL ), a whollyowned subsidiary of Adani Enterprises Limited ( Company )'.","27-Mar-2023 19:19:27","2023-03-27 19:19:27","27-Mar-2023 19:19:30","00:00:03","https://nsearchives.nseindia.com/corporate/ADANIENT_27032023191927_AELSEBQIntimation.pdf"
"ADANIENT","Adani Enterprises Limited","Loss of Share Certificates","Adani Enterprises Limited has informed the Exchange about Loss of Share Certificates","24-Mar-2023 18:10:47","2023-03-24 18:10:47","24-Mar-2023 18:10:50","00:00:03","https://nsearchives.nseindia.com/corporate/ADANIENT_24032023181047_AELSTOP.pdf"
"ADANIENT","Adani Enterprises Limited","Updates","Adani Enterprises Limited has informed the Exchange regarding 'Clarification on recent news item appeared in  www.thewire.in  dated March 20, 2023 captioned  Adani Group Suspends Work on Rs 34,900 Crore Petrochemical Project in Mundra '.","21-Mar-2023 19:57:45","2023-03-21 19:57:45","21-Mar-2023 19:57:47","00:00:02","https://nsearchives.nseindia.com/corporate/ADANIENT_21032023195745_NSE.pdf"
"ADANIENT","Adani Enterprises Limited","News Verification","The Exchange has sought clarification from Adani Enterprises Limited with respect to recent news item captioned Adani Group Suspends Work on Rs 34,900 Crore Petrochemical Project in Mundra.  The response from the Company is attached.","21-Mar-2023 10:25:00","2023-03-21 10:25:00","21-Mar-2023 10:25:36","00:00:36","https://nsearchives.nseindia.com/corporate/ADANIENT_21032023102535_Clarification_of_PVC_Project.pdf"
"ADANIENT","Adani Enterprises Limited","News Verification","The Exchange has sought clarification from Adani Enterprises Limited with respect to recent news item captioned Adani Group Suspends Work on Rs 34,900 Crore Petrochemical Project in Mundra.  The response from the Company is awaited.","20-Mar-2023 13:00:00","2023-03-20 13:00:00","20-Mar-2023 13:00:10","00:00:10","-"
"ADANIENT","Adani Enterprises Limited","News Verification","The Exchange has sought clarification from Adani Enterprises Limited with respect to recent news item captioned Adani Group Does Not Own Ambuja Cements and ACC; Ultimate Beneficiary Is Vinod Adani.  The response from the Company is attached.","16-Mar-2023 15:33:00","2023-03-16 15:33:00","16-Mar-2023 15:33:09","00:00:09","https://nsearchives.nseindia.com/corporate/ADANIENT_16032023153304_NSE.pdf"
"ADANIENT","Adani Enterprises Limited","News Verification","The Exchange has sought clarification from Adani Enterprises Limited with respect to recent news item captioned Adani Group Does Not Own Ambuja Cements and ACC; Ultimate Beneficiary Is Vinod Adani.  The response from the Company is awaited.","14-Mar-2023 17:48:00","2023-03-14 17:48:00","14-Mar-2023 17:49:07","00:01:07","-"
"ADANIENT","Adani Enterprises Limited","Updates","Adani Enterprises Limited has informed the Exchange regarding 'Receipt of Letter of intent in respect of Ballada Bauxite Block in Odisha'.","03-Mar-2023 11:18:00","2023-03-03 11:18:00","03-Mar-2023 11:18:12","00:00:12","https://nsearchives.nseindia.com/corporate/ADANIENT_03032023111800_AELballada.pdf"
"ADANIENT","Adani Enterprises Limited","Press Release","Adani Enterprises Limited has informed the Exchange regarding a press release dated March 02, 2023, titled ""Adani Portfoliocompanies complete INR 15,446 Cr secondary equity transaction withGQG Partners."".","02-Mar-2023 18:35:37","2023-03-02 18:35:37","02-Mar-2023 18:35:42","00:00:05","https://nsearchives.nseindia.com/corporate/ADANIENT_02032023183537_MRADANIPORTFOLIO.pdf"
"ADANIENT","Adani Enterprises Limited","News Verification","The Exchange has sought clarification from Adani Enterprises Limited with respect to recent news item captioned Adani says has secured $3 billion credit from sovereign wealth fund.  The response from the Company is attached.","02-Mar-2023 16:08:00","2023-03-02 16:08:00","02-Mar-2023 16:08:48","00:00:48","https://nsearchives.nseindia.com/corporate/ADANIENT_02032023160845_NSEClarification.pdf"
"ADANIENT","Adani Enterprises Limited","News Verification","The Exchange has sought clarification from Adani Enterprises Limited with respect to recent news item captioned Adani says has secured $3 billion credit from sovereign wealth fund.  The response from the Company is awaited.","01-Mar-2023 17:46:00","2023-03-01 17:46:00","01-Mar-2023 17:46:05","00:00:05","-"
"ADANIENT","Adani Enterprises Limited","Updates","Adani Enterprises Limited has informed the Exchange regarding 'Receipt of Letter of intent in respect of Kutrumali Bauxite Block inOdisha'.","28-Feb-2023 19:20:15","2023-02-28 19:20:15","28-Feb-2023 19:20:18","00:00:03","https://nsearchives.nseindia.com/corporate/ADANIENT_28022023192015_Kutrumalblock.pdf"
"ADANIENT","Adani Enterprises Limited","Updates","Adani Enterprises Limited has informed the Exchange regarding 'Transcript of Earnings Call pertaining to the Unaudited Financial Resultsof the Company for Q3 FY 23.'.","17-Feb-2023 19:09:05","2023-02-17 19:09:05","17-Feb-2023 19:09:10","00:00:05","https://nsearchives.nseindia.com/corporate/ADANIENT_17022023190905_AELEarningCallTranscript.pdf"
"ADANIENT","Adani Enterprises Limited","News Verification","The Exchange has sought clarification from Adani Enterprises Limited with respect to recent news item captioned Adani hires Grant Thornton for audits after Hindenburg fallout: Report.  The response from the Company is attached.","16-Feb-2023 11:49:00","2023-02-16 11:49:00","16-Feb-2023 11:49:25","00:00:25","https://nsearchives.nseindia.com/corporate/ADANIENT_16022023114918_NSEClarificationGT.pdf"
"ADANIENT","Adani Enterprises Limited","Updates","Adani Enterprises Limited has informed the Exchange regarding 'Submission of Audio Recording of Analysts/Investors  Call and Presentation pertaining to the Unaudited Financial Results of the Company for Q3FY 23 '.","14-Feb-2023 21:26:35","2023-02-14 21:26:35","14-Feb-2023 21:26:38","00:00:03","https://nsearchives.nseindia.com/corporate/ADANIENT_14022023212635_AELRECORDING.pdf"
"ADANIENT","Adani Enterprises Limited","News Verification","The Exchange has sought clarification from Adani Enterprises Limited with respect to recent news item captioned Adani hires Grant Thornton for audits after Hindenburg fallout: Report.  The response from the Company is awaited.","14-Feb-2023 18:29:00","2023-02-14 18:29:00","14-Feb-2023 18:29:51","00:00:51","-"
"ADANIENT","Adani Enterprises Limited","Updates","Adani Enterprises Limited has informed the Exchange regarding 'Adani Listed Portfolio - 9M FY23 Results Compendium And Credit Note'.","14-Feb-2023 17:52:49","2023-02-14 17:52:49","14-Feb-2023 17:52:54","00:00:05","https://nsearchives.nseindia.com/corporate/ADANIENT_14022023175249_AELResultsCompendium.pdf"
"ADANIENT","Adani Enterprises Limited","Outcome of Board Meeting","Adani Enterprises Limited has informed the Exchange regarding  Board meeting held on February 14, 2023.","14-Feb-2023 16:02:38","2023-02-14 16:02:38","14-Feb-2023 16:02:40","00:00:02","https://nsearchives.nseindia.com/corporate/ADANIENT_14022023160238_Outcome.pdf"
"ADANIENT","Adani Enterprises Limited","Financial Result Updates","Adani Enterprises Limited has submitted to the Exchange, the financial results for the period ended December 31, 2022.","14-Feb-2023 13:47:08","2023-02-14 13:47:08","14-Feb-2023 13:47:16","00:00:08","https://nsearchives.nseindia.com/corporate/Outcome_14022023134708.pdf"
"ADANIENT","Adani Enterprises Limited","Updates","Adani Enterprises Limited has informed the Exchange regarding 'Withdrawal of the further public offer of partly paid equity shares of face value of Re. 1 each (the  Offer ) by Adani Enterprises Limited (the  Company ) and the red herring prospectus dated January 18, 2023 ( RHP ) filed by the Company with the Registrar of Companies, Gujarat at Ahmedabad ( RoC ) in relation to the Offer '.","02-Feb-2023 13:57:20","2023-02-02 13:57:20","02-Feb-2023 13:57:23","00:00:03","https://nsearchives.nseindia.com/corporate/ADANIENT_02022023135720_AELWITHDRAWLLETTER0202.pdf"
"ADANIENT","Adani Enterprises Limited","Updates","Adani Enterprises Limited has informed the Exchange regarding 'Updates under Regulation 30 of the Securities and Exchange Board of India (Listing Obligations and Disclosure Requirements) Regulations, 2015'.","01-Feb-2023 22:22:08","2023-02-01 22:22:08","01-Feb-2023 22:22:13","00:00:05","https://nsearchives.nseindia.com/corporate/ADANIENT_01022023222208_AEL01022023.pdf"
"ADANIENT","Adani Enterprises Limited","News Verification","The Exchange has sought clarification from Adani Enterprises Limited with respect to recent news item captioned Adani Enterprises allots Rs 5,985-cr worth shares to anchor investors.  The response from the Company is attached.","30-Jan-2023 16:58:00","2023-01-30 16:58:00","30-Jan-2023 16:58:24","00:00:24","https://nsearchives.nseindia.com/corporate/ADANIENT_30012023165819_NSE.pdf"
"ADANIENT","Adani Enterprises Limited","Updates","Adani Enterprises Limited has informed the Exchange regarding 'Submission of Media Release on the subject  Response to Hindenburg Report""'.","29-Jan-2023 22:23:28","2023-01-29 22:23:28","29-Jan-2023 22:23:31","00:00:03","https://nsearchives.nseindia.com/corporate/ADANIENT_29012023222328_ADANI2901.pdf"
"ADANIENT","Adani Enterprises Limited","Updates","Adani Enterprises Limited has informed the Exchange regarding 'Notice toInvestors'.","28-Jan-2023 17:17:55","2023-01-28 17:17:55","28-Jan-2023 17:17:58","00:00:03","https://nsearchives.nseindia.com/corporate/ADANIENT_28012023171755_NoticetoInvestorsR.pdf"
"ADANIENT","Adani Enterprises Limited","Updates","Adani Enterprises Limited has informed the Exchange regarding 'Submission of Media Release with respect to  Notice to Investors .'.","28-Jan-2023 13:06:54","2023-01-28 13:06:54","28-Jan-2023 13:06:57","00:00:03","https://nsearchives.nseindia.com/corporate/ADANIENT_28012023130654_CoveringLetter.pdf"
"ADANIENT","Adani Enterprises Limited","Updates","Adani Enterprises Limited has informed the Exchange regarding 'Presentation covering Adani Group s response to Hindenburg Report'.","27-Jan-2023 18:14:53","2023-01-27 18:14:53","27-Jan-2023 18:14:57","00:00:04","https://nsearchives.nseindia.com/corporate/ADANIENT_27012023181453_PPTHINDENBRUGREPORT.pdf"
"ADANIENT","Adani Enterprises Limited","News Verification","The Exchange has sought clarification from Adani Enterprises Limited with respect to recent news item captioned Adani Enterprises allots Rs 5,985-cr worth shares to anchor investors.  The response from the Company is awaited.","27-Jan-2023 17:50:00","2023-01-27 17:50:00","27-Jan-2023 17:50:16","00:00:16","-"
"ADANIENT","Adani Enterprises Limited","Updates","Adani Enterprises Limited has informed the Exchange regarding 'Submission of Media Statement by Mr. Jatin Jalundhwala, Group Head - Legal, Adani'.","26-Jan-2023 11:15:16","2023-01-26 11:15:16","26-Jan-2023 11:15:20","00:00:04","https://nsearchives.nseindia.com/corporate/ADANIENT_26012023111516_MediaStatement.pdf"
"ADANIENT","Adani Enterprises Limited","Updates","Adani Enterprises Limited has informed the Exchange regarding 'Submission of Media Statement by Mr. Jugeshinder Singh, Group CFO, Adani Group'.","25-Jan-2023 15:09:25","2023-01-25 15:09:25","25-Jan-2023 15:09:28","00:00:03","https://nsearchives.nseindia.com/corporate/ADANIENT_25012023150925_AELJSSTATEMENTFPO.pdf"
"ADANIENT","Adani Enterprises Limited","News Verification","The Exchange has sought clarification from Adani Enterprises Limited with respect to recent news item captioned India's Adani partners with Leyland, Ballard to make hydrogen fueled electric truck.  The response from the Company is attached.","23-Jan-2023 17:52:00","2023-01-23 17:52:00","23-Jan-2023 17:52:37","00:00:37","https://nsearchives.nseindia.com/corporate/ADANIENT_23012023175232_Clarification_-_NSE.pdf"
"ADANIENT","Adani Enterprises Limited","Updates","Adani Enterprises Limited has informed the Exchange regarding 'Intimation for incorporation of a Joint Venture Company'.","21-Jan-2023 16:17:41","2023-01-21 16:17:41","21-Jan-2023 16:17:45","00:00:04","https://nsearchives.nseindia.com/corporate/ADANIENT_21012023161741_AELArmadaDefence.pdf"
"ADANIENT","Adani Enterprises Limited","News Verification","The Exchange has sought clarification from Adani Enterprises Limited with respect to recent news item captioned India's Adani partners with Leyland, Ballard to make hydrogen fueled electric truck.  The response from the Company is awaited.","18-Jan-2023 18:51:00","2023-01-18 18:51:00","18-Jan-2023 18:51:23","00:00:23","-"
"ADANIENT","Adani Enterprises Limited","Updates","Adani Enterprises Limited has informed the Exchange regarding 'Further public offer of equity shares aggregating up to &#8377; 20,000 crore of face value &#8377;1 each on partly paid-up basis (the  FPO Equity Shares ) by Adani Enterprises Limited (the  Company ) under the provisions of Chapter IV of the Securities and Exchange Board of India (Issue of Capital and Disclosure Requirements) Regulations, 2018, as amended (the  SEBI ICDR Regulations ), the Companies Act, 2013, including the rules made thereunder, each as amended (the  Offer ).'.","18-Jan-2023 16:55:36","2023-01-18 16:55:36","18-Jan-2023 16:55:40","00:00:04","https://nsearchives.nseindia.com/corporate/ADANIENT_18012023165536_AELFPOPRICEINTIMATION.pdf"
"ADANIENT","Adani Enterprises Limited","Updates","Adani Enterprises Limited has informed the Exchange regarding 'Further public offer of equity shares aggregating up to &#8377; 20,000 crore of face value&#8377;1 each (the  Equity Shares ) by Adani Enterprises Limited (the  Company ) underthe provisions of Chapter IV of the Securities and Exchange Board of India (Issue ofCapital and Disclosure Requirements) Regulations, 2018, as amended (the  SEBIICDR Regulations ), the Companies Act, 2013, including the rules made thereunder,each as amended (the  Offer ).'.","18-Jan-2023 16:34:20","2023-01-18 16:34:20","18-Jan-2023 16:34:23","00:00:03","https://nsearchives.nseindia.com/corporate/ADANIENT_18012023163420_AELBM1801.pdf"
"ADANIENT","Adani Enterprises Limited","News Verification","The Exchange has sought clarification from Adani Enterprises Limited with respect to recent news item captioned Adani Enterprises may open higher as Gautam Adani races for PTC India stake.  The response from the Company is attached.","16-Jan-2023 18:23:00","2023-01-16 18:23:00","16-Jan-2023 18:23:42","00:00:42","https://nsearchives.nseindia.com/corporate/ADANIENT_16012023182336_NSE.pdf"
"ADANIENT","Adani Enterprises Limited","News Verification","The Exchange has sought clarification from Adani Enterprises Limited with respect to recent news item captioned Adani Enterprises may open higher as Gautam Adani races for PTC India stake.  The response from the Company is awaited.","12-Jan-2023 11:53:00","2023-01-12 11:53:00","12-Jan-2023 11:54:00","00:00:60","-"
"ADANIENT","Adani Enterprises Limited","Updates","Adani Enterprises Limited has informed the Exchange regarding 'Certificate under Regulation 74(5) of the SEBI (Depositories and Participants) Regulations, 2018 for the quarter ended                                      31st December, 2022'.","10-Jan-2023 19:30:17","2023-01-10 19:30:17","10-Jan-2023 19:30:24","00:00:07","https://nsearchives.nseindia.com/corporate/ADANIENT_10012023193017_AEL745.pdf"
"ADANIENT","Adani Enterprises Limited","News Verification","The Exchange has sought clarification from Adani Enterprises Limited with respect to recent news item captioned Adani Group In Talks To Buy Promoter Stake In Orient Cement.  The response from the Company is attached.","09-Jan-2023 17:20:00","2023-01-09 17:20:00","09-Jan-2023 17:21:01","00:01:01","https://nsearchives.nseindia.com/corporate/ADANIENT_09012023172056_AELNSEORIENT.pdf"
"ADANIENT","Adani Enterprises Limited","News Verification","The Exchange has sought clarification from Adani Enterprises Limited with respect to recent news item captioned Adani Group In Talks To Buy Promoter Stake In Orient Cement.  The response from the Company is awaited.","03-Jan-2023 18:27:00","2023-01-03 18:27:00","03-Jan-2023 18:27:03","00:00:03","-"
"ADANIENT","Adani Enterprises Limited","Updates","Adani Enterprises Limited has informed the Exchange regarding 'Update on Open Offer by Vishvapradhan Commercial Private Limited ( VCPL ), an indirect subsidiary of Adani Enterprises Limited ( Company ) to the public shareholders of New Delhi Television Limited ( Open Offer )'.","03-Jan-2023 11:14:25","2023-01-03 11:14:25","03-Jan-2023 11:14:30","00:00:05","https://nsearchives.nseindia.com/corporate/ADANIENT_03012023111425_AELNDTVAdvertisement.pdf"
"ADANIENT","Adani Enterprises Limited","Shareholders meeting","Adani Enterprises Limited has submitted the Exchange a copy Srutinizers report of  Postal Ballot. Further, the company has informed the Exchange regarding voting results along with copy of minutes.","31-Dec-2022 20:51:31","2022-12-31 20:51:31","31-Dec-2022 20:51:36","00:00:05","https://nsearchives.nseindia.com/corporate/ADANIENT_31122022205131_AELPB.pdf"
"ADANIENT","Adani Enterprises Limited","Press Release","Adani Enterprises Limited has informed the Exchange regarding a press release dated December 30, 2022, titled ""Media Release on the subject  AMG Media Networks raises its stake in NDTV to 64.71%."".","30-Dec-2022 20:51:23","2022-12-30 20:51:23","30-Dec-2022 20:51:28","00:00:05","https://nsearchives.nseindia.com/corporate/ADANIENT_30122022205123_AELNDTVMR.pdf"
"ADANIENT","Adani Enterprises Limited","Acquisition","Intimation for acquisition of 27.26% stake in New Delhi TelevisionLimited ( NDTV ) by RRPR Holding Private Limited ( RRPR ), an indirectsubsidiary of Adani Enterprises Limited ( Company )","30-Dec-2022 09:22:09","2022-12-30 09:22:09","30-Dec-2022 09:22:23","00:00:14","https://nsearchives.nseindia.com/corporate/ADANIENT_30122022092209_AELNDTV.pdf"
"ADANIENT","Adani Enterprises Limited","Updates","Adani Enterprises Limited has informed the Exchange regarding 'Update on acquisition of 100% stake in SIBIA Analytics and Consulting ServicesPrivate Limited'.","28-Dec-2022 11:34:50","2022-12-28 11:34:50","28-Dec-2022 11:34:55","00:00:05","https://nsearchives.nseindia.com/corporate/ADANIENT_28122022113450_AELSIBIAIntimation28122022.pdf"
"ADANIENT","Adani Enterprises Limited","Trading Window","Adani Enterprises Limited has informed the Exchange regarding the Trading Window closure pursuant to SEBI (Prohibition of Insider Trading) Regulations, 2015","27-Dec-2022 18:14:02","2022-12-27 18:14:02","27-Dec-2022 18:14:08","00:00:06","https://nsearchives.nseindia.com/corporate/ADANIENT_27122022181402_AELTWC_27122022.pdf"
"ADANIENT","Adani Enterprises Limited","Press Release","Adani Enterprises Limited has informed the Exchange regarding a press release dated December 21, 2022, titled "" Adani Solar s green breakthrough: Introduces India s first large sized monocrystalline silicon ingot ."".","21-Dec-2022 16:23:00","2022-12-21 16:23:00","21-Dec-2022 16:23:03","00:00:03","https://nsearchives.nseindia.com/corporate/ADANIENT_21122022162300_AELSOMARMR.pdf"
"ADANIENT","Adani Enterprises Limited","Updates","Adani Enterprises Limited has informed the Exchange regarding 'Intimation for Incorporation of a Wholly Owned Subsidiary (""WOS"") byJoint Venture of the Company'.","17-Dec-2022 13:07:40","2022-12-17 13:07:40","17-Dec-2022 13:07:43","00:00:03","https://nsearchives.nseindia.com/corporate/ADANIENT_17122022130740_ACXNDCTL.pdf"
"ADANIENT","Adani Enterprises Limited","General updates","Adani Enterprises Limited has informed the Exchange about Intimation for interaction with Analysts / Investors.","12-Dec-2022 18:27:27","2022-12-12 18:27:27","12-Dec-2022 18:27:29","00:00:02","https://nsearchives.nseindia.com/corporate/ADANIENT_12122022182727_AELDecemberInvestorMeet.pdf"
"ADANIENT","Adani Enterprises Limited","Acquisition","Acquisition of 100% stake of Alluvial Mineral Resources Private Limited","08-Dec-2022 19:04:18","2022-12-08 19:04:18","08-Dec-2022 19:04:21","00:00:03","https://nsearchives.nseindia.com/corporate/ADANIENT_08122022190418_AELAMRPL.pdf"
"ADANIENT","Adani Enterprises Limited","Newspaper Advertisements","Adani Enterprises Limited has informed the Exchange about Newspaper advertisement for dispatch of Notice of Postal Ballot and Form","01-Dec-2022 13:12:48","2022-12-01 13:12:48","01-Dec-2022 13:12:54","00:00:06","https://nsearchives.nseindia.com/corporate/ADANIENT_01122022131248_IntimationtoSE_PostalBallotNoticeAdvt_.pdf"
"ADANIENT","Adani Enterprises Limited","General updates","Adani Enterprises Limited has informed the Exchange about Update on Open Offer by Vishvapradhan Commercial Private Limited (���VCPL���), an indirect subsidiary of Adani Enterprises Limited (���Company���) to the public shareholders of New Delhi Television Limited (���Open Offer���)","30-Nov-2022 13:29:42","2022-11-30 13:29:42","30-Nov-2022 13:29:45","00:00:03","https://nsearchives.nseindia.com/corporate/ADANIENT_30112022132942_SEdiscNDTV.pdf"
"ADANIENT","Adani Enterprises Limited","General updates","Adani Enterprises Limited has informed the Exchange about Update on Open Offer by Vishvapradhan Commercial Private Limited (���VCPL���), an indirect subsidiary of Adani Enterprises Limited (���Company���) to the public shareholders of New Delhi Television Limited (���Open Offer���)","28-Nov-2022 21:36:33","2022-11-28 21:36:33","28-Nov-2022 21:36:37","00:00:04","https://nsearchives.nseindia.com/corporate/ADANIENT_28112022213633_AELStockExchangeIntimation.pdf"
"ADANIENT","Adani Enterprises Limited","Postal Ballot","Adani Enterprises Limited has informed the Exchange about Notice of Postal Ballot","28-Nov-2022 19:08:42","2022-11-28 19:08:42","28-Nov-2022 19:08:45","00:00:03","https://nsearchives.nseindia.com/corporate/ADANIENT_28112022190842_PostalBallotNotice.pdf"
"ADANIENT","Adani Enterprises Limited","Outcome of Board Meeting","Adani Enterprises Limited  has informed the Exchange about Outcome of Board Meeting held on 25-Nov-2022 for raising of funds by way of a further public offer of equity shares.","25-Nov-2022 14:55:27","2022-11-25 14:55:27","25-Nov-2022 14:55:33","00:00:06","https://nsearchives.nseindia.com/corporate/ADANIENT_25112022145527_AELSEDisclosurePostBMIntimation25112022.pdf"
"ADANIENT","Adani Enterprises Limited","News Verification","ADANIENT : The Exchange has sought clarification from Adani Enterprises Limited with respect to recent news item captioned Adani looks to raise $5 billion from wealth funds.  The response from the Company is awaited.","24-Nov-2022 16:50:12","2022-11-24 16:50:12","24-Nov-2022 16:50:17","00:00:05","-"
"ADANIENT","Adani Enterprises Limited","General updates","Adani Enterprises Limited has informed the Exchange about Intimation for interaction with Analysts / Investors.","19-Nov-2022 12:55:36","2022-11-19 12:55:36","19-Nov-2022 12:55:40","00:00:04","https://nsearchives.nseindia.com/corporate/ADANIENT_19112022125536_AELINVESTOR1911.pdf"
"ADANIENT","Adani Enterprises Limited","News Verification","ADANIENT : The Exchange has sought clarification from Adani Enterprises Limited with respect to recent news item captioned Sebi approves Adanis open offer for 26% additional stake in NDTV.  The response from the Company is attached.","17-Nov-2022 16:17:40","2022-11-17 16:17:40","17-Nov-2022 16:17:44","00:00:04","https://nsearchives.nseindia.com/corporate/ADANIENT_17112022161739_NSE1711.pdf"
"ADANIENT","Adani Enterprises Limited","News Verification","ADANIENT : The Exchange has sought clarification from Adani Enterprises Limited with respect to recent news item captioned Sebi approves Adanis open offer for 26% additional stake in NDTV.  The response from the Company is awaited.","16-Nov-2022 18:05:59","2022-11-16 18:05:59","16-Nov-2022 18:06:04","00:00:05","-"
"ADANIENT","Adani Enterprises Limited","General updates","Adani Enterprises Limited has informed the Exchange about Intimation for interaction with Analysts / Investors.","15-Nov-2022 16:08:33","2022-11-15 16:08:33","15-Nov-2022 16:08:36","00:00:03","https://nsearchives.nseindia.com/corporate/ADANIENT_15112022160833_AELInvestorMeet.pdf"
"ADANIENT","Adani Enterprises Limited","Schedule of Analysts/Institutional Investor Meet/Con. Call","Adani Enterprises Limited has informed the Exchange about Schedule of Analysts/Institutional Investor Meet/Con. Call ","10-Nov-2022 19:56:09","2022-11-10 19:56:09","10-Nov-2022 19:56:12","00:00:03","https://nsearchives.nseindia.com/corporate/ADANIENT_10112022195609_AELNovember2022.pdf"
"ADANIENT","Adani Enterprises Limited","Transcript of Analysts/Institutional Investor Meet/Con. Call","Adani Enterprises Limited has informed the Exchange about Transcript of Analysts/Institutional Investor Meet/Con. Call ","10-Nov-2022 19:55:27","2022-11-10 19:55:27","10-Nov-2022 19:55:30","00:00:03","https://nsearchives.nseindia.com/corporate/ADANIENT_10112022195527_AELTRANSCRIPT.pdf"
"ADANIENT","Adani Enterprises Limited","General updates","Adani Enterprises Limited has informed the Exchange about Intimation for execution of Memorandum of Understanding (���MOU���) by AdaniConnex Private Limited, Joint Venture of the Company","10-Nov-2022 16:55:51","2022-11-10 16:55:51","10-Nov-2022 16:55:54","00:00:03","https://nsearchives.nseindia.com/corporate/ADANIENT_10112022165551_SPPLIntimation....pdf"
"ADANIENT","Adani Enterprises Limited","Related Party Transaction","Adani Enterprises Limited has informed the Exchange about related party transaction for the period ended September 2022","05-Nov-2022 16:23:27","2022-11-05 16:23:27","05-Nov-2022 16:23:32","00:00:05","https://nsearchives.nseindia.com/corporate/ADANIENT_05112022162327_AEL3009RPT.pdf"
"ADANIENT","Adani Enterprises Limited","Recording of Analysts/Institutional Investor Meet/Con. Call","Adani Enterprises Limited has informed the Exchange about Recording of Analysts/Institutional Investor Meet/Con. Call","04-Nov-2022 19:38:48","2022-11-04 19:38:48","04-Nov-2022 19:38:52","00:00:04","https://nsearchives.nseindia.com/corporate/ADANIENT_04112022193848_AELRECORDING.pdf"
"ADANIENT","Adani Enterprises Limited","Press Release","Adani Enterprises Limited has informed the Exchange about press release dated 04-Nov-2022 titled ���Chennai 1���, Hyperscale Data center campus powered with Renewable Energy, will enable sustainable digital growth in the region","04-Nov-2022 14:33:12","2022-11-04 14:33:12","04-Nov-2022 14:33:16","00:00:04","https://nsearchives.nseindia.com/corporate/ADANIENT_04112022143312_ACXMediaRelease.pdf"
"ADANIENT","Adani Enterprises Limited","Appointment","Adani Enterprises Limited  has informed the Exchange about appointment of Omkar Goswami  as Independent Director of the company w.e.f. 03-Nov-2022","03-Nov-2022 18:30:19","2022-11-03 18:30:19","03-Nov-2022 18:30:22","00:00:03","https://nsearchives.nseindia.com/corporate/ADANIENT_03112022183018_Outcome.pdf"
"ADANIENT","Adani Enterprises Limited","Outcome of Board Meeting","Adani Enterprises Limited  has informed the Exchange about Board Meeting held on 03-Nov-2022 to consider financial statements for the period ended September 2022","03-Nov-2022 18:19:07","2022-11-03 18:19:07","03-Nov-2022 18:19:11","00:00:04","https://nsearchives.nseindia.com/corporate/ADANIENT_03112022181906_Outcome.pdf"
"ADANIENT","Adani Enterprises Limited","General updates","Adani Enterprises Limited has informed the Exchange about Intimation under Regulation 39(3) of the SEBI (Listing Obligations and Disclosure Requirements) Regulations, 2015.","02-Nov-2022 18:50:21","2022-11-02 18:50:21","02-Nov-2022 18:50:25","00:00:04","https://nsearchives.nseindia.com/corporate/ADANIENT_02112022185021_STP.pdf"
"ADANIENT","Adani Enterprises Limited","General updates","Adani Enterprises Limited has informed the Exchange about Definitive Agreement for acquisition of 69.41% stake in Air Works India (Engineering) Private Limited (AWIEPL)","19-Oct-2022 15:40:12","2022-10-19 15:40:12","19-Oct-2022 15:40:16","00:00:04","https://nsearchives.nseindia.com/corporate/ADANIENT_19102022154012_AIRWORKSREG30.pdf"
"ADANIENT","Adani Enterprises Limited","General updates","Adani Enterprises Limited has informed the Exchange about Update on Open Offer by Vishvapradhan Commercial Private Limited (���VCPL���), an indirect subsidiary of Adani Enterprises Limited (���Company���), to the public shareholders of New Delhi Television Limited (���NDTV���) (���Open Offer���).","19-Oct-2022 15:38:48","2022-10-19 15:38:48","19-Oct-2022 15:38:51","00:00:03","https://nsearchives.nseindia.com/corporate/ADANIENT_19102022153848_NDTV.pdf"
"ADANIENT","Adani Enterprises Limited","Press Release","Adani Enterprises Limited has informed the Exchange about press release dated 18-Oct-2022 titled Adani Defence & Aerospace to acquire Air Works for an enterprise value of INR 400 Crore","18-Oct-2022 18:04:33","2022-10-18 18:04:33","18-Oct-2022 18:04:35","00:00:02","https://nsearchives.nseindia.com/corporate/ADANIENT_18102022180433_AirWorksMediaRelease.pdf"
"ADANIENT","Adani Enterprises Limited","General updates","Adani Enterprises Limited has informed the Exchange about Intimation for execution of binding term sheet in relation to acquisition of 100% stake in SIBIA Analytics and Consulting Services Private Limited","15-Oct-2022 17:05:48","2022-10-15 17:05:48","15-Oct-2022 17:05:52","00:00:04","https://nsearchives.nseindia.com/corporate/ADANIENT_15102022170548_SIBIAACQ.pdf"
"ADANIENT","Adani Enterprises Limited","News Verification","ADANIENT : The Exchange has sought clarification from Adani Enterprises Limited with respect to recent news item captioned Gautam Adani closing in on Jaypees cement business.  The response from the Company is awaited.","14-Oct-2022 17:16:03","2022-10-14 17:16:03","14-Oct-2022 17:16:09","00:00:06","https://nsearchives.nseindia.com/corporate/ADANIENT_14102022171603_NSE_Clarification.pdf"
"ADANIENT","Adani Enterprises Limited","News Verification","ADANIENT : The Exchange has sought clarification from Adani Enterprises Limited with respect to recent news item captioned Gautam Adani closing in on Jaypees cement business.  The response from the Company is awaited.","11-Oct-2022 16:53:12","2022-10-11 16:53:12","11-Oct-2022 16:53:15","00:00:03","-"
"ADANIENT","Adani Enterprises Limited","General updates","Adani Enterprises Limited has informed the Exchange about Certificate under Regulation 74(5) of the SEBI (Depositories and Participants) Regulations, 2018 for the quarter ended 30th September, 2022","07-Oct-2022 15:44:45","2022-10-07 15:44:45","07-Oct-2022 15:44:49","00:00:04","https://nsearchives.nseindia.com/corporate/ADANIENT_07102022154445_AEL74.pdf"
"ADANIENT","Adani Enterprises Limited","General updates","Adani Enterprises Limited has informed the Exchange about Intimation for Incorporation of Wholly Owned Subsidiaries","04-Oct-2022 18:50:30","2022-10-04 18:50:30","04-Oct-2022 18:50:34","00:00:04","https://nsearchives.nseindia.com/corporate/ADANIENT_04102022185030_INCORP2COMP.pdf"
"ADANIENT","Adani Enterprises Limited","General updates","Adani Enterprises Limited has informed the Exchange about Intimation for interaction with Analysts / Investors.","04-Oct-2022 18:49:24","2022-10-04 18:49:24","04-Oct-2022 18:49:29","00:00:05","https://nsearchives.nseindia.com/corporate/ADANIENT_04102022184924_AELANALYST04102022.pdf"
"ADANIENT","Adani Enterprises Limited","Closure of trading window","Adani Enterprises Limited has informed the Exchange about Closure of trading window","30-Sep-2022 17:48:57","2022-09-30 17:48:57","30-Sep-2022 17:49:03","00:00:06","https://nsearchives.nseindia.com/corporate/ADANIENT_30092022174857_AELTWC.pdf"
"ADANIENT","Adani Enterprises Limited","General updates","Adani Enterprises Limited has informed the Exchange about Updates regarding Financial Closure achieved for the Access-Controlled Six Lane (Expandable to Eight Lane) Greenfield Ganga Expressway Project (Group-II, III & IV) in the State of Uttar Pradesh respectively on DBFOT (Toll) basis under PPP mode","29-Sep-2022 12:26:27","2022-09-29 12:26:27","29-Sep-2022 12:26:35","00:00:08","https://nsearchives.nseindia.com/corporate/ADANIENT_29092022122627_AELGANGAEXPRESSWAY.pdf"
"ADANIENT","Adani Enterprises Limited","General updates","Adani Enterprises Limited has informed the Exchange about Intimation for interaction with Analysts / Investors.","28-Sep-2022 18:02:54","2022-09-28 18:02:54","28-Sep-2022 18:02:58","00:00:04","https://nsearchives.nseindia.com/corporate/ADANIENT_28092022180254_AEL10OCT.pdf"
"ADANIENT","Adani Enterprises Limited","General updates","Adani Enterprises Limited has informed the Exchange about Allotment of Non-Convertible Debentures on private placement basis.","27-Sep-2022 18:50:36","2022-09-27 18:50:36","27-Sep-2022 18:50:41","00:00:05","https://nsearchives.nseindia.com/corporate/ADANIENT_27092022185036_AELMLD27092022.pdf"
"ADANIENT","Adani Enterprises Limited","General updates","Adani Enterprises Limited has informed the Exchange about Intimation for Incorporation of Subsidiaries.","23-Sep-2022 11:39:12","2022-09-23 11:39:12","23-Sep-2022 11:39:22","00:00:10","https://nsearchives.nseindia.com/corporate/ADANIENT_23092022113912_AELARTL.pdf"
"ADANIENT","Adani Enterprises Limited","General updates","Adani Enterprises Limited has informed the Exchange about Intimation for interaction with Analyst / Investor","21-Sep-2022 15:29:00","2022-09-21 15:29:00","21-Sep-2022 15:29:13","00:00:13","https://nsearchives.nseindia.com/corporate/ADANIENT_21092022152900_AELANALYSTMEETING2109.pdf"
"ADANIENT","Adani Enterprises Limited","General updates","Adani Enterprises Limited has informed the Exchange about Allotment of Non-Convertible Debentures on private placement basis.","19-Sep-2022 18:58:15","2022-09-19 18:58:15","19-Sep-2022 18:58:19","00:00:04","https://nsearchives.nseindia.com/corporate/ADANIENT_19092022185815_MLDAllotmentIntimation.pdf"
"ADANIENT","Adani Enterprises Limited","General updates","Adani Enterprises Limited has informed the Exchange about Intimation for interaction with Analysts / Investors.","06-Sep-2022 19:23:57","2022-09-06 19:23:57","06-Sep-2022 19:24:02","00:00:05","https://nsearchives.nseindia.com/corporate/ADANIENT_06092022192357_InvestorMeet.pdf"
"ADANIENT","Adani Enterprises Limited","General updates","Adani Enterprises Limited has informed the Exchange about Intimation for interaction with Analysts / Investors.","05-Sep-2022 19:12:03","2022-09-05 19:12:03","05-Sep-2022 19:12:09","00:00:06","https://nsearchives.nseindia.com/corporate/ADANIENT_05092022191203_InvestoerMeet.pdf"
"ADANIENT","Adani Enterprises Limited","News Verification","ADANIENT : The Exchange has sought clarification from Adani Enterprises Limited with respect to recent news item captioned Adanis to launch open offer for NDTV on October 17.  The response from the Company is attached.","02-Sep-2022 14:35:30","2022-09-02 14:35:30","02-Sep-2022 14:35:35","00:00:05","https://nsearchives.nseindia.com/corporate/ADANIENT_02092022143530_NSEClarification.pdf"
"ADANIENT","Adani Enterprises Limited","News Verification","ADANIENT : The Exchange has sought clarification from Adani Enterprises Limited with respect to recent news item captioned Adanis to launch open offer for NDTV on October 17.  The response from the Company is awaited.","01-Sep-2022 17:25:30","2022-09-01 17:25:30","01-Sep-2022 17:25:34","00:00:04","-"
"ADANIENT","Adani Enterprises Limited","General updates","Adani Enterprises Limited has informed the Exchange about Update on exercise of certain warrants held by Vishvapradhan Commercial Private Limited (���VCPL���), an indirect subsidiary of Adani Enterprises Limited (���Company���) for acquiring 99.50% of the equity share capital of RRPR Holding Private Limited (���RRPR���), a promoter company of New Delhi Television Limited (���NDTV���)","01-Sep-2022 17:09:33","2022-09-01 17:09:33","01-Sep-2022 17:09:37","00:00:04","https://nsearchives.nseindia.com/corporate/ADANIENT_01092022170933_NDTV01092022.pdf"
"ADANIENT","Adani Enterprises Limited","General updates","Adani Enterprises Limited has informed the Exchange about Update on exercise of certain warrants held by Vishvapradhan Commercial Private Limited (���VCPL���), an indirect subsidiary of Adani Enterprises Limited (���Company���) for acquiring 99.50% of the equity share capital of RRPR Holding Private Limited (���RRPR���), a promoter company of New Delhi Television Limited (���NDTV���)","29-Aug-2022 18:36:03","2022-08-29 18:36:03","29-Aug-2022 18:36:08","00:00:05","https://nsearchives.nseindia.com/corporate/ADANIENT_29082022183603_AELNDTVClarification.pdf"
"ADANIENT","Adani Enterprises Limited","General updates","Adani Enterprises Limited has informed the Exchange about Intimation for Incorporation of a Wholly Owned Subsidiary","26-Aug-2022 20:53:54","2022-08-26 20:53:54","26-Aug-2022 20:53:57","00:00:03","https://nsearchives.nseindia.com/corporate/ADANIENT_26082022205354_AELRNRL.pdf"
"ADANIENT","Adani Enterprises Limited","General updates","Adani Enterprises Limited has informed the Exchange about Update on our Public Announcement dated August 23, 2022 in relation to the open offer (���Open Offer���) for fully paid-up equity shares of face value of Rs.4 each of New Delhi Television Limited (���NDTV���), under the Securities and Exchange Board of India (Substantial Acquisition of Shares and Takeovers) Regulations, 2011","26-Aug-2022 09:10:39","2022-08-26 09:10:39","26-Aug-2022 09:10:43","00:00:04","https://nsearchives.nseindia.com/corporate/ADANIENT_26082022091039_2NDTVREPLY.pdf"
"ADANIENT","Adani Enterprises Limited","General updates","Adani Enterprises Limited has informed the Exchange about Update on exercise of certain warrants held by Vishvapradhan Commercial Private Limited (���VCPL���), an indirect subsidiary of Adani Enterprises Limited (���Company���) for acquiring 99.50% of the equity share capital of RRPR Holding Private Limited (���RRPR���), a promoter company of New Delhi Television Limited (���NDTV���)","26-Aug-2022 09:08:42","2022-08-26 09:08:42","26-Aug-2022 09:08:44","00:00:02","https://nsearchives.nseindia.com/corporate/ADANIENT_26082022090842_1RRPRREPLY.pdf"
"ADANIENT","Adani Enterprises Limited","General updates","Adani Enterprises Limited has informed the Exchange about Intimation for Incorporation of Wholly Owned Subsidiaries.","24-Aug-2022 18:44:18","2022-08-24 18:44:18","24-Aug-2022 18:44:22","00:00:04","https://nsearchives.nseindia.com/corporate/ADANIENT_24082022184418_SEMININGINC.pdf"
"ADANIENT","Adani Enterprises Limited","General updates","Adani Enterprises Limited has informed the Exchange about A) Exercising Of Certain Warrants Held By Vishvapradhan Commercial Private Limited (���VCPL���), An Indirect Subsidiary Of Adani Enterprises Limited (���Company���) For Acquiring 99.5% Of The Equity Share Capital Of RRPR Holding Private Limited (���RRPR���), A Promoter Company Of New Delhi Television Limited (���NDTV���); And B) Company���S Participation Along With VCPL In An Open Offer To Public Shareholders Of NDTV, Launched By VCPL.","23-Aug-2022 17:42:48","2022-08-23 17:42:48","23-Aug-2022 17:42:52","00:00:04","https://nsearchives.nseindia.com/corporate/ADANIENT_23082022174248_ACQOFRRPL.pdf"
"ADANIENT","Adani Enterprises Limited","Acquisition","Intimation for execution of Purchase Agreement in relation to acquisition of 100% stake in Vishvapradhan Commercial Private Limited (���VCPL���) by AMG Media Networks Limited (���AMNL���), a wholly owned subsidiary of Adani Enterprises Limited (���Company���)","23-Aug-2022 17:14:48","2022-08-23 17:14:48","23-Aug-2022 17:14:53","00:00:05","https://nsearchives.nseindia.com/corporate/ADANIENT_23082022171448_VCPLACQ.pdf"
"ADANIENT","Adani Enterprises Limited","Transcript of Analysts/Institutional Investor Meet/Con. Call","Transcript of Earnings Call pertaining to the Unaudited Financial Resultsof the Company for Q1 FY 23.","16-Aug-2022 18:50:03","2022-08-16 18:50:03","16-Aug-2022 18:50:08","00:00:05","https://nsearchives.nseindia.com/corporate/ADANIENT_16082022185003_AELTRANSCRIPT.pdf"
"ADANIENT","Adani Enterprises Limited","Schedule of Analysts/Institutional Investor Meet/Con. Call","Adani Enterprises Limited has informed the Exchange about Schedule of Analysts/Institutional Investor Meet/Con. Call ","16-Aug-2022 18:48:57","2022-08-16 18:48:57","16-Aug-2022 18:49:01","00:00:04","https://nsearchives.nseindia.com/corporate/ADANIENT_16082022184857_AELANALYST1605.pdf"
"ADANIENT","Adani Enterprises Limited","Press Release","Adani Enterprises Limited has informed the Exchange about press release dated 12-Aug-2022 titled ���Adani Group to Invest Rs 57,575 Cr In Odisha���.","12-Aug-2022 11:02:48","2022-08-12 11:02:48","12-Aug-2022 11:02:51","00:00:03","https://nsearchives.nseindia.com/corporate/ADANIENT_12082022110248_AELODISHAMR.pdf"
"ADANIENT","Adani Enterprises Limited","Schedule of Analysts/Institutional Investor Meet/Con. Call","Adani Enterprises Limited has informed the Exchange about Schedule of Analysts/Institutional Investor Meet/Con. Call ","09-Aug-2022 19:36:21","2022-08-09 19:36:21","09-Aug-2022 19:36:26","00:00:05","https://nsearchives.nseindia.com/corporate/ADANIENT_09082022193621_AELANALYST.pdf"
"ADANIENT","Adani Enterprises Limited","Recording of Analysts/Institutional Investor Meet/Con. Call","Adani Enterprises Limited has informed the Exchange about Recording of Analysts/Institutional Investor Meet/Con. Call","05-Aug-2022 19:57:09","2022-08-05 19:57:09","05-Aug-2022 19:57:18","00:00:09","https://nsearchives.nseindia.com/corporate/ADANIENT_05082022195709_AELANALYST.pdf"
"ADANIENT","Adani Enterprises Limited","Loss of share certificate","Adani Enterprises Limited has informed the Exchange about Loss of share certificate","04-Aug-2022 19:26:54","2022-08-04 19:26:54","04-Aug-2022 19:26:58","00:00:04","https://nsearchives.nseindia.com/corporate/ADANIENT_04082022192654_AELSTOPTR.pdf"
"ADANIENT","Adani Enterprises Limited","Outcome of Board Meeting","Adani Enterprises Limited  has informed the Exchange about Board Meeting held on 04-Aug-2022 to consider financial statements for the period ended June 2022","04-Aug-2022 18:32:45","2022-08-04 18:32:45","04-Aug-2022 18:32:48","00:00:03","https://nsearchives.nseindia.com/corporate/ADANIENT_04082022183245_AEL.pdf"
"ADANIENT","Adani Enterprises Limited","General updates","Adani Enterprises Limited has informed the Exchange about Intimation for execution of Share Purchase Agreement in relation to acquisition of 100% stake in Swarna Tollway Private Limited and 56.8% stake in Gujarat Road and Infrastructure Company Limited.","04-Aug-2022 17:16:15","2022-08-04 17:16:15","04-Aug-2022 17:16:19","00:00:04","https://nsearchives.nseindia.com/corporate/ADANIENT_04082022171615_ARTILMAIF.pdf"
"ADANIENT","Adani Enterprises Limited","Press Release","Adani Enterprises Limited has informed the Exchange about press release dated 04-Aug-2022 titled Adani Enterprises & Israel Innovation Authority sign MoU to develop cutting-edge tech solutions","04-Aug-2022 13:34:36","2022-08-04 13:34:36","04-Aug-2022 13:34:44","00:00:08","https://nsearchives.nseindia.com/corporate/ADANIENT_04082022133436_AELMR.pdf"
"ADANIENT","Adani Enterprises Limited","Press Release","Adani Enterprises Limited has informed the Exchange about press release dated 02-Aug-2022 titled Adani enters Industrial 5G Space���","02-Aug-2022 14:53:15","2022-08-02 14:53:15","02-Aug-2022 14:53:21","00:00:06","https://nsearchives.nseindia.com/corporate/ADANIENT_02082022145315_MediaRelease5G.pdf"
"ADANIENT","Adani Enterprises Limited","Annual General Meeting","Adani Enterprises Limited has informed the Exchange about Voting results and  Scrutinizer report of Annual General Meeting held on 26-Jul-2022","27-Jul-2022 20:03:45","2022-07-27 20:03:45","27-Jul-2022 20:03:50","00:00:05","https://nsearchives.nseindia.com/corporate/ADANIENT_27072022200345_AELREG44.pdf"
"ADANIENT","Adani Enterprises Limited","Annual General Meeting","Adani Enterprises Limited has informed the Exchange about  Proceedings of Annual General Meeting held on 26-Jul-2022","26-Jul-2022 19:44:51","2022-07-26 19:44:51","26-Jul-2022 19:44:56","00:00:05","https://nsearchives.nseindia.com/corporate/ADANIENT_26072022194451_AELAGMPROCEED.pdf"
"ADANIENT","Adani Enterprises Limited","General updates","Adani Enterprises Limited has informed the Exchange about Submission of presentation for interaction at the investors��� meeting.","25-Jul-2022 12:34:27","2022-07-25 12:34:27","25-Jul-2022 12:34:30","00:00:03","https://nsearchives.nseindia.com/corporate/ADANIENT_25072022123427_AEL2507PPT.pdf"
"ADANIENT","Adani Enterprises Limited","General updates","Adani Enterprises Limited has informed the Exchange about Submission of presentation for interaction with Analysts / Investors.","24-Jul-2022 17:08:54","2022-07-24 17:08:54","24-Jul-2022 17:08:59","00:00:05","https://nsearchives.nseindia.com/corporate/ADANIENT_24072022170854_AELIN2407.pdf"
"ADANIENT","Adani Enterprises Limited","General updates","Adani Enterprises Limited has informed the Exchange about Intimation for interaction with Analysts / Investors.","23-Jul-2022 14:48:42","2022-07-23 14:48:42","23-Jul-2022 14:48:45","00:00:03","https://nsearchives.nseindia.com/corporate/ADANIENT_23072022144842_AELINVESTOR2307.pdf"
"ADANIENT","Adani Enterprises Limited","Disclosure under SEBI Takeover Regulations","Adani Tradeline Pvt Ltd has submitted to  the Exchange a copy of Disclosure under Regulation 10(6)-Report to Stock Exchanges in respect of any acquisition made in reliance upon exemption provided for in Regulation 10 of SEBI (Substantial Acquisition of Shares and Takeovers) Regulations, 2011.","07-Jul-2022 17:03:12","2022-07-07 17:03:12","07-Jul-2022 17:03:16","00:00:04","https://nsearchives.nseindia.com/corporate/ADANIENT_07072022170312_AEL_10_conversion.pdf"
"ADANIENT","Adani Enterprises Limited","General updates","Adani Enterprises Limited has informed the Exchange about Certificate under Regulation 74(5) of the SEBI (Depositories and Participants) Regulations, 2018 for the quarter ended 30th June, 2022","06-Jul-2022 16:56:27","2022-07-06 16:56:27","06-Jul-2022 16:56:30","00:00:03","https://nsearchives.nseindia.com/corporate/ADANIENT_06072022165627_AEL745.pdf"
"ADANIENT","Adani Enterprises Limited","Newspaper Advertisements","Newspaper Advertisements - Notice of 30th Annual General Meeting, Intimation of Record Date and E-voting information etc.","05-Jul-2022 18:29:09","2022-07-05 18:29:09","05-Jul-2022 18:29:13","00:00:04","https://nsearchives.nseindia.com/corporate/ADANIENT_05072022182909_AELPOST.pdf"
"ADANIENT","Adani Enterprises Limited","Annual General Meeting","Adani Enterprises Limited has informed the Exchange about Notice of Annual General Meeting to be held on 26-Jul-2022","05-Jul-2022 00:03:48","2022-07-05 00:03:48","05-Jul-2022 00:03:59","00:00:11","https://nsearchives.nseindia.com/corporate/ADANIENT_05072022000348_AELAGMNotice.pdf"
"ADANIENT","Adani Enterprises Limited","Record Date","Adani Enterprises Limited has informed the Exchange that Record date for the purpose of Dividend  is 15-Jul-2022.","04-Jul-2022 23:57:57","2022-07-04 23:57:57","04-Jul-2022 23:58:00","00:00:03","https://nsearchives.nseindia.com/corporate/ADANIENT_04072022235757_AELRECORDDATE.pdf"
"ADANIENT","Adani Enterprises Limited","Newspaper Advertisements","Newspaper Advertisements ��� 30th Annual General Meeting through Video Conferencing / Other Audio Visual Means (���VC / OAVM���) facility.","01-Jul-2022 18:38:39","2022-07-01 18:38:39","01-Jul-2022 18:38:42","00:00:03","https://nsearchives.nseindia.com/corporate/ADANIENT_01072022183839_AELPREADD.pdf"
"ADANIENT","Adani Enterprises Limited","Closure of trading window","Adani Enterprises Limited has informed the Exchange about Closure of trading window","30-Jun-2022 18:30:42","2022-06-30 18:30:42","30-Jun-2022 18:30:44","00:00:02","https://nsearchives.nseindia.com/corporate/ADANIENT_30062022183042_AELTWCClosure.pdf"
"ADANIENT","Adani Enterprises Limited","General updates","Adani Enterprises Limited has informed the Exchange about Acquisition of 100% stake of Alluvial Natural Resources Private Limited","29-Jun-2022 21:11:21","2022-06-29 21:11:21","29-Jun-2022 21:11:25","00:00:04","https://nsearchives.nseindia.com/corporate/ADANIENT_29062022211121_SEintimationAlluvial.pdf"
"ADANIENT","Adani Enterprises Limited","Press Release","Adani Enterprises Limited has informed the Exchange about press release dated 26-Jun-2022 titled ���Adani Group achieves financial closure of Kutch Copper Limited project, raises entire debt of INR 6,071 Cr���","26-Jun-2022 16:37:21","2022-06-26 16:37:21","26-Jun-2022 16:37:25","00:00:04","https://nsearchives.nseindia.com/corporate/ADANIENT_26062022163721_KCLMediaRelease.pdf"
"ADANIENT","Adani Enterprises Limited","General updates","Adani Enterprises Limited has informed the Exchange about Intimation under Regulation 39(3) of the SEBI (Listing Obligations and Disclosure Requirements) Regulations, 2015.","21-Jun-2022 19:13:51","2022-06-21 19:13:51","21-Jun-2022 19:13:53","00:00:02","https://nsearchives.nseindia.com/corporate/ADANIENT_21062022191351_AEL39.pdf"
"ADANIENT","Adani Enterprises Limited","General updates","Adani Enterprises Limited has informed the Exchange about Intimation for interaction with Investors.","20-Jun-2022 19:34:06","2022-06-20 19:34:06","20-Jun-2022 19:34:11","00:00:05","https://nsearchives.nseindia.com/corporate/ADANIENT_20062022193406_AELINVESTOR2006.pdf"
"ADANIENT","Adani Enterprises Limited","Disclosure under SEBI Takeover Regulations","Disclosure under Regulation 31 under SEBI (SAST) Regulations, 2011 has been submitted.","20-Jun-2022 17:02:52","2022-06-20 17:02:52","20-Jun-2022 17:03:04","00:00:12","https://nsearchives.nseindia.com/corporate/ADANIENT_20062022170252_Discl_Reg31_ADANIENT_20062022.pdf"
"ADANIENT","Adani Enterprises Limited","Disclosure under SEBI Takeover Regulations","Disclosure under Regulation 31 under SEBI (SAST) Regulations, 2011 has been submitted.","18-Jun-2022 21:57:17","2022-06-18 21:57:17","18-Jun-2022 21:57:27","00:00:10","https://nsearchives.nseindia.com/corporate/ADANIENT_18062022215717_Discl_Reg31_ADANIENT_18062022.pdf"
"ADANIENT","Adani Enterprises Limited","Disclosure under SEBI Takeover Regulations","Disclosure under Regulation 31 under SEBI (SAST) Regulations, 2011 has been submitted.","18-Jun-2022 21:55:58","2022-06-18 21:55:58","18-Jun-2022 21:56:11","00:00:13","https://nsearchives.nseindia.com/corporate/ADANIENT_18062022215557_Discl_Reg31_ADANIENT_18062022.pdf"
"ADANIENT","Adani Enterprises Limited","Disclosure under SEBI Takeover Regulations","Disclosure under Regulation 31 under SEBI (SAST) Regulations, 2011 has been submitted.","18-Jun-2022 21:54:45","2022-06-18 21:54:45","18-Jun-2022 21:55:00","00:00:15","https://nsearchives.nseindia.com/corporate/ADANIENT_18062022215445_Discl_Reg31_ADANIENT_18062022.pdf"
"ADANIENT","Adani Enterprises Limited","Disclosure under SEBI Takeover Regulations","Disclosure under Regulation 31 under SEBI (SAST) Regulations, 2011 has been submitted.","18-Jun-2022 21:54:36","2022-06-18 21:54:36","18-Jun-2022 21:54:55","00:00:19","https://nsearchives.nseindia.com/corporate/ADANIENT_18062022215435_Discl_Reg31_ADANIENT_18062022.pdf"
"ADANIENT","Adani Enterprises Limited","Disclosure under SEBI Takeover Regulations","Disclosure under Regulation 31 under SEBI (SAST) Regulations, 2011 has been submitted.","18-Jun-2022 21:53:05","2022-06-18 21:53:05","18-Jun-2022 21:53:15","00:00:10","https://nsearchives.nseindia.com/corporate/ADANIENT_18062022215305_Discl_Reg31_ADANIENT_18062022.pdf"
"ADANIENT","Adani Enterprises Limited","Disclosure under SEBI Takeover Regulations","Disclosure under Regulation 31 under SEBI (SAST) Regulations, 2011 has been submitted.","18-Jun-2022 21:52:10","2022-06-18 21:52:10","18-Jun-2022 21:52:16","00:00:06","https://nsearchives.nseindia.com/corporate/ADANIENT_18062022215210_Discl_Reg31_ADANIENT_18062022.pdf"
"ADANIENT","Adani Enterprises Limited","Disclosure under SEBI Takeover Regulations","Disclosure under Regulation 31 under SEBI (SAST) Regulations, 2011 has been submitted.","18-Jun-2022 21:50:50","2022-06-18 21:50:50","18-Jun-2022 21:51:00","00:00:10","https://nsearchives.nseindia.com/corporate/ADANIENT_18062022215050_Discl_Reg31_ADANIENT_18062022.pdf"
"ADANIENT","Adani Enterprises Limited","Disclosure under SEBI Takeover Regulations","Disclosure under Regulation 31 under SEBI (SAST) Regulations, 2011 has been submitted.","18-Jun-2022 21:50:10","2022-06-18 21:50:10","18-Jun-2022 21:50:18","00:00:08","https://nsearchives.nseindia.com/corporate/ADANIENT_18062022215009_Discl_Reg31_ADANIENT_18062022.pdf"
"ADANIENT","Adani Enterprises Limited","Disclosure under SEBI Takeover Regulations","Disclosure under Regulation 31 under SEBI (SAST) Regulations, 2011 has been submitted.","18-Jun-2022 21:46:26","2022-06-18 21:46:26","18-Jun-2022 21:46:37","00:00:11","https://nsearchives.nseindia.com/corporate/ADANIENT_18062022214625_Discl_Reg31_ADANIENT_18062022.pdf"
"ADANIENT","Adani Enterprises Limited","General updates","Adani Enterprises Limited has informed the Exchange about Intimation for interaction with Analysts / Investors.","15-Jun-2022 19:44:52","2022-06-15 19:44:52","15-Jun-2022 19:44:56","00:00:04","https://nsearchives.nseindia.com/corporate/ADANIENT_15062022194451_AELANALYST1506.pdf"
"ADANIENT","Adani Enterprises Limited","Agreements/Contracts/Arrangements/ MOU's PARA B","Intimation for execution of binding arrangement by Adani Enterprises Limited (""AEL"" / ""the Company"") in relation to  establishment of a Joint Venture with TotalEnergies through Adani New Industries Limited a Wholly Owned Subsidiary of the Company.","14-Jun-2022 17:20:18","2022-06-14 17:20:18","14-Jun-2022 17:20:22","00:00:04","https://nsearchives.nseindia.com/corporate/ADANIENT_14062022172018_ANILREG30.pdf"
"ADANIENT","Adani Enterprises Limited","Press Release","Adani Enterprises Limited has informed the Exchange about press release dated 14-Jun-2022 titled ���Adani and TotalEnergies to create the world���s largest green hydrogen ecosystem���.","14-Jun-2022 10:02:30","2022-06-14 10:02:30","14-Jun-2022 10:02:35","00:00:05","https://nsearchives.nseindia.com/corporate/ADANIENT_14062022100230_ANILMEDIARELEASE.pdf"
"ADANIENT","Adani Enterprises Limited","News Verification","ADANIENT : The Exchange has sought clarification from Adani Enterprises Limited with respect to recent news item captioned Adani Enterprises receives approval to set up hyper-scale data centre at Bengal Silicon Valley.  The response from the Company is attached.","14-Jun-2022 05:07:57","2022-06-14 05:07:57","14-Jun-2022 05:08:00","00:00:03","https://nsearchives.nseindia.com/corporate/ADANIENT_15062022095747_NSE_ClarificationDC.pdf"
"ADANIENT","Adani Enterprises Limited","News Verification","ADANIENT : The Exchange has sought clarification from Adani Enterprises Limited with respect to recent news item captioned NTPC awards coal import tenders worth Rs 8,308 crore to Adani Enterprises.  The response from the Company is attached.","08-Jun-2022 18:03:00","2022-06-08 18:03:00","08-Jun-2022 18:03:05","00:00:05","https://nsearchives.nseindia.com/corporate/ADANIENT_15062022095746_NSE_Clarification__NTPC.pdf"
"ADANIENT","Adani Enterprises Limited","News Verification","ADANIENT : The Exchange has sought clarification from Adani Enterprises Limited with respect to recent news item captioned Adani Enterprises receives approval to set up hyper-scale data centre at Bengal Silicon Valley.  The response from the Company is awaited.","07-Jun-2022 17:34:24","2022-06-07 17:34:24","07-Jun-2022 17:34:29","00:00:05","-"
"ADANIENT","Adani Enterprises Limited","General updates","Adani Enterprises Limited has informed the Exchange about Intimation for participation in the Investors��� conference.","06-Jun-2022 18:24:45","2022-06-06 18:24:45","06-Jun-2022 18:24:46","00:00:01","https://nsearchives.nseindia.com/corporate/ADANIENT_06062022182445_AELJEFF.pdf"
"ADANIENT","Adani Enterprises Limited","News Verification","ADANIENT : The Exchange has sought clarification from Adani Enterprises Limited with respect to recent news item captioned NTPC awards coal import tenders worth Rs 8,308 crore to Adani Enterprises.  The response from the Company is awaited.","06-Jun-2022 17:20:38","2022-06-06 17:20:38","06-Jun-2022 17:20:40","00:00:02","-"
"ADANIENT","Adani Enterprises Limited","General updates","Adani Enterprises Limited has informed the Exchange about signing of Definitive Agreement for acquisition of 50% stake in General Aeronautics Private Limited","27-May-2022 15:50:50","2022-05-27 15:50:50","27-May-2022 15:50:52","00:00:02","https://nsearchives.nseindia.com/corporate/ADANIENT_27052022155035_AEL.pdf"
"ADANIENT","Adani Enterprises Limited","Related Party Transaction","Adani Enterprises Limited has informed the Exchange about related party transaction for the period ended March 2022","18-May-2022 21:02:37","2022-05-18 21:02:37","18-May-2022 21:02:39","00:00:02","https://nsearchives.nseindia.com/corporate/ADANIENT_18052022210202_AELRPT.pdf"
"ADANIENT","Adani Enterprises Limited","Press Release","Adani Enterprises Limited has informed the Exchange about press release dated 17-May-2022 titled ""Adani Portfolio Companies complete INR 15,400 Cr primary equity transaction with IHC"".","18-May-2022 18:41:59","2022-05-18 18:41:59","18-May-2022 18:42:04","00:00:05","https://nsearchives.nseindia.com/corporate/ADANIENT_18052022184153_AELIHC.pdf"
"ADANIENT","Adani Enterprises Limited","General updates","Adani Enterprises Limited has informed the Exchange about Intimation for Incorporation of a Wholly Owned Subsidiary","18-May-2022 17:12:12","2022-05-18 17:12:12","18-May-2022 17:12:14","00:00:02","https://nsearchives.nseindia.com/corporate/ADANIENT_18052022171207_AHVL.pdf"
"ADANIENT","Adani Enterprises Limited","General updates","Adani Enterprises Limited has informed the Exchange about Intimation for interaction with Analysts / Investors.","16-May-2022 19:25:31","2022-05-16 19:25:31","16-May-2022 19:25:35","00:00:04","https://nsearchives.nseindia.com/corporate/ADANIENT_16052022192528_AELANALYST.pdf"
"ADANIENT","Adani Enterprises Limited","General updates","Adani Enterprises Limited has informed the Exchange about Intimation for execution of Shareholders' Agreement and Share Purchase Agreement in relation for acquisition of 49% stake in Quintillion Business Media Limited.","13-May-2022 21:28:56","2022-05-13 21:28:56","13-May-2022 21:29:02","00:00:06","https://nsearchives.nseindia.com/corporate/ADANIENT_13052022212852_AELQML.pdf"
"ADANIENT","Adani Enterprises Limited","General updates","Adani Enterprises Limited has informed the Exchange about Allotment of equity shares of face value of Re. 1 to Green Enterprises Investment Holding RSC Limited on preferential issue basis.","12-May-2022 20:08:57","2022-05-12 20:08:57","12-May-2022 20:09:01","00:00:04","https://nsearchives.nseindia.com/corporate/ADANIENT_12052022200852_AELEQALLOTMENT.pdf"
"ADANIENT","Adani Enterprises Limited","General updates","Adani Enterprises Limited has informed the Exchange about Intimation for Incorporation of a Wholly Owned Subsidiary (""WOS"").","11-May-2022 19:35:06","2022-05-11 19:35:06","11-May-2022 19:35:08","00:00:02","https://nsearchives.nseindia.com/corporate/ADANIENT_11052022193501_AELKFL.pdf"
"ADANIENT","Adani Enterprises Limited","Transcript of Analysts/Institutional Investor Meet/Con. Call","Transcript of Earnings Call pertaining to the Audited Financial Results of the Company.","09-May-2022 19:09:36","2022-05-09 19:09:36","09-May-2022 19:09:40","00:00:04","https://nsearchives.nseindia.com/corporate/ADANIENT_09052022190932_AELTRANSCRIPT.pdf"
"ADANIENT","Adani Enterprises Limited","Press Release","Adani Enterprises Limited has informed the Exchange about press release dated 09-May-2022 titled ���Adani Airports raises USD 250 Mn for Airports Development���.","09-May-2022 09:14:38","2022-05-09 09:14:38","09-May-2022 09:14:40","00:00:02","https://nsearchives.nseindia.com/corporate/ADANIENT_09052022091435_AELAAHLMR.pdf"
"ADANIENT","Adani Enterprises Limited","General updates","Adani Enterprises Limited has informed the Exchange about Audio Recording of Analysts/Investors Call pertaining to the Audited Financial Results of the Company.","05-May-2022 19:38:38","2022-05-05 19:38:38","05-May-2022 19:38:46","00:00:08","https://nsearchives.nseindia.com/corporate/ADANIENT_05052022193834_AudioRecordingofCall.pdf"
"ADANIENT","Adani Enterprises Limited","Extra Ordinary Meeting","Adani Enterprises Limited has informed the Exchange about Voting results and  Scrutinizer report of Extra Ordinary General Meeting held on 03-May-2022","04-May-2022 19:08:17","2022-05-04 19:08:17","04-May-2022 19:08:20","00:00:03","https://nsearchives.nseindia.com/corporate/ADANIENT_04052022190813_AELVotingResult.pdf"
"ADANIENT","Adani Enterprises Limited","Schedule of Analysts/Institutional Investor Meet/Con. Call","Intimation for interaction with Investors.","04-May-2022 19:06:55","2022-05-04 19:06:55","04-May-2022 19:06:59","00:00:04","https://nsearchives.nseindia.com/corporate/ADANIENT_04052022190648_AELINVESTORCALL.pdf"
"ADANIENT","Adani Enterprises Limited","Financial Result Updates","Adani Enterprises Limited has submitted to the Exchange, the financial results for the period ended March 31, 2022.","04-May-2022 11:35:54","2022-05-04 11:35:54","04-May-2022 11:37:01","00:01:07","https://nsearchives.nseindia.com/corporate/AELOUTCOME03052022_04052022113554.pdf"
"ADANIENT","Adani Enterprises Limited","General updates","Adani Enterprises Limited has informed the Exchange about Intimation On ""Mumbai International Airport Raises USD 750 Mn From Apollo""","04-May-2022 09:17:25","2022-05-04 09:17:25","04-May-2022 09:17:28","00:00:03","https://nsearchives.nseindia.com/corporate/ADANIENT_04052022091720_AELMIALINTIMATION.pdf"
"ADANIENT","Adani Enterprises Limited","Acquisition","Intimation for acquisition of 100% stake of Regency Convention Centre and Hotels Limited","03-May-2022 20:09:05","2022-05-03 20:09:05","03-May-2022 20:09:10","00:00:05","https://nsearchives.nseindia.com/corporate/ADANIENT_03052022200900_AELRegencyIntimation.pdf"
"ADANIENT","Adani Enterprises Limited","Agreements/Contracts/Arrangements/ MOU's PARA B","Execution of Share Subscription Agreement.","03-May-2022 20:08:17","2022-05-03 20:08:17","03-May-2022 20:08:22","00:00:05","https://nsearchives.nseindia.com/corporate/ADANIENT_03052022200813_AELSSAIntimation.pdf"
"ADANIENT","Adani Enterprises Limited","Extra Ordinary Meeting","Adani Enterprises Limited has informed the Exchange about  Proceedings of Extra Ordinary General Meeting held on 03-May-2022","03-May-2022 20:06:42","2022-05-03 20:06:42","03-May-2022 20:06:45","00:00:03","https://nsearchives.nseindia.com/corporate/ADANIENT_03052022200635_EGMProceedings.pdf"
"ADANIENT","Adani Enterprises Limited","Dividend","Adani Enterprises Limited has informed the Exchange that Board of Directors at its meeting held on 03-May-2022, declared Dividend of Rs. 1 per equity share.","03-May-2022 18:45:22","2022-05-03 18:45:22","03-May-2022 18:45:28","00:00:06","https://nsearchives.nseindia.com/corporate/ADANIENT_03052022184513_AELOUTCOME03052022.pdf"
"ADANIENT","Adani Enterprises Limited","Outcome of Board Meeting","Adani Enterprises Limited  has informed the Exchange about Board Meeting held on 03-May-2022 to consider financial statements for the period ended March 2022 and Dividend","03-May-2022 18:45:20","2022-05-03 18:45:20","03-May-2022 18:45:24","00:00:04","https://nsearchives.nseindia.com/corporate/ADANIENT_03052022184513_AELOUTCOME03052022.pdf"
"ADANIENT","Adani Enterprises Limited","General updates","Adani Enterprises Limited has informed the Exchange about Newspaper Advertisement ��� Corrigendum to the Notice of Extra Ordinary General Meeting","29-Apr-2022 19:13:44","2022-04-29 19:13:44","29-Apr-2022 19:13:47","00:00:03","https://nsearchives.nseindia.com/corporate/ADANIENT_29042022191339_NEWADD.pdf"
"ADANIENT","Adani Enterprises Limited","General updates","Adani Enterprises Limited has informed the Exchange about Corrigendum to the Notice of the Extra Ordinary General Meeting.","28-Apr-2022 19:57:19","2022-04-28 19:57:19","28-Apr-2022 19:57:26","00:00:07","https://nsearchives.nseindia.com/corporate/ADANIENT_28042022195714_SECorrigendum.pdf"
"ADANIENT","Adani Enterprises Limited","General updates","Adani Enterprises Limited has informed the Exchange about Intimation for Incorporation of a Wholly Owned Subsidiary","27-Apr-2022 19:52:02","2022-04-27 19:52:02","27-Apr-2022 19:52:09","00:00:07","https://nsearchives.nseindia.com/corporate/ADANIENT_27042022195155_AELPNRL.pdf"
"ADANIENT","Adani Enterprises Limited","General updates","Adani Enterprises Limited has informed the Exchange about Intimation for incorporation of AMG Media Networks Limited","27-Apr-2022 14:52:32","2022-04-27 14:52:32","27-Apr-2022 14:52:37","00:00:05","https://nsearchives.nseindia.com/corporate/ADANIENT_27042022145229_AELAMGMedia.pdf"
"ADANIENT","Adani Enterprises Limited","General updates","Adani Enterprises Limited has informed the Exchange about Allotment of Non-Convertible Debentures on private placement basis.","26-Apr-2022 19:45:57","2022-04-26 19:45:57","26-Apr-2022 19:46:05","00:00:08","https://nsearchives.nseindia.com/corporate/ADANIENT_26042022194553_MLDAllotmentIntimation.pdf"
"ADANIENT","Adani Enterprises Limited","General updates","Adani Enterprises Limited has informed the Exchange about Intimation for interaction with Investors","22-Apr-2022 19:55:09","2022-04-22 19:55:09","22-Apr-2022 19:55:12","00:00:03","https://nsearchives.nseindia.com/corporate/ADANIENT_22042022195508_AELINVESTORMEET.pdf"
"ADANIENT","Adani Enterprises Limited","General updates","Adani Enterprises Limited has informed the Exchange about Intimation for Incorporation of a Wholly Owned Subsidiary (""WOS"").","21-Apr-2022 19:21:45","2022-04-21 19:21:45","21-Apr-2022 19:21:48","00:00:03","https://nsearchives.nseindia.com/corporate/ADANIENT_21042022192145_AELKSRPL.pdf"
"ADANIENT","Adani Enterprises Limited","General updates","Adani Enterprises Limited has informed the Exchange about Intimation for Incorporation of a Wholly Owned Subsidiary (""WOS"").","14-Apr-2022 19:27:02","2022-04-14 19:27:02","14-Apr-2022 19:27:07","00:00:05","https://nsearchives.nseindia.com/corporate/ADANIENT_14042022192702_AELWOS.pdf"
"ADANIENT","Adani Enterprises Limited","Newspaper Advertisements","Newspaper Advertisement - Notice of Extra Ordinary General Meeting through Video Conferencing / Other Audio Visual Means (""VC / OAVM"") facility and Remote E-voting information.","09-Apr-2022 15:03:16","2022-04-09 15:03:16","09-Apr-2022 15:03:26","00:00:10","https://nsearchives.nseindia.com/corporate/ADANIENT_09042022150312_NewsAdvertisment.pdf"
"ADANIENT","Adani Enterprises Limited","Extra Ordinary Meeting","Adani Enterprises Limited has informed the Exchange about Notice of Extra Ordinary General Meeting to be held on 03-May-2022","08-Apr-2022 16:26:02","2022-04-08 16:26:02","08-Apr-2022 16:26:12","00:00:10","https://nsearchives.nseindia.com/corporate/ADANIENT_08042022162554_AELEGMNotice03.05.2022.pdf"
"ADANIENT","Adani Enterprises Limited","Press Release","Adani Enterprises Limited has informed the Exchange about press release dated 08-Apr-2022 titled International Holding Company to invest USD 2 billion in Adani Group���s green portfolio.","08-Apr-2022 11:50:36","2022-04-08 11:50:36","08-Apr-2022 11:50:56","00:00:20","https://nsearchives.nseindia.com/corporate/ADANIENT_08042022115031_AELMR0804.pdf"
"ADANIENT","Adani Enterprises Limited","Outcome of Board Meeting","Adani Enterprises Limited  has informed the Exchange about Board Meeting held on 08-Apr-2022 to consider Fund raising","08-Apr-2022 11:40:17","2022-04-08 11:40:17","08-Apr-2022 11:40:25","00:00:08","https://nsearchives.nseindia.com/corporate/ADANIENT_08042022114017_AELOUTCOME0804FNL.pdf"
"ADANIENT","Adani Enterprises Limited","General updates","Adani Enterprises Limited has informed the Exchange about Certificate under Regulation 74(5) of the SEBI (Depositories and Participants) Regulations, 2018 for the quarter ended 31st March, 2022.","06-Apr-2022 19:46:42","2022-04-06 19:46:42","06-Apr-2022 19:46:52","00:00:10","https://nsearchives.nseindia.com/corporate/ADANIENT_06042022194635_AEL745.pdf"
"ADANIENT","Adani Enterprises Limited","Acquisition","Intimation for acquisition of 49% stake of Jhar Mining Infra Private Limited.","06-Apr-2022 19:45:18","2022-04-06 19:45:18","06-Apr-2022 19:45:22","00:00:04","https://nsearchives.nseindia.com/corporate/ADANIENT_06042022194518_AELJHAR.pdf"
"ADANIENT","Adani Enterprises Limited","Acquisition","Intimation for acquisition of minority stake in Forsight Robotics Ltd","05-Apr-2022 23:28:53","2022-04-05 23:28:53","05-Apr-2022 23:28:57","00:00:04","https://nsearchives.nseindia.com/corporate/ADANIENT_05042022232850_AELForsight.pdf"
"ADANIENT","Adani Enterprises Limited","Disclosure under SEBI Takeover Regulations","Promoter/Promoter Group of Adani Enterprises Limited has submitted a disclosure under Regulation 31(4) of SEBI Takeover Regulations for the year ended 31-Mar-2022","05-Apr-2022 15:57:37","2022-04-05 15:57:37","05-Apr-2022 15:57:41","00:00:04","https://nsearchives.nseindia.com/corporate/AN_O05042022155737.xlsx"
"ADANIENT","Adani Enterprises Limited","General updates","Adani Enterprises Limited has informed the Exchange about Intimation for Incorporation of Wholly Owned Subsidiaries.","01-Apr-2022 16:22:16","2022-04-01 16:22:16","01-Apr-2022 16:22:20","00:00:04","https://nsearchives.nseindia.com/corporate/ADANIENT_01042022162214_AELWOS.pdf"
"ADANIENT","Adani Enterprises Limited","Closure of trading window","Adani Enterprises Limited has informed the Exchange about Closure of trading window","31-Mar-2022 17:16:59","2022-03-31 17:16:59","31-Mar-2022 17:17:47","00:00:48","https://nsearchives.nseindia.com/corporate/ADANIENT_31032022171033_AELTWC.pdf"
"ADANIENT","Adani Enterprises Limited","General updates","Adani Enterprises Limited has informed the Exchange about Receipt of Letter of Award (LOA) from National Highways Authority of India (NHAI)","31-Mar-2022 15:29:16","2022-03-31 15:29:16","31-Mar-2022 15:29:41","00:00:25","https://nsearchives.nseindia.com/corporate/ADANIENT_31032022152747_LOI.pdf"
"ADANIENT","Adani Enterprises Limited","Press Release","Adani Enterprises Limited has informed the Exchange about press release dated 29-Mar-2022 titled ���Adani Group achieves financial closure of Navi Mumbai International Airport project���.","29-Mar-2022 20:00:40","2022-03-29 20:00:40","29-Mar-2022 20:00:44","00:00:04","https://nsearchives.nseindia.com/corporate/ADANIENT_29032022200039_NMIALMEDIARELEASE.pdf"
"ADANIENT","Adani Enterprises Limited","General updates","Adani Enterprises Limited has informed the Exchange about Declaration of Successful Bidder in the tenders invited by Nominated Authority, Ministry of Coal, Government of India.","25-Mar-2022 19:34:12","2022-03-25 19:34:12","25-Mar-2022 19:34:27","00:00:15","https://nsearchives.nseindia.com/corporate/ADANIENT_25032022193406_AELMININGINTIMATION.pdf"
"ADANIENT","Adani Enterprises Limited","General updates","Adani Enterprises Limited has informed the Exchange about Upgradation in Credit Rating of the Company.","21-Mar-2022 19:39:28","2022-03-21 19:39:28","21-Mar-2022 19:39:34","00:00:06","https://nsearchives.nseindia.com/corporate/ADANIENT_21032022193922_AELRATING.pdf"
"ADANIENT","Adani Enterprises Limited","General updates","Adani Enterprises Limited has informed the Exchange about Allotment of Non-Convertible Debentures on private placement basis.","21-Mar-2022 19:38:36","2022-03-21 19:38:36","21-Mar-2022 19:38:38","00:00:02","https://nsearchives.nseindia.com/corporate/ADANIENT_21032022193830_AELMLDALLT.pdf"
"ADANIENT","Adani Enterprises Limited","Press Release","Adani Enterprises Limited has informed the Exchange about press release dated 21-Feb-2022 titled ""Adani Group announces MoU with Ballard for Hydrogen fuel cells in India"".","24-Feb-2022 19:52:01","2022-02-24 19:52:01","24-Feb-2022 19:57:52","00:05:51","https://nsearchives.nseindia.com/corporate/ADANIENT_24022022195201_ANILMEDIARELEASE.pdf"
"ADANIENT","Adani Enterprises Limited","General updates","Adani Enterprises Limited has informed the Exchange about Intimation for divestment of the Company���s entire stake in DC Development Hyderabad Private Limited and Noida Data Center Limited, wholly-owned subsidiaries","23-Feb-2022 11:53:47","2022-02-23 11:53:47","23-Feb-2022 11:53:53","00:00:06","https://nsearchives.nseindia.com/corporate/ADANIENT_23022022115346_DIVESTMENTTOACX.pdf"
"ADANIENT","Adani Enterprises Limited","General updates","Adani Enterprises Limited has informed the Exchange about Intimation under the Securities and Exchange Board of India (Listing Obligations and Disclosure Requirements) Regulations, 2015, as amended (���Listing Regulations���)","21-Feb-2022 19:44:20","2022-02-21 19:44:20","21-Feb-2022 19:44:24","00:00:04","https://nsearchives.nseindia.com/corporate/ADANIENT_21022022194419_MIALBOND.pdf"
"ADANIENT","Adani Enterprises Limited","Updates","Adani Enterprises Limited has informed the Exchange regarding 'Intimation for participation in the Investors  conference.'.","14-Feb-2022 18:02:17","2022-02-14 18:02:17","14-Feb-2022 18:02:23","00:00:06","https://nsearchives.nseindia.com/corporate/ADANIENT_14022022180217_AELAXISCONFERENCE.pdf"
"ADANIENT","Adani Enterprises Limited","Outcome of Board Meeting","Adani Enterprises Limited has informed the Exchange regarding  Board meeting held on February 14, 2022.","14-Feb-2022 17:58:57","2022-02-14 17:58:57","14-Feb-2022 17:59:21","00:00:24","https://nsearchives.nseindia.com/corporate/ADANIENT_14022022175857_AELOUTCOME1402.pdf"
"ADANIENT","Adani Enterprises Limited","Financial Result Updates","Adani Enterprises Limited has submitted to the Exchange, the financial results for the period ended December 31, 2021.","14-Feb-2022 17:51:28","2022-02-14 17:51:28","14-Feb-2022 17:53:02","00:01:34","https://nsearchives.nseindia.com/corporate/AELOUTCOME1402_14022022175128.pdf"
"ADANIENT","Adani Enterprises Limited","Acquisition","Intimation for acquisition of 10% stake in Unyde Systems Private Limited.","10-Feb-2022 15:14:52","2022-02-10 15:14:52","10-Feb-2022 15:14:59","00:00:07","https://nsearchives.nseindia.com/corporate/ADANIENT_10022022151451_ACQUSPL.pdf"
"ADANIENT","Adani Enterprises Limited","Updates","Adani Enterprises Limited has informed the Exchange regarding 'Intimation for Incorporation of a Wholly Owned Subsidiary(""WOS"") by Joint Venture of the Company'.","09-Feb-2022 19:07:21","2022-02-09 19:07:21","09-Feb-2022 19:07:33","00:00:12","https://nsearchives.nseindia.com/corporate/ADANIENT_09022022190721_AELPDCL.pdf"
"ADANIENT","Adani Enterprises Limited","Updates","Adani Enterprises Limited has informed the Exchange regarding 'Intimation for Incorporation of a Wholly Owned Subsidiary( WOS ) by Joint Venture of the Company.'.","05-Feb-2022 14:40:34","2022-02-05 14:40:34","05-Feb-2022 14:40:38","00:00:04","https://nsearchives.nseindia.com/corporate/ADANIENT_05022022144034_ACXWOS.pdf"
"ADANIENT","Adani Enterprises Limited","Updates","Adani Enterprises Limited has informed the Exchange regarding 'Update on Initial Public Offering of Adani Wilmar Limited'.","04-Feb-2022 15:23:06","2022-02-04 15:23:06","04-Feb-2022 15:23:12","00:00:06","https://nsearchives.nseindia.com/corporate/ADANIENT_04022022152306_AWLFINALPRICE.pdf"
"ADANIENT","Adani Enterprises Limited","News Verification","The Exchange has sought clarification from Adani Enterprises Limited with respect to recent news item captioned Adani to invest Rs 4,600 crore in two data centre projects in Uttar Pradesh.  The response from the Company is attached.","01-Feb-2022 17:17:00","2022-02-01 17:17:00","01-Feb-2022 17:17:08","00:00:08","https://nsearchives.nseindia.com/corporate/ADANIENT_01022022171702_NSEREPLY.pdf"
"ADANIENT","Adani Enterprises Limited","News Verification","The Exchange has sought clarification from Adani Enterprises Limited with respect to recent news item captioned Adani to invest Rs 4,600 crore in two data centre projects in Uttar Pradesh.  The response from the Company is awaited.","27-Jan-2022 18:26:00","2022-01-27 18:26:00","27-Jan-2022 18:26:26","00:00:26","-"
"ADANIENT","Adani Enterprises Limited","Updates","Adani Enterprises Limited has informed the Exchange regarding 'Proposed Initial Public Offering of Adani Wilmar Limited'.","23-Jan-2022 11:54:36","2022-01-23 11:54:36","23-Jan-2022 11:54:47","00:00:11","https://nsearchives.nseindia.com/corporate/ADANIENT_23012022115436_AWLPRICEBANDINTIMATION.pdf"
"ADANIENT","Adani Enterprises Limited","Updates","Adani Enterprises Limited has informed the Exchange regarding 'Updated on Proposed Initial Public Offering of Adani Wilmar Limited'.","20-Jan-2022 17:58:29","2022-01-20 17:58:29","20-Jan-2022 17:58:42","00:00:13","https://nsearchives.nseindia.com/corporate/ADANIENT_20012022175829_AWLRHPSUBMISSION.pdf"
"ADANIENT","Adani Enterprises Limited","Updates","Adani Enterprises Limited has informed the Exchange regarding 'Intimation under Regulation 30 of the Securities and Exchange Board of India(Listing Obligations and Disclosure Requirements) Regulations, 2015, asamended ( Listing Regulations )'.","15-Jan-2022 12:09:35","2022-01-15 12:09:35","15-Jan-2022 12:09:40","00:00:05","https://nsearchives.nseindia.com/corporate/ADANIENT_15012022120935_AELMIALINTIMATION.pdf"
"ADANIENT","Adani Enterprises Limited","Press Release","Adani Enterprises Limited has informed the Exchange regarding a press release dated January 13, 2022, titled ""Media Release on the subject ""POSCO 8- Adanisign MoU for Integrated Steel Mill""."".","13-Jan-2022 08:25:51","2022-01-13 08:25:51","13-Jan-2022 08:25:57","00:00:06","https://nsearchives.nseindia.com/corporate/ADANIENT_13012022082551_MRADANIPOSCO.pdf"
"ADANIENT","Adani Enterprises Limited","News Verification","The Exchange has sought clarification from Adani Enterprises Limited with respect to recent news item captioned Adani wins key coal tender as India acts to avoid energy crisis.  The response from the Company is attached.","07-Jan-2022 20:56:00","2022-01-07 20:56:00","07-Jan-2022 20:56:58","00:00:58","https://nsearchives.nseindia.com/corporate/ADANIENT_07012022205653_NSE.pdf"
"ADANIENT","Adani Enterprises Limited","News Verification","The Exchange has sought clarification from Adani Enterprises Limited with respect to recent news item captioned Adani wins key coal tender as India acts to avoid energy crisis.  The response from the Company is awaited.","05-Jan-2022 17:47:00","2022-01-05 17:47:00","05-Jan-2022 17:47:13","00:00:13","-"
"ADANIENT","Adani Enterprises Limited","Updates","Adani Enterprises Limited has informed the Exchange regarding 'Certificate under Regulation 74(5) of the SEBI (Depositories and Participants) Regulations, 2018 for the quarter ended 31st December, 2021'.","05-Jan-2022 15:30:09","2022-01-05 15:30:09","05-Jan-2022 15:30:17","00:00:08","https://nsearchives.nseindia.com/corporate/ADANIENT_05012022153009_AEL745.pdf"
"ADANIENT","Adani Enterprises Limited","Updates","Adani Enterprises Limited has informed the Exchange regarding 'Intimation for Incorporation of a Wholly Owned Subsidiary'.","31-Dec-2021 19:36:21","2021-12-31 19:36:21","31-Dec-2021 19:36:26","00:00:05","https://nsearchives.nseindia.com/corporate/ADANIENT_31122021193621_SEANIL.pdf"
"ADANIENT","Adani Enterprises Limited","Trading Window","Adani Enterprises Limited has informed the Exchange regarding the Trading Window closure pursuant to SEBI (Prohibition of Insider Trading) Regulations, 2015","31-Dec-2021 17:38:02","2021-12-31 17:38:02","31-Dec-2021 17:38:11","00:00:09","https://nsearchives.nseindia.com/corporate/ADANIENT_31122021173802_SETWC.pdf"
"ADANIENT","Adani Enterprises Limited","Updates","Adani Enterprises Limited has informed the Exchange regarding 'Intimation for Incorporation of a Wholly Owned Subsidiary'.","30-Dec-2021 19:18:12","2021-12-30 19:18:12","30-Dec-2021 19:18:20","00:00:08","https://nsearchives.nseindia.com/corporate/ADANIENT_30122021191812_AELINTWOS.pdf"
"ADANIENT","Adani Enterprises Limited","News Verification","The Exchange has sought clarification from Adani Enterprises Limited with respect to recent news item captioned Adani Seeks $1 Billion in Bonds to Refinance Mumbai Airport Debt.  The response from the Company is attached.","28-Dec-2021 17:30:00","2021-12-28 17:30:00","28-Dec-2021 17:31:00","00:00:60","https://nsearchives.nseindia.com/corporate/ADANIENT_28122021173053_NSE.pdf"
"ADANIENT","Adani Enterprises Limited","Updates","Adani Enterprises Limited has informed the Exchange regarding 'Intimation for Incorporation of a Wholly Owned Subsidiary'.","28-Dec-2021 16:30:10","2021-12-28 16:30:10","28-Dec-2021 16:30:20","00:00:10","https://nsearchives.nseindia.com/corporate/ADANIENT_28122021163010_UPRPL.pdf"
"ADANIENT","Adani Enterprises Limited","Updates","Adani Enterprises Limited has informed the Exchange regarding 'Intimation for Incorporation of a Wholly Owned Subsidiary'.","28-Dec-2021 16:29:08","2021-12-28 16:29:08","28-Dec-2021 16:29:12","00:00:04","https://nsearchives.nseindia.com/corporate/ADANIENT_28122021162908_BHRPL.pdf"
"ADANIENT","Adani Enterprises Limited","Acquisition","Adani Enterprises Limited has informed the Exchange about Acquisition","23-Dec-2021 18:38:36","2021-12-23 18:38:36","23-Dec-2021 18:38:43","00:00:07","https://nsearchives.nseindia.com/corporate/ADANIENT_23122021183836_IntimationADNL.pdf"
"ADANIENT","Adani Enterprises Limited","News Verification","The Exchange has sought clarification from Adani Enterprises Limited with respect to recent news item captioned Adani Seeks $1 Billion in Bonds to Refinance Mumbai Airport Debt.  The response from the Company is awaited.","23-Dec-2021 17:55:00","2021-12-23 17:55:00","23-Dec-2021 17:55:52","00:00:52","-"
"ADANIENT","Adani Enterprises Limited","Updates","Adani Enterprises Limited has informed the Exchange regarding 'Receipt of Letter of Awards (LoAs) from Uttar Pradesh Expressways IndustrialDevelopment Authority (UPEIDA).'.","20-Dec-2021 18:37:12","2021-12-20 18:37:12","20-Dec-2021 18:37:19","00:00:07","https://nsearchives.nseindia.com/corporate/ADANIENT_20122021183712_AELSELOA.pdf"
"ADANIENT","Adani Enterprises Limited","Analysts/Institutional Investor Meet/Con. Call Updates","Adani Enterprises Limited has informed the Exchange about Schedule of meet","20-Dec-2021 16:08:38","2021-12-20 16:08:38","20-Dec-2021 16:08:44","00:00:06","https://nsearchives.nseindia.com/corporate/ADANIENT_20122021160838_AELInvestmentMeet.pdf"
"ADANIENT","Adani Enterprises Limited","Acquisition","Intimation for incorporation of Mundra Aluminium Limited, a Wholly Owned Subsidiary (""WOS"").","18-Dec-2021 15:43:59","2021-12-18 15:43:59","18-Dec-2021 15:44:06","00:00:07","https://nsearchives.nseindia.com/corporate/ADANIENT_18122021154359_AELIntimation.pdf"
"ADANIENT","Adani Enterprises Limited","Analysts/Institutional Investor Meet/Con. Call Updates","Adani Enterprises Limited has informed the Exchange about Schedule of meet","14-Dec-2021 18:48:18","2021-12-14 18:48:18","14-Dec-2021 18:48:25","00:00:07","https://nsearchives.nseindia.com/corporate/ADANIENT_14122021184818_AELInvestorsMeet.pdf"
"ADANIENT","Adani Enterprises Limited","Loss of Share Certificates","Adani Enterprises Limited has informed the Exchange about Loss of Share Certificates","06-Dec-2021 18:25:36","2021-12-06 18:25:36","06-Dec-2021 18:25:41","00:00:05","https://nsearchives.nseindia.com/corporate/ADANIENT_06122021182536_AEL39.pdf"
"ADANIENT","Adani Enterprises Limited","Analysts/Institutional Investor Meet/Con. Call Updates","Adani Enterprises Limited has informed the Exchange about Schedule of meet","04-Dec-2021 14:42:15","2021-12-04 14:42:15","04-Dec-2021 14:42:21","00:00:06","https://nsearchives.nseindia.com/corporate/ADANIENT_04122021144215_AELANALST.pdf"
"ADANIENT","Adani Enterprises Limited","Updates","Adani Enterprises Limited has informed the Exchange regarding 'Intimation for participation in the Investors  conference.'.","03-Dec-2021 14:49:13","2021-12-03 14:49:13","03-Dec-2021 14:49:18","00:00:05","https://nsearchives.nseindia.com/corporate/ADANIENT_03122021144913_AELINVESTORMEET0312.pdf"
"ADANIENT","Adani Enterprises Limited","Updates","Adani Enterprises Limited has informed the Exchange regarding 'Intimation for divestment of the Company's entire stake in DC Development Noida Private Limited, a wholly-owned subsidiary'.","22-Nov-2021 19:16:27","2021-11-22 19:16:27","22-Nov-2021 19:16:32","00:00:05","https://nsearchives.nseindia.com/corporate/ADANIENT_22112021191627_AELDCSALE.pdf"
"ADANIENT","Adani Enterprises Limited","Loss of Share Certificates","Adani Enterprises Limited has informed the Exchange about Loss of Share Certificates","17-Nov-2021 18:55:40","2021-11-17 18:55:40","17-Nov-2021 18:55:46","00:00:06","https://nsearchives.nseindia.com/corporate/ADANIENT_17112021185540_AEL39.pdf"
"ADANIENT","Adani Enterprises Limited","Updates","Adani Enterprises Limited has informed the Exchange regarding 'Intimation for signing a Memorandum of Understanding ( MoU )'.","12-Nov-2021 11:12:26","2021-11-12 11:12:26","12-Nov-2021 11:12:33","00:00:07","https://nsearchives.nseindia.com/corporate/ADANIENT_12112021111226_IsraelMOU.pdf"
"ADANIENT","Adani Enterprises Limited","Acquisition","Intimation for Incorporation of a Wholly Owned Subsidiary (""WOS"").","10-Nov-2021 15:38:59","2021-11-10 15:38:59","10-Nov-2021 15:39:03","00:00:04","https://nsearchives.nseindia.com/corporate/ADANIENT_10112021153859_SEMSTL.pdf"
"ADANIENT","Adani Enterprises Limited","Updates","Adani Enterprises Limited has informed the Exchange regarding 'Intimation for interaction with Investors'.","09-Nov-2021 16:57:44","2021-11-09 16:57:44","09-Nov-2021 16:57:49","00:00:05","https://nsearchives.nseindia.com/corporate/ADANIENT_09112021165744_AELINVESTORMEET.pdf"
"ADANIENT","Adani Enterprises Limited","Acquisition","Intimation for incorporation of Astraeus Services IFSC Limited","02-Nov-2021 18:40:26","2021-11-02 18:40:26","02-Nov-2021 18:40:31","00:00:05","https://nsearchives.nseindia.com/corporate/ADANIENT_02112021184026_AELAstraeus.pdf"
"ADANIENT","Adani Enterprises Limited","Updates","Adani Enterprises Limited has informed the Exchange regarding 'Intimation for signing of Share Subscription Agreement and Shareholders'Agreement'.","29-Oct-2021 17:28:47","2021-10-29 17:28:47","29-Oct-2021 17:28:55","00:00:08","https://nsearchives.nseindia.com/corporate/ADANIENT_29102021172847_AELintimation.pdf"
"ADANIENT","Adani Enterprises Limited","News Verification","The Exchange has sought clarification from Adani Enterprises Limited with respect to recent news item captioned Adani Enterprises in talks for $2-bn mega fundraise..  The response from the Company is attached.","29-Oct-2021 12:11:00","2021-10-29 12:11:00","29-Oct-2021 12:11:22","00:00:22","https://nsearchives.nseindia.com/corporate/ADANIENT_29102021121114_NSE_Clarification.pdf"
"ADANIENT","Adani Enterprises Limited","News Verification","The Exchange has sought clarification from Adani Enterprises Limited with respect to recent news item captioned Adani Enterprises in talks for $2-bn mega fundraise..  The response from the Company is awaited.","28-Oct-2021 11:44:00","2021-10-28 11:44:00","28-Oct-2021 11:44:44","00:00:44","-"
"ADANIENT","Adani Enterprises Limited","Financial Result Updates","Adani Enterprises Limited has submitted to the Exchange, the financial results for the period ended September 30, 2021.","27-Oct-2021 17:47:05","2021-10-27 17:47:05","27-Oct-2021 17:49:01","00:01:56","https://nsearchives.nseindia.com/corporate/Outcome_27102021174705.pdf"
"ADANIENT","Adani Enterprises Limited","Updates","Adani Enterprises Limited has informed the Exchange regarding 'Certificate under Regulation 74(5) of the SEBI (Depositories and Participants) Regulations, 2018 for the quarter ended 30th September, 2021'.","06-Oct-2021 14:42:36","2021-10-06 14:42:36","06-Oct-2021 14:42:41","00:00:05","https://nsearchives.nseindia.com/corporate/ADANIENT_06102021144236_AEL74.pdf"
"ADANIENT","Adani Enterprises Limited","News Verification","The Exchange has sought clarification from Adani Enterprises Limited with respect to recent news item captioned Adani Airport to raise $500m via overseas bonds.  The response from the Company is attached.","30-Sep-2021 13:16:00","2021-09-30 13:16:00","30-Sep-2021 13:16:30","00:00:30","https://nsearchives.nseindia.com/corporate/ADANIENT_30092021131624_NSE.pdf"
"ADANIENT","Adani Enterprises Limited","Trading Window","Adani Enterprises Limited has informed the Exchange regarding the Trading Window closure pursuant to SEBI (Prohibition of Insider Trading) Regulations, 2015","30-Sep-2021 13:05:50","2021-09-30 13:05:50","30-Sep-2021 13:05:56","00:00:06","https://nsearchives.nseindia.com/corporate/ADANIENT_30092021130550_AELTWC.pdf"
"ADANIENT","Adani Enterprises Limited","Analysts/Institutional Investor Meet/Con. Call Updates","Adani Enterprises Limited has informed the Exchange about Analysts/Institutional Investor Meet/Con. Call Updates","29-Sep-2021 18:36:54","2021-09-29 18:36:54","29-Sep-2021 18:36:59","00:00:05","https://nsearchives.nseindia.com/corporate/ADANIENT_29092021183654_AELINVESTORMEET.pdf"
"ADANIENT","Adani Enterprises Limited","News Verification","The Exchange has sought clarification from Adani Enterprises Limited with respect to recent news item captioned Adani Airport to raise $500m via overseas bonds.  The response from the Company is awaited.","27-Sep-2021 17:03:00","2021-09-27 17:03:00","27-Sep-2021 17:03:27","00:00:27","-"
"ADANIENT","Adani Enterprises Limited","Updates","Adani Enterprises Limited has informed the Exchange regarding 'Intimation for signing of Share Subscription Agreement '.","27-Sep-2021 15:35:11","2021-09-27 15:35:11","27-Sep-2021 15:35:17","00:00:06","https://nsearchives.nseindia.com/corporate/ADANIENT_27092021153511_AAHLSSAAPRILMOON.pdf"
"ADANIENT","Adani Enterprises Limited","News Verification","The Exchange has sought clarification from Adani Enterprises Limited with respect to recent news item captioned NDTV hits 10% upper circuit on rumours of buyout by Adani Group.  The response from the Company is attached.","24-Sep-2021 13:43:00","2021-09-24 13:43:00","24-Sep-2021 13:43:44","00:00:44","https://nsearchives.nseindia.com/corporate/ADANIENT_24092021134339_NSEClarification.pdf"
"ADANIENT","Adani Enterprises Limited","Acquisition","Intimation for incorporation of a Wholly Owned Subsidiary (""WOS"").","23-Sep-2021 19:24:51","2021-09-23 19:24:51","23-Sep-2021 19:24:55","00:00:04","https://nsearchives.nseindia.com/corporate/ADANIENT_23092021192451_AELADANIDIGITAL.pdf"
"ADANIENT","Adani Enterprises Limited","Updates","Adani Enterprises Limited has informed the Exchange regarding 'Intimation for signing of Share Subscription Agreement'.","23-Sep-2021 12:30:04","2021-09-23 12:30:04","23-Sep-2021 12:30:11","00:00:07","https://nsearchives.nseindia.com/corporate/ADANIENT_23092021123004_AAHLSSAIntimation.pdf"
"ADANIENT","Adani Enterprises Limited","News Verification","The Exchange has sought clarification from Adani Enterprises Limited with respect to recent news item captioned NDTV hits 10% upper circuit on rumours of buyout by Adani Group.  The response from the Company is awaited.","20-Sep-2021 13:47:00","2021-09-20 13:47:00","20-Sep-2021 14:49:02","01:02:02","-"
"ADANIENT","Adani Enterprises Limited","Updates","Adani Enterprises Limited has informed the Exchange regarding 'Declaration of Successful Bidder in the tender invited by NominatedAuthority, Ministry of Coal, Government of India'.","08-Sep-2021 21:09:45","2021-09-08 21:09:45","08-Sep-2021 21:09:51","00:00:06","https://nsearchives.nseindia.com/corporate/ADANIENT_08092021210945_AELSuccessfulBidder.pdf"
"ADANIENT","Adani Enterprises Limited","Analysts/Institutional Investor Meet/Con. Call Updates","Adani Enterprises Limited has informed the Exchange about Analysts/Institutional Investor Meet/Con. Call Updates","07-Sep-2021 18:42:23","2021-09-07 18:42:23","07-Sep-2021 18:42:30","00:00:07","https://nsearchives.nseindia.com/corporate/ADANIENT_07092021184223_AELINVESTORMEETING.pdf"
"ADANIENT","Adani Enterprises Limited","Analysts/Institutional Investor Meet/Con. Call Updates","Adani Enterprises Limited has informed the Exchange about Analysts/Institutional Investor Meet/Con. Call Updates","24-Aug-2021 19:50:08","2021-08-24 19:50:08","24-Aug-2021 19:50:12","00:00:04","https://nsearchives.nseindia.com/corporate/ADANIENT_24082021195008_AELINVESTOR.pdf"
"ADANIENT","Adani Enterprises Limited","Updates","Adani Enterprises Limited has informed the Exchange regarding 'Intimation for incorporation of PLR Systems (India) Limited'.","24-Aug-2021 08:13:31","2021-08-24 08:13:31","24-Aug-2021 08:13:35","00:00:04","https://nsearchives.nseindia.com/corporate/ADANIENT_24082021081331_AELPLRINDIA.pdf"
"ADANIENT","Adani Enterprises Limited","Analysts/Institutional Investor Meet/Con. Call Updates","Adani Enterprises Limited has informed the Exchange about Analysts/Institutional Investor Meet/Con. Call Updates","18-Aug-2021 13:49:10","2021-08-18 13:49:10","18-Aug-2021 13:49:13","00:00:03","https://nsearchives.nseindia.com/corporate/ADANIENT_18082021134909_AELINV.pdf"
"ADANIENT","Adani Enterprises Limited","Acquisition","Intimation for acquisition of 'Maharashtra Border Check Post Network Limited' from Sadbhav Infrastructure Project Limited.","16-Aug-2021 20:26:24","2021-08-16 20:26:24","16-Aug-2021 20:26:30","00:00:06","https://nsearchives.nseindia.com/corporate/ADANIENT_16082021202624_ARTLAcquisition.pdf"
"ADANIENT","Adani Enterprises Limited","Acquisition","Intimation for incorporation of a Wholly Owned Subsidiary (""WOS"").","06-Aug-2021 19:49:31","2021-08-06 19:49:31","06-Aug-2021 19:49:37","00:00:06","https://nsearchives.nseindia.com/corporate/ADANIENT_06082021194931_SENOIDADC.pdf"
"ADANIENT","Adani Enterprises Limited","Financial Result Updates","Adani Enterprises Limited has submitted to the Exchange, the financial results for the period ended June 30, 2021.","04-Aug-2021 15:35:50","2021-08-04 15:35:50","04-Aug-2021 15:37:02","00:01:12","https://nsearchives.nseindia.com/corporate/AELOUTCOME_04082021153550.pdf"
"ADANIENT","Adani Enterprises Limited","Outcome of Board Meeting","Outcome of Board Meeting held on 3rd August, 2021 and Submission of Unaudited Financial Results for the quarter ended 30th June, 2021 pursuant to Regulation 33 of the SEBI (Listing Obligations and Disclosure Requirements)Regulations, 2015.","03-Aug-2021 18:44:48","2021-08-03 18:44:48","03-Aug-2021 18:44:55","00:00:07","https://nsearchives.nseindia.com/corporate/ADANIENT_03082021184448_AELOUTCOME.pdf"
"ADANIENT","Adani Enterprises Limited","Updates","Adani Enterprises Limited has informed the Exchange regarding 'Proposed Initial Public Offering of Adani Wilmar Limited'.","02-Aug-2021 20:48:18","2021-08-02 20:48:18","02-Aug-2021 20:48:22","00:00:04","https://nsearchives.nseindia.com/corporate/ADANIENT_02082021204818_AWLIPOINTIMATION.pdf"
"ADANIENT","Adani Enterprises Limited","Acquisition","Intimation for incorporation of a Wholly Owned Subsidiary (""WOS"")","31-Jul-2021 16:10:55","2021-07-31 16:10:55","31-Jul-2021 16:11:01","00:00:06","https://nsearchives.nseindia.com/corporate/ADANIENT_31072021161055_APLIntimation.pdf"
"ADANIENT","Adani Enterprises Limited","Acquisition","Intimation for incorporation of a Subsidiary Company","24-Jul-2021 14:14:18","2021-07-24 14:14:18","24-Jul-2021 14:14:25","00:00:07","https://nsearchives.nseindia.com/corporate/ADANIENT_24072021141418_SEintimation.pdf"
"ADANIENT","Adani Enterprises Limited","Loss of Share Certificates","Adani Enterprises Limited has informed the Exchange about Loss of Share Certificates","23-Jul-2021 22:09:26","2021-07-23 22:09:26","23-Jul-2021 22:09:34","00:00:08","https://nsearchives.nseindia.com/corporate/ADANIENT_23072021220926_AEL3932307.pdf"
"ADANIENT","Adani Enterprises Limited","Acquisition","Adani Airports acquires shares of GVK Airport Developers Limited and control of Mumbai International Airport Limited.","14-Jul-2021 20:55:04","2021-07-14 20:55:04","14-Jul-2021 20:55:09","00:00:05","https://nsearchives.nseindia.com/corporate/ADANIENT_14072021205504_AELMIALREG30.pdf"
"ADANIENT","Adani Enterprises Limited","Press Release","Adani Enterprises Limited has informed the Exchange regarding a press release dated July 13, 2021, titled ""Media Release on the subject  Adani Airport Holdings Limited (AAHL) takes management control of Mumbai International Airport from the GVK Group ."".","13-Jul-2021 20:43:45","2021-07-13 20:43:45","13-Jul-2021 20:43:50","00:00:05","https://nsearchives.nseindia.com/corporate/ADANIENT_13072021204345_AELMIAL.pdf"
"ADANIENT","Adani Enterprises Limited","Updates","Adani Enterprises Limited has informed the Exchange regarding 'Certificate under Regulation 74(5) of the SEBI (Depositories and Participants) Regulations, 2018 for the quarter ended 30th June, 2021'.","13-Jul-2021 19:35:19","2021-07-13 19:35:19","13-Jul-2021 19:35:22","00:00:03","https://nsearchives.nseindia.com/corporate/ADANIENT_13072021193519_AEL74_5_.pdf"
"ADANIENT","Adani Enterprises Limited","Shareholders meeting","Regulation 44(3) of the SEBI (Listing Obligations and Disclosure Requirements) Regulations, 2015 - Details of Voting Results at the�� 29th Annual General Meeting (AGM) of the Company.","13-Jul-2021 19:33:42","2021-07-13 19:33:42","13-Jul-2021 19:33:48","00:00:06","https://nsearchives.nseindia.com/corporate/ADANIENT_13072021193342_AELREG44.pdf"
"ADANIENT","Adani Enterprises Limited","Shareholders meeting","Proceedings of the 29th Annual General Meeting of the Company held on Monday, 12th July, 2021.","12-Jul-2021 19:21:48","2021-07-12 19:21:48","12-Jul-2021 19:21:53","00:00:05","https://nsearchives.nseindia.com/corporate/ADANIENT_12072021192148_AELAGMPROCEED.pdf"
"ADANIENT","Adani Enterprises Limited","Trading Window","Adani Enterprises Limited has informed the Exchange regarding the Trading Window closure pursuant to SEBI (Prohibition of Insider Trading) Regulations, 2015","30-Jun-2021 18:42:44","2021-06-30 18:42:44","30-Jun-2021 18:42:59","00:00:15","https://nsearchives.nseindia.com/corporate/ADANIENT_30062021184244_AELTWC.pdf"
"ADANIENT","Adani Enterprises Limited","Copy of Newspaper Publication","Newspaper Advertisements - Notice of 29th Annual General Meeting,Intimation of Record Date and E-voting information etc.","21-Jun-2021 20:13:04","2021-06-21 20:13:04","21-Jun-2021 20:13:09","00:00:05","https://nsearchives.nseindia.com/corporate/ADANIENT_21062021201304_AELAGMPOSTAD.pdf"
"ADANIENT","Adani Enterprises Limited","Record Date","Adani Enterprises Limited has informed the Exchange that Record date for the purpose of Dividend  is 02-Jul-2021.","20-Jun-2021 14:30:29","2021-06-20 14:30:29","20-Jun-2021 14:30:34","00:00:05","https://nsearchives.nseindia.com/corporate/ADANIENT_20062021143028_AELARDespatch.pdf"
"ADANIENT","Adani Enterprises Limited","Copy of Newspaper Publication","Newspaper Advertisement   29th Annual General Meeting throughVideo Conferencing ( VC )/Other Audio Visual Means ( OAVM ) facility.","20-Jun-2021 14:26:02","2021-06-20 14:26:02","20-Jun-2021 14:26:08","00:00:06","https://nsearchives.nseindia.com/corporate/ADANIENT_20062021142602_AELPREAGMDespatch.pdf"
"ADANIENT","Adani Enterprises Limited","News Verification","This has reference to the Clarification issued by the company on a news article published in Economic Times headlined as - A/c's of 3 FPl's Owning Adani Shares Frozen. In this regard, all the market participants are requested to note the clarification issued by NSDL to Adani Group wherein Adani Group had sought clarification from NSDL with respect to 3 demat account numbers of the FPIs in which the shares of Adani Group were held.��"" This has reference to your email dated June 14, 2021.��We wish to inform you that the status of the Demat account of your shareholders may be verified from NSDL DPM (SHR) system available with your RTA and the beneficiary position details downloaded to your RTA. The current status of the Demat accounts of the shareholders is available in the DPM (SHR) system. As may be verified from the said system, the status of Demat accounts mentioned in your trail email are held in Active status in NSDL system.��Further, the below Demat accounts are in Suspended for Debit status in terms of SEBI order no. WTM/PS/58/IVD/JUN/2016 dated June 16, 2016:��Details of account holders are as follows:��Name of Account Holder - (PAN) - [DP ID Client ID] - StatusCresta Fund Ltd. - (AADCC2634A) - [DP ID -IN300167 Client ID-10080367] - Suspended for Debit��Albula Investment Fund Ltd - (AAHCA3597Q) - [DP ID - IN300167 Client ID-10080376] - Suspended for Debit��APMS Investment Fund Ltd - (AAECM5148A) - [DP ID- IN300167 Client ID- 10018332] - Suspended for Debit""","15-Jun-2021 07:32:00","2021-06-15 07:32:00","15-Jun-2021 07:32:43","00:00:43","-"
"ADANIENT","Adani Enterprises Limited","Updates","Adani Enterprises Limited has informed the Exchange regarding 'Clarification on news article published in economic times-A/e's of 3 FPl's Owning Adani Shares Frozen.'.","14-Jun-2021 15:00:43","2021-06-14 15:00:43","14-Jun-2021 15:00:58","00:00:15","https://nsearchives.nseindia.com/corporate/ADANIENT_14062021150043_AELCLR1406.pdf"
"ADANIENT","Adani Enterprises Limited","News Verification","The Exchange has sought clarification from Adani Enterprises Limited with respect to recent news item captioned Adani Wilmar prepares to launch IPO of nearly $1 billion In 2021.  The response from the Company is attached.","14-Jun-2021 09:27:00","2021-06-14 09:27:00","14-Jun-2021 09:27:50","00:00:50","https://nsearchives.nseindia.com/corporate/ADANIENT_14062021092745_NSE-AWL-Intimation.pdf"
"ADANIENT","Adani Enterprises Limited","News Verification","The Exchange has sought clarification from Adani Enterprises Limited with respect to recent news item captioned Adani Group plans to hive off airport business, launch IPO.  The response from the Company is attached.","14-Jun-2021 09:27:00","2021-06-14 09:27:00","14-Jun-2021 09:27:37","00:00:37","https://nsearchives.nseindia.com/corporate/ADANIENT_14062021092729_NSE-Airport-Intimation.pdf"
"ADANIENT","Adani Enterprises Limited","Acquisition","Intimation for incorporation of a Wholly Owned Subsidiary (""WOS"").","12-Jun-2021 14:53:34","2021-06-12 14:53:34","12-Jun-2021 14:53:41","00:00:07","https://nsearchives.nseindia.com/corporate/ADANIENT_12062021145334_AELCEMENT.pdf"
"ADANIENT","Adani Enterprises Limited","News Verification","The Exchange has sought clarification from Adani Enterprises Limited with respect to recent news item captioned Adani Wilmar prepares to launch IPO of nearly $1 billion In 2021.  The response from the Company is awaited.","10-Jun-2021 17:22:00","2021-06-10 17:22:00","10-Jun-2021 17:23:00","00:00:60","-"
"ADANIENT","Adani Enterprises Limited","News Verification","The Exchange has sought clarification from Adani Enterprises Limited with respect to recent news item captioned Adani Group plans to hive off airport business, launch IPO.  The response from the Company is awaited.","10-Jun-2021 17:17:00","2021-06-10 17:17:00","10-Jun-2021 17:17:57","00:00:57","-"
"ADANIENT","Adani Enterprises Limited","Updates","Adani Enterprises Limited has informed the Exchange regarding 'Update on gas discovery by Adani Welspun Exploration Limited'.","10-Jun-2021 08:48:36","2021-06-10 08:48:36","10-Jun-2021 08:48:42","00:00:06","https://nsearchives.nseindia.com/corporate/ADANIENT_10062021084836_AWLAWEL1006.pdf"
"ADANIENT","Adani Enterprises Limited","Acquisition","Intimation for incorporation of a Wholly Owned Subsidiary (""WOS"")","08-Jun-2021 19:02:26","2021-06-08 19:02:26","08-Jun-2021 19:02:32","00:00:06","https://nsearchives.nseindia.com/corporate/ADANIENT_08062021190226_AELMWL.pdf"
"ADANIENT","Adani Enterprises Limited","Related Party Transactions","Disclosure of Related Party Transactions pursuant to Regulation 23(9)of SEBI (Listing Obligations and Disclosure Requirements) Regulations,2015","02-Jun-2021 15:42:56","2021-06-02 15:42:56","02-Jun-2021 15:43:02","00:00:06","https://nsearchives.nseindia.com/corporate/ADANIENT_02062021154256_AELRPT.pdf"
"ADANIENT","Adani Enterprises Limited","Acquisition","Intimation for incorporation of a Wholly Owned Subsidiary (""WOS"").","26-May-2021 19:38:24","2021-05-26 19:38:24","26-May-2021 19:38:30","00:00:06","https://nsearchives.nseindia.com/corporate/ADANIENT_26052021193824_AELMahanadi.pdf"
"ADANIENT","Adani Enterprises Limited","Acquisition","Intimation for acquisition of 74% shareholding in Mundra Solar EnergyLimited.","22-May-2021 15:24:25","2021-05-22 15:24:25","22-May-2021 15:24:31","00:00:06","https://nsearchives.nseindia.com/corporate/ADANIENT_22052021152425_SEMSEL.pdf"
"ADANIENT","Adani Enterprises Limited","Updates","Adani Enterprises Limited has informed the Exchange regarding 'Update on potential commerciality of recent gas discovery by Adani Welspun Exploration Limited '.","15-May-2021 11:30:45","2021-05-15 11:30:45","15-May-2021 11:30:54","00:00:09","https://nsearchives.nseindia.com/corporate/ADANIENT_15052021113045_WelspunDisclosure.pdf"
"ADANIENT","Adani Enterprises Limited","Loss of Share Certificates","Adani Enterprises Limited has informed the Exchange about Loss of Share Certificates","13-May-2021 15:34:47","2021-05-13 15:34:47","13-May-2021 15:34:53","00:00:06","https://nsearchives.nseindia.com/corporate/ADANIENT_13052021153447_AEL39.pdf"
"ADANIENT","Adani Enterprises Limited","Updates","Adani Enterprises Limited has informed the Exchange regarding 'Compliance under Regulation 52 of SEBI (Listing Obligations and DisclosureRequirements) Regulations, 2015 (the Listing Regulations)'.","05-May-2021 20:16:48","2021-05-05 20:16:48","05-May-2021 20:16:55","00:00:07","https://nsearchives.nseindia.com/corporate/ADANIENT_05052021201648_Reg53SE.pdf"
"ADANIENT","Adani Enterprises Limited","Financial Result Updates","Adani Enterprises Limited has submitted to the Exchange, the financial results for the period ended March 31, 2021.","05-May-2021 14:01:10","2021-05-05 14:01:10","05-May-2021 14:03:03","00:01:53","https://nsearchives.nseindia.com/corporate/AELOUTCOME_05052021140110.pdf"
"ADANIENT","Adani Enterprises Limited","Disclosure under SEBI Takeover Regulations","Promoter/Member of the Promoter Group of the Company has informed the Exchange regarding disclosure under Regulation 30 and Regulation 31(4) of SEBI SAST Regulations 2011 as on March 31, 2021","23-Apr-2021 00:03:20","2021-04-23 00:03:20","23-Apr-2021 00:03:32","00:00:12","https://nsearchives.nseindia.com/corporate/ADANIENT_23042021000320_AEL_PG_AnnualDisclosure_2021.pdf"
"ADANIENT","Adani Enterprises Limited","Loss of Share Certificates","Adani Enterprises Limited has informed the Exchange about Loss of Share Certificates","22-Apr-2021 14:28:12","2021-04-22 14:28:12","22-Apr-2021 14:28:17","00:00:05","https://nsearchives.nseindia.com/corporate/ADANIENT_22042021142812_AEL39.pdf"
"ADANIENT","Adani Enterprises Limited","Acquisition","Intimation for incorporation of a Wholly Owned Subsidiary","20-Apr-2021 14:21:40","2021-04-20 14:21:40","20-Apr-2021 14:21:46","00:00:06","https://nsearchives.nseindia.com/corporate/ADANIENT_20042021142140_AELSEMPL.pdf"
"ADANIENT","Adani Enterprises Limited","Acquisition","Intimation for Incorporation of a subsidiary company","14-Apr-2021 18:57:55","2021-04-14 18:57:55","14-Apr-2021 18:57:58","00:00:03","https://nsearchives.nseindia.com/corporate/ADANIENT_14042021185755_AELPANAGARHPALSIT.pdf"
"ADANIENT","Adani Enterprises Limited","Acquisition","Intimation for Incorporation of a Wholly Owned Subsidiary ( WOS ).","13-Apr-2021 18:49:00","2021-04-13 18:49:00","13-Apr-2021 18:49:03","00:00:03","https://nsearchives.nseindia.com/corporate/ADANIENT_13042021184900_AELBADAKUMARI.pdf"
"ADANIENT","Adani Enterprises Limited","Press Release","Adani Enterprises Limited has informed the Exchange regarding a press release dated April 12, 2021, titled ""Media Release on the subject  Flipkart enters into Strategic Partnership with Adani Group to Strengthen Logistics and Data Centre Capabilities "".","12-Apr-2021 08:52:31","2021-04-12 08:52:31","12-Apr-2021 08:52:36","00:00:05","https://nsearchives.nseindia.com/corporate/ADANIENT_12042021085231_AELFLIPKART1204.pdf"
"ADANIENT","Adani Enterprises Limited","Acquisition","Intimation for Incorporation of a Wholly Owned Subsidiary","08-Apr-2021 10:34:49","2021-04-08 10:34:49","08-Apr-2021 10:34:52","00:00:03","https://nsearchives.nseindia.com/corporate/ADANIENT_08042021103449_AELAROM.pdf"
"ADANIENT","Adani Enterprises Limited","Updates","Adani Enterprises Limited has informed the Exchange regarding 'Certificate under Regulation4(5) of the SEBI (Depositories and Participants) Regulations, 2018 for the quarter ended 31st March, 2021 '.","05-Apr-2021 17:47:51","2021-04-05 17:47:51","05-Apr-2021 17:47:55","00:00:04","https://nsearchives.nseindia.com/corporate/ADANIENT_05042021174751_AEL745.pdf"
"ADANIENT","Adani Enterprises Limited","Updates","Adani Enterprises Limited has informed the Exchange regarding 'Signing of Coal Mining Agreement (""CMA"").'.","02-Apr-2021 15:47:25","2021-04-02 15:47:25","02-Apr-2021 15:47:28","00:00:03","https://nsearchives.nseindia.com/corporate/ADANIENT_02042021154725_CMA.pdf"
"ADANIENT","Adani Enterprises Limited","Updates","Adani Enterprises Limited has informed the Exchange regarding 'Receipt of Letter of Award (LOA) from National Highways Authority of India (NHAI)'.","02-Apr-2021 15:46:05","2021-04-02 15:46:05","02-Apr-2021 15:46:12","00:00:07","https://nsearchives.nseindia.com/corporate/ADANIENT_02042021154605_LOAODISHA.pdf"
"ADANIENT","Adani Enterprises Limited","Updates","Adani Enterprises Limited has informed the Exchange regarding 'Receipt of Letter of Award (LOA) from National Highways Authority of India (NHAI)'.","02-Apr-2021 15:44:56","2021-04-02 15:44:56","02-Apr-2021 15:45:00","00:00:04","https://nsearchives.nseindia.com/corporate/ADANIENT_02042021154456_LOAWB.pdf"
"ADANIENT","Adani Enterprises Limited","Acquisition","Intimation for incorporation of a Wholly Owned Subsidiary ( WOS )","31-Mar-2021 20:03:53","2021-03-31 20:03:53","31-Mar-2021 20:03:59","00:00:06","https://nsearchives.nseindia.com/corporate/ADANIENT_31032021200353_NSEVizag.pdf"
"ADANIENT","Adani Enterprises Limited","Acquisition","Intimation for Incorporation of a Wholly Owned Subsidiary ( WOS )","31-Mar-2021 19:56:01","2021-03-31 19:56:01","31-Mar-2021 19:56:10","00:00:09","https://nsearchives.nseindia.com/corporate/ADANIENT_31032021195601_NSEKodadKhaman.pdf"
"ADANIENT","Adani Enterprises Limited","Trading Window","Adani Enterprises Limited has informed the Exchange regarding the Trading Window closure pursuant to SEBI (Prohibition of Insider Trading) Regulations, 2015","31-Mar-2021 17:22:26","2021-03-31 17:22:26","31-Mar-2021 17:22:32","00:00:06","https://nsearchives.nseindia.com/corporate/ADANIENT_31032021172226_AELTWC.pdf"
"ADANIENT","Adani Enterprises Limited","Acquisition","Intimation for Incorporation of a Wholly Owned Subsidiary","26-Mar-2021 20:02:51","2021-03-26 20:02:51","26-Mar-2021 20:02:54","00:00:03","https://nsearchives.nseindia.com/corporate/ADANIENT_26032021200251_AELPRS.pdf"
"ADANIENT","Adani Enterprises Limited","Acquisition","Intimation for incorporation of a Wholly Owned Subsidiary","25-Mar-2021 15:34:00","2021-03-25 15:34:00","25-Mar-2021 15:34:13","00:00:13","https://nsearchives.nseindia.com/corporate/ADANIENT_25032021153400_INCKCL.pdf"
"ADANIENT","Adani Enterprises Limited","Analysts/Institutional Investor Meet/Con. Call Updates","Adani Enterprises Limited has informed the Exchange about Analysts/Institutional Investor Meet/Con. Call Updates","25-Mar-2021 15:25:22","2021-03-25 15:25:22","25-Mar-2021 15:25:26","00:00:04","https://nsearchives.nseindia.com/corporate/ADANIENT_25032021152521_AELESG.pdf"
"ADANIENT","Adani Enterprises Limited","Updates","Adani Enterprises Limited has informed the Exchange regarding 'Clarification on news items captioned ""Adani Wilmar to go for Rs. 5,000 cr IPO"" recently published in various media reports / newspapers.'.","24-Mar-2021 13:52:38","2021-03-24 13:52:38","24-Mar-2021 13:52:43","00:00:05","https://nsearchives.nseindia.com/corporate/ADANIENT_24032021135238_AELAWLClarfification.pdf"
"ADANIENT","Adani Enterprises Limited","Updates","Adani Enterprises Limited has informed the Exchange regarding 'Receipt of Letter of Award (LOA) from National Highways Authority ofIndia (NHAI)'.","24-Mar-2021 13:49:33","2021-03-24 13:49:33","24-Mar-2021 13:49:36","00:00:03","https://nsearchives.nseindia.com/corporate/ADANIENT_24032021134933_AELKodad.pdf"
"ADANIENT","Adani Enterprises Limited","Updates","Adani Enterprises Limited has informed the Exchange regarding 'Receipt of Letter of Award (LOA) from National Highways Authority of India (NHAI)'.","19-Mar-2021 11:49:14","2021-03-19 11:49:14","19-Mar-2021 11:49:18","00:00:04","https://nsearchives.nseindia.com/corporate/ADANIENT_19032021114914_AELPALNPUR.pdf"
"ADANIENT","Adani Enterprises Limited","Press Release","Adani Enterprises Limited has informed the Exchange regarding a press release dated March 15, 2021, titled ""Media Release on the subject  Adani Welspun discovers gas in the Tapti-Daman Sector of Mumbai Offshore ."".","15-Mar-2021 09:27:33","2021-03-15 09:27:33","15-Mar-2021 09:27:38","00:00:05","https://nsearchives.nseindia.com/corporate/ADANIENT_15032021092733_AELAWELMediaRelease.pdf"
"ADANIENT","Adani Enterprises Limited","Investor Presentation","Adani Enterprises Limited has informed the Exchange about Investor Presentation","08-Mar-2021 12:32:32","2021-03-08 12:32:32","08-Mar-2021 12:32:35","00:00:03","https://nsearchives.nseindia.com/corporate/ADANIENT_08032021123232_AELINVESTORPPT.pdf"
"ADANIENT","Adani Enterprises Limited","Loss of Share Certificates","Adani Enterprises Limited has informed the Exchange about Loss of Share Certificates","02-Mar-2021 16:14:49","2021-03-02 16:14:49","02-Mar-2021 16:14:54","00:00:05","https://nsearchives.nseindia.com/corporate/ADANIENT_02032021161449_AEL39.pdf"
"ADANIENT","Adani Enterprises Limited","Press Release","Adani Enterprises Limited has informed the Exchange regarding a press release dated February 23, 2021, titled ""- Media Release on the subject  AdaniConneX, a new Data Center Joint Venture formed Between Adani Enterprises and EdgeConneX, to Empower Digital India  "".","23-Feb-2021 08:46:55","2021-02-23 08:46:55","23-Feb-2021 08:47:00","00:00:05","https://nsearchives.nseindia.com/corporate/ADANIENT_23022021084655_AELDC.pdf"
"ADANIENT","Adani Enterprises Limited","Acquisition","Adani Enterprises Limited has informed the Exchange about Adani Airports acquires 23.5% shareholding in Mumbai Airport","06-Feb-2021 17:17:21","2021-02-06 17:17:21","06-Feb-2021 17:17:24","00:00:03","https://nsearchives.nseindia.com/corporate/ADANIENT_06022021171721_AELMIAL.pdf"
"ADANIENT","Adani Enterprises Limited","Financial Result Updates","Adani Enterprises Limited has submitted to the Exchange, the financial results for the period ended December 31, 2020.","03-Feb-2021 14:36:15","2021-02-03 14:36:15","03-Feb-2021 14:38:02","00:01:47","https://nsearchives.nseindia.com/corporate/AELOUTCOME_03022021143615.zip"
"ADANIENT","Adani Enterprises Limited","Acquisition","Adani Enterprises Limited has informed the Exchange about Acquisition","02-Feb-2021 19:14:18","2021-02-02 19:14:18","02-Feb-2021 19:14:22","00:00:04","https://nsearchives.nseindia.com/corporate/ADANIENT_02022021191418_AELAzhiyur.pdf"
"ADANIENT","Adani Enterprises Limited","Updates","Adani Enterprises Limited has informed the Exchange regarding 'Disclosure pursuant to Regulation 30 of the Securities and Exchange Board of India (Listing Obligations and Disclosure Requirements) Regulations, 2015, as amended ( LODR Regulations )'.","26-Jan-2021 12:36:25","2021-01-26 12:36:25","26-Jan-2021 12:36:29","00:00:04","https://nsearchives.nseindia.com/corporate/ADANIENT_26012021123625_AELIntimation.pdf"
"ADANIENT","Adani Enterprises Limited","Updates","Adani Enterprises Limited has informed the Exchange regarding 'Developments in Airport business'.","19-Jan-2021 11:54:37","2021-01-19 11:54:37","19-Jan-2021 11:54:41","00:00:04","https://nsearchives.nseindia.com/corporate/ADANIENT_19012021115437_3Airport.pdf"
"ADANIENT","Adani Enterprises Limited","Press Release","Adani Enterprises Limited has informed the Exchange regarding a press release dated January 18, 2021, titled ""Media Release on the subject  Three AdaniAirports   Ahmedabad, Mangaluru & Lucknow awarded ACI Airport HealthAccreditation for safe travel ."".","18-Jan-2021 09:30:06","2021-01-18 09:30:06","18-Jan-2021 09:30:11","00:00:05","https://nsearchives.nseindia.com/corporate/ADANIENT_18012021093006_MediaRelease.pdf"
"ADANIENT","Adani Enterprises Limited","Updates","Adani Enterprises Limited has informed the Exchange regarding 'Receipt of Letter of Award (LOA) from National Highways Authority of India (NHAI) '.","14-Jan-2021 11:53:23","2021-01-14 11:53:23","14-Jan-2021 11:53:28","00:00:05","https://nsearchives.nseindia.com/corporate/ADANIENT_14012021115323_120.pdf"
"ADANIENT","Adani Enterprises Limited","Updates","Adani Enterprises Limited has informed the Exchange regarding 'Certificate under Regulation 74(5) of the SEBI (Depositories andParticipants) Regulations, 2018 for the quarter ended 31st December,2020'.","07-Jan-2021 13:13:28","2021-01-07 13:13:28","07-Jan-2021 13:13:34","00:00:06","https://nsearchives.nseindia.com/corporate/ADANIENT_07012021131328_AEL745.pdf"
"ADANIENT","Adani Enterprises Limited","Disclosure under SEBI Takeover Regulations","Promoter of Adani Enterprises Limited has submitted to the Exchange a copy of disclosure under Regulation 10(6) of SEBI (Substantial Acquisition of Shares & Takeover) Regulations, 2011","04-Jan-2021 16:27:51","2021-01-04 16:27:51","04-Jan-2021 16:27:56","00:00:05","https://nsearchives.nseindia.com/corporate/ADANIENT_04012021162751_Flourishing_AEL_10_6.pdf"
"ADANIENT","Adani Enterprises Limited","Trading Window","Adani Enterprises Limited has informed the Exchange regarding the Trading Window closure pursuant to SEBI (Prohibition of Insider Trading) Regulations, 2015","30-Dec-2020 21:25:41","2020-12-30 21:25:41","30-Dec-2020 21:25:49","00:00:08","https://nsearchives.nseindia.com/corporate/ADANIENT_30122020212541_SETWC.pdf"
"ADANIENT","Adani Enterprises Limited","Disclosure under SEBI Takeover Regulations","Promoter of Adani Enterprises Limited has submitted to the Exchange a copy of disclosure under Regulation 10(5) of SEBI (Substantial Acquisition of Shares & Takeover) Regulations, 2011","21-Dec-2020 19:37:47","2020-12-21 19:37:47","21-Dec-2020 19:37:51","00:00:04","https://nsearchives.nseindia.com/corporate/ADANIENT_21122020193747_Adani_Enterprises_REg10.pdf"
"ADANIENT","Adani Enterprises Limited","Updates","Adani Enterprises Limited has informed the Exchange regarding 'Submission of Cash Flow Statements (Standalone and Consolidated) of the Company for the period ended 30th September, 2020'.","09-Dec-2020 17:41:07","2020-12-09 17:41:07","09-Dec-2020 17:41:11","00:00:04","https://nsearchives.nseindia.com/corporate/ADANIENT_09122020174107_AELCASHFLOW.pdf"
"ADANIENT","Adani Enterprises Limited","Related Party Transactions","Adani Enterprises Limited has informed the Exchange about related Party Transactions","04-Dec-2020 12:22:58","2020-12-04 12:22:58","04-Dec-2020 12:23:08","00:00:10","https://nsearchives.nseindia.com/corporate/ADANIENT_04122020122258_AELSEPRPT.pdf"
"ADANIENT","Adani Enterprises Limited","Updates","Adani Enterprises Limited has informed the Exchange regarding 'Disclosure of Related Party Transactions pursuant to Regulation 23(9) of SEBI (Listing Obligations and Disclosure Requirements) Regulations, 2015'.","28-Nov-2020 13:54:10","2020-11-28 13:54:10","28-Nov-2020 13:54:14","00:00:04","https://nsearchives.nseindia.com/corporate/ADANIENT_28112020135410_AELSEPRPT.pdf"
"ADANIENT","Adani Enterprises Limited","Updates","Adani Enterprises Limited has informed the Exchange regarding 'Allotment of Non-Convertible Debentures on private placement basis'.","19-Nov-2020 21:31:54","2020-11-19 21:31:54","19-Nov-2020 21:31:59","00:00:05","https://nsearchives.nseindia.com/corporate/ADANIENT_19112020213154_AllotmentIntimation.pdf"
"ADANIENT","Adani Enterprises Limited","Updates","Adani Enterprises Limited has informed the Exchange regarding 'Developments in Airport business - Ahmedabad International Airport'.","07-Nov-2020 18:18:35","2020-11-07 18:18:35","07-Nov-2020 18:18:39","00:00:04","https://nsearchives.nseindia.com/corporate/ADANIENT_07112020181835_CommencmentAirport.pdf"
"ADANIENT","Adani Enterprises Limited","Updates","Adani Enterprises Limited has informed the Exchange regarding 'Compliance under Regulation 52 of SEBI (Listing Obligations and Disclosure Requirements) Regulations, 2015 (the Listing Regulations)'.","04-Nov-2020 19:03:36","2020-11-04 19:03:36","04-Nov-2020 19:03:39","00:00:03","https://nsearchives.nseindia.com/corporate/ADANIENT_04112020190336_REG52AEL.pdf"
"ADANIENT","Adani Enterprises Limited","Financial Result Updates","Adani Enterprises Limited has submitted to the Exchange, the financial results for the period ended September 30, 2020.","04-Nov-2020 14:04:32","2020-11-04 14:04:32","04-Nov-2020 14:06:08","00:01:36","https://nsearchives.nseindia.com/corporate/AELUFR_04112020140432.zip"
"ADANIENT","Adani Enterprises Limited","Updates","Adani Enterprises Limited has informed the Exchange regarding 'Developments in Airport business - Lucknow International Airport'.","02-Nov-2020 16:34:38","2020-11-02 16:34:38","02-Nov-2020 16:34:43","00:00:05","https://nsearchives.nseindia.com/corporate/ADANIENT_02112020163438_CommencementLucknowAirport.pdf"
"ADANIENT","Adani Enterprises Limited","Updates","Adani Enterprises Limited has informed the Exchange regarding 'In continuation to our earlier intimation dated 14th February, 2020, this is to inform that we have commenced the commercial operations at Mangaluru International Airport with effect from 31st October, 2020. '.","01-Nov-2020 10:42:27","2020-11-01 10:42:27","01-Nov-2020 10:42:33","00:00:06","https://nsearchives.nseindia.com/corporate/ADANIENT_01112020104227_CommencementMangaluruAirport.pdf"
"ADANIENT","Adani Enterprises Limited","Allotment of Securities","Adani Enterprises Limited has informed the Exchange regarding allotment of 1250 securities pursuant to Non Convertible Securities at its meeting held on October 08, 2020","08-Oct-2020 20:06:06","2020-10-08 20:06:06","08-Oct-2020 20:06:10","00:00:04","https://nsearchives.nseindia.com/corporate/ADANIENT_08102020200606_Allotment.pdf"
"ADANIENT","Adani Enterprises Limited","Updates","Adani Enterprises Limited has informed the Exchange regarding 'Certificate under Regulation 74(5) of the SEBI (Depositories andParticipants) Regulations, 2018 for the quarter ended 30th September,2020'.","06-Oct-2020 19:24:18","2020-10-06 19:24:18","06-Oct-2020 19:24:20","00:00:02","https://nsearchives.nseindia.com/corporate/ADANIENT_06102020192418_AEL74_5_.pdf"
"ADANIENT","Adani Enterprises Limited","Trading Window","Adani Enterprises Limited has informed the Exchange regarding the Trading Window closure pursuant to SEBI (Prohibition of Insider Trading) Regulations, 2015","30-Sep-2020 13:27:03","2020-09-30 13:27:03","30-Sep-2020 13:27:06","00:00:03","https://nsearchives.nseindia.com/corporate/ADANIENT_30092020132703_SEIntimationTWC.pdf"
"ADANIENT","Adani Enterprises Limited","Acquisition","Adani Enterprises Limited has informed the Exchange about Acquisition of 51% stake of PLR Systems Private Limited","11-Sep-2020 16:28:02","2020-09-11 16:28:02","11-Sep-2020 16:28:13","00:00:11","https://nsearchives.nseindia.com/corporate/ADANIENT_11092020162802_AELAcquisition.pdf"
"ADANIENT","Adani Enterprises Limited","Updates","Adani Enterprises Limited has informed the Exchange regarding 'Submission of Media Statement by Mr. Gautam Adani Chairman, Adani Group'.","02-Sep-2020 12:25:25","2020-09-02 12:25:25","02-Sep-2020 12:25:30","00:00:05","https://nsearchives.nseindia.com/corporate/ADANIENT_02092020122525_MEDIASTATEMENT.pdf"
"ADANIENT","Adani Enterprises Limited","Acquisition","Adani Enterprises Limited has informed the Exchange about Adani Airports to acquire controlling interest in Mumbai Airport","31-Aug-2020 09:26:20","2020-08-31 09:26:20","31-Aug-2020 09:26:27","00:00:07","https://nsearchives.nseindia.com/corporate/ADANIENT_31082020092620_MIAIntimation.pdf"
"ADANIENT","Adani Enterprises Limited","Disclosure under SEBI Takeover Regulations","SB Adani Family Trust) has submitted to the Exchange a copy of Disclosures of reasons for encumbrance.","28-Aug-2020 16:23:57","2020-08-28 16:23:57","28-Aug-2020 16:24:12","00:00:15","https://nsearchives.nseindia.com/corporate/ADANIENT_28082020162357_Afani_Reason.pdf"
"ADANIENT","Adani Enterprises Limited","Disclosure under SEBI Takeover Regulations","S.B. Adani Family Trust has submitted to the Exchange a copy of  Disclosures of reasons for encumbrance","28-Aug-2020 08:14:25","2020-08-28 08:14:25","28-Aug-2020 08:14:29","00:00:04","https://nsearchives.nseindia.com/corporate/ADANIENT_28082020081425_Adani_01.pdf"
"ADANIENT","Adani Enterprises Limited","Disclosure under SEBI Takeover Regulations","Adani Tradeline LLP has submitted to the Exchange a copy of  Disclosures of reasons for encumbrance.","28-Aug-2020 08:10:58","2020-08-28 08:10:58","28-Aug-2020 08:11:01","00:00:03","https://nsearchives.nseindia.com/corporate/ADANIENT_28082020081058_Adani_en.pdf"
"ADANIENT","Adani Enterprises Limited","Price movement","Significant movement in price has been observed in Adani Enterprises Limited. The Exchange, in order to ensure that investors have latest relevant information about the company and to inform the market place so that the interest of the investors is safeguarded, had written to the company. Adani Enterprises Limited has submitted their response.","26-Aug-2020 14:59:00","2020-08-26 14:59:00","26-Aug-2020 14:59:24","00:00:24","https://nsearchives.nseindia.com/corporate/ADANIENT_26082020145920_NSE_Reply.pdf"
"ADANIENT","Adani Enterprises Limited","Acquisition","Adani Enterprises Limited has informed the Exchange about Acquisition of 51% stake of Adani Chendipada Mining Private Limited","25-Aug-2020 22:03:13","2020-08-25 22:03:13","25-Aug-2020 22:03:16","00:00:03","https://nsearchives.nseindia.com/corporate/ADANIENT_25082020220313_AdaniChendipadaAcq.pdf"
"ADANIENT","Adani Enterprises Limited","Price movement","Significant movement in price has been observed in Adani Enterprises Limited. The Exchange, in order to ensure that investors have latest relevant information about the company and to inform the market place so that the interest of the investors is safeguarded, has written to the company. The response from the company is awaited.","25-Aug-2020 15:30:00","2020-08-25 15:30:00","25-Aug-2020 15:30:47","00:00:47","-"
"ADANIENT","Adani Enterprises Limited","Financial Result Updates","Adani Enterprises Limited has submitted to the Exchange, the financial results for the period ended June 30, 2020.","06-Aug-2020 17:31:03","2020-08-06 17:31:03","06-Aug-2020 17:33:02","00:01:59","https://nsearchives.nseindia.com/corporate/AELUFR_06082020173103.zip"
"ADANIENT","Adani Enterprises Limited","Updates","Adani Enterprises Limited has informed the Exchange regarding 'Certificate under Regulation 74(5) of the SEBI (Depositories and Participants) Regulations, 2018 for the quarter ended 30th June, 2020'.","28-Jul-2020 15:40:00","2020-07-28 15:40:00","-","-","https://nsearchives.nseindia.com/corporate/ADANIENT_28072020154006_AEL74_5_DPReg.pdf"
"ADANIENT","Adani Enterprises Limited","News Verification","The Exchange has sought clarification from Adani Enterprises Limited with respect to recent news item captioned Tamil Nadu inks 16 MoUs for Rs 5,137 crore investment.  The response from the Company is attached.","28-Jul-2020 09:49:00","2020-07-28 09:49:00","-","-","https://nsearchives.nseindia.com/corporate/ADANIENT_28072020094944_AELTNREPLY.pdf"
"ADANIENT","Adani Enterprises Limited","News Verification","The Exchange has sought clarification from Adani Enterprises Limited with respect to recent news item captioned Tamil Nadu inks 16 MoUs for Rs 5,137 crore investment.  The response from the Company is awaited.","24-Jul-2020 17:15:00","2020-07-24 17:15:00","-","-","-"
"ADANIENT","Adani Enterprises Limited","Address Change","Adani Enterprises Limited has informed the Exchange regarding change in Registered Office of the company.","02-Jul-2020 18:57:00","2020-07-02 18:57:00","-","-","https://nsearchives.nseindia.com/corporate/ADANIENT_02072020185749_AELCHANGEINRO.pdf"
"ADANIENT","Adani Enterprises Limited","Trading Window","Adani Enterprises Limited has informed the Exchange regarding the Trading Window closure pursuant to SEBI (Prohibition of Insider Trading) Regulations, 2015","30-Jun-2020 17:38:00","2020-06-30 17:38:00","-","-","https://nsearchives.nseindia.com/corporate/ADANIENT_30062020173838_SEINTIMATIONTWC.pdf"
"ADANIENT","Adani Enterprises Limited","Shareholders meeting","Adani Enterprises Limited has submitted the Exchange a copy Srutinizers report of  Annual General Meeting held on Jun 26, 2020. Further, the company has informed the Exchange regarding voting results.","26-Jun-2020 23:15:00","2020-06-26 23:15:00","-","-","https://nsearchives.nseindia.com/corporate/ADANIENT_26062020231549_AELREG44.pdf"
"ADANIENT","Adani Enterprises Limited","Shareholders meeting","Adani Enterprises Limited has informed the Exchange regarding Proceedings of Annual General Meeting held on Jun 26, 2020","26-Jun-2020 18:31:00","2020-06-26 18:31:00","-","-","https://nsearchives.nseindia.com/corporate/ADANIENT_26062020183128_AELAGMPROCEED.pdf"
"ADANIENT","Adani Enterprises Limited","Updates","Adani Enterprises Limited has informed the Exchange regarding 'Annual Secretarial Compliance Report for the financial year ended31st March, 2020'.","12-Jun-2020 17:09:00","2020-06-12 17:09:00","-","-","https://nsearchives.nseindia.com/corporate/ADANIENT_12062020170901_AELAnnual.pdf"
"ADANIENT","Adani Enterprises Limited","Disclosure under SEBI Takeover Regulations","Promoters of Adani Enterprises Limited has informed the Exchange regarding disclosure under 10(6) of SEBI (SAST) Regulations, 2011","05-Jun-2020 18:04:00","2020-06-05 18:04:00","-","-","https://nsearchives.nseindia.com/corporate/ADANIENT_05062020180439_AEL123.pdf"
"ADANIENT","Adani Enterprises Limited","Updates","Adani Enterprises Limited has informed the Exchange regarding 'Newspaper Advertisement   Notice of 28th Annual General Meeting,Remote E-voting information and Book Closure etc.'.","04-Jun-2020 15:36:00","2020-06-04 15:36:00","-","-","https://nsearchives.nseindia.com/corporate/ADANIENT_04062020153649_POSTAGMAEL.pdf"
"ADANIENT","Adani Enterprises Limited","Book Closure","Adani Enterprises Limited has informed the Exchange that the Company has fixed Book Closure from June 19, 2020 to June 26, 2020 for the purpose of Annual General Meeting","03-Jun-2020 19:03:00","2020-06-03 19:03:00","-","-","https://nsearchives.nseindia.com/corporate/ADANIENT_03062020190339_AELBOOKCLOSURE.pdf"
"ADANIENT","Adani Enterprises Limited","Shareholders meeting","Adani Enterprises Limited has informed the Exchange regarding Notice of Annual General Meeting to be held on Jun 26, 2020","03-Jun-2020 18:45:00","2020-06-03 18:45:00","-","-","https://nsearchives.nseindia.com/corporate/ADANIENT_03062020184544_AELARSUB.pdf"
"ADANIENT","Adani Enterprises Limited","Updates","Adani Enterprises Limited has informed the Exchange regarding 'Disclosure of Related Party Transactions pursuant to Regulation 23(9)of SEBI (Listing Obligations and Disclosure Requirements) Regulations,2015'.","02-Jun-2020 15:53:00","2020-06-02 15:53:00","-","-","https://nsearchives.nseindia.com/corporate/ADANIENT_02062020155313_AELHALFYEARRPT.pdf"
"ADANIENT","Adani Enterprises Limited","Updates","Adani Enterprises Limited has informed the Exchange regarding 'Newspaper Advertisements - 28th Annual General Meeting through VideoConferencing / Other Audio Visual Means (""VC / OAVM"") facility.'.","02-Jun-2020 12:15:00","2020-06-02 12:15:00","-","-","https://nsearchives.nseindia.com/corporate/ADANIENT_02062020121538_PRENEWSADD.pdf"
"ADANIENT","Adani Enterprises Limited","Updates","Adani Enterprises Limited has informed the Exchange regarding 'Submission of information under Regulation 30 of the SEBI (ListingObligations & Disclosure Requirements) Regulations, 2015 - in thecontext of pandemic of Corona virus (Covid-19)'.","02-Jun-2020 12:10:00","2020-06-02 12:10:00","-","-","https://nsearchives.nseindia.com/corporate/ADANIENT_02062020121036_AELCOVIDIMPACT.pdf"
"ADANIENT","Adani Enterprises Limited","Acquisition","Adani Enterprises Limited has informed the Exchange Intimation for Incorporation of a Wholly Owned Subsidiary.","29-May-2020 18:53:00","2020-05-29 18:53:00","-","-","https://nsearchives.nseindia.com/corporate/ADANIENT_29052020185312_DCNOIDAANDHYDERABAD.pdf"
"ADANIENT","Adani Enterprises Limited","Acquisition","Intimation for Incorporation of a Wholly Owned Subsidiary","22-May-2020 15:06:00","2020-05-22 15:06:00","-","-","https://nsearchives.nseindia.com/corporate/ADANIENT_22052020150627_AELDC.pdf"
"ADANIENT","Adani Enterprises Limited","Allotment of Securities","Adani Enterprises Limited has informed the Exchange regarding allotment of 4000 securities pursuant to Non Convertible Securities at its meeting held on May 20, 2020","20-May-2020 19:00:00","2020-05-20 19:00:00","-","-","https://nsearchives.nseindia.com/corporate/ADANIENT_20052020190009_AllotmentIntimation.pdf"
"ADANIENT","Adani Enterprises Limited","Acquisition","Adani Enterprises Limited has informed the Exchange about Intimation for Incorporation of a Subsidiary Company","15-May-2020 19:35:00","2020-05-15 19:35:00","-","-","https://nsearchives.nseindia.com/corporate/ADANIENT_15052020193555_AELVIJAYWADA.pdf"
"ADANIENT","Adani Enterprises Limited","Disclosure under SEBI Takeover Regulations","Promoter of Adani Enterprises Limited has informed the Exchange regarding Disclosure under Regulation 30 and Regulation 31(4) of SEBI (Substantial Acquisition of Shares and Takeovers) Regulations, 2011","13-May-2020 08:55:00","2020-05-13 08:55:00","-","-","https://nsearchives.nseindia.com/corporate/ADANIENT_13052020085554_AEL.pdf"
"ADANIENT","Adani Enterprises Limited","Acquisition","Adani Enterprises Limited has informed the Exchange about Intimation for Incorporation of a wholly owned subsidiary company","08-May-2020 18:05:00","2020-05-08 18:05:00","-","-","https://nsearchives.nseindia.com/corporate/ADANIENT_08052020180540_AELNPRPL.pdf"
"ADANIENT","Adani Enterprises Limited","Financial Result Updates","Adani Enterprises Limited has submitted to the Exchange, the financial results for the period ended March 31, 2020.","06-May-2020 14:04:28","2020-05-06 14:04:28","-","-","https://nsearchives.nseindia.com/corporate/AELBMOUTCOME_06052020140428.zip"
"ADANIENT","Adani Enterprises Limited","Updates","Adani Enterprises Limited has informed the Exchange regarding 'Certificate under Regulation 74(5) of the SEBI (Depositories andParticipants) Regulations, 2018 for the quarter ended 31st March, 2020'.","22-Apr-2020 14:33:00","2020-04-22 14:33:00","-","-","https://nsearchives.nseindia.com/corporate/ADANIENT_22042020143312_AEL74.pdf"
"ADANIENT","Adani Enterprises Limited","Dividend Updates","Adani Enterprises Limited has informed the Exchange regarding Updates on delay in posting / dispatch of Interim Dividend Warrants /Demand Drafts for the Financial Year 2019-20.","03-Apr-2020 08:36:00","2020-04-03 08:36:00","-","-","https://nsearchives.nseindia.com/corporate/ADANIENT_03042020083650_DividendIntimation.pdf"
"ADANIENT","Adani Enterprises Limited","Updates","Adani Enterprises Limited has informed the Exchange regarding 'Receipt of Letter of Awards (LoA) from National Highways Authority ofIndia (NHAI)'.","31-Mar-2020 18:52:00","2020-03-31 18:52:00","-","-","https://nsearchives.nseindia.com/corporate/ADANIENT_31032020185223_LOA4.pdf"
"ADANIENT","Adani Enterprises Limited","Trading Window","Adani Enterprises Limited has informed the Exchange regarding the Trading Window closure pursuant to SEBI (Prohibition of Insider Trading) Regulations, 2015","30-Mar-2020 11:23:00","2020-03-30 11:23:00","-","-","https://nsearchives.nseindia.com/corporate/ADANIENT_30032020112332_AELTWC.pdf"
"ADANIENT","Adani Enterprises Limited","Disclosure under SEBI Takeover Regulations","Gautam S. Adani & Rajesh S. Adani (on behalf of S.B. AdaniFamily Trust) has informed the Exchange regarding Disclosure of reason of encumbrance under regulation 31(1) read with regulation28(3) of SEBI (Substantial Acquisition of Shares and Takeovers) Regulations, 2011","30-Mar-2020 09:54:00","2020-03-30 09:54:00","-","-","https://nsearchives.nseindia.com/corporate/ADANIENT_30032020095449_ael.pdf"
"ADANIENT","Adani Enterprises Limited","Disclosure under SEBI Takeover Regulations","Gautam S Adani & Rajesh S Adani (on behalf of S B Adani Famiily Trust) and Adani TRadeline LLP has informed the Exchnage regarding Disclosure of reason of encumbrance under regulation 31(1) read with regulation 28(3) of SEBI (Substantial Acquisition of Shares and Takeovers) Regulations, 2011","27-Mar-2020 08:56:00","2020-03-27 08:56:00","-","-","https://nsearchives.nseindia.com/corporate/ADANIENT_27032020085641_ael_27032020013039.zip"
"ADANIENT","Adani Enterprises Limited","Disclosure under SEBI Takeover Regulations","S.B. Adani Family Trust has informed the Exchange regarding reason for encumbrance vide letter dated March 18, 2020 under SEBI ( SAST) Regulations, 2011.","18-Mar-2020 15:56:00","2020-03-18 15:56:00","-","-","https://nsearchives.nseindia.com/corporate/ADANIENT_18032020155604_AEL_reasons.pdf"
"ADANIENT","Adani Enterprises Limited","Disclosure under SEBI Takeover Regulations","S. B. Adani Family Trust has informed the Exchange regarding reason for encumbrance vide letter dated March 17, 2020 under SEBI ( SAST) Regulations, 2011.","17-Mar-2020 15:46:00","2020-03-17 15:46:00","-","-","https://nsearchives.nseindia.com/corporate/ADANIENT_17032020154640_AEL_Reasons.pdf"
"ADANIENT","Adani Enterprises Limited","Dividend","Adani Enterprises Limited has informed the Exchange that Board of Directors at its meeting held on March 17, 2020, declared Interim Dividend of Re. 1 per equity share.","17-Mar-2020 12:44:00","2020-03-17 12:44:00","-","-","https://nsearchives.nseindia.com/corporate/ADANIENT_17032020124424_IntimationAEL17032020.pdf"
"ADANIENT","Adani Enterprises Limited","Disclosure under SEBI Takeover Regulations","S. B. Adani Family Trust has informed the Exchange regarding reason for encumbrance vide letter dated March 16, 2020 under SEBI ( SAST) Regulations, 2011.","16-Mar-2020 15:50:00","2020-03-16 15:50:00","-","-","https://nsearchives.nseindia.com/corporate/ADANIENT_16032020155038_AEL_Reasons.pdf"
"ADANIENT","Adani Enterprises Limited","Disclosure under SEBI Takeover Regulations","S B Adani Family Trust has submitted to the Exchange a copy of the disclosure on detailed reasons for encumbrance.","16-Mar-2020 08:43:00","2020-03-16 08:43:00","-","-","https://nsearchives.nseindia.com/corporate/ADANIENT_16032020084327_AdaniEnterprise.pdf"
"ADANIENT","Adani Enterprises Limited","Disclosure under SEBI Takeover Regulations","S B Adani family trust has informed the Exchange regarding reason for encumbrance vide letter dated March 13, 2020 under SEBI ( SAST) Regulations, 2011.","13-Mar-2020 17:59:00","2020-03-13 17:59:00","-","-","https://nsearchives.nseindia.com/corporate/ADANIENT_13032020175935_AEL_reason_434.pdf"
"ADANIENT","Adani Enterprises Limited","Disclosure under SEBI Takeover Regulations","S B Adani family trust has submitted to the Exchange a copy of Disclosure of reasons for encumbrance.","12-Mar-2020 17:24:00","2020-03-12 17:24:00","-","-","https://nsearchives.nseindia.com/corporate/ADANIENT_12032020172442_AEL.pdf"
"ADANIENT","Adani Enterprises Limited","Record Date","Adani Enterprises Limited has informed the Exchange that the Company has fixed Record Date as March 25, 2020 for the purpose of interim dividend, if declared.","12-Mar-2020 11:32:00","2020-03-12 11:32:00","-","-","https://nsearchives.nseindia.com/corporate/ADANIENT_12032020113245_ADANIENT.pdf"
"ADANIENT","Adani Enterprises Limited","Updates","Adani Enterprises Limited has informed the Exchange regarding 'Receipt of Letter of Awards (LoA) from National Highways Authority of India (NHAI).'.","11-Mar-2020 12:23:00","2020-03-11 12:23:00","-","-","https://nsearchives.nseindia.com/corporate/ADANIENT_11032020122354_11032020.pdf"
"ADANIENT","Adani Enterprises Limited","Acquisition","Adani Enterprises Limited has informed the Exchange about Intimation for Incorporation of a Wholly Owned Subsidiary","07-Mar-2020 11:48:00","2020-03-07 11:48:00","-","-","https://nsearchives.nseindia.com/corporate/ADANIENT_07032020114816_RAJINTI.pdf"
"ADANIENT","Adani Enterprises Limited","Disclosure under SEBI Takeover Regulations","Oasis Trade & Investment Ltd has submitted to the Exchange a copy of disclosure under Regulation 10(5) in respect of acquisition under Regulation 10(1)(a) of SEBI (Substantial Acquisition of Shares & Takeovers) Regulations, 2011.","04-Mar-2020 13:39:00","2020-03-04 13:39:00","-","-","https://nsearchives.nseindia.com/corporate/ADANIENT_04032020133923_AdaniEnter.pdf"
"ADANIENT","Adani Enterprises Limited","Disclosure under SEBI Takeover Regulations","Oasis Trade and Investment Limited has submitted to the Exchange a copy of disclosure under Regulation 10(5) in respect of acquisition under Regulation 10(1)(a) of SEBI (Substantial Acquisition of Shares & Takeovers) Regulations, 2011.","04-Mar-2020 13:36:00","2020-03-04 13:36:00","-","-","https://nsearchives.nseindia.com/corporate/ADANIENT_04032020133641_Oasis_02032020.pdf"
"ADANIENT","Adani Enterprises Limited","Disclosure under SEBI Takeover Regulations","S B ADANI FAMILY TRUST has informed the Exchange regarding reason for encumbrance vide letter dated March 03, 2020 under SEBI ( SAST) Regulations, 2011.","03-Mar-2020 20:09:00","2020-03-03 20:09:00","-","-","https://nsearchives.nseindia.com/corporate/ADANIENT_03032020200922_AEL.pdf"
"ADANIENT","Adani Enterprises Limited","Disclosure under SEBI Takeover Regulations","S B Adani family trust has informed the Exchange regarding reason for encumbrance vide letter dated February 28, 2020 under SEBI ( SAST) Regulations, 2011.","28-Feb-2020 19:36:00","2020-02-28 19:36:00","-","-","https://nsearchives.nseindia.com/corporate/ADANIENT_28022020193626_Ael_reason.pdf"
"ADANIENT","Adani Enterprises Limited","Acquisition","Adani Enterprises Limited has informed for incorporation of Wholly Owned Subsidiaries","20-Feb-2020 19:06:00","2020-02-20 19:06:00","-","-","https://nsearchives.nseindia.com/corporate/ADANIENT_20022020190600_AELNSE.pdf"
"ADANIENT","Adani Enterprises Limited","Updates","Adani Enterprises Limited has informed the Exchange regarding 'Developments in Airport business'.","14-Feb-2020 14:16:00","2020-02-14 14:16:00","-","-","https://nsearchives.nseindia.com/corporate/ADANIENT_14022020141640_AEL.pdf"
"ADANIENT","Adani Enterprises Limited","Acquisition","Adani Enterprises Limited has informed the Exchange about Intimation for Incorporation of a Wholly Owned Subsidiary","13-Feb-2020 18:15:00","2020-02-13 18:15:00","-","-","https://nsearchives.nseindia.com/corporate/ADANIENT_13022020181551_Brahmaputra.pdf"
"ADANIENT","Adani Enterprises Limited","Acquisition","Adani Enterprises Limited has informed the Exchange about Intimation for Incorporation of Wholly Owned Subsidiaries","11-Feb-2020 19:32:00","2020-02-11 19:32:00","-","-","https://nsearchives.nseindia.com/corporate/ADANIENT_11022020193234_SEVijaynagar.pdf"
"ADANIENT","Adani Enterprises Limited","Acquisition","Adani Enterprises Limited has informed the Exchange about Intimation for Incorporation of a Wholly Owned Subsidiary ( WOS )","08-Feb-2020 13:40:00","2020-02-08 13:40:00","-","-","https://nsearchives.nseindia.com/corporate/ADANIENT_08022020134015_AELSABARMATI.pdf"
"ADANIENT","Adani Enterprises Limited","Disclosure under SEBI Takeover Regulations","S B Adani Family Trust has informed the Exchange regarding reason for encumbrance vide letter dated February 07, 2020 under SEBI ( SAST) Regulations, 2011.","07-Feb-2020 17:32:00","2020-02-07 17:32:00","-","-","https://nsearchives.nseindia.com/corporate/ADANIENT_07022020173218_AEL_350.pdf"
"ADANIENT","Adani Enterprises Limited","Press Release","Adani Enterprises Limited has informed the Exchange regarding a press release dated February 06, 2020, titled ""Submission of Media Release"".","06-Feb-2020 17:01:00","2020-02-06 17:01:00","-","-","https://nsearchives.nseindia.com/corporate/ADANIENT_06022020170151_AEL.pdf"
"ADANIENT","Adani Enterprises Limited","Press Release","Adani Enterprises Limited has informed the Exchange regarding a press release dated February 06, 2020, titled ""Submission of Media Release"".","06-Feb-2020 13:50:00","2020-02-06 13:50:00","-","-","https://nsearchives.nseindia.com/corporate/ADANIENT_06022020135051_AELfnl.pdf"
"ADANIENT","Adani Enterprises Limited","Financial Result Updates","Adani Enterprises Limited has submitted to the Exchange, the financial results for the period ended December 31, 2019.","05-Feb-2020 14:29:18","2020-02-05 14:29:18","-","-","https://nsearchives.nseindia.com/corporate/AELUFR_05022020142918.zip"
"ADANIENT","Adani Enterprises Limited","News Verification","The Exchange has sought clarification from Adani Enterprises Limited with respect to recent news item captioned CBI books Adani enterprises, officers for alleged irregularities in coal supply contract.  The response from the Company is awaited.","17-Jan-2020 16:57:00","2020-01-17 16:57:00","-","-","-"
"ADANIENT","Adani Enterprises Limited","Updates","Adani Enterprises Limited has informed the Exchange regarding 'Certificate under Regulation 74(5) of the SEBI (Depositories and Participants) Regulations, 2018 for the quarter ended 31 st December,2019'.","10-Jan-2020 11:51:00","2020-01-10 11:51:00","-","-","https://nsearchives.nseindia.com/corporate/ADANIENT_10012020115148_AEL74_5__036.pdf"
"ADANIENT","Adani Enterprises Limited","Disclosure under SEBI Takeover Regulations","Adani Tradeline LLP has informed the Exchange regarding reason for encumbrance vide letter dated January 09, 2020 under SEBI ( SAST) Regulations, 2011.","09-Jan-2020 18:26:00","2020-01-09 18:26:00","-","-","https://nsearchives.nseindia.com/corporate/listcontract3_09012020181927_AEL_602_263.pdf"
"ADANIENT","Adani Enterprises Limited","Trading Window","Adani Enterprises Limited has informed the Exchange regarding the Trading Window closure pursuant to SEBI (Prohibition of Insider Trading) Regulations, 2015","31-Dec-2019 15:21:00","2019-12-31 15:21:00","-","-","https://nsearchives.nseindia.com/corporate/ADANIENT_31122019152043_AELTWC_410.pdf"
"ADANIENT","Adani Enterprises Limited","Related Party Transactions","Adani Enterprises Limited has informed the Exchange regarding Disclosure of Related Party Transactions pursuant to Regulation 23(9) of SEBI (listing Obligations and Disclosure Requirements) Regulations, 2015","04-Dec-2019 17:55:00","2019-12-04 17:55:00","-","-","https://nsearchives.nseindia.com/corporate/tkarbhari_4122019175445_AELHYRPT_241.pdf"
"ADANIENT","Adani Enterprises Limited","Disclosure under SEBI Takeover Regulations","S B Adani Family trust has informed the Exchange regarding reason for encumbrance vide letter dated November 18, 2019 under SEBI ( SAST) Regulations, 2011.","18-Nov-2019 18:41:00","2019-11-18 18:41:00","-","-","https://nsearchives.nseindia.com/corporate/listcontract1_18112019183049_AEL_405.pdf"
"ADANIENT","Adani Enterprises Limited","Financial Result Updates","Adani Enterprises Limited has submitted to the Exchange, the financial results for the period ended September 30, 2019.","12-Nov-2019 15:47:06","2019-11-12 15:47:06","-","-","https://nsearchives.nseindia.com/corporate/AELQ2UFR_12112019154706.zip"
"ADANIENT","Adani Enterprises Limited","Acquisition","Adani Enterprises Limited has informed the Exchange about acquisition by way of Incorporation of Wholly-owned Subsidiary - 'Gare Palma II Collieries Private Limited'","08-Nov-2019 16:40:00","2019-11-08 16:40:00","-","-","https://nsearchives.nseindia.com/corporate/ADANIENT_08112019163833_AELIntimationGarePalma_215.pdf"
"ADANIENT","Adani Enterprises Limited","Acquisition","Acquisition of 49% stake of Adani Power Resources Limited","08-Nov-2019 16:35:00","2019-11-08 16:35:00","-","-","https://nsearchives.nseindia.com/corporate/ADANIENT_08112019163335_AELIntimationAcquisitionAPRL_204.pdf"
"ADANIENT","Adani Enterprises Limited","Press Release","Adani Enterprises Limited has informed the Exchange regarding a press release dated October 29, 2019, titled ""Media Release on the subject ""Adani Partnerswith U.S.-Based Digital Realty to Build India's Data Center Infrastructure"".","29-Oct-2019 08:55:00","2019-10-29 08:55:00","-","-","https://nsearchives.nseindia.com/corporate/ADANIENT_29102019085419_AELDataCentre_013.pdf"
"ADANIENT","Adani Enterprises Limited","Acquisition","Adani Enterprises Limited has informed the Exchange about Acquisition of  Intimation for Incorporation of Adani Iron Ore Mining Private Limited (""AIOMPL"") and Adani Railways Transport Limited (""ARTL"").","23-Oct-2019 18:44:00","2019-10-23 18:44:00","-","-","https://nsearchives.nseindia.com/corporate/ADANIENT_23102019184418_AELEREG30_381.pdf"
"ADANIENT","Adani Enterprises Limited","Acquisition","Adani Enterprises Limited has informed the Exchange about Acquisition by way of incorporation of Mundra Solar Energy Limited ( MSEL ) and Kurmitar Iron Ore Mining Private Limited ( KIOMPL ).","19-Oct-2019 13:51:00","2019-10-19 13:51:00","-","-","https://nsearchives.nseindia.com/corporate/ADANIENT_19102019135049_AEL_040.pdf"
"ADANIENT","Adani Enterprises Limited","Acquisition","Adani Enterprises Limited has informed the Exchange about Acquisition of Intimation for Incorporation of a wholly owned subsidiary company","17-Oct-2019 18:40:00","2019-10-17 18:40:00","-","-","https://nsearchives.nseindia.com/corporate/ADANIENT_17102019184009_AMTL_190.pdf"
"ADANIENT","Adani Enterprises Limited","Disclosure under SEBI Takeover Regulations","S.B. Adani Family Trust has informed the Exchange regarding reason for encumbrance vide letter dated October 15, 2019 under SEBI ( SAST) Regulations, 2011.","15-Oct-2019 13:52:00","2019-10-15 13:52:00","-","-","https://nsearchives.nseindia.com/corporate/listcontract1_15102019122818_AEL_reasons_111.pdf"
"ADANIENT","Adani Enterprises Limited","Updates","Adani Enterprises Limited has informed the Exchange regarding 'Certificate under Regulation 74(5) of the SEBI (Depositories andParticipants) Regulations, 2018 for the quarter ended 30th September,2019'.","11-Oct-2019 13:08:00","2019-10-11 13:08:00","-","-","https://nsearchives.nseindia.com/corporate/ADANIENT_11102019130752_AEL74_088.pdf"
"ADANIENT","Adani Enterprises Limited","Disclosure under SEBI Takeover Regulations","S.B. Adani Family Trust and Adani Tradeline LLP has informed the Exchange regarding reason for encumbrance vide letter dated October 04, 2019 under SEBI ( SAST) Regulations, 2011.","07-Oct-2019 16:20:00","2019-10-07 16:20:00","-","-","https://nsearchives.nseindia.com/corporate/listcontract3_07102019094848_AEL_249.pdf"
"ADANIENT","Adani Enterprises Limited","Acquisition","Adani Enterprises Limited has informed the Exchange about Acquisition of Stratatech Mineral Resources Private Limited","04-Oct-2019 19:20:00","2019-10-04 19:20:00","-","-","https://nsearchives.nseindia.com/corporate/ADANIENT_04102019192047_STRATECH_202.pdf"
"ADANIENT","Adani Enterprises Limited","Trading Window","Adani Enterprises Limited has informed the Exchange regarding the Trading Window closure pursuant to SEBI (Prohibition of Insider Trading) Regulations, 2015","30-Sep-2019 16:10:00","2019-09-30 16:10:00","-","-","https://nsearchives.nseindia.com/corporate/ADANIENT_30092019161019_AELTWC_012.pdf"
"ADANIENT","Adani Enterprises Limited","Acquisition","Adani Enterprises Limited has informed the Exchange about Acquisition of Intimation for incorporation of Adani Ahmedabad International Airport Limited","26-Sep-2019 15:59:00","2019-09-26 15:59:00","-","-","https://nsearchives.nseindia.com/corporate/ADANIENT_26092019155931_AhmedabadAirport_202.pdf"
"ADANIENT","Adani Enterprises Limited","Acquisition","Adani Enterprises Limited has informed the Exchange about Acquisition of Intimation for incorporation of Adani Jaipur International Airport Limited","26-Sep-2019 15:57:00","2019-09-26 15:57:00","-","-","https://nsearchives.nseindia.com/corporate/ADANIENT_26092019155655_JaipurAirport_199.pdf"
"ADANIENT","Adani Enterprises Limited","Acquisition","Adani Enterprises Limited has informed the Exchange about Acquisition of Intimation for incorporation of Adani Mangalore International Airport Limited","25-Sep-2019 15:31:00","2019-09-25 15:31:00","-","-","https://nsearchives.nseindia.com/corporate/ADANIENT_25092019153141_Mangloreairport_131.pdf"
"ADANIENT","Adani Enterprises Limited","Acquisition","Adani Enterprises Limited has informed the Exchange about Acquisition of Intimation for incorporation of Adani Trivandrum International Airport Limited","25-Sep-2019 15:26:00","2019-09-25 15:26:00","-","-","https://nsearchives.nseindia.com/corporate/ADANIENT_25092019152647_ADANITIAL_128.pdf"
"ADANIENT","Adani Enterprises Limited","Acquisition","Intimation for incorporation of Adani Guwahati International Airport Limited","24-Sep-2019 15:26:00","2019-09-24 15:26:00","-","-","https://nsearchives.nseindia.com/corporate/ADANIENT_24092019152631_AELGUWAHATi_091.pdf"
"ADANIENT","Adani Enterprises Limited","Acquisition","Adani Enterprises Limited has informed the Exchange about Acquisition of Intimation for incorporation of Adani Lucknow International Airport Limited","07-Sep-2019 12:21:00","2019-09-07 12:21:00","-","-","https://nsearchives.nseindia.com/corporate/ADANIENT_07092019122049_AdaniLucknow_023.pdf"
"ADANIENT","Adani Enterprises Limited","Shareholders meeting","Adani Enterprises Limited has submitted the Exchange a copy Srutinizers report of  Annual General Meeting held on August 07, 2019","08-Aug-2019 19:40:00","2019-08-08 19:40:00","-","-","https://nsearchives.nseindia.com/corporate/ADANIENT_08082019194046_AELREG44_561.pdf"
"ADANIENT","Adani Enterprises Limited","Financial Result Updates","Adani Enterprises Limited has submitted to the Exchange, the financial results for the period ended June 30, 2019.","08-Aug-2019 14:49:37","2019-08-08 14:49:37","-","-","https://nsearchives.nseindia.com/corporate/AELRESULT_08082019144937.zip"
"ADANIENT","Adani Enterprises Limited","Shareholders meeting","Proceedings of the 27th Annual General Meeting of the Company heldon 7th August, 2019.","07-Aug-2019 21:47:00","2019-08-07 21:47:00","-","-","https://nsearchives.nseindia.com/corporate/ADANIENT_07082019214711_AELPROCEED_038.pdf"
"ADANIENT","Adani Enterprises Limited","Shareholders meeting","Adani Enterprises Limited has informed the Exchange regarding Proceedings of Annual General Meeting held on August 07, 2019","07-Aug-2019 21:43:00","2019-08-07 21:43:00","-","-","https://nsearchives.nseindia.com/corporate/ADANIENT_07082019214346_AELPROCEED_037.pdf"
"ADANIENT","Adani Enterprises Limited","Acquisition","Adani Enterprises Limited has informed the Exchange about Acquisition of Intimation for incorporation of Adani Airports Limited","03-Aug-2019 15:22:00","2019-08-03 15:22:00","-","-","https://nsearchives.nseindia.com/corporate/ADANIENT_03082019152143_AELAIRPORT_130.pdf"
"ADANIENT","Adani Enterprises Limited","Acquisition","Adani Enterprises Limited has informed the Exchange about Acquisition of","30-Jul-2019 19:27:00","2019-07-30 19:27:00","-","-","https://nsearchives.nseindia.com/corporate/ADANIENT_30072019192644_AELGPIII_432.pdf"
"ADANIENT","Adani Enterprises Limited","Updates","Adani Enterprises Limited has informed the Exchange regarding 'Intimation under Regulation 47 of the SEBI (Listing Obligations andDisclosure Requirements) Regulations, 2015.'.","16-Jul-2019 18:02:00","2019-07-16 18:02:00","-","-","https://nsearchives.nseindia.com/corporate/ADANIENT_16072019180207_AEL47_267.pdf"
"ADANIENT","Adani Enterprises Limited","AGM/Book Closure","Adani Enterprises Limited has informed the Exchange that the Register of Members & Share Transfer Books of the Company will remain closed from July 31, 2019 to August 7, 2019(both days inclusive) for the purpose of Annual General Meeting of the Company to be held on August 07, 2019 and Payment of Dividend","15-Jul-2019 20:42:00","2019-07-15 20:42:00","-","-","https://nsearchives.nseindia.com/corporate/listcontract3_15072019200043_Bookclosure_415.pdf"
"ADANIENT","Adani Enterprises Limited","Shareholders meeting","Adani Enterprises Limited has informed the Exchange regarding Notice of Annual General Meeting to be held on August 07, 2019","15-Jul-2019 20:12:00","2019-07-15 20:12:00","-","-","https://nsearchives.nseindia.com/corporate/ADANIENT_15072019201223_NoticeofAGM_406.pdf"
"ADANIENT","Adani Enterprises Limited","Trading Window","Adani Enterprises Limited has informed the Exchange regarding the Trading Window closure pursuant to SEBI (Prohibition of Insider Trading) Regulations, 2015","29-Jun-2019 12:31:00","2019-06-29 12:31:00","-","-","https://nsearchives.nseindia.com/corporate/ADANIENT_29062019123059_AELSE2906_106.pdf"
"ADANIENT","Adani Enterprises Limited","Related Party Transactions","Adani Enterprises Limited has informed the Exchange regarding Disclosure of Related Party Transactions pursuant to Regulation 23(9) of SEBI (Listing Obligations and Disclosure Requirements) Regulations, 2015","26-Jun-2019 18:26:00","2019-06-26 18:26:00","-","-","https://nsearchives.nseindia.com/corporate/listcontract3_2662019182451_AELYEARKYRPT_373.pdf"
"ADANIENT","Adani Enterprises Limited","Press Release","Adani Enterprises Limited has informed the Exchange regarding a press release dated Jun 13, 2019, titled ""Adani Australia gets final environmental approval for Carmichael mine"".","13-Jun-2019 11:49:00","2019-06-13 11:49:00","-","-","https://nsearchives.nseindia.com/corporate/ADANIENT_13062019114932_AELAUS1306_050.pdf"
"ADANIENT","Adani Enterprises Limited","Raising of Funds","Adani Enterprises Limited has informed the Exchange that the Board of Directors of the Company at its Meeting held on May 29, 2019, The Board has also recommended enabling resolutions for seeking approval of the shareholders at the ensuing Annual General Meeting (AGM) to raise funds by issue of Equity Shares / Convertible Bonds through Qualified Institutional Placement [QIP] / GDR / ADR/ FCCBs / FCEBs / Convertible Securities / Other Equity Instruments for an aggregating amount upto Rs. 5,000 Crores.","29-May-2019 17:10:00","2019-05-29 17:10:00","-","-","https://nsearchives.nseindia.com/corporate/listcontract1_29052019160649_ADANIENT_402.pdf"
"ADANIENT","Adani Enterprises Limited","Dividend","Adani Enterprises Limited has informed the Exchange that the Board of Directors of the Company at its Meeting held on May 29, 2019, The Board has recommended Dividend of Re. 0.40 per Equity Share of face value of Re. 1 each fully paid up for the Financial Year 2018-19.","29-May-2019 17:03:00","2019-05-29 17:03:00","-","-","https://nsearchives.nseindia.com/corporate/listcontract1_29052019160509_ADANIENT_390.pdf"
"ADANIENT","Adani Enterprises Limited","Outcome of Board Meeting","Adani Enterprises Limited has informed the Exchange regarding  Board meeting held on May 29, 2019.","29-May-2019 17:02:00","2019-05-29 17:02:00","-","-","https://nsearchives.nseindia.com/corporate/listcontract1_29052019160432_ADANIENT_389.pdf"
"ADANIENT","Adani Enterprises Limited","Financial Result Updates","Adani Enterprises Limited has submitted to the Exchange, the financial results for the period ended March 31, 2019.","29-May-2019 14:20:38","2019-05-29 14:20:38","-","-","https://nsearchives.nseindia.com/corporate/AELAFR_29052019142038.zip"
"ADANIENT","Adani Enterprises Limited","Updates","Adani Enterprises Limited has informed the Exchange regarding 'Certificate under Regulation 74(5) of the SEBI (Depositories andParticipants) Regulations, 2018 for the quarter ended 31 st March, 2019'.","26-Apr-2019 17:08:00","2019-04-26 17:08:00","-","-","https://nsearchives.nseindia.com/corporate/ADANIENT_26042019170735_AEL74_294.pdf"
"ADANIENT","Adani Enterprises Limited","Updates","Adani Enterprises Limited has informed the Exchange regarding 'Regulation 39(3) of the SEBI (Listing Obligations and Disclosure Requirements) Regulations, 2015.'.","25-Apr-2019 16:31:00","2019-04-25 16:31:00","-","-","https://nsearchives.nseindia.com/corporate/ADANIENT_25042019154803_AEL39_678.pdf"
"ADANIENT","Adani Enterprises Limited","Acquisition","Adani Enterprises Limited has informed the Exchange about Acquisition of Intimation for acquisition of control of Alpha Design Technologies Private Limited by Adani Defence Systems and Technologies Limited - a wholly owned subsidiary of the Company.","20-Apr-2019 18:43:00","2019-04-20 18:43:00","-","-","https://nsearchives.nseindia.com/corporate/ADANIENT_20042019184153_AELALPHA_059.pdf"
"ADANIENT","Adani Enterprises Limited","Cessation","Adani Enterprises Limited has informed the Exchange regarding Cessation of Mr Rakesh Shah as Chief Financial Officer of the company w.e.f. April 16, 2019.","17-Apr-2019 19:25:00","2019-04-17 19:25:00","-","-","https://nsearchives.nseindia.com/corporate/ADANIENT_17042019192125_AELCFO_127.pdf"
"ADANIENT","Adani Enterprises Limited","Disc. under Reg.30 of SEBI (SAST) Reg.2011","The Promoter along with PAC has submitted to the Exchange a copy of Annual Disclosure under Regulation 30(1) and 30(2) of SEBI (Substantial Acquisition of Shares and Takeovers), Regulations, 2011 as on March 31, 2019.","16-Apr-2019 18:13:00","2019-04-16 18:13:00","-","-","https://nsearchives.nseindia.com/corporate/listcontract1_16042019143800_AdaniEnt_REG30_279.pdf"
"ADANIENT","Adani Enterprises Limited","Acquisition","Adani Enterprises Limited has informed the Exchange about Acquisition of","13-Apr-2019 14:49:00","2019-04-13 14:49:00","-","-","https://nsearchives.nseindia.com/corporate/ADANIENT_13042019144825_AELSURYA_024.pdf"
"ADANIENT","Adani Enterprises Limited","Trading Window","Adani Enterprises Limited has informed the Exchange regarding the Trading Window closure pursuant to SEBI (Prohibition of Insider Trading) Regulations, 2015","08-Apr-2019 18:52:00","2019-04-08 18:52:00","-","-","https://nsearchives.nseindia.com/corporate/ADANIENT_08042019185142_AELTWC_494.pdf"
"ADANIENT","Adani Enterprises Limited","Acquisition","Intimation for Incorporation of a Joint Venture Company (""JVS"").","01-Apr-2019 20:04:00","2019-04-01 20:04:00","-","-","https://nsearchives.nseindia.com/corporate/ADANIENT_01042019200322_AELGIDH_695.pdf"
"ADANIENT","Adani Enterprises Limited","Updates","Adani Enterprises Limited has informed the Exchange regarding 'Code of Practices and Procedures for Fair Disclosure of Unpublished Price Sensitive Information (��UPSI��)'.","30-Mar-2019 15:49:00","2019-03-30 15:49:00","-","-","https://nsearchives.nseindia.com/corporate/ADANIENT_30032019154808_AEL_166.pdf"
"ADANIENT","Adani Enterprises Limited","Shareholders meeting","Adani Enterprises Limited has submitted the Exchange a copy Srutinizers report of  Postal Ballot. Further, the company has informed the Exchange regarding voting results.","28-Mar-2019 19:25:00","2019-03-28 19:25:00","-","-","https://nsearchives.nseindia.com/corporate/ADANIENT_28032019192452_AELPB_329.pdf"
"ADANIENT","Adani Enterprises Limited","Acquisition","Intimation for incorporation of Adani Rave Gears India limited","28-Mar-2019 16:07:00","2019-03-28 16:07:00","-","-","https://nsearchives.nseindia.com/corporate/ADANIENT_28032019160719_ADaniRave_141.pdf"
"ADANIENT","Adani Enterprises Limited","Updates","Adani Enterprises Limited has informed the Exchange regarding 'Regulation 39(3) of the SEBI (Listing Obligations and DisclosureRequirements) Regulations, 2015.'.","25-Mar-2019 19:32:00","2019-03-25 19:32:00","-","-","https://nsearchives.nseindia.com/corporate/ADANIENT_25032019192849_AEL39_291.pdf"
"ADANIENT","Adani Enterprises Limited","Updates","Adani Enterprises Limited has informed the Exchange regarding 'Receipt of Letter of Awards (LoAs) from NHAI by Adani Transport Limited (ATL) a Wholly Owned Subsidiary of the Company'.","12-Mar-2019 11:31:00","2019-03-12 11:31:00","-","-","https://nsearchives.nseindia.com/corporate/ADANIENT_12032019112844_AELROAD_029.pdf"
"ADANIENT","Adani Enterprises Limited","News Clarification","The Exchange had sought clarification from the Company with respect to news item captioned- ""Adani Enterprises rises 3% as report says co wins bids for 5 airports"". It is incumbent upon the Exchanges in such situations to attempt to verify the accuracy or otherwise of the information reported and to disseminate to the market place the clarification/information furnished by the company. In this regard, you are advised to provide clarification/confirmation on the news item in detail including the following: a) Whether such event stated in published news were taking place? If so, you are advised to provide the said information along with the sequence of events in chronological order. b) The material impact of this article on the Company. c) Whether company are aware of any information that has not been announced to the Exchanges under Regulation 30 of Listing Regulations. If so, you are advised to provide the said information and the reasons for not disclosing the same to the Exchange earlier as required under Regulation 30 of the Listing Regulations. The response from the Company is attached.","27-Feb-2019 12:47:00","2019-02-27 12:47:00","-","-","https://nsearchives.nseindia.com/corporate/zrizvi_2722019124638_NSE_CLarification_051.pdf"
"ADANIENT","Adani Enterprises Limited","Updates","Adani Enterprises Limited has informed the Exchange regarding 'Newspaper advertisement for dispatch of Notice of Postal Ballot and Form'.","26-Feb-2019 13:30:00","2019-02-26 13:30:00","-","-","https://nsearchives.nseindia.com/corporate/ADANIENT_26022019132857_NewspaperAdvertisment_078.pdf"
"ADANIENT","Adani Enterprises Limited","Disclosure under SEBI Takeover Regulations","Flourishing Trade and Investment Limited has submitted to the Exchange a copy of disclosure under Regulation 10(6) in respect of acquisition under Regulation 10 of SEBI (Substantial Acquisition of Shares & Takeovers) Regulations, 2011.","25-Feb-2019 17:42:00","2019-02-25 17:42:00","-","-","https://nsearchives.nseindia.com/corporate/listcontract1_25022019172210_AEL_10_Flourishing_197.pdf"
"ADANIENT","Adani Enterprises Limited","News Clarification","The Exchange has sought clarification from the Company with respect to news item captioned- ""Adani Enterprises rises 3% as report says co wins bids for 5 airports"". It is incumbent upon the Exchanges in such situations to attempt to verify the accuracy or otherwise of the information reported and to disseminate to the market place the clarification/information furnished by the company. In this regard, you are advised to provide clarification/confirmation on the news item in detail including the following: a) Whether such event stated in published news were taking place? If so, you are advised to provide the said information along with the sequence of events in chronological order. b) The material impact of this article on the Company. c) Whether company are aware of any information that has not been announced to the Exchanges under Regulation 30 of Listing Regulations. If so, you are advised to provide the said information and the reasons for not disclosing the same to the Exchange earlier as required under Regulation 30 of the Listing Regulations. The response from the Company is awaited.","25-Feb-2019 17:39:00","2019-02-25 17:39:00","-","-","-"
"ADANIENT","Adani Enterprises Limited","News Verification","Adani Enterprises Limited has submitted additional reply w.r.t news item captioned ""Adani Enterprises surges 7% after Adani Defence bags UAV contract worth Dollar 2 bn"".","25-Feb-2019 16:46:00","2019-02-25 16:46:00","-","-","https://nsearchives.nseindia.com/corporate/kvidwans_25022019164248_ADANIENT_7974_revised_165.pdf"
"ADANIENT","Adani Enterprises Limited","Shareholders meeting","Adani Enterprises Limited has informed the Exchange regarding Notice of Postal Ballot","25-Feb-2019 16:11:00","2019-02-25 16:11:00","-","-","https://nsearchives.nseindia.com/corporate/ADANIENT_25022019160851_AEL_139.pdf"
"ADANIENT","Adani Enterprises Limited","News Verification","The Exchange has sought clarification from Adani Enterprises Limited with respect to recent news item captioned ""Adani Enterprises surges 7% after Adani Defence bags UAV contract worth dollar2 bn"". The Exchange, in order to verify the accuracy or otherwise of the information reported in the media and to inform the market place so that the interest of the investors is safeguarded, had written to the company. Adani Enterprises Limited has submitted their response.","25-Feb-2019 12:50:00","2019-02-25 12:50:00","-","-","https://nsearchives.nseindia.com/corporate/ADANIENT_23022019152349_NSEClarification_066.pdf"
"ADANIENT","Adani Enterprises Limited","Outcome of Board Meeting","Adani Enterprises Limited has informed the Exchange regarding  Board meeting held on February 23, 2019.","23-Feb-2019 13:28:00","2019-02-23 13:28:00","-","-","https://nsearchives.nseindia.com/corporate/ADANIENT_23022019132732_AEL_021.pdf"
"ADANIENT","Adani Enterprises Limited","News Verification","The Exchange has sought clarification from Adani Enterprises Limited with respect to recent news item captioned ""Adani Enterprises surges 7% after Adani Defence bags UAV contract worth dollar2 bn"". In this regard, Exchange have advised the Company to provide clarification/confirmation on the news item in detail including the following: a) Whether such negotiations were taking place and b) Whether you/company are aware of any information that has not been announced to the Exchanges which could explain the aforesaid movement in the trading. The response from the company is awaited.","22-Feb-2019 16:22:00","2019-02-22 16:22:00","-","-","-"
"ADANIENT","Adani Enterprises Limited","Outcome of Board Meeting","Adani Enterprises Limited has informed the Exchange regarding Outcome of Board Meeting held on February 07, 2019.","07-Feb-2019 17:41:00","2019-02-07 17:41:00","-","-","https://nsearchives.nseindia.com/corporate/listcontract3_07022019173706_ADANIENT_outcome_310.pdf"
"ADANIENT","Adani Enterprises Limited","Financial Result Updates","Adani Enterprises Limited has submitted to the Exchange, the financial results for the period ended December 31, 2018.","07-Feb-2019 13:45:51","2019-02-07 13:45:51","-","-","https://nsearchives.nseindia.com/corporate/AELUFRFN_07022019134551.zip"
"ADANIENT","Adani Enterprises Limited","Price movement","Significant movement in price has been observed in Adani Enterprises Limited. The Exchange, in order to ensure that investors have latest relevant information about the company and to inform the market place so that the interest of the investors is safeguarded, had written to the company. Adani Enterprises Limited has submitted their response.","29-Jan-2019 10:44:00","2019-01-29 10:44:00","-","-","https://nsearchives.nseindia.com/corporate/ADANIENT_29012019104311_NSE_Reply_017.pdf"
"ADANIENT","Adani Enterprises Limited","Price movement","Significant movement in price has been observed in Adani Enterprises Limited. The Exchange, in order to ensure that investors have latest relevant information about the company and to inform the market place so that the interest of the investors is safeguarded, has written to the company. The response from the company is awaited.","28-Jan-2019 14:03:00","2019-01-28 14:03:00","-","-","-"
"ADANIENT","Adani Enterprises Limited","Press Release","Adani Enterprises Limited has informed the Exchange regarding a press release dated January 17, 2019, titled ""Media Release on the subject ��BASF to partner with Adani to evaluate investment in acrylics value chain in Mundra, India"".","17-Jan-2019 15:27:00","2019-01-17 15:27:00","-","-","https://nsearchives.nseindia.com/corporate/ADANIENT_17012019152644_AELMEDIA17012019_102.pdf"
"ADANIENT","Adani Enterprises Limited","Press Release","Adani Enterprises Limited has informed the Exchange regarding a press release dated January 09, 2019, titled ""Government of Andhra Pradesh signs MoU with Adani Group"".","09-Jan-2019 19:43:00","2019-01-09 19:43:00","-","-","https://nsearchives.nseindia.com/corporate/ADANIENT_09012019194231_AELMEDIA09012019_223.pdf"
"ADANIENT","Adani Enterprises Limited","Updates","Adani Enterprises Limited has informed the Exchange regarding 'Intimation for Incorporation of Subsidiary Company'.","27-Dec-2018 12:35:00","2018-12-27 12:35:00","-","-","https://nsearchives.nseindia.com/corporate/ADANIENT_27122018123250_PrayagrajWaterPrivateLimited_032.pdf"
"ADANIENT","Adani Enterprises Limited","Updates","Adani Enterprises Limited has informed the Exchange regarding 'Intimation for Incorporation of a Wholly Owned Subsidiary (��WOS��).'.","22-Dec-2018 15:10:00","2018-12-22 15:10:00","-","-","https://nsearchives.nseindia.com/corporate/ADANIENT_22122018150734_AdaniWaterLimited_017.pdf"
"ADANIENT","Adani Enterprises Limited","Acquisition","Adani Enterprises Limited has informed the Exchange regarding�� Acquisition of Stake in Alpha Design Technologies Private Limited (""ADTL"").","13-Dec-2018 19:35:00","2018-12-13 19:35:00","-","-","https://nsearchives.nseindia.com/corporate/listcontract3_13122018181124_AELINTIMATIOn_167.pdf"
"ADANIENT","Adani Enterprises Limited","Press Release","Adani Enterprises Limited has informed the Exchange regarding a press release dated November 29, 2018, titled ""Adani Keeps Its Commitment"".","29-Nov-2018 09:17:00","2018-11-29 09:17:00","-","-","https://nsearchives.nseindia.com/corporate/ADANIENT_29112018091314_AEL2911_002.pdf"
"ADANIENT","Adani Enterprises Limited","Acquisition","Adani Enterprises Limited has informed the Exchange regarding Intimation for Incorporation of a Wholly Owned Subsidiary (""WOS"")","22-Nov-2018 17:27:00","2018-11-22 17:27:00","-","-","https://nsearchives.nseindia.com/corporate/listcontract4_22112018172448_MCLINC_174.pdf"
"ADANIENT","Adani Enterprises Limited","Financial Result Updates","Adani Enterprises Limited has submitted to the Exchange, the financial results for the period ended September 30, 2018.","31-Oct-2018 13:38:22","2018-10-31 13:38:22","-","-","https://nsearchives.nseindia.com/corporate/AELOUTCOME_31102018133822.zip"
"ADANIENT","Adani Enterprises Limited","Updates","Adani Enterprises Limited has informed the Exchange regarding 'Intimation under SEBI (Listing Obligations and Disclosure Requirements)Regulations, 2015 and Closure of Trading Window under Code of Conduct forprevention of Insider Trading.'.","19-Oct-2018 19:10:00","2018-10-19 19:10:00","-","-","https://nsearchives.nseindia.com/corporate/ADANIENT_19102018190849_SEINTIMATION_325.pdf"
"ADANIENT","Adani Enterprises Limited","Press Release","Adani Enterprises Limited has informed the Exchange regarding a press release dated October 17, 2018, titled ""Media Release on the subject ��Adani and Total Join Forces to become a major integrated downstream player in the Indian Energy Market��"".","17-Oct-2018 08:53:00","2018-10-17 08:53:00","-","-","https://nsearchives.nseindia.com/corporate/ADANIENT_17102018085228_AEL1710_021.pdf"
"ADANIENT","Adani Enterprises Limited","Updates","Adani Enterprises Limited has informed the Exchange regarding 'Intimation for Incorporation of a Wholly Owned Subsidiary (""WOS"").'.","10-Oct-2018 19:52:00","2018-10-10 19:52:00","-","-","https://nsearchives.nseindia.com/corporate/ADANIENT_10102018195041_INCOFAALDL_423.pdf"
"ADANIENT","Adani Enterprises Limited","Updates","Adani Enterprises Limited has informed the Exchange regarding 'Intimation for Incorporation of a Wholly Owned Subsidiary (""WOS"")'.","21-Sep-2018 21:04:00","2018-09-21 21:04:00","-","-","https://nsearchives.nseindia.com/corporate/ADANIENT_21092018210331_AELVARUN_941.pdf"
"ADANIENT","Adani Enterprises Limited","Updates","Adani Enterprises Limited has informed the Exchange regarding 'Apportionment of Cost of Acquisition of Equity Shares of Adani Enterprises Limited ('AEL' or 'the Company') / Adani Gas Limited ('AGL')pursuant to the Composite Scheme of Arrangement'.","17-Sep-2018 19:28:00","2018-09-17 19:28:00","-","-","https://nsearchives.nseindia.com/corporate/ADANIENT_17092018192730_CostAPp_204.pdf"
"ADANIENT","Adani Enterprises Limited","Updates","Adani Enterprises Limited has informed the Exchange regarding 'Intimation for Incorporation of a Wholly Owned Subsidiary'.","07-Sep-2018 19:11:00","2018-09-07 19:11:00","-","-","https://nsearchives.nseindia.com/corporate/ADANIENT_07092018190906_AELINC_497.pdf"
"ADANIENT","Adani Enterprises Limited","Updates","Adani Enterprises Limited has informed the Exchange regarding 'News paper cutting '.","29-Aug-2018 20:29:00","2018-08-29 20:29:00","-","-","https://nsearchives.nseindia.com/corporate/listcontract3_2982018181758_AELNEWSPAPER_410.pdf"
"ADANIENT","Adani Enterprises Limited","Record Date","Adani Enterprises Limited has informed the Exchange that the Company has fixed Record Date as September 7, 2018 for the purpose of issuance of equity shares pursuant to the Composite Scheme of Arrangement among Adani Gas Holdings Limited ('AGHL') and Adani Gas Limited ('AGL') and Adani Enterprises Limited ('AEL') and their respective shareholders and creditors ('the Scheme').","29-Aug-2018 13:30:00","2018-08-29 13:30:00","-","-","https://nsearchives.nseindia.com/corporate/cdharod_29082018132836_intimation_107.zip"
"ADANIENT","Adani Enterprises Limited","Analysts/Institutional Investor Meet/Con. Call Updates","Adani Enterprises Limited has informed the Exchange regarding Analysts/Institutional Investor Meet/Con. Call Updates","14-Aug-2018 19:13:00","2018-08-14 19:13:00","-","-","https://nsearchives.nseindia.com/corporate/AELINVCON_14082018191313_697.zip"
"ADANIENT","Adani Enterprises Limited","Scheme of Arrangement","Adani Enterprises Limited has informed the Exchange regarding  Update on the Composite Scheme of Arrangement","09-Aug-2018 20:45:00","2018-08-09 20:45:00","-","-","https://nsearchives.nseindia.com/corporate/AEL-NCLTORDER_09082018204537_553.zip"
"ADANIENT","Adani Enterprises Limited","Updates","Adani Enterprises Limited has informed the Exchange regarding 'Intimation for sale of stake in Adani Renewable Energy Park Limited, astep down subsidiary company.'.","09-Aug-2018 19:54:00","2018-08-09 19:54:00","-","-","https://nsearchives.nseindia.com/corporate/AEL-AREPL_09082018195410_523.zip"
"ADANIENT","Adani Enterprises Limited","Updates","Adani Enterprises Limited has informed the Exchange regarding 'Intimation for Incorporation of Wholly Owned Subsidiaries (""WOS"").'.","09-Aug-2018 19:50:00","2018-08-09 19:50:00","-","-","https://nsearchives.nseindia.com/corporate/AEL-INCORPORATION_09082018195042_519.zip"
"ADANIENT","Adani Enterprises Limited","Updates","Adani Enterprises Limited has informed the Exchange regarding 'Submission of Voting Results And Scrutinizer's Report'.","08-Aug-2018 21:19:00","2018-08-08 21:19:00","-","-","https://nsearchives.nseindia.com/corporate/Regulation44-votingresult_08082018211940_523.zip"
"ADANIENT","Adani Enterprises Limited","Outcome of Board Meeting","Adani Enterprises Limited has informed the Exchange regarding Outcome of Board Meeting held on August 07, 2018.","07-Aug-2018 19:12:00","2018-08-07 19:12:00","-","-","https://nsearchives.nseindia.com/corporate/ADANIENT_outcome_07082018191247.zip"
"ADANIENT","Adani Enterprises Limited","Financial Result Updates","Adani Enterprises Limited has submitted to the Exchange, the financial results for the period ended June 30, 2018.","07-Aug-2018 18:00:25","2018-08-07 18:00:25","-","-","https://nsearchives.nseindia.com/corporate/AEL-RESULT30062018_07082018180025.zip"
"ADANIENT","Adani Enterprises Limited","Updates","Adani Enterprises Limited has informed the Exchange regarding 'Proceedings of the 26th Annual General Meeting of the Company held on 7th August, 2018.'.","07-Aug-2018 15:28:00","2018-08-07 15:28:00","-","-","https://nsearchives.nseindia.com/corporate/AELAGM_07082018152848_816.zip"
"ADANIENT","Adani Enterprises Limited","Updates","Adani Enterprises Limited has informed the Exchange regarding 'Intimation for Incorporation of a Wholly Owned Subsidiary.'.","03-Aug-2018 20:10:00","2018-08-03 20:10:00","-","-","https://nsearchives.nseindia.com/corporate/Intimation_AALDL_03082018201033_586.zip"
"ADANIENT","Adani Enterprises Limited","Updates","Adani Enterprises Limited has informed the Exchange regarding 'Intimation under Regulation 47 of the SEBI (Listing Obligations and Disclosure Requirements) Regulations, 2015.'.","16-Jul-2018 15:11:00","2018-07-16 15:11:00","-","-","https://nsearchives.nseindia.com/corporate/AEL-NEWADD_16072018151151_673.zip"
"ADANIENT","Adani Enterprises Limited","AGM/Book Closure","Adani Enterprises Limited has informed the Exchange that the Register of Members and Share Transfer Books of the Company will remain closed from July 31, 2018 to August 07, 2018 (both days inclusive) for taking record of the Members of the Company for the purpose of payment of dividend and 25th Annual General Meeting of the Company to be held on August 07, 2018.","16-Jul-2018 11:27:00","2018-07-16 11:27:00","-","-","https://nsearchives.nseindia.com/corporate/ADANIENT_16072018112736.zip"
"ADANIENT","Adani Enterprises Limited","Updates","Adani Enterprises Limited has informed the Exchange regarding ""The Company has fixed July 31, 2018 as the cut-off date for the purpose of remote e-voting"".","16-Jul-2018 08:35:00","2018-07-16 08:35:00","-","-","https://nsearchives.nseindia.com/corporate/AELBOOKCLOSURE_16072018083541_512.zip"
"ADANIENT","Adani Enterprises Limited","Shareholders meeting","Adani Enterprises Limited has informed the Exchange regarding Notice of Annual General Meeting to be held on August 07, 2018","14-Jul-2018 15:54:00","2018-07-14 15:54:00","-","-","https://nsearchives.nseindia.com/corporate/AEL-NOTICE_14072018155451_412.zip"
"ADANIENT","Adani Enterprises Limited","Shareholders meeting","Adani Enterprises Limited has submitted the Exchange a copy Srutinizers report of  Court Convened General Meeting held on July 03, 2018. Further, the company has informed the Exchange regarding voting results.","05-Jul-2018 10:19:00","2018-07-05 10:19:00","-","-","https://nsearchives.nseindia.com/corporate/AELREG44_05072018101922_054.zip"
"ADANIENT","Adani Enterprises Limited","Shareholders meeting","Adani Enterprises Limited has informed the Exchange regarding Proceedings of Court Convened General Meeting held on July 03, 2018","04-Jul-2018 00:03:00","2018-07-04 00:03:00","-","-","https://nsearchives.nseindia.com/corporate/AELPROCED_04072018000339_301.zip"
"ADANIENT","Adani Enterprises Limited","Resignation","Adani Enterprises Limited has informed the Exchange regarding Resignation of Mr Berjis Desai as Independent Director of the company w.e.f. Jun 26, 2018.","27-Jun-2018 18:19:00","2018-06-27 18:19:00","-","-","https://nsearchives.nseindia.com/corporate/AEL-RESIGNATION_27062018181912_901.zip"
"ADANIENT","Adani Enterprises Limited","Updates","Adani Enterprises Limited has informed the Exchange regarding 'Newspaper Advertisement regarding Notices of the National Company Law Tribunal Convened Meetings of the Company'.","05-Jun-2018 12:12:00","2018-06-05 12:12:00","-","-","https://nsearchives.nseindia.com/corporate/ADANIENT_05062018121236.zip"
"ADANIENT","Adani Enterprises Limited","Shareholders meeting","Adani Enterprises Limited has informed the Exchange regarding Notice of Court Convened General Meeting to be held on July 03, 2018","01-Jun-2018 19:33:00","2018-06-01 19:33:00","-","-","https://nsearchives.nseindia.com/corporate/AEL01062018_01062018193354_406.zip"
"ADANIENT","Adani Enterprises Limited","Updates","Adani Enterprises Limited has informed the Exchange regarding 'Intimation for sale of the Company��s stake in Adani Chendipada Mining Private Limited, a Wholly Owned Subsidiary Company.'.","25-May-2018 18:27:00","2018-05-25 18:27:00","-","-","https://nsearchives.nseindia.com/corporate/AEL-ACMPL_25052018182704_463.zip"
"ADANIENT","Adani Enterprises Limited","Dividend","Adani Enterprises Limited has informed the Exchange that the Board of Directors of the Company at its meeting held on May 10, 2018 has recommended dividend of Rs. 0.40 per equity share of face value of Rs. 1/-each fully paid up for the financial year 2017-18.","10-May-2018 20:19:00","2018-05-10 20:19:00","-","-","https://nsearchives.nseindia.com/corporate/ADANIENT_outcome_dividend_10052018201918.zip"
"ADANIENT","Adani Enterprises Limited","Outcome of Board Meeting","Adani Enterprises Limited has informed the Exchange regarding Outcome of Board Meeting held on May 10, 2018.","10-May-2018 20:17:00","2018-05-10 20:17:00","-","-","https://nsearchives.nseindia.com/corporate/ADANIENT_outcome_dividend_10052018201744.zip"
"ADANIENT","Adani Enterprises Limited","Updates","Adani Enterprises Limited has informed the Exchange regarding 'Submission of disclosures in accordance with Regulation 52(4) and (5) of the SEBI (Listing Obligations and Disclosure Requirements) Regulations, 2015.'.","10-May-2018 19:46:00","2018-05-10 19:46:00","-","-","https://nsearchives.nseindia.com/corporate/AEL_REG52_4__10052018194650_392.zip"
"ADANIENT","Adani Enterprises Limited","Financial Result Updates","Adani Enterprises Limited has submitted to the Exchange, the financial results for the period ended March 31, 2018.","10-May-2018 17:38:34","2018-05-10 17:38:34","-","-","https://nsearchives.nseindia.com/corporate/AEL_RESULT_10052018173834.zip"
"ADANIENT","Adani Enterprises Limited","News Clarification","The Exchange had sought clarification from the Company with respect to news item captioned ��PIL on over-invoicing by power firms: Delhi HC told about closure of enquiry by CBI��. The response from the Company is attached.","04-May-2018 15:40:00","2018-05-04 15:40:00","-","-","https://nsearchives.nseindia.com/corporate/AEL-NSE_04052018154016_172.zip"
"ADANIENT","Adani Enterprises Limited","News Clarification","The Exchange has sought clarification from the Company with respect to news item captioned- ""PIL on over-invoicing by power firms: Delhi HC told about closure of enquiry by CBI"" In this regard, Exchange has advised the Company to provide clarification/confirmation on the news item in detail including the following: a) Whether such event/negotiations/article stated in published news were taking place? If so, you are advised to provide the said information along with the sequence of events in chronological order and the material impact of this article on the Company. b) Whether company is aware of any information that has not been announced to the Exchanges under regulation 30 of Listing Regulations. The response from the Company is awaited.","02-May-2018 17:11:00","2018-05-02 17:11:00","-","-","-"
"ADANIENT","Adani Enterprises Limited","Resignation","Adani Enterprises Limited has informed the Exchange regarding Resignation of Mr Rajiv Nayar as Chief Financial Officer and Additional Director (Category �� Executive) of the company w.e.f. May 01, 2018.","02-May-2018 16:09:00","2018-05-02 16:09:00","-","-","https://nsearchives.nseindia.com/corporate/AEL02052018_02052018160940_301.zip"
"ADANIENT","Adani Enterprises Limited","Updates","Adani Enterprises Limited has informed the Exchange regarding 'Apportionment of Cost of Acquisition of Equity Shares of Adani Enterprises Limited (��AEL�� or ��the Company��) / Adani Green Energy Limited (��AGEL��) pursuant to the Scheme of Arrangement'.","26-Apr-2018 17:16:00","2018-04-26 17:16:00","-","-","https://nsearchives.nseindia.com/corporate/AELCOSTAPPO_26042018171629_185.zip"
"ADANIENT","Adani Enterprises Limited","Updates","Adani Enterprises Limited has informed the Exchange regarding 'Intimation for Incorporation of a Joint Venture Company.'.","21-Apr-2018 15:10:00","2018-04-21 15:10:00","-","-","https://nsearchives.nseindia.com/corporate/AEL_21042018151019_302.zip"
"ADANIENT","Adani Enterprises Limited","Press Release","Adani Enterprises Limited has informed the Exchange regarding a press release dated April 12, 2018, titled ""Punj Lloyd, Rave Gears USA and Adani Group announce collaboration for design and manufacturing of high precision gears in India for Aerospace & Defence"".","12-Apr-2018 12:29:00","2018-04-12 12:29:00","-","-","https://nsearchives.nseindia.com/corporate/AEL-MEDIA_12042018122936_175.zip"
"ADANIENT","Adani Enterprises Limited","Disc. under Reg.30 of SEBI (SAST) Reg.2011","Adani Tradeline LLP  has submitted to the Exchange a copy of disclosure under Regulation 30(1) and 30(2) of SEBI (Substantial Acquisition of Shares & Takeovers) Regulations, 2011.","04-Apr-2018 17:32:00","2018-04-04 17:32:00","-","-","https://nsearchives.nseindia.com/corporate/AEL_PG_AnnualDisclosures_04042018173246.zip"
"ADANIENT","Adani Enterprises Limited","Updates","Adani Enterprises Limited has informed the Exchange regarding 'Receipt of Letter of Award from NHAI for the project of                     ��4-lane with paved shoulder configuration of Bilaspur-Pathrapali (Km. 0+000 to Km. 53+300) section of NH-111 (New NH-130)�� in the State of Chhattisgarh'.","04-Apr-2018 15:54:00","2018-04-04 15:54:00","-","-","https://nsearchives.nseindia.com/corporate/AELBSENSE_04042018155419_934.zip"
"ADANIENT","Adani Enterprises Limited","Updates","Adani Enterprises Limited has informed the Exchange regarding 'Intimation for sale of the Company��s entire stake in Adani Energy Limited, a Wholly Owned Subsidiary Company.'.","30-Mar-2018 15:38:00","2018-03-30 15:38:00","-","-","https://nsearchives.nseindia.com/corporate/AEL-AEnLIntimation_30032018153847_709.zip"
"ADANIENT","Adani Enterprises Limited","Updates","Adani Enterprises Limited has informed the Exchange regarding 'Talabira (Odisha) Mining Private Limited a Subsidiary of the Company has signed Coal Mining Agreement (CMA)'.","26-Mar-2018 13:28:00","2018-03-26 13:28:00","-","-","https://nsearchives.nseindia.com/corporate/AEL-TALABIRA_26032018132826_110.zip"
"ADANIENT","Adani Enterprises Limited","Updates","Adani Enterprises Limited has informed the Exchange about the Copies of Notice published in The Indian Express and Financial Express of Saturday, 24th March, 2018 regarding Fixation of Record date for the purpose of issuance of equity shares pursuant to the Scheme of Arrangement among Adani Enterprises Limited (��AEL��) and Adani Green Energy Limited (��AGEL��) and their respective shareholders and creditors (��the Scheme��).","26-Mar-2018 10:49:00","2018-03-26 10:49:00","-","-","https://nsearchives.nseindia.com/corporate/AEL47AGEL_26032018104942_053.zip"
"ADANIENT","Adani Enterprises Limited","Record Date","Adani Enterprises Limited has informed the Exchange that the Company has fixed record date as April 6, 2018 for the purpose of issuance of equity shares pursuant to the Scheme of Arrangement among Adani Enterprises Limited (��AEL��) and Adani Green Energy Limited (��AGEL��) and their respective shareholders and creditors (��the Scheme��).","26-Mar-2018 10:12:00","2018-03-26 10:12:00","-","-","https://nsearchives.nseindia.com/corporate/Doc_044.zip"
"ADANIENT","Adani Enterprises Limited","Updates","Adani Enterprises Limited has informed the Exchange regarding 'Intimation for Incorporation of a Wholly Owned Subsidiary (��WOS��)'.","17-Mar-2018 12:50:00","2018-03-17 12:50:00","-","-","https://nsearchives.nseindia.com/corporate/AEL-SE_17032018125034_548.zip"
"ADANIENT","Adani Enterprises Limited","News Clarification","The Exchange had sought clarification from the Company with respect to news item captioned ��Adani, Essar in list of stressed power projects��. The response from the Company is attached.","12-Mar-2018 21:21:00","2018-03-12 21:21:00","-","-","https://nsearchives.nseindia.com/corporate/NSE_12032018212149_794.zip"
"ADANIENT","Adani Enterprises Limited","News Clarification","The Exchange has sought clarification from the Company with respect to news item captionedAdani, Essar in list of stressed power projectsIn this regard, Exchange has advised the Company to provide clarification/confirmation on the news item in detail including the following: a) Whether such event/negotiations/article stated in published news were taking place? If so, you are advised to provide the said information along with the sequence of events in chronological order and the material impact of this article on the Company. b) Whether company is aware of any information that has not been announced to the Exchanges under regulation 30 of Listing Regulations. The response from the Company is awaited.","09-Mar-2018 15:27:00","2018-03-09 15:27:00","-","-","-"
"ADANIENT","Adani Enterprises Limited","Shareholders meeting","Adani Enterprises Limited has informed the Exchange regarding Proceedings of Postal Ballot. Further, the company has submitted the Exchange a copy of Srutinizers report along with voting results.","24-Feb-2018 14:25:00","2018-02-24 14:25:00","-","-","https://nsearchives.nseindia.com/corporate/doc01229620180224135216_24022018142528_481.zip"
"ADANIENT","Adani Enterprises Limited","Scheme of Arrangement","Adani Enterprises Limited has informed the Exchange regarding Update on the Scheme of Arrangement among Adani Enterprises Limited and Adani Green Energy Limited and their respective shareholders and creditors.","20-Feb-2018 12:08:00","2018-02-20 12:08:00","-","-","https://nsearchives.nseindia.com/corporate/AEL-NCLT-ORDER_20022018120800_723.zip"
"ADANIENT","Adani Enterprises Limited","Press Release","Adani Enterprises Limited has informed the Exchange vide letter dated February 16, 2018 regarding a press release dated February 15, 2018, titled ""Adani Welcomes Federal Court Decision"".","16-Feb-2018 12:38:00","2018-02-16 12:38:00","-","-","https://nsearchives.nseindia.com/corporate/AEL16022018_16022018123826_065.zip"
"ADANIENT","Adani Enterprises Limited","News Verification","The Exchange has sought clarification from Adani Enterprises Limited with respect to recent news item captioned ""Adani eyes Essel, IL&FS road projects; Aus govt won't finance rail link for Adani project"". The Exchange, in order to verify the accuracy or otherwise of the information reported in the media and to inform the market place so that the interest of the investors is safeguarded, had written to the company. Adani Enterprises Limited has submitted their response.","06-Feb-2018 12:00:00","2018-02-06 12:00:00","-","-","https://nsearchives.nseindia.com/corporate/NSEREPLY_06022018120059.zip"
"ADANIENT","Adani Enterprises Limited","News Verification","The Exchange has sought clarification from Adani Enterprises Limited with respect to recent news item captioned ""Adani eyes Essel, IL&FS road projects; Aus govt won't finance rail link for Adani project"". In this regard, Exchange have advised the Company to provide clarification/confirmation on the news item in detail including the following: a) Whether you/company are aware of any information that has not been announced to the Exchanges which could explain the aforesaid movement in the trading. The response from the company is awaited.","05-Feb-2018 15:33:00","2018-02-05 15:33:00","-","-","-"
"ADANIENT","Adani Enterprises Limited","Updates","Adani Enterprises Limited has informed the Exchange regarding 'Newspaper advertisement of dispatch of Notice of Postal Ballot and Form'.","25-Jan-2018 12:57:00","2018-01-25 12:57:00","-","-","https://nsearchives.nseindia.com/corporate/AEL-news_25012018125737_656.zip"
"ADANIENT","Adani Enterprises Limited","Shareholders meeting","Adani Enterprises Limited has informed the Exchange regarding Notice of Postal Ballot","23-Jan-2018 17:34:00","2018-01-23 17:34:00","-","-","https://nsearchives.nseindia.com/corporate/PostalBallot_23012018173405_714.zip"
"ADANIENT","Adani Enterprises Limited","Outcome of Board Meeting","Adani Enterprises Limited has informed the Exchange regarding Outcome of Board Meeting held on January 18, 2018.","18-Jan-2018 14:32:00","2018-01-18 14:32:00","-","-","https://nsearchives.nseindia.com/corporate/doc00957220180118140300_18012018143205_110.zip"
"ADANIENT","Adani Enterprises Limited","Financial Result Updates","Adani Enterprises Limited has submitted to the Exchange, the financial results for the period ended December 31, 2017.","18-Jan-2018 14:23:55","2018-01-18 14:23:55","-","-","https://nsearchives.nseindia.com/corporate/doc00957220180118140300_18012018142355.zip"
"ADANIENT","Adani Enterprises Limited","Shareholders meeting","Adani Enterprises Limited has submitted the Exchange a copy Srutinizers report of  Court Convened General Meeting held on January 10, 2018. Further, the company has informed the Exchange regarding voting results.","11-Jan-2018 16:31:00","2018-01-11 16:31:00","-","-","https://nsearchives.nseindia.com/corporate/REG44AEL_11012018163154_153.zip"
"ADANIENT","Adani Enterprises Limited","Shareholders meeting","Adani Enterprises Limited has informed the Exchange regarding Proceedings of Court Convened General Meeting held on January 10, 2018","11-Jan-2018 12:16:00","2018-01-11 12:16:00","-","-","https://nsearchives.nseindia.com/corporate/AELNCLTPRO_11012018121650_037.zip"
"ADANIENT","Adani Enterprises Limited","News Clarification","The Exchange had sought clarification from the Company with respect to news item captioned 'Adani cancels 2.6 bn dollar contract with Australian mining giant'. In this regard, Exchange has advised the Company to provide clarification/confirmation on the news item in detail including the following: a) Whether such event/negotiations/article stated in published news were taking place? If so, you are advised to provide the said information along with the sequence of events in chronological order and the material impact of this article on the Company. b) Whether company is aware of any information that has not been announced to the Exchanges under regulation 30 of Listing Regulations. The response from the Company is attached.","19-Dec-2017 08:16:00","2017-12-19 08:16:00","-","-","https://nsearchives.nseindia.com/corporate/NEWSCLARI_19122017081612_330.zip"
"ADANIENT","Adani Enterprises Limited","News Clarification","The Exchange has sought clarification from the Company with respect to news item captioned 'Adani cancels 2.6 bn dollar contract with Australian mining giant'. In this regard, Exchange has advised the Company to provide clarification/confirmation on the news item in detail including the following: a) Whether such event/negotiations/article stated in published news were taking place? If so, you are advised to provide the said information along with the sequence of events in chronological order and the material impact of this article on the Company. b) Whether company is aware of any information that has not been announced to the Exchanges under regulation 30 of Listing Regulations. The response from the Company is awaited.","18-Dec-2017 16:18:00","2017-12-18 16:18:00","-","-","-"
"ADANIENT","Adani Enterprises Limited","Appointment","Adani Enterprises Limited has informed the Exchange regarding Appointment of Mr Narendra Mairpady as Non- Executive Independent Director of the company w.e.f. December 09, 2017.","09-Dec-2017 12:53:00","2017-12-09 12:53:00","-","-","https://nsearchives.nseindia.com/corporate/AEL-ID_09122017125340_980.zip"
"ADANIENT","Adani Enterprises Limited","Updates","Adani Enterprises Limited has informed the Exchange regarding 'Newspaper Advertisement regarding Notices of the National Company Law Tribunal (��NCLT��) Convened Meetings of the Company'.","09-Dec-2017 12:30:00","2017-12-09 12:30:00","-","-","https://nsearchives.nseindia.com/corporate/AEL-NEWS_09122017123005_979.zip"
"ADANIENT","Adani Enterprises Limited","Shareholders meeting","Adani Enterprises Limited has informed the Exchange regarding Notice of Court Covened General Meeting to be held on January 10, 2018","07-Dec-2017 19:44:00","2017-12-07 19:44:00","-","-","https://nsearchives.nseindia.com/corporate/AELSE_07122017194419_634.zip"
"ADANIENT","Adani Enterprises Limited","Updates","Adani Enterprises Limited has informed the Exchange regarding 'Disclosures in accordance with Regulation 52(4) and (5) of the SEBI (Listing Obligations and Disclosure Requirements) Regulations, 2015.'.","13-Nov-2017 17:53:00","2017-11-13 17:53:00","-","-","https://nsearchives.nseindia.com/corporate/AEL-NCD_13112017175334_212.zip"
"ADANIENT","Adani Enterprises Limited","Financial Result Updates","Adani Enterprises Limited has submitted to the Exchange, the financial results for the period ended September 30, 2017.","13-Nov-2017 16:37:13","2017-11-13 16:37:13","-","-","https://nsearchives.nseindia.com/corporate/AEL13112017_13112017163713.zip"
"ADANIENT","Adani Enterprises Limited","Investor Presentation","Adani Enterprises Limited has informed the Exchange regarding Investor Presentation","09-Oct-2017 17:36:00","2017-10-09 17:36:00","-","-","https://nsearchives.nseindia.com/corporate/Investors_Presentation_09102017173659_639.zip"
"ADANIENT","Adani Enterprises Limited","Outcome of Board Meeting","Adani Enterprises Limited has informed the Exchange regarding Outcome of Board Meeting held on October 07, 2017.","07-Oct-2017 15:36:00","2017-10-07 15:36:00","-","-","https://nsearchives.nseindia.com/corporate/AEL07102017_07102017153607_346.zip"
"ADANIENT","Adani Enterprises Limited","Updates","Adani Enterprises Limited has informed the Exchange regarding 'Intimation for signing of Power Purchase Agreement   '.","06-Oct-2017 18:20:00","2017-10-06 18:20:00","-","-","https://nsearchives.nseindia.com/corporate/AEL06102017_06102017182037_232.zip"
"ADANIENT","Adani Enterprises Limited","Trading Window","Adani Enterprises Limited has informed the Exchange regarding the Trading Window closure pursuant to SEBI (Prohibition of Insider Trading) Regulations, 2015","04-Oct-2017 18:42:00","2017-10-04 18:42:00","-","-","https://nsearchives.nseindia.com/corporate/SE_04102017184239_249.zip"
"ADANIENT","Adani Enterprises Limited","Press Release","Adani Enterprises Limited has informed the Exchange regarding a press release dated September 01, 2017, titled ""Saab and Adani announce collaboration plan for Aerospace and Defence in India"".","01-Sep-2017 15:02:00","2017-09-01 15:02:00","-","-","https://nsearchives.nseindia.com/corporate/AEL_01092017150219_120.zip"
"ADANIENT","Adani Enterprises Limited","Outcome of Board Meeting","Adani Enterprises Limited has informed the Exchange regarding Outcome of Board Meeting held on August 12, 2017.","12-Aug-2017 14:23:00","2017-08-12 14:23:00","-","-","https://nsearchives.nseindia.com/corporate/ADANIENT_12082017142335.zip"
"ADANIENT","Adani Enterprises Limited","Financial Result Updates","Adani Enterprises Limited has submitted to the Exchange, the financial results for the period ended June 30, 2017.","12-Aug-2017 14:14:04","2017-08-12 14:14:04","-","-","https://nsearchives.nseindia.com/corporate/AEL_12082017141404.zip"
"ADANIENT","Adani Enterprises Limited","Shareholders meeting","Adani Enterprises Limited has submitted the Exchange a copy Srutinizers report of  Annual General Meeting held on August 09, 2017. Further, the company has informed the Exchange regarding voting results.","10-Aug-2017 20:22:00","2017-08-10 20:22:00","-","-","https://nsearchives.nseindia.com/corporate/REG44AEL_10082017202254_422.zip"
"ADANIENT","Adani Enterprises Limited","Analysts/Institutional Investor Meet/Con. Call Updates","Adani Enterprises Limited has informed the Exchange regarding Analysts/Institutional Investor Meet/Con. Call Updates","10-Aug-2017 18:36:00","2017-08-10 18:36:00","-","-","https://nsearchives.nseindia.com/corporate/AEL_10082017183624_332.zip"
"ADANIENT","Adani Enterprises Limited","Shareholders meeting","Adani Enterprises Limited has informed the Exchange regarding Proceedings of Annual General Meeting held on August 09, 2017","09-Aug-2017 13:25:00","2017-08-09 13:25:00","-","-","https://nsearchives.nseindia.com/corporate/AELAGMOutcome_09082017132511_176.zip"
"ADANIENT","Adani Enterprises Limited","Updates","Adani Enterprises Limited has informed the Exchange regarding Intimation for Incorporation of a wholly owned subsidiary company","19-Jul-2017 18:50:00","2017-07-19 18:50:00","-","-","https://nsearchives.nseindia.com/corporate/Gare_19072017185011_001.zip"
"ADANIENT","Adani Enterprises Limited","AGM/Book Closure","Adani Enterprises Limited has informed the Exchange that the Register of Members and Share Transfer Books of the Company will remain closed from August 2, 2017 to August 9, 2017 (both days inclusive) for the purpose of payment of final dividend and Annual General Meeting of the Company to be held on August 09, 2017.","18-Jul-2017 09:00:00","2017-07-18 09:00:00","-","-","https://nsearchives.nseindia.com/corporate/ADANIENT_18072017090040.zip"
"ADANIENT","Adani Enterprises Limited","Shareholders meeting","Adani Enterprises Limited has informed the Exchange regarding Notice of Annual General Meeting to be held on August 09, 2017","17-Jul-2017 19:14:00","2017-07-17 19:14:00","-","-","https://nsearchives.nseindia.com/corporate/AEL-AGM_17072017191412_078.zip"
"ADANIENT","Adani Enterprises Limited","Outcome of Board Meeting","Adani Enterprises Limited has informed the Exchange regarding Outcome of Board Meeting held on July 13, 2017.","14-Jul-2017 13:50:00","2017-07-14 13:50:00","-","-","https://nsearchives.nseindia.com/corporate/Outcome_AEL14072017_14072017135050_132.zip"
"ADANIENT","Adani Enterprises Limited","News Verification","The Exchange has sought clarification from Adani Enterprises Limited with respect to recent news item captioned ""Adani Ent May Demerge Co Into 4 Verticals- Coal & Mining, Renewable, City Gas Distribution & Agri"". The Exchange, in order to verify the accuracy or otherwise of the information reported in the media and to inform the market place so that the interest of the investors is safeguarded, had written to the company. Adani Enterprises Limited has submitted their response.","04-Jul-2017 12:17:00","2017-07-04 12:17:00","-","-","https://nsearchives.nseindia.com/corporate/NSE04072017_04072017121749.zip"
"ADANIENT","Adani Enterprises Limited","News Verification","The Exchange has sought clarification from Adani Enterprises Limited with respect to recent news item captioned ""Adani Ent May Demerge Co Into 4 Verticals- Coal & Mining, Renewable, City Gas Distribution & Agri"". In this regard, Exchange have advised the Company to provide clarification/confirmation on the news item in detail including the following: a) Whether such negotiations were taking place and  b) Whether you/company are aware of any information that has not been announced to the Exchanges which could explain the aforesaid movement in the trading. The response from the company is awaited.","03-Jul-2017 11:07:00","2017-07-03 11:07:00","-","-","-"
"ADANIENT","Adani Enterprises Limited","Press Release","Adani Enterprises Limited has informed the Exchange regarding a press release dated Jun 13, 2017, titled ""Adani Group commissions 50 MW solar plant in Mahoba, UP"".","13-Jun-2017 12:25:00","2017-06-13 12:25:00","-","-","https://nsearchives.nseindia.com/corporate/AELMR_13062017122501_589.zip"
"ADANIENT","Adani Enterprises Limited","Restructuring","Adani Enterprises Limited has informed the Exchange regarding Intimation for dilution of Company s Stake in Adani Green Energy Ltd","06-Jun-2017 19:02:00","2017-06-06 19:02:00","-","-","https://nsearchives.nseindia.com/corporate/AELAGEL_06062017190227_318.zip"
"ADANIENT","Adani Enterprises Limited","Press Release","Adani Enterprises Limited has informed the Exchange regarding a press release dated Jun 06, 2017, titled ""Adani Project Gets Green Light"".","06-Jun-2017 09:22:00","2017-06-06 09:22:00","-","-","https://nsearchives.nseindia.com/corporate/AELPRESS_06062017092241_038.zip"
"ADANIENT","Adani Enterprises Limited","Change in Director(s)","Adani Enterprises Limited has informed the Exchange regarding Change in Directorate.","01-Jun-2017 19:01:00","2017-06-01 19:01:00","-","-","https://nsearchives.nseindia.com/corporate/AELANIL_01062017190125_910.zip"
"ADANIENT","Adani Enterprises Limited","Press Release","Adani Enterprises Limited has informed the Exchange regarding a press release dated May 30, 2017, titled ""Adani reaches royalties agreement with State Government"".","30-May-2017 13:15:00","2017-05-30 13:15:00","-","-","https://nsearchives.nseindia.com/corporate/AEL30052017_30052017131503_784.zip"
"ADANIENT","Adani Enterprises Limited","Outcome of Board Meeting","Adani Enterprises Limited has informed the Exchange regarding the Outcome of Board Meeting of the Company held on May 24 , 2017, along with Press Release.","24-May-2017 18:01:00","2017-05-24 18:01:00","-","-","https://nsearchives.nseindia.com/corporate/ADANIENT_24052017180113.zip"
"ADANIENT","Adani Enterprises Limited","Dividend","Adani Enterprises Limited has informed the Exchange that the Board has recommended Dividend of Re. 0.40/- per equity share of face value of Re. 1/- each fully paid up for the Financial Year 2013-17, subject to approval by shareholders of the Company.","24-May-2017 17:58:00","2017-05-24 17:58:00","-","-","https://nsearchives.nseindia.com/corporate/ADANIENT_24052017175829.zip"
"ADANIENT","Adani Enterprises Limited","Financial Result Updates","Adani Enterprises Limited has submitted to the Exchange, the financial results for the period ended March 31, 2017.","24-May-2017 17:12:25","2017-05-24 17:12:25","-","-","https://nsearchives.nseindia.com/corporate/AEL24052017_24052017171225.zip"
"ADANIENT","Adani Enterprises Limited","News Verification","The Exchange has sought clarification from Adani Enterprises Limited with respect to recent news item captioned ""Adani defers Australian coal project decision."". The Exchange, in order to verify the accuracy or otherwise of the information reported in the media and to inform the market place so that the interest of the investors is safeguarded, had written to the company. Adani Enterprises Limited has submitted their response.","24-May-2017 10:59:00","2017-05-24 10:59:00","-","-","https://nsearchives.nseindia.com/corporate/ADANIENT_6788_reply_24052017105932.zip"
"ADANIENT","Adani Enterprises Limited","News Verification","The Exchange has sought clarification from Adani Enterprises Limited with respect to recent news item captioned ""Adani defers Australian coal project decision."". In this regard, Exchange have advised the Company to provide clarification/confirmation on the news item in detail including the following: a) Whether you/company are aware of any information that has not been announced to the Exchanges which could explain the aforesaid movement in the trading. The response from the company is awaited.","23-May-2017 10:45:00","2017-05-23 10:45:00","-","-","-"
"ADANIENT","Adani Enterprises Limited","Disc. under Reg.30 of SEBI (SAST) Reg.2011","SBICAP Trustee Company Limited has submitted to the Exchange a copy of disclosure under Regulation 30(1) and 30(2) of SEBI (Substantial Acquisition of Shares & Takeovers) Regulations, 2011.","13-Apr-2017 16:10:00","2017-04-13 16:10:00","-","-","https://nsearchives.nseindia.com/corporate/Adani_REG30_13042017161057.zip"
"ADANIENT","Adani Enterprises Limited","Disc. under Reg.30 of SEBI (SAST) Reg.2011","Promoters of the Company has submitted to the Exchange the disclosure under regulation 30(1) and 30(2) of SEBI (SAST) Regulations, 2011.","11-Apr-2017 13:21:00","2017-04-11 13:21:00","-","-","https://nsearchives.nseindia.com/corporate/adani_enter_11042017132152.zip"
"ADANIENT","Adani Enterprises Limited","Disclosure under SEBI Takeover Regulations","Worldwide Emerging Market Holding Ltd, Universal Trade and Investment Ltd, Afro Asia trade and Investments Ltd. has submitted to the Exchange, vide letter dated April 5, 2017 a copy of disclosure under Regulation 10(6) of SEBI (Substantial Acquisition of Shares & Takeovers) Regulations, 2011.","06-Apr-2017 16:23:00","2017-04-06 16:23:00","-","-","https://nsearchives.nseindia.com/corporate/Adani_106_06042017162324.zip"
"ADANIENT","Adani Enterprises Limited","Disclosure under SEBI Takeover Regulations","Parsa Kente Rail Infra LLP has submitted to the Exchange, vide letter dated April 5, 2017 a copy of disclosure under Regulation 10(6) of SEBI (Substantial Acquisition of Shares & Takeovers) Regulations, 2011.","06-Apr-2017 16:21:00","2017-04-06 16:21:00","-","-","https://nsearchives.nseindia.com/corporate/Adani_106_1_06042017162109.zip"
"ADANIENT","Adani Enterprises Limited","Disclosure under SEBI Takeover Regulations","Parsa Kente Rail Infra Private Limited has submitted to the Exchange, vide letter dated March 31, 2017 a copy of disclosure under Regulation 10(6) of SEBI (Substantial Acquisition of Shares & Takeovers) Regulations, 2011.","31-Mar-2017 15:58:00","2017-03-31 15:58:00","-","-","https://nsearchives.nseindia.com/corporate/AEL_10_6_31032017155833.zip"
"ADANIENT","Adani Enterprises Limited","Disclosure under SEBI Takeover Regulations","Pan Asia Trade & Investment Pvt. Ltd has submitted to the Exchange, vide letter dated March 28, 2017 a copy of disclosure under Regulation 10(6) of SEBI (Substantial Acquisition of Shares & Takeovers) Regulations, 2011.","28-Mar-2017 16:42:00","2017-03-28 16:42:00","-","-","https://nsearchives.nseindia.com/corporate/AdaniENT_28032017164240.zip"
"ADANIENT","Adani Enterprises Limited","Disclosure under SEBI Takeover Regulations","Worldwide Emerging Market Holding Ltd., Afro Asia Trade and Investments Ltd. and Universal Trade and Investments Ltd has submitted to the Exchange, vide letter dated March 24, 2017  a copy of disclosure under Regulation 10(5) in respect of acquisition under Regulation 10(1)(a) of SEBI (Substantial Acquisition of Shares & Takeovers) Regulations, 2011.","24-Mar-2017 20:31:00","2017-03-24 20:31:00","-","-","https://nsearchives.nseindia.com/corporate/AdaniEnterprises_10_24032017203142.zip"
"ADANIENT","Adani Enterprises Limited","Updates","Adani Enterprises Limited has informed the Exchange regarding Update with respect to the requests for reclassification under Regulation 31A of the Securities and Exchange Board of India (Listing Obligations and Disclosure Requirements) Regulations, 2015.","24-Mar-2017 13:43:00","2017-03-24 13:43:00","-","-","https://nsearchives.nseindia.com/corporate/AEL_24032017134320_122.zip"
"ADANIENT","Adani Enterprises Limited","Updates","Adani Enterprises Limited has informed the Exchange regarding Intimation for Incorporation of Limited Liability Partnerships","23-Mar-2017 15:09:00","2017-03-23 15:09:00","-","-","https://nsearchives.nseindia.com/corporate/AELLLP_23032017150901_194.zip"
"ADANIENT","Adani Enterprises Limited","Acquisition","Adani Enterprises Limited has informed the Exchange regarding Acquisition of Limited Liability Partnerships (""LLPs"").","22-Mar-2017 12:15:00","2017-03-22 12:15:00","-","-","https://nsearchives.nseindia.com/corporate/Acqllp_22032017121557_807.zip"
"ADANIENT","Adani Enterprises Limited","Acquisition","Adani Enterprises Limited has informed the Exchange regarding Acquisition of Adani Infrastructure Private Limited","21-Mar-2017 19:14:00","2017-03-21 19:14:00","-","-","https://nsearchives.nseindia.com/corporate/AcqofAIPL_21032017191418_657.zip"
"ADANIENT","Adani Enterprises Limited","Disclosure under SEBI Takeover Regulations","Parsa Kente Rail Infra Pvt Ltd has submitted to the Exchange, vide letter dated March 21, 2017 a copy of disclosure under Regulation 10(5) in respect of acquisition under Regulation 10(1)(a) of SEBI (Substantial Acquisition of Shares & Takeovers) Regulations, 2011.","21-Mar-2017 18:25:00","2017-03-21 18:25:00","-","-","https://nsearchives.nseindia.com/corporate/AEL_10_21032017182530.zip"
"ADANIENT","Adani Enterprises Limited","News Clarification","The Exchange had sought clarification from the Company with respect to recent news item captioned ""Australian Delegation asks Adani to drop mine project "". The response from the Company is enclosed.","20-Mar-2017 08:08:00","2017-03-20 08:08:00","-","-","https://nsearchives.nseindia.com/corporate/AEL_20032017080819_878.zip"
"ADANIENT","Adani Enterprises Limited","News Clarification","The Exchange has sought clarification from the Company with respect to recent news item captioned  Australian Delegation asks Adani to drop mine project .In this regard, Exchange has advised the Company to provide clarification/confirmation on the news item in detail including the following: a) Whether such event/negotiations/article stated in published news were taking place? If so, you are advised to provide the said information along with the sequence of events in chronological order and the material impact of this article on the Company. b) Whether company is aware of any information that has not been announced to the Exchanges under regulation 30 of Listing Regulations. The response from the Company is awaited.","17-Mar-2017 12:51:00","2017-03-17 12:51:00","-","-","-"
"ADANIENT","Adani Enterprises Limited","Updates","Adani Enterprises Limited has informed the Exchange regarding Update with respect to the requests for reclassification under Regulation 31A of the Securities and Exchange Board of India (Listing Obligations and Disclosure Requirements) Regulations, 2015","16-Mar-2017 18:27:00","2017-03-16 18:27:00","-","-","https://nsearchives.nseindia.com/corporate/AEL-Reclass_16032017182722_250.zip"
"ADANIENT","Adani Enterprises Limited","Updates","Adani Enterprises Limited has informed the Exchange regarding the update with respect to the requests for re-classification under Regulation 31A of the Securities and Exchange Board of India (Listing Obligations and Disclosure Requirements) Regulations, 2015.","27-Feb-2017 16:19:00","2017-02-27 16:19:00","-","-","https://nsearchives.nseindia.com/corporate/AEL_27022017161929_010.zip"
"ADANIENT","Adani Enterprises Limited","Outcome of Board Meeting","Adani Enterprises Limited has informed the Exchange regarding Outcome of Board Meeting of the Company held on February 14, 2017.","14-Feb-2017 17:23:00","2017-02-14 17:23:00","-","-","https://nsearchives.nseindia.com/corporate/ADANIENT_14022017172346.zip"
"ADANIENT","Adani Enterprises Limited","Financial Result Updates","Adani Enterprises Limited has submitted to the Exchange, the financial results for the period ended December 31, 2016.","14-Feb-2017 17:14:24","2017-02-14 17:14:24","-","-","https://nsearchives.nseindia.com/corporate/AEL14022017_14022017171424.zip"
"ADANIENT","Adani Enterprises Limited","Spurt in Volume","Significant increase in volume has been observed in Adani Enterprises Limited. The Exchange, in order to ensure that investors have latest relevant information about the company and to inform the market place so that the interest of the investors is safeguarded, had written to the company. Adani Enterprises Limited has submitted their response.","30-Jan-2017 17:02:00","2017-01-30 17:02:00","-","-","https://nsearchives.nseindia.com/corporate/AEL-NSE_30012017170248.zip"
"ADANIENT","Adani Enterprises Limited","Spurt in Volume","Significant increase in volume has been observed in Adani Enterprises Limited. The Exchange, in order to ensure that investors have latest relevant information about the company and to inform the market place so that the interest of the investors is safeguarded, has written to the company. The response from the company is awaited.","27-Jan-2017 18:11:00","2017-01-27 18:11:00","-","-","-"
"ADANIENT","Adani Enterprises Limited","Updates","Adani Enterprises Limited has informed the Exchange regarding Intimation for Incorporation of a step down wholly Owned Subsidiary (""WOS"").","20-Jan-2017 16:12:00","2017-01-20 16:12:00","-","-","https://nsearchives.nseindia.com/corporate/AEL-AALL_20012017161207_721.zip"
"ADANIENT","Adani Enterprises Limited","Updates","Adani Enterprises Limited has informed the Exchange regarding Incorporation of a step down Wholly Owned Subsidiaries (""WOS"").","19-Jan-2017 17:47:00","2017-01-19 17:47:00","-","-","https://nsearchives.nseindia.com/corporate/AEL_19012017174744_341.zip"
"ADANIENT","Adani Enterprises Limited","Updates","Adani Enterprises Limited has informed the Exchange regarding Intimation for Incorporation of a wholly owned subsidiary company.","11-Jan-2017 12:32:00","2017-01-11 12:32:00","-","-","https://nsearchives.nseindia.com/corporate/AEL-Paipat_11012017123257_085.zip"
"ADANIENT","Adani Enterprises Limited","Updates","Adani Enterprises Limited has informed the Exchange regarding Intimation for Incorporation of a wholly owned subsidiary company.","11-Jan-2017 12:27:00","2017-01-11 12:27:00","-","-","https://nsearchives.nseindia.com/corporate/AEL-Kannauj_11012017122726_082.zip"
"ADANIENT","Adani Enterprises Limited","Updates","Adani Enterprises Limited has informed the Exchange regarding ''Intimation regarding receipt of requests for reclassification under Regulation 31A of the Securities and Exchange Board of India (Listing Obligations and Disclosure Requirements) Regulations, 2015''","05-Jan-2017 19:44:00","2017-01-05 19:44:00","-","-","https://nsearchives.nseindia.com/corporate/AEL-RECLASSIFICATION_05012017194413_057.zip"
"ADANIENT","Adani Enterprises Limited","News Clarification","The Exchange had sought clarification from Adani Enterprises Limited with respect to recent news item captioned ''Adani's $16 bn Australian coal project gets final nod for permanent rail line   and ' Adani to start work at OZ mine by Mid-2017  . In this regard, Exchange have advised the Company to provide clarification/confirmation on the news item in detail including the following: a) Whether such event/negotiations/article stated in published news were taking place? If so, you are advised to provide the said information along with the sequence of events in chronological order and the material impact of this article on the Company. b) Whether company are aware of any information that has not been announced to the Exchanges under regulation 30 of Listing regulations. The response from the Company is attached.","08-Dec-2016 14:48:00","2016-12-08 14:48:00","-","-","https://nsearchives.nseindia.com/corporate/AEL-NSE-NEWS_08122016144846_126.zip"
"ADANIENT","Adani Enterprises Limited","News Clarification","The Exchange has sought clarification from Adani Enterprises Limited with respect to recent news item captioned ''Adani's $16 bn Australian coal project gets final nod for permanent rail line   and ' Adani to start work at OZ mine by Mid-2017  . In this regard, Exchange have advised the Company to provide clarification/confirmation on the news item in detail including the following: a) Whether such event/negotiations/article stated in published news were taking place? If so, you are advised to provide the said information along with the sequence of events in chronological order and the material impact of this article on the Company. b) Whether company are aware of any information that has not been announced to the Exchanges under regulation 30 of Listing regulations. The response from the Company is awaited.","07-Dec-2016 14:54:00","2016-12-07 14:54:00","-","-","-"
"ADANIENT","Adani Enterprises Limited","Updates","Adani Enterprises Limited has informed the Exchange regarding Intimation for Incorporation of a wholly owned subsidiary company.","06-Dec-2016 18:41:00","2016-12-06 18:41:00","-","-","https://nsearchives.nseindia.com/corporate/AEL06122016_06122016184142_341.zip"
"ADANIENT","Adani Enterprises Limited","Appointment of Director","Adani Enterprises Limited has informed the Exchange that the Board of Directors of the Company vide circular resolution dated December 02, 2016 has appointed Mrs. Vijaylaxmi Joshi as an Additional Director (Non-Executive, Independent) of the Company to hold office upto the date of the ensuing annual general meeting.","05-Dec-2016 09:21:00","2016-12-05 09:21:00","-","-","https://nsearchives.nseindia.com/corporate/AEL-03122016_05122016092157_992.zip"
"ADANIENT","Adani Enterprises Limited","Press Release","Adani Enterprises Limited has informed the Exchange regarding a press release dated November 25, 2016, titled ""Steel city takes a shine to solar"".","25-Nov-2016 12:52:00","2016-11-25 12:52:00","-","-","https://nsearchives.nseindia.com/corporate/AEL-MEDIA-SOLAR_25112016125232_092.zip"
"ADANIENT","Adani Enterprises Limited","Press Release","Adani Enterprises Limited has informed the Exchange regarding a press release dated November 25, 2016, titled ""Adani welcomes court decisions"".","25-Nov-2016 12:50:00","2016-11-25 12:50:00","-","-","https://nsearchives.nseindia.com/corporate/AEL-MEDIA-COURT_25112016125027_090.zip"
"ADANIENT","Adani Enterprises Limited","Press Release","Adani Enterprises Limited has informed the Exchange regarding a press release dated November 25, 2016, titled ""Sunrise in Moranbah"".","25-Nov-2016 12:47:00","2016-11-25 12:47:00","-","-","https://nsearchives.nseindia.com/corporate/AEL-MEDIA-SUNRISE_25112016124759_089.zip"
"ADANIENT","Adani Enterprises Limited","Press Release","Adani Enterprises Limited has informed the Exchange regarding a press release dated November 19, 2016, titled ""Adani seeks top spot in Australia as solar energy generator"".","21-Nov-2016 08:52:00","2016-11-21 08:52:00","-","-","https://nsearchives.nseindia.com/corporate/ADANIENT_21112016085213.zip"
"ADANIENT","Adani Enterprises Limited","News Verification","The Exchange has sought clarification from Adani Enterprises Limited with respect to recent news item captioned ""Adani project in Australia gets exemption under New Water laws."". The Exchange, in order to verify the accuracy or otherwise of the information reported in the media and to inform the market place so that the interest of the investors is safeguarded, had written to the company. Adani Enterprises Limited has submitted their response.","11-Nov-2016 08:31:00","2016-11-11 08:31:00","-","-","https://nsearchives.nseindia.com/corporate/AEL-NSE_11112016083126.zip"
"ADANIENT","Adani Enterprises Limited","News Verification","The Exchange has sought clarification from Adani Enterprises Limited with respect to recent news item captioned ""Adani project in Australia gets exemption under New Water laws.""In this regard, Exchange have advised the Company to provide clarification/confirmation on the news item in detail including the following: Whether you/company are aware of any information that has not been announced to the Exchanges which could explain the aforesaid movement in the trading. The response from the company is awaited.","10-Nov-2016 13:22:00","2016-11-10 13:22:00","-","-","-"
"ADANIENT","Adani Enterprises Limited","Press Release","Adani Enterprises Limited has informed the Exchange regarding a press release dated November 08, 2016, titled ""Inauguration of the Company s 100 MW Solar Power Plant in Punjab"".","08-Nov-2016 15:17:00","2016-11-08 15:17:00","-","-","https://nsearchives.nseindia.com/corporate/AEL-MEDIA_08112016151702_999.zip"
"ADANIENT","Adani Enterprises Limited","Updates","Adani Enterprises Limited has informed the Exchange regarding ""Intimation for Incorporation of a Joint Venture Company ( ""JVC"")"".","08-Nov-2016 11:19:00","2016-11-08 11:19:00","-","-","https://nsearchives.nseindia.com/corporate/AEL_08112016111918_840.zip"
"ADANIENT","Adani Enterprises Limited","Updates","Adani Enterprises Limited has Submitted to the Exchange a  copy of the Un-audited Financial Results for the quarter and Half year ended September 30, 2016.","24-Oct-2016 18:58:00","2016-10-24 18:58:00","-","-","https://nsearchives.nseindia.com/corporate/AEL_24102016185852_266.zip"
"ADANIENT","Adani Enterprises Limited","Financial Result Updates","Adani Enterprises Limited has submitted to the Exchange, the financial results for the period ended September 30, 2016.","24-Oct-2016 15:56:50","2016-10-24 15:56:50","-","-","https://nsearchives.nseindia.com/corporate/doc10899220161024154428_24102016155650.zip"
"ADANIENT","Adani Enterprises Limited","Analysts/Institutional Investor Meet/Con. Call Updates","Adani Enterprises Limited has informed the Exchange regarding Schedule of Post Results Conference Call with investors.","21-Oct-2016 16:19:00","2016-10-21 16:19:00","-","-","https://nsearchives.nseindia.com/corporate/AEL-INV-CALL_21102016161901_343.zip"
"ADANIENT","Adani Enterprises Limited","Press Release","Adani Enterprises Limited has informed the Exchange regarding a press release dated August 29, 2016 in respect of Judgement of Australian Federal Court in favour of Adani Carmichael Mine.","29-Aug-2016 10:42:00","2016-08-29 10:42:00","-","-","https://nsearchives.nseindia.com/corporate/AEL_29082016104241_313.zip"
"ADANIENT","Adani Enterprises Limited","Appointment of Director","Adani Enterprises Limited has informed the Exchange that the Board of Directors of the Company has appointed Mr. Venkataraman Subramanian as an Additional Director ( Non-Executive, Independent ) of the Company to hold office upto the date of the ensuing annual general meeting.","23-Aug-2016 13:40:00","2016-08-23 13:40:00","-","-","https://nsearchives.nseindia.com/corporate/AEL_23082016134032_109.zip"
"ADANIENT","Adani Enterprises Limited","Regulation 44(3) of SEBI (LODR), Reg., 2015","Adani Enterprises Limited has submitted to the Exchange the details of voting results of the Annual General Meeting of the Company held on August 10, 2016 along with the Scrutinizer s Report.","11-Aug-2016 19:37:00","2016-08-11 19:37:00","-","-","https://nsearchives.nseindia.com/corporate/AEL-VOTINGRESULT_11082016193745_659.zip"
"ADANIENT","Adani Enterprises Limited","Annual General Meeting Updates","Adani Enterprises Limited has submitted to the Exchange a copy of Proceedings of the Annual General Meeting of the Company held on August 10, 2016.","10-Aug-2016 14:33:00","2016-08-10 14:33:00","-","-","https://nsearchives.nseindia.com/corporate/AEL-AGM_10082016143356_249.zip"
"ADANIENT","Adani Enterprises Limited","Press Release","Adani Enterprises Limited has informed the Exchange regarding a media release dated August 10, 2016 with respect to the Unaudited Financial Result for the Quarter ended June 30, 2016.","10-Aug-2016 14:28:00","2016-08-10 14:28:00","-","-","https://nsearchives.nseindia.com/corporate/ADANIENT_Mr_10082016142806.zip"
"ADANIENT","Adani Enterprises Limited","Financial Result Updates","Adani Enterprises Limited has submitted to the Exchange the standalone & consolidated financial results along with the Limited Review Report for the period ended June 30, 2016.","10-Aug-2016 14:25:19","2016-08-10 14:25:19","-","-","https://nsearchives.nseindia.com/corporate/AEL-BM_10082016142519.zip"
"ADANIENT","Adani Enterprises Limited","Analysts/Institutional Investor Meet/Con. Call Updates","Adani Enterprises Limited has informed the Exchange regarding the Schedule of Post Results Conference Call with investors.","08-Aug-2016 19:47:00","2016-08-08 19:47:00","-","-","https://nsearchives.nseindia.com/corporate/AEL_08082016194748_963.zip"
"ADANIENT","Adani Enterprises Limited","Annual General Meeting Updates","Adani Enterprises Limited has submitted to the Exchange a newspaper cuttings of notice of Annual General Meeting of the members of the Company to be held on August 10, 2016.","19-Jul-2016 19:09:00","2016-07-19 19:09:00","-","-","https://nsearchives.nseindia.com/corporate/AEL-Newspaper_19072016190923_904.zip"
"ADANIENT","Adani Enterprises Limited","AGM/Book Closure","Adani Enterprises Limited has informed the Exchange that the Register of Members and Share Transfer Books of the Company will remain closed from August 3, 2016 to August 10, 2016 (both days inclusive) for the purpose of Annual General Meeting of the Company to be held on August 10, 2016.","19-Jul-2016 08:29:00","2016-07-19 08:29:00","-","-","https://nsearchives.nseindia.com/corporate/AELBC_19072016082905.zip"
"ADANIENT","Adani Enterprises Limited","Annual General Meeting Updates","Adani Enterprises Limited has informed the Exchange that the Company has fixed August 03, 2016 as the cut-off date for the purpose of remote e-voting, for ascertaining the names of the Shareholders holding shares either in physical form or in dematerialized form, who will be entitled to cast their votes electronically in respect of the businesses to be transacted at the Annual General Meeting of the Company scheduled to be held on August 10. 2016 as well as voting at the said AGM.","19-Jul-2016 08:29:00","2016-07-19 08:29:00","-","-","https://nsearchives.nseindia.com/corporate/AEL-BC_19072016082958_437.zip"
"ADANIENT","Adani Enterprises Limited","Updates","Adani Enterprises Limited has informed the Exchange that the Company has raised Rs. 150 Crores(Rupees One Hundred Fifty Crores) on June 24, 2016 by allotment of 1,500 Rated, Listed, Taxable, Secured, Redeemable, Non-Convertible Debentures(NCDs) of the Face value of Rs. 10,00,000/-each on Private Placement basis.","27-Jun-2016 08:23:00","2016-06-27 08:23:00","-","-","https://nsearchives.nseindia.com/corporate/AEL_27062016082332_460.zip"
"ADANIENT","Adani Enterprises Limited","Registrar & Share Transfer Agent Update","Adani Enterprises Limited has informed the Exchange regarding Change of Registrar and Share Transfer Agent (RTA).","20-Jun-2016 18:25:00","2016-06-20 18:25:00","-","-","https://nsearchives.nseindia.com/corporate/AEL_20062016182509_827.zip"
"ADANIENT","Adani Enterprises Limited","Press Release","Adani Enterprises Limited has informed the Exchange regarding press release dated May 25, 2016 title ""Adani Wilmar and Ruchi Soya propose to join hands to create one of India's leading FMCG companies.""","25-May-2016 16:04:00","2016-05-25 16:04:00","-","-","https://nsearchives.nseindia.com/corporate/AEL_25052016160430_340.zip"
"ADANIENT","Adani Enterprises Limited","Resignation of Director","Adani Enterprises Limited has informed the Exchange that Dr. Ravindra H. Dholakia has tendered his resignation as Director of the Company w.e.f. May 24, 2016.","25-May-2016 13:47:00","2016-05-25 13:47:00","-","-","https://nsearchives.nseindia.com/corporate/AEL_25052016134726_196.zip"
"ADANIENT","Adani Enterprises Limited","Outcome of Board Meeting","Adani Enterprises Limited has informed the Exchange regarding Outcome of Board of Directors Meeting of the Company held on May 04, 2016.","04-May-2016 14:54:00","2016-05-04 14:54:00","-","-","https://nsearchives.nseindia.com/corporate/ADANIENT_MR_04052016145403.zip"
"ADANIENT","Adani Enterprises Limited","Press Release","Adani Enterprises Limited has informed the Exchange regarding a media release dated May 04, 2016 with respect to the Audited Financial Results of the Company for the quarter and year ended March 31, 2016.","04-May-2016 14:50:00","2016-05-04 14:50:00","-","-","https://nsearchives.nseindia.com/corporate/ADANIENT_MR_04052016145029.zip"
"ADANIENT","Adani Enterprises Limited","Financial Result Updates","Adani Enterprises Limited has submitted to the Exchange the standalone & consolidated financial results along with the Auditors Report for the period ended March 31, 2016.","04-May-2016 14:48:30","2016-05-04 14:48:30","-","-","https://nsearchives.nseindia.com/corporate/AELRESULTS_04052016144830.zip"
"ADANIENT","Adani Enterprises Limited","Updates","Adani Enterprises Limited has informed the Exchange that the Company will hold Post Results Conference Call with investors on May 4, 2016 to discuss the financial performance of the Company.","02-May-2016 18:19:00","2016-05-02 18:19:00","-","-","https://nsearchives.nseindia.com/corporate/AEL_02052016181937_242.zip"
"ADANIENT","Adani Enterprises Limited","Resignation of Director","Adani Enterprises Limited has informed the Exchange that Ms. Dharmishta N Rawal has tendered her resignation as Director of the Company with effect from April 25, 2016.","25-Apr-2016 14:49:00","2016-04-25 14:49:00","-","-","https://nsearchives.nseindia.com/corporate/AEL_25042016144936_825.zip"
"ADANIENT","Adani Enterprises Limited","Trading Window","Adani Enterprises Limited has informed the Exchange that as per the Company's Code of Conduct for Prohibition of Insider Trading, the trading window for dealing in the securities of the Company will be closed for all specified persons of the Company from April 21, 2016 to May 06, 2016 (both days inclusive).","21-Apr-2016 13:48:00","2016-04-21 13:48:00","-","-","https://nsearchives.nseindia.com/corporate/AEL_21042016134818.zip"
"ADANIENT","Adani Enterprises Limited","Disc. under Reg.30 of SEBI (SAST) Reg.2011","Adani Properties Pvt. Ltd has submitted to the Exchange vide letter dated April 07,2016 a copy of disclosure under Regulation 30(1) and 30(2) of SEBI (Substantial Acquisition of Shares & Takeovers) Regulations, 2011.","08-Apr-2016 09:52:00","2016-04-08 09:52:00","-","-","https://nsearchives.nseindia.com/corporate/Adaniprop_08042016095250.zip"
"ADANIENT","Adani Enterprises Limited","News Verification","The Exchange has sought clarification from Adani Enterprises Limited with respect to recent news item captioned Adani wins Queesnsland approval for coal project. The Exchange, in order to verify the accuracy or otherwise of the information reported in the media and to inform the market place so that the interest of the investors is safeguarded, had written to the company. Adani Enterprises Limited has submitted their response.","04-Apr-2016 16:06:00","2016-04-04 16:06:00","-","-","https://nsearchives.nseindia.com/corporate/ADANIENT_6210_reply_04042016160614.zip"
"ADANIENT","Adani Enterprises Limited","News Verification","The Exchange has sought clarification from Adani Enterprises Limited with respect to recent news item captioned ""Adani wins Queesnsland approval for coal project"". In this regard, Exchange have advised the Company to provide clarification/confirmation on the news item in detail including the following, Whether you/company are aware of any information that has not been announced to the Exchanges which could explain the aforesaid movement in the trading. The response from the company is awaited.","04-Apr-2016 11:43:00","2016-04-04 11:43:00","-","-","-"
"ADANIENT","Adani Enterprises Limited","Press Release","Adani Enterprises Limited has submitted to the Exchange vide letter dated March 30, 2016 a copy of Media Release.","30-Mar-2016 14:54:00","2016-03-30 14:54:00","-","-","https://nsearchives.nseindia.com/corporate/AEL_30032016145411_579.zip"
"ADANIENT","Adani Enterprises Limited","Updates","Adani Enterprises Limited has informed the Exchange that Adani Agri Logistic Limited (AALL), a WOS of the Company, has incorporated a wholly owned subsidiary namely, ""Adani Agri Logistics (Kotkapura) Limited""(""AALKL"") on March 23, 2016.","26-Mar-2016 12:39:00","2016-03-26 12:39:00","-","-","https://nsearchives.nseindia.com/corporate/AEL_26032016123954.zip"
"ADANIENT","Adani Enterprises Limited","Updates","Adani Enterprises Limited has informed the Exchange regarding Incorporation of a step down Wholly Owned Subsidiary ("" WOS"")","23-Mar-2016 19:57:00","2016-03-23 19:57:00","-","-","https://nsearchives.nseindia.com/corporate/AEL-AALKL-Katihar_23032016195716_329.zip"
"ADANIENT","Adani Enterprises Limited","Updates","Adani Enterprises Limited has informed the Exchange that Adani Green Energy Limited (AGEL), a subsidiary of the Company, has incorporated a wholly owned subsidiary namely, ""Mahoba Solar (UP) Private Limited"" (""MSUPL"") on March 21, 2016.","21-Mar-2016 19:48:00","2016-03-21 19:48:00","-","-","https://nsearchives.nseindia.com/corporate/MSUPL_21032016194840_559.zip"
"ADANIENT","Adani Enterprises Limited","Updates","Adani Enterprises Limited has informed the Exchange that Adani Green Energy Limited (AGEL), a subsidiary of the Company, has incorporated a wholly owned subsidiary namely, ""Gaya Solar (Bihar) Private Limited"" (""GSBPL"") on March 21, 2016.","21-Mar-2016 19:22:00","2016-03-21 19:22:00","-","-","https://nsearchives.nseindia.com/corporate/GSBPL_21032016192228_549.zip"
"ADANIENT","Adani Enterprises Limited","Updates","Adani Enterprises Limited has informed the Exchange regarding Incorporation of a step down subsidiary i.e, Wardha Solar (Maharashtra) Private Limited.","21-Mar-2016 08:09:00","2016-03-21 08:09:00","-","-","https://nsearchives.nseindia.com/corporate/AEL-WSMPL_21032016080900_206.zip"
"ADANIENT","Adani Enterprises Limited","Updates","Adani Enterprises Limited has informed the Exchange regarding Incorporation of a step down subsidiary i.e, Sami Solar (Gujarat) Private Limited.","21-Mar-2016 08:08:00","2016-03-21 08:08:00","-","-","https://nsearchives.nseindia.com/corporate/AEL-SSGPL_21032016080804_205.zip"
"ADANIENT","Adani Enterprises Limited","Date of payment of dividend","Adani Enterprises Limited has informed the Exchange that interim Dividend shall be payable on and from March 28, 2016 and will be paid within the timelines stipulated under the Companies Act, 2013.","15-Mar-2016 12:03:00","2016-03-15 12:03:00","-","-","https://nsearchives.nseindia.com/corporate/AEL_15032016120311_544.zip"
"ADANIENT","Adani Enterprises Limited","Dividend","Adani Enterprises Limited has informed the Exchange that the Board of Directors of the Company at its meeting held on March 15, 2016 has considered and declared Interim Dividend of Re.0.40/- per Equity Share (i.e. 40%) of Re.1/- each of the Company for the financial year 2015-16.","15-Mar-2016 12:03:00","2016-03-15 12:03:00","-","-","https://nsearchives.nseindia.com/corporate/AEL_15032016120311_543.zip"
"ADANIENT","Adani Enterprises Limited","Record Date","Adani Enterprises Limited has informed the Exchange that the Company has fixed Record Date as March 23, 2016 for the purpose of the payment of interim dividend on equity shares, if any declared at the board meeting.","09-Mar-2016 14:43:00","2016-03-09 14:43:00","-","-","https://nsearchives.nseindia.com/corporate/AEL_09032016144314_401.zip"
"ADANIENT","Adani Enterprises Limited","Trading Window","Adani Enterprises Limited has informed the Exchange that the Company's Code of Conduct for Prohibition of Insider Trading, the trading window for dealing in the securities of the Company will be closed for all specified persons of the Company from March 09, 2016 to March 17, 2016 (both days inclusive).","09-Mar-2016 14:34:00","2016-03-09 14:34:00","-","-","https://nsearchives.nseindia.com/corporate/AEL_01_09032016143453.zip"
"ADANIENT","Adani Enterprises Limited","Updates","Adani Enterprises Limited has informed the Exchange regarding Incorporation of a wholly owned subsidiary company.","29-Feb-2016 08:18:00","2016-02-29 08:18:00","-","-","https://nsearchives.nseindia.com/corporate/AEL_29022016081858_314.zip"
"ADANIENT","Adani Enterprises Limited","Change in Director(s)","Adani Enterprises Limited has informed the Exchange that in accordance with retirement policy for Non-Executive Independent directors of the Company, Mr. S.K Tuteja has attained the retirement criteria. Accordingly, he has resigned as an independent director of the Company w.e.f February 24, 2016.","25-Feb-2016 16:11:00","2016-02-25 16:11:00","-","-","https://nsearchives.nseindia.com/corporate/AEL_25022016161139_757.zip"
"ADANIENT","Adani Enterprises Limited","Updates","Adani Enterprises Limited has informed the Exchange vide letter dated February 19, 2016 regarding ""participation in Investors Conference"".","22-Feb-2016 08:34:00","2016-02-22 08:34:00","-","-","https://nsearchives.nseindia.com/corporate/AEL_22022016083405_191.zip"
"ADANIENT","Adani Enterprises Limited","Updates","Adani Enterprises Limited has informed the Exchange that the Company will participate in ""20th Merrill Lynch India Investor Conference"" to be held on February 16th - 17th, 2016 at Delhi.","15-Feb-2016 12:40:00","2016-02-15 12:40:00","-","-","https://nsearchives.nseindia.com/corporate/AEL_15022016124006_140.zip"
"ADANIENT","Adani Enterprises Limited","Press Release","Adani Enterprises Limited has informed the Exchange regarding a media release dated February 01, 2016, titled ""Adani Enterprises Consolidated Revenue is Rs 33, 073 Crore in 9MFY16"".","01-Feb-2016 14:11:00","2016-02-01 14:11:00","-","-","https://nsearchives.nseindia.com/corporate/AEL_PRE_01022016141107.zip"
"ADANIENT","Adani Enterprises Limited","Financial Result Updates","Adani Enterprises Limited has submitted to the Exchange the standalone & consolidated financial results along with the Limited Review Report for the period ended December 31, 2015.","01-Feb-2016 14:04:10","2016-02-01 14:04:10","-","-","https://nsearchives.nseindia.com/corporate/AELResults_01022016140410.zip"
"ADANIENT","Adani Enterprises Limited","Updates","Adani Enterprises Limited has informed the Exchange that the Company will hold Post Results Conference Call with investors on February 1, 2016 to discuss the financial performance of the Company.","01-Feb-2016 08:22:00","2016-02-01 08:22:00","-","-","https://nsearchives.nseindia.com/corporate/AEL_01022016082238_957.zip"
"ADANIENT","Adani Enterprises Limited","Trading Window","Adani Enterprises Limited has informed the Exchange that the trading window for dealing in the securities of the Company will be closed for all directors/ officers/ designated employees of the Company from January 19, 2016 to February 3, 2016 (both days inclusive).","19-Jan-2016 12:38:00","2016-01-19 12:38:00","-","-","https://nsearchives.nseindia.com/corporate/ADANIENT_19012016123815.zip"
"ADANIENT","Adani Enterprises Limited","Updates","Adani Enterprises Limited has informed the Exchange that Adani Green Energy Limited (AGEL), a subsidiary of the Company, has incorporated a wholly owned subsidiary namely, ""Kilaj Solar (Maharashtra) Private Limited "" (""KSMPL"") on January 01, 2016.","04-Jan-2016 09:14:00","2016-01-04 09:14:00","-","-","https://nsearchives.nseindia.com/corporate/AELKilaj_04012016091424_081.zip"
"ADANIENT","Adani Enterprises Limited","Updates","Adani Enterprises Limited has informed the Exchange regarding Launch of new website of the Company.","01-Jan-2016 12:42:00","2016-01-01 12:42:00","-","-","https://nsearchives.nseindia.com/corporate/Launchofnewwebsite_01012016124242_065.zip"
"ADANIENT","Adani Enterprises Limited","Acquisition","Adani Enterprises Limited has informed the Exchange regarding acquisition of step down Subsidiary.","21-Dec-2015 18:16:00","2015-12-21 18:16:00","-","-","https://nsearchives.nseindia.com/corporate/AEL21122016_21122015181600_216.zip"
"ADANIENT","Adani Enterprises Limited","Updates","Adani Enterprises Limited has informed the Exchange that the Board of Directors of the Company approved the following policies, effective from December 01, 2015 : 1. Material Events Policy2. Policy on Preservation of Documents 3. Website Content Archival Policy.","01-Dec-2015 20:19:00","2015-12-01 20:19:00","-","-","https://nsearchives.nseindia.com/corporate/AEL_01122015201946_013.zip"
"ADANIENT","Adani Enterprises Limited","Press Release","Adani Enterprises Limited has informed the Exchange regarding a press release dated November 02, 2015, titled ""Adani Enterprises Consolidated Revenue is Rs 22,665 crore in H1FY16 Consolidated EBIDTA is Rs 1,729 crore in H1FY16"".","02-Nov-2015 17:09:00","2015-11-02 17:09:00","-","-","https://nsearchives.nseindia.com/corporate/Adani_Mr_02112015170903.zip"
"ADANIENT","Adani Enterprises Limited","Financial Result Updates","Adani Enterprises Limited has submitted to the exchange the standalone & consolidated financial results for the period ended 30-Sep-2015.","02-Nov-2015 16:50:26","2015-11-02 16:50:26","-","-","https://nsearchives.nseindia.com/corporate/AEL_result_02112015165026.zip"
"ADANIENT","Adani Enterprises Limited","Trading Window","Adani Enterprises Limited has informed the Exchange that the trading window for dealing in the securities of the Company will be closed for all directors / officers / designated employees of the Company from October 22, 2015 to November 04, 2015 (both days inclusive).","23-Oct-2015 08:45:00","2015-10-23 08:45:00","-","-","https://nsearchives.nseindia.com/corporate/Adanient_tw_23102015084516.zip"
"ADANIENT","Adani Enterprises Limited","News Verification","News about Adani Enterprises Limited. The media had reports that ""Australian govt clears Adani's Carmichael mine"". The Exchange, in order to verify the accuracy or otherwise of the information reported in the media and to inform the market place so that the interest of the investors is safeguarded, had written to the company.The company has submitted its response .","15-Oct-2015 17:21:00","2015-10-15 17:21:00","-","-","https://nsearchives.nseindia.com/corporate/NSE_15102015172157.zip"
"ADANIENT","Adani Enterprises Limited","News Clarification","Adani Enterprises Limited has informed the Exchange regarding Confirmation/Information on published news captioned ""Australian govt clears Adani's Carmichael Mine"".","15-Oct-2015 16:54:00","2015-10-15 16:54:00","-","-","https://nsearchives.nseindia.com/corporate/NSE_15102015165435_523.zip"
"ADANIENT","Adani Enterprises Limited","News Verification","The Exchange has sought clarification from Adani Enterprises Limited, with respect to recent news item captioned ""Australian government clears Adani's Carmichael mine"". In this regard, the Exchange has advised the Company to provide clarification/confirmation on the news item in detail including the following: Whether you/company are aware of any information that has not been announced to the Exchanges which could explain the aforesaid movement in the trading. The response from the company is awaited.","15-Oct-2015 11:01:00","2015-10-15 11:01:00","-","-","-"
"ADANIENT","Adani Enterprises Limited","Press Release","Adani Enterprises Limited has informed the Exchange regarding the joint press release dated October 06, 2015  for Acquisition of 49% interest from Chemoil in Chemoil -Adani Pte. Ltd.","06-Oct-2015 19:14:00","2015-10-06 19:14:00","-","-","https://nsearchives.nseindia.com/corporate/MEDIARELEASE_06102015191449_602.zip"
"ADANIENT","Adani Enterprises Limited","Press Release","Adani Enterprises Limited has informed the Exchange regarding the media release in respect of signing of MOU with the Government of Chhattisgarh to develop two critical projects in the state. The copy of the press release titled, ""Adani to invest more than Rs.25000 crore in two projects in the state of Chhattisgarh"" is enclosed","24-Aug-2015 19:30:00","2015-08-24 19:30:00","-","-","https://nsearchives.nseindia.com/corporate/MediaRelease_24082015193018_413.zip"
"ADANIENT","Adani Enterprises Limited","Press Release","Adani Enterprises Limited has informed the Exchange regarding a press release dated August 24, 2015 titled ""Adani to invest more than Rs. 25000 crore in two projects in the state of Chhattisgarh"".","24-Aug-2015 19:03:00","2015-08-24 19:03:00","-","-","https://nsearchives.nseindia.com/corporate/adani_24082015190308.zip"
"ADANIENT","Adani Enterprises Limited","Disclosure of Voting Pattern - Clause 35A","Adani Enterprises Limited has informed the Exchange regarding ""Details of Voting Results at the Annual General Meeting of the Company held on August 11, 2015 pursuant to clause 35A of the Listing Agreement"".","12-Aug-2015 18:46:00","2015-08-12 18:46:00","-","-","https://nsearchives.nseindia.com/corporate/Clause35A_12082015184644_612.zip"
"ADANIENT","Adani Enterprises Limited","Annual General Meeting Updates","Adani Enterprises Limited has informed the Exchange about the Proceeding of Annual General Meeting held on August 11, 2015.","12-Aug-2015 08:10:00","2015-08-12 08:10:00","-","-","https://nsearchives.nseindia.com/corporate/AEL_12082015081054_321.zip"
"ADANIENT","Adani Enterprises Limited","Outcome of Board Meeting","Adani Enterprises Limited has informed the Exchange that the Board of Directors at its meeting held on August 11, 2015 has approved the appointment of Mr. Hemant Nerurkar as an Additional Director (Non-Executive, Independent).","11-Aug-2015 14:10:00","2015-08-11 14:10:00","-","-","https://nsearchives.nseindia.com/corporate/Adani_11082015141034.zip"
"ADANIENT","Adani Enterprises Limited","Press Release","Adani Enterprises Limited has informed the Exchange regarding a press release dated August 11, 2015 regarding Q1FY15 results.","11-Aug-2015 14:09:00","2015-08-11 14:09:00","-","-","https://nsearchives.nseindia.com/corporate/adani_pr_11082015140940.zip"
"ADANIENT","Adani Enterprises Limited","Financial Result Updates","Adani Enterprises Limited has submitted to the exchange the standalone & consolidated financial results for the period ended 30-Jun-2015.","11-Aug-2015 14:03:59","2015-08-11 14:03:59","-","-","https://nsearchives.nseindia.com/corporate/Adani_11082015140359.zip"
"ADANIENT","Adani Enterprises Limited","News Verification","The media had reports that Adani s Oz mine runs into endangered lizard . The Exchange, in order to verify the accuracy or otherwise of the information reported in the media and to inform the market place so that the interest of the investors is safeguarded, had written to the company. The company has submitted its response.","06-Aug-2015 18:04:00","2015-08-06 18:04:00","-","-","https://nsearchives.nseindia.com/corporate/ADANIENT_43_News_Verification_06082015_Reply_06082015180436.zip"
"ADANIENT","Adani Enterprises Limited","News Verification","The Exchange has sought clarification from Adani Enterprises Limited, with respect to recent news item captioned ""Adani's Oz mine runs into endangered lizard"". In this regard, the Exchange has advised the company to provide clarification/confirmation on the news item in detail including the following: a) Whether such negotiations were taking place and b) Whether you/company are aware of any information that has not been announced to the Exchanges which could explain the aforesaid movement in the trading. The response from the company is awaited.","06-Aug-2015 11:36:00","2015-08-06 11:36:00","-","-","-"
"ADANIENT","Adani Enterprises Limited","News Verification","The Exchange has sought clarification from Adani Enterprises Limited, with respect to recent news item captioned ""Company to form JV with Foxconn for around $5 billion to establish electronic manufacturing facilities"". In this regard, the Exchange has advised the company to provide clarification/confirmation .The company has interalia stated ""We are at the discussion stage only and have not signed any agreement which requires disclosure under Clause 36 of the Listing Agreement. In the event there is any development which requires disclosure under Clause 36 of the Listing Agreement, we will make the same in accordance with the regulatory requirements.""","04-Aug-2015 17:33:00","2015-08-04 17:33:00","-","-","-"
"ADANIENT","Adani Enterprises Limited","News Verification","The Exchange has sought clarification from Adani Enterprises Limited, with respect to recent news item captioned ""Company to form JV with Foxconn for around $5 billion to establish electronic manufacturing facilities"". In this regard, the Exchange has advised the company to provide clarification/confirmation on the news item in detail including the following: a) Whether such negotiations were taking place and b) Whether you/company are aware of any information that has not been announced to the Exchanges which could explain the aforesaid movement in the trading. The response from the company is awaited.","04-Aug-2015 16:06:00","2015-08-04 16:06:00","-","-","-"
"ADANIENT","Adani Enterprises Limited","Trading Window","Adani Enterprises Limited has informed the Exchange that the trading window for dealing in the securities of the Company will be closed for all directors / officers / designated employees of the Company from July 31, 2015 to August 13, 2015 (both days inclusive).","30-Jul-2015 16:19:00","2015-07-30 16:19:00","-","-","https://nsearchives.nseindia.com/corporate/ADANIENT_trading_30072015161937.zip"
"ADANIENT","Adani Enterprises Limited","Updates","Adani Enterprises Limited has informed the Exchange that the Company has fixed August 4, 2015 as the cut-off date for the purpose of e-voting, for ascertaining the names of the Shareholders, holding shares either in physical form or in dematerialised form, who will be entitled to cast their votes electronically in respect of the businesses to be transacted at the Annual General Meeting of the Company scheduled to be held on August 11, 2015.","21-Jul-2015 13:27:00","2015-07-21 13:27:00","-","-","-"
"ADANIENT","Adani Enterprises Limited","AGM/Book Closure","Adani Enterprises Limited has informed the Exchange that the Company has fixed Book Closure from August 4, 2015 to August 11, 2015 for the purpose of Annual General Meeting and for determining entitlement of the Shareholders to receive dividend if declared at the forthcoming Annual General Meeting to be held on August 11, 2015.","21-Jul-2015 10:53:00","2015-07-21 10:53:00","-","-","https://nsearchives.nseindia.com/corporate/AEL_21072015105337_062.zip"
"ADANIENT","Adani Enterprises Limited","News Clarification","The Exchange had sought clarification from Adani Enterprises Limited with respect to a news item captioned ""Adani Group to set up solar park in TN for Rs. 4,536 crore"". The Company has clarified that ""The Company's subsidiaries have signed Energy Purchase Agreements for World's Largest Solar Power Plant at single location of 648 MW at Chennai with the Tamil Nadu Generation and Distribution Corporation Limited on July 04, 2015"".","08-Jul-2015 16:19:00","2015-07-08 16:19:00","-","-","https://nsearchives.nseindia.com/corporate/NEWSCLARIFICATION_ADANIENT_08072015161940.zip"
"ADANIENT","Adani Enterprises Limited","News Clarification","The Exchange has sought clarification from Adani Enterprises Limited with respect to a news item captioned ""Adani Group to set up solar park in TN for Rs. 4,536 crore"". In this regard, the Exchange has advised the Company to provide clarification/confirmation on the news item in detail including the following: a) Whether such event/negotiations/article stated in published news were taking place? If so, you are advised to provide the said information along with the sequence of events in chronological order and the material impact of this article on the Company. b) Whether company are aware of any information that has not been announced to the Exchanges under clause 36 of the Listing Agreement. Reply from the company is awaited.","06-Jul-2015 15:21:00","2015-07-06 15:21:00","-","-","-"
"ADANIENT","Adani Enterprises Limited","Press Release","Adani Enterprises Limited has informed the Exchange regarding a press release dated June 15, 2015 titled ""Adani targets solar power capacity of 10,000 MW by 2022"".","15-Jun-2015 18:32:00","2015-06-15 18:32:00","-","-","https://nsearchives.nseindia.com/corporate/adani_06152015183202_1.zip"
"ADANIENT","Adani Enterprises Limited","Disclosure under SEBI Takeover Regulations","Adani Enterprises Limited has submitted to the Exchange vide letter dated June 10, 2015 a copy of Disclosure under Regulation 29(2) of SEBI (Substantial Acquisition of Shares and Takeovers) Regulations, 2011.","10-Jun-2015 19:03:00","2015-06-10 19:03:00","-","-","https://nsearchives.nseindia.com/corporate/APL_06102015190301_1.zip"
"ADANIENT","Adani Enterprises Limited","Disclosure under SEBI Takeover Regulations","Adani Enterprises Limited has submitted to the Exchange vide letter dated June 10, 2015 a copy of disclosure under Regulation 29(2) of SEBI (Substantial Acquisition of Shares and Takeovers) Regulations 2011.","10-Jun-2015 18:58:00","2015-06-10 18:58:00","-","-","https://nsearchives.nseindia.com/corporate/APSEZL_06102015185802_1.zip"
"ADANIENT","Adani Enterprises Limited","Record Date","Adani Enterprises Limited has informed the Exchange that the Company has fixed June 04, 2015 as the Record Date for the purpose of Scheme of Arrangement & Demerger. Enclosed is the brief synopsis.","26-May-2015 13:04:00","2015-05-26 13:04:00","-","-","https://nsearchives.nseindia.com/corporate/AEL_05262015130401_1.zip"
"ADANIENT","Adani Enterprises Limited","Code of Conduct under SEBI(PIT) Reg., 2015","Adani Enterprises Limited has informed the Exchange that the Company has adopted and approved ""Code of Practices and Procedures for Fair Disclosure of Unpublished Price Sensitive Information"" which is effective from May 15, 2015. The said Code has been uploaded on the website of the Company.   Further, the Company has also adopted and approved ""Code of Conduct to Regulate, Monitor, and Report Trading by Insiders"" which is effective from May 15, 2015, pursuant to SEBI (Prohibition of Insider Trading) Regulation, 2015.","16-May-2015 16:02:00","2015-05-16 16:02:00","-","-","https://nsearchives.nseindia.com/corporate/AEL_05162015160201_1.zip"
"ADANIENT","Adani Enterprises Limited","Outcome of Board Meeting","Adani Enterprises Limited has informed the Exchange that the Board of Directors at its meeting held on May 13, 2015, approved the following -  a. appointment of Mr. Pranav Adani as an Executive Director designated as Director of the Company for a period of 5 (five) years with effect from April 1, 2015 subject to the approval of members and such other approvals as may be required .  b. re-appointment of Mr. Rajesh S. Adani as Managing Director of the Company for a period of 5 (five) years with effect from June 10, 2015 subject to the approval of members and such other approvals as may be required.  c. appointment of Mr. Jatin Jalundhwala as Company Secretary and Compliance Officer of the Company with effect from May 13, 2015.","13-May-2015 15:32:00","2015-05-13 15:32:00","-","-","-"
"ADANIENT","Adani Enterprises Limited","Financial Result Updates","Adani Enterprises Limited has submitted to the exchange the standalone & consolidated financial results for the period ended 31-Mar-2015.","13-May-2015 15:23:02","2015-05-13 15:23:02","-","-","https://nsearchives.nseindia.com/corporate/ADANIENT_result_05132015152302_.zip"
"ADANIENT","Adani Enterprises Limited","Dividend","Adani Enterprises Limited has informed the Exchange that the Board of Directors at its meeting held on May 13, 2015, has recommended the dividend at Re. 1.40/- per share i.e. 140% (previous year 1.40/- per share - 140%) on Equity Shares of Re. 1 each of the Company.","13-May-2015 15:01:00","2015-05-13 15:01:00","-","-","https://nsearchives.nseindia.com/corporate/ADANIENT_divi_05132015150101_1.zip"
"ADANIENT","Adani Enterprises Limited","Press Release","Adani Enterprises Limited has informed the Exchange regarding a press release dated May 13, 2015 titled ""Adani Enterprises Consolidated EBIDTA rose 26% to Rs 13,308 crore in FY15 On comparable basis consolidated PAT rose 115% to Rs 1,948 crore in FY15"".","13-May-2015 14:58:00","2015-05-13 14:58:00","-","-","https://nsearchives.nseindia.com/corporate/ADANIENT_press_05132015145801_1.zip"
"ADANIENT","Adani Enterprises Limited","Scheme of Arrangement","Adani Enterprises Limited has informed the Exchange that the Hon'ble High Court of Gujarat on May 7, 2015 considered and approved the Composite Scheme of Arrangement between Adani Enterprises Limited and Adani Ports and Special Economic Zone Limited and Adani Power Limited and Adani Transmission Limited and Adani Mining Private Limited and their respective Shareholders and Creditors pursuant to the provisions of Sections 391 to 394 and the other provisions of the Companies Act, 1956.","11-May-2015 09:06:00","2015-05-11 09:06:00","-","-","https://nsearchives.nseindia.com/corporate/AEL_05112015090602_1.zip"
"ADANIENT","Adani Enterprises Limited","Trading Window","Adani Enterprises Limited has informed the Exchange that as per the Company's Code of Conduct for Prohibition of Insider Trading, the trading window for dealing in the securities of the Company will be closed for all directors / officers / designa ted employees of the Company from May 11, 2015 to May 15, 2015 (both days inclusive).","04-May-2015 18:11:00","2015-05-04 18:11:00","-","-","https://nsearchives.nseindia.com/corporate/ADANIENT_05042015181102_1.zip"
"ADANIENT","Adani Enterprises Limited","Disclosure of Voting Pattern - Clause 35A","Adani Enterprises Limited has informed the Exchange regarding Outcome of Court Convened Meetings of the Equity Shareholders, Secured and Unsecured Creditors of the Company along with details of voting results pursuant to clause 35A of the Listing Agreement.","24-Apr-2015 17:50:00","2015-04-24 17:50:00","-","-","https://nsearchives.nseindia.com/corporate/AEL_04242015175002_1.zip"
"ADANIENT","Adani Enterprises Limited","Disc. under Reg.30 of SEBI (SAST) Reg.2011","Adani Properties Pvt Ltd has submitted to the Exchange vide letter dated April 06, 2015 a copy of disclosure under Regulation 30(1) and 30(2) of SEBI (Substantial Acquisition of Shares & Takeovers) Regulations, 2011.","24-Apr-2015 17:28:00","2015-04-24 17:28:00","-","-","https://nsearchives.nseindia.com/corporate/Adani_30_04242015172801_1.zip"
"ADANIENT","Adani Enterprises Limited","Postal Ballot Updates","Adani Enterprises Limited has informed the Exchange regarding results of Postal Ballot pursuant to Clause 35A of Listing Agreement.","20-Apr-2015 20:18:00","2015-04-20 20:18:00","-","-","https://nsearchives.nseindia.com/corporate/AEL_04202015201802_2.zip"
"ADANIENT","Adani Enterprises Limited","Resignation of Company Secretary/Compliance Officer","Adani Enterprises Limited has informed the Exchange that Mr. Parthiv Parikh has resigned as Company Secretary & Compliance Officer of the Company with effect from the closure of working hours of April 15, 2015.","16-Apr-2015 11:00:00","2015-04-16 11:00:00","-","-","https://nsearchives.nseindia.com/corporate/AEL_04162015110002_1.zip"
"ADANIENT","Adani Enterprises Limited","News Clarification","The Exchange had sought clarification from Adani Enterprises Limited with respect to a news item captioned ""Australia green lobby drags Adani group to court over mine project"". The Company has clarified that ""Land Court hearing, which is currently in progress, is a part of the approval process of obtaining an Environmental Authority and Mining Lease. In order to obtain Environment Authorisation and Mining lease, the objection (if any) to it are referred to land court, wherein it is heard and addressed. Thus, this is a defined legal process for obtaining an Environmental Authority and Mining Lease, which we are currently following and is customary in nature"". ","07-Apr-2015 09:31:00","2015-04-07 09:31:00","-","-","https://nsearchives.nseindia.com/corporate/NEWSCLARIFICATION_ADANIENT_04072015093101_1.zip"
"ADANIENT","Adani Enterprises Limited","News Clarification","The Exchange has sought clarification from Adani Enterprises Limited with respect to recent news item captioned ""Australia green lobby drags Adani group to court over mine project"". In this regard, Exchange have advised the Company to provide clarification/confirmation on the news item in detail including the following: a) Whether such event/negotiations/article stated in published news were taking place? If so, you are advised to provide the said information along with the sequence of events in chronological order and the material impact of this article on the Company. b) Whether company are aware of any information that has not been announced to the Exchanges under clause 36 of the Listing Agreement. The response from the Company is awaited.","01-Apr-2015 13:38:00","2015-04-01 13:38:00","-","-","-"
"ADANIENT","Adani Enterprises Limited","Appointment of Director","Adani Enterprises Limited has informed the Exchange that the Board of Directors of the Company vide circular resolutions dated March 31, 2015 has appointed   Ms. Dharmishta Rawal as an Additional Director (Non-Executive, Independent) and Mr. Pranav Adani as an Additional Director of the Company with effect from March 31, 2015.","01-Apr-2015 10:22:00","2015-04-01 10:22:00","-","-","https://nsearchives.nseindia.com/corporate/AEL_04012015102201_1.zip"
"ADANIENT","Adani Enterprises Limited","Postal Ballot Updates","Adani Enterprises Limited has submitted to the Exchange a copy of the Postal Ballot Notice along with Postal Ballot Form.","23-Mar-2015 09:52:00","2015-03-23 09:52:00","-","-","https://nsearchives.nseindia.com/corporate/AEL_PB_03232015095201_1.zip"
"ADANIENT","Adani Enterprises Limited","News Clarification","The Exchange had sought clarification from Adani Enterprises Limited with respect to a news item captioned ""SBI to turn down Adani's $1-billion Australian loan"". The Company has clarified that ""Given our various Capex plans, we continue to work various Financial Institutions for raising financial resources. The Company works with multiple banks in India (both Indian and foreign banks) and outside India with an objective to obtain optimal financing resources.  It may please be appreciated that these endeavours are ongoing and outcome of any particular transaction is normally unlikely to affect the business plans. In our understanding, Companies do not report such developments since they are unlikely to fall within Clause 36 requirement.  If and when there is any development which requires us to provide any specific information under Clause 36, we would do so"".","19-Mar-2015 16:53:00","2015-03-19 16:53:00","-","-","https://nsearchives.nseindia.com/corporate/Adani_news_03192015165301_1.zip"
"ADANIENT","Adani Enterprises Limited","News Clarification","The Exchange had sought clarification from Adani Enterprises Limited with respect to a news item captioned ""Adani, GVK Power get clearance for port expansion in Queensland"". The Company has clarified that ""The news item is nor pertaining to Company. The Company have therefore, no comments to offer"".","16-Mar-2015 13:43:00","2015-03-16 13:43:00","-","-","https://nsearchives.nseindia.com/corporate/AEL_NC_03162015134302_1.zip"
"ADANIENT","Adani Enterprises Limited","News Clarification","The Exchange has sought clarification from Adani Enterprises Limited with respect to recent news item captioned ""SBI to turn down Adani's $1-billion Australian loan"". In this regard, Exchange have advised the Company to provide clarification/confirmation on the news item in detail including the following: a) Whether such event/negotiations/article stated in published news were taking place? If so, you are advised to provide the said information along with the sequence of events in chronological order and the material impact of this article on the Company. b) Whether company are aware of any information that has not been announced to the Exchanges under clause 36 of the Listing Agreement. The response from the Company is awaited.","16-Mar-2015 13:27:00","2015-03-16 13:27:00","-","-","-"
"ADANIENT","Adani Enterprises Limited","News Clarification","The Exchange has sought clarification from Adani Enterprises Limited with respect to recent news item captioned "" Adani, GVK Power get clearance for port expansion in Queensland"". In this regard, Exchange have advised the Company to provide clarification/confirmation on the news item in detail including the following:   a) Whether such event/negotiations/article stated in published news were taking place? If so, you are advised to provide the said information along with the sequence of events in chronological order and the material impact of this article on the Company.   b) Whether company are aware of any information that has not been announced to the Exchanges under clause 36 of the Listing Agreement.   The response from the Company is awaited.","12-Mar-2015 11:27:00","2015-03-12 11:27:00","-","-","-"
"ADANIENT","Adani Enterprises Limited","Disclosure of Voting Pattern - Clause 35A","Adani Enterprises Limited has informed the Exchange that Members of the Company have passed a Special Resolution under section 188 of the Companies Act, 2013 for divestment of investment held in Maharashtra Eastern Grid Power Transmission Co, Ltd, (MEGPTCL), a Wholly Owned Subsidiary of the Company to Adani Transmission Ltd"" a Wholly Owned Subsidiary of the Company through postal ballot process with requisite majority. Enclosed is the copy of the result/voting of postal ballot along with report of scrutinizers.","20-Feb-2015 19:46:00","2015-02-20 19:46:00","-","-","https://nsearchives.nseindia.com/corporate/AEL_02202015194602_1.zip"
"ADANIENT","Adani Enterprises Limited","Press Release","Adani Enterprises Limited has informed the Exchange regarding a media release dated February 9, 2015 titled ""Adani, Government of Rajasthan to set up India's largest solar park of 10,000 MW"".","09-Feb-2015 18:29:00","2015-02-09 18:29:00","-","-","https://nsearchives.nseindia.com/corporate/ADANIENT_press_02092015182901_1.zip"
"ADANIENT","Adani Enterprises Limited","Outcome of Board Meeting","Adani Enterprises Limited has informed the Exchange regarding the Outcome of the Board Meeting held on January 30, 2015.","30-Jan-2015 14:59:00","2015-01-30 14:59:00","-","-","https://nsearchives.nseindia.com/corporate/Adani_outcome_01302015145901_1.zip"
"ADANIENT","Adani Enterprises Limited","Press Release","Adani Enterprises Limited has informed the Exchange regarding a Media release dated January 30, 2015 titled ""Adani Group announced Scheme of Arrangement"".","30-Jan-2015 14:53:00","2015-01-30 14:53:00","-","-","https://nsearchives.nseindia.com/corporate/Adani_media_01302015145301_1.zip"
"ADANIENT","Adani Enterprises Limited","Financial Result Updates","Adani Enterprises Limited has submitted to the exchange the standalone & consolidated financial results for the period ended 31-Dec-2014.","30-Jan-2015 14:39:02","2015-01-30 14:39:02","-","-","https://nsearchives.nseindia.com/corporate/ADANIENT_31Dec14_S_01302015143901_.zip"
"ADANIENT","Adani Enterprises Limited","Press Release","Adani Enterprises Limited has informed the Exchange regarding a press release dated January 30, 2015 titled ""Adani Enterprises Consolidated PAT rose 293% to Rs 1,211 crore for 9MFY15; Consolidate PAT rose 551% to Rs 444 crore for Q3FY15"".","30-Jan-2015 14:39:00","2015-01-30 14:39:00","-","-","https://nsearchives.nseindia.com/corporate/Adani_press_01302015143901_2.zip"
"ADANIENT","Adani Enterprises Limited","News Verification","News Verification : The media had reports ""Adani Enterprises planned restructuring to improve balance sheet. KPMG appointed as an advisor to restructuring. Shareholders to get 10 shares for every 7 shares held in Adani Port. Shareholders to get 20 shares for every 11 shares held in Adani Power. Promoters to get direct stake in Adani port and Adani power."". The Exchange, in order to verify the accuracy or otherwise of the information reported in the media and to inform the market place so that the interest of the investors is safeguarded, had written to the company. Adani Enterprises Limited has vide its letter inter-alia stated, ""The Board discusses various alternatives as may be feasible to pursue. As of today, there is no such decision taken.""","29-Jan-2015 16:10:00","2015-01-29 16:10:00","-","-","-"
"ADANIENT","Adani Enterprises Limited","News Clarification","The Exchange has sought clarification from Adani Enterprises Limited with respect to recent news item captioned ""Adani Enterprises planned restructuring to improve balance sheet. KPMG appointed as an advisor to restructuring. Shareholders to get 10 shares for every 7 shares held in Adani Port. Shareholders to get 20 shares for every 11 shares held in Adani Power. Promoters to get direct stake in Adani port and Adani power."" In this regard, Exchange have advised the Company to provide clarification/confirmation on the news item in detail including the following: a) Whether such event/negotiations/article stated in published news were taking place? If so, you are advised to provide the said information along with the sequence of events in chronological order and the material impact of this article on the Company. b) Whether company are aware of any information that has not been announced to the Exchanges under clause 36 of the Listing Agreement. The response from the Company is awaited.","29-Jan-2015 11:15:00","2015-01-29 11:15:00","-","-","-"
"ADANIENT","Adani Enterprises Limited","Postal Ballot Updates","Adani Enterprises Limited has submitted to the Exchange a copy of the Postal Ballot Notice, Pursuant to Section 110 of the Companies Act, 2013 read with the Companies ( Management and Administration) Rules 2014.","21-Jan-2015 13:23:00","2015-01-21 13:23:00","-","-","https://nsearchives.nseindia.com/corporate/ADANIENT_01212015132302_1.zip"
"ADANIENT","Adani Enterprises Limited","Trading Window","Adani Enterprises Limited has informed the Exchange that as per the Company's Code of Conduct for Prohibition of Insider Trading, the trading window for dealing in the securities of the Company will be closed for all directors / officers / designated employees of the Company from January 28, 2015 to February 02, 2015 (both days inclusive).","19-Jan-2015 16:00:00","2015-01-19 16:00:00","-","-","-"
"ADANIENT","Adani Enterprises Limited","News Clarification","The Exchange had sought clarification from Adani Enterprises Limited with respect to a news item captioned ""Legal Fight Against Adani's OZ Coal Mine Intensifies"". The Company has clarified that ""The Carmichael Coal Mine project was approved by Minister in July 2014, after 3 years of environmental impact assessment studies. The assessment was undertaken in accordance with the terms of reference for the project, which included the required assessment of greenhouse gas emissions from the Mine. There were multiple opportunities throughout the assessment process for all parties to make submissions which were subsequently considered prior to the approval decision on this project. In line with the prevailing regulations, the legal challenge undertaken by Mackay Conservation Group leads to the judicial review of the process followed by the minister in granting the approval. In light of the robust process adopted by the Minister, we believe the legal challenge should be concluded in favour of the approval"". The legal challenge initiated by the Mackay Conservation Group, and funded by Getup, is an act designed to frustrate progress on an approved project, and reflects dissatisfaction with the Minister's decision, rather than a genuine concern with regard to the assessment process"".","16-Jan-2015 18:12:00","2015-01-16 18:12:00","-","-","https://nsearchives.nseindia.com/corporate/NEWSCLARIFICATION_ADANIENT_01162015181201_1.zip"
"ADANIENT","Adani Enterprises Limited","Diversification/Disinvestment","Adani Enterprises Limited has informed the Exchange that in continuation of the Resolution passed at the Board Meeting held on November 12, 2014 regarding divestment of shares held by the Company in Maharashtra Eastern Grid Power Transmission Co. Ltd (MEGPTCL), the Board at its Meeting held on Friday January 16, 2015 has approved the proposal to divest the Company's holding of 70.75 crores Equity shares in MEGPTCL to Adani Transmission Ltd, a Wholly Owned Subsidiary of the Company subject to requisite approvals, if any.","16-Jan-2015 14:26:00","2015-01-16 14:26:00","-","-","https://nsearchives.nseindia.com/corporate/AEL_01162015142501_.zip"
"ADANIENT","Adani Enterprises Limited","News Clarification","The Exchange has sought clarification from Adani Enterprises Limited with respect to recent news item captioned ""Legal Fight Against Adani's OZ Coal Mine Intensifies"". In this regard, Exchange have advised the Company to provide clarification/confirmation on the news item in detail including the following: a) Whether such event/negotiations/article stated in published news were taking place? If so, you are advised to provide the said information along with the sequence of events in chronological order and the material impact of this article on the Company. b) Whether company are aware of any information that has not been announced to the Exchanges under clause 36 of the Listing Agreement. The response from the Company is awaited.","16-Jan-2015 11:51:00","2015-01-16 11:51:00","-","-","-"
"ADANIENT","Adani Enterprises Limited","Press Release","Adani Enterprises Limited has informed the Exchange regarding a press release dated January 10, 2015 titled ""Adani signs MoU with Australia's Woodside Energy for Energy Cooperation; To mainly look at LNG sourcing, marketing and E&P"".","12-Jan-2015 09:15:00","2015-01-12 09:15:00","-","-","https://nsearchives.nseindia.com/corporate/ADANIENT02_01122015091501_1.zip"
"ADANIENT","Adani Enterprises Limited","Press Release","Adani Enterprises Limited has informed the Exchange regarding a press release dated January 11, 2015 titled ""Adani & SunEdison to invest $4 billion in solar PV manufacturing facility in Gujarat"".","12-Jan-2015 08:31:00","2015-01-12 08:31:00","-","-","https://nsearchives.nseindia.com/corporate/adani02_12012015083011.zip"
"ADANIENT","Adani Enterprises Limited","News Clarification","The Exchange had sought clarification from Adani Enterprises Limited with respect to a news item captioned ""Adani lines up $ 1-billion SBI loan for Australian coal asset"". The Company has clarified that ""The Company has signed Memorandum of Understanding (""MOU"") with State Bank of India (""SBI"") wherein SBI has agreed in principle to consider extending financial assistance of an amount upto 1 bn for development of Carmichael coal mine. This is, however, subject to SBI's due diligence and internal credit approval and also pursuant to the definitive understanding/agreement to be executed between the parties"". ","18-Nov-2014 18:59:00","2014-11-18 18:59:00","-","-","https://nsearchives.nseindia.com/corporate/NEWSCLARIFICATION_ADANIENT_11182014185902_2.zip"
"ADANIENT","Adani Enterprises Limited","News Clarification","The Exchange has sought clarification from Adani Enterprises Limited with respect to recent news item captioned ""Adani lines up $ 1-billion SBI loan for Australian coal asset"". In this regard, Exchange have advised the Company to provide clarification/confirmation on the news item in detail including the following: a) Whether such event/negotiations/article stated in published news were taking place? If so, you are advised to provide the said information along with the sequence of events in chronological order and the material impact of this article on the Company. b) Whether company are aware of any information that has not been announced to the Exchanges under clause 36 of the Listing Agreement. The response from the Company is awaited.","18-Nov-2014 12:00:00","2014-11-18 12:00:00","-","-","-"
"ADANIENT","Adani Enterprises Limited","Outcome of Board Meeting","Adani Enterprises Limited has informed the Exchange that the Board of Directors of the Company at their meeting held November 12, 2014 has ;(1) In order to consolidate transmission line business across the Group under one entity, the meeting of Board of Directors has approved the proposal to divest the Company's holding of 70.75 crores Equity Shares in Maharashtra Eastern Grid Power Transmission Co. Ltd (MEGPTCL) to Adani Transmission Ltd., a Wholly Owned Subsidiary of the company at a price to be determined on the basis of independent valuation report and deemed appropriate in the best interest of the Company subject to requisite approvals, if any.","12-Nov-2014 13:32:00","2014-11-12 13:32:00","-","-","-"
"ADANIENT","Adani Enterprises Limited","Financial Result Updates","Adani Enterprises Limited has submitted to the exchange the standalone financial results for the period ended 30-Sep-2014.","12-Nov-2014 13:27:02","2014-11-12 13:27:02","-","-","https://nsearchives.nseindia.com/corporate/ADANIENT_30092014_B_LR_11122014132701_.zip"
"ADANIENT","Adani Enterprises Limited","Financial Result Updates","Adani Enterprises Limited has submitted to the exchange the consolidated financial results along with the Limited Review Report for the period ended 30-Sep-2014.","12-Nov-2014 13:27:02","2014-11-12 13:27:02","-","-","https://nsearchives.nseindia.com/corporate/ADANIENT_30092014_B_LR_11122014132702_.zip"
"ADANIENT","Adani Enterprises Limited","Press Release","Adani Enterprises Limited has informed the Exchange regarding a media release dated November 12, 2014  titled "" Adani Enterprises Consolidated EBIDTA rose 54% to Rs 3,041 crore for Q2FY15"".","12-Nov-2014 13:23:00","2014-11-12 13:23:00","-","-","https://nsearchives.nseindia.com/corporate/AEL_01_11122014132301_1.zip"
"ADANIENT","Adani Enterprises Limited","Trading Window","Adani Enterprises Limited has informed the Exchange that as per the Company's Code of Conduct for Prohibition of Insider Trading, the trading window for dealing in the securities of the Company will be closed for all directors / officers / designated employees of the Company from November 10, 2014 to November 13, 2014 (both days inclusive).","31-Oct-2014 13:21:00","2014-10-31 13:21:00","-","-","-"
"ADANIENT","Adani Enterprises Limited","Disclosure under SEBI Takeover Regulations","Adani Enterprises Limited has submitted to the Exchange vide letter dated October 01, 2014 a copy of disclosure under Regulation 31 of SEBI (Substantial Acquisition of Shares & Takeovers) Regulations, 2011.","07-Oct-2014 17:35:00","2014-10-07 17:35:00","-","-","https://nsearchives.nseindia.com/corporate/AELDisclosureofPledge_07102014173543.zip"
"ADANIENT","Adani Enterprises Limited","Postal Ballot Updates","Adani Enterprises Limited has submitted to the Exchange a copy of Notice of Postal Ballot,for passing of Special Resolution under Section 186 of the Companies Act, 2013.","15-Sep-2014 13:20:00","2014-09-15 13:20:00","-","-","https://nsearchives.nseindia.com/corporate/AEL_PB_09152014132001_1.zip"
"ADANIENT","Adani Enterprises Limited","Press Release","Adani Enterprises Limited has informed the Exchange regarding a media release dated August 14, 2014 in respect of Adani Mining Pty Ltd.. Australia, a subsidiary of the Company.","14-Aug-2014 12:48:00","2014-08-14 12:48:00","-","-","https://nsearchives.nseindia.com/corporate/ADANIENt_MR_08142014124801_1.zip"
"ADANIENT","Adani Enterprises Limited","Disclosure of Voting Pattern - Clause 35A","Adani Enterprises Limited has submitted to the Exchange a copy of Voting Results pursuant to clause 35A of listing agreement.","11-Aug-2014 09:44:00","2014-08-11 09:44:00","-","-","https://nsearchives.nseindia.com/corporate/Clause35A_08112014084002_3.zip"
"ADANIENT","Adani Enterprises Limited","Annual General Meeting Updates","Adani Enterprises Limited has submitted to the Exchange Outcome of Annual General Meeting held on August 9, 2014.","11-Aug-2014 09:44:00","2014-08-11 09:44:00","-","-","https://nsearchives.nseindia.com/corporate/OutcomeofAGM_08112014083202_3.zip"
"ADANIENT","Adani Enterprises Limited","Press Release","Adani Enterprises Limited has informed the Exchange regarding a media release dated August 09, 2014, titled ""Adani Enterprises Consolidated EBIDTA rose 62% to Rs 3,275 crore for Q1FY15"".","09-Aug-2014 14:56:00","2014-08-09 14:56:00","-","-","https://nsearchives.nseindia.com/corporate/ADANI_08092014145602_1.zip"
"ADANIENT","Adani Enterprises Limited","Financial Result Updates","Adani Enterprises Limited has submitted to the exchange the standalone & consolidated financial results along with the Limited Review Report for the period ended 30-Jun-2014.","09-Aug-2014 14:55:02","2014-08-09 14:55:02","-","-","https://nsearchives.nseindia.com/corporate/ADANIENT_08092014145501_.zip"
"ADANIENT","Adani Enterprises Limited","Press Release","Adani Enterprises Limited has informed the Exchange regarding a media release dated July 28, 2014, titled ""Adani's investment in Queensland one step closer to generating economic benefits for Australia"".","28-Jul-2014 18:56:00","2014-07-28 18:56:00","-","-","https://nsearchives.nseindia.com/corporate/ADANIENT_MR_07282014185602_3.zip"
"ADANIENT","Adani Enterprises Limited","AGM/Book Closure","Adani Enterprises Limited has informed the Exchange that the Company has fixed Book Closure from August 2, 2014 to August 9, 2014 (both days inclusive) for the purpose of Annual General meeting and for determining entitlement of the Shareholders to receive dividend, if declared at the forthcoming Annual General Meeting to be held on August 9, 2014. ","21-Jul-2014 16:56:00","2014-07-21 16:56:00","-","-","https://nsearchives.nseindia.com/corporate/BookClosureintimation_07212014165602_1.zip"
"ADANIENT","Adani Enterprises Limited","Press Release","Adani Enterprises Limited has informed the Exchange vide letter dated July 18, 2014 regarding a media release dated July 17, 2014, titled ""ADANI and POSCO E&C enter a binding agreement to build rail line in Galilee Basin, Queensland"".","18-Jul-2014 12:28:00","2014-07-18 12:28:00","-","-","https://nsearchives.nseindia.com/corporate/ADANIEN_PR_07182014122802_1.zip"
"ADANIENT","Adani Enterprises Limited","News Clarification","The Exchange had sought clarification from Adani Enterprises Limited with respect to a news item captioned ""Adani Group to raise $2.5 bn through QIP, foreign loans"". The Company has clarified that ""In the present case Company do not have any important information/announcement to be shared"".","25-Jun-2014 18:28:00","2014-06-25 18:28:00","-","-","-"
"ADANIENT","Adani Enterprises Limited","Dividend","Adani Enterprises Limited has informed the Exchange that the Board of Directors of the Company at its meeting held on May 17, 2014 has recommended the dividend at Re.1.40 per share i.e. 140% (Previous year Re.1.40/- per share-140%) on Equity Shares of Re1/- each of the Company.","27-May-2014 11:00:00","2014-05-27 11:00:00","-","-","-"
"ADANIENT","Adani Enterprises Limited","Outcome of Board Meeting","Adani Enterprises Limited has informed the Exchange that the Board of Directors of the Company at its meeting held on May 17, 2014 : (1) Mr. Devang Desai, Executive Director & CFO of the Company ceased to be a Director of the Company with effect from May 17, 2014 on account of his resignation. The Board approved the appointment of Mr. Ameet Desai as Executive Director & CFO of the Company. The term of Executive Director is for a term of 5 (five) years with effect from May 17, 2014, subject to the approval of members and such other approvals as may be required.","27-May-2014 10:52:00","2014-05-27 10:52:00","-","-","-"
"ADANIENT","Adani Enterprises Limited","Disclosure under SEBI Takeover Regulations","Adani Properties Pvt. Ltd. has submitted to the Exchange vide letter dated May 23, 2014 a copy of disclosure under Regulation 10(6) in respect of acquisition under Reg. 10 of SEBI (Substantial Acquisition of Shares & Takeovers) Regulations, 2011.","26-May-2014 13:16:00","2014-05-26 13:16:00","-","-","https://nsearchives.nseindia.com/corporate/Adani_Enterprises_Ltd_230514_SAST1_05262014131602_1.zip"
"ADANIENT","Adani Enterprises Limited","Disclosure under SEBI Takeover Regulations","Adani Properties Pvt. Ltd. has submitted to the Exchange vide letter dated May 23, 2014 a copy of disclosure under Regulation 29(2) of SEBI (Substantial Acquisition of Shares & Takeovers) Regulations, 2011. ","26-May-2014 13:08:00","2014-05-26 13:08:00","-","-","https://nsearchives.nseindia.com/corporate/Adani_Enterprises_Ltd_29_05262014130802_3.zip"
"ADANIENT","Adani Enterprises Limited","Disclosure under Insider Trading Regulation","Adani Enterprises Limited has submitted to the Exchange vide letter dated May 24, 2014 a copy of disclosure pursuant to Regulation 13(1), 13(4), 13(4A) and 13(6) of the SEBI (Prohibition of Insider Trading) Regulations, 1992.","26-May-2014 12:32:00","2014-05-26 12:32:00","-","-","https://nsearchives.nseindia.com/corporate/AELdisclosure_05262014123202_1.zip"
"ADANIENT","Adani Enterprises Limited","Disclosure under Insider Trading Regulation","Adani Enterprises Limited has submitted to the Exchange vide letter dated May 19, 2014 a copy of disclosure pursuant to Regulation 13(2), 13(2A) and 13(6) of the SEBI (Prohibition of Insider Trading) Regulations, 1992.","19-May-2014 21:28:00","2014-05-19 21:28:00","-","-","https://nsearchives.nseindia.com/corporate/AELDISCLOSURE_05192014212802_1.zip"
"ADANIENT","Adani Enterprises Limited","Disclosure under SEBI Takeover Regulations","Adani Enterprises Limited has submitted to the Exchange vide letter dated May 16, 2014 a copy of Disclosure in terms of Regulation 31(1) and 31(2) of SEBI (Substantial Acquisition of Shares & Takeovers) Regulations, 2011.","19-May-2014 11:56:00","2014-05-19 11:56:00","-","-","https://nsearchives.nseindia.com/corporate/APSEZ_05192014115601_1.zip"
"ADANIENT","Adani Enterprises Limited","Disclosure under SEBI Takeover Regulations","Adani Enterprises Limited has submitted to the Exchange vide letter dated May 16, 2014 a copy of Disclosure in terms of Regulation 31(1) and 31(2) of SEBI (Substantial Acquisition of Shares & Takeovers) Regulations, 2011.","19-May-2014 11:56:00","2014-05-19 11:56:00","-","-","https://nsearchives.nseindia.com/corporate/APL_05192014115602_2.zip"
"ADANIENT","Adani Enterprises Limited","Financial Result Updates","Adani Enterprises Limited has submitted to the exchange the standalone & consolidated financial results for the period ended 31-Mar-2014.","19-May-2014 10:11:02","2014-05-19 10:11:02","-","-","https://nsearchives.nseindia.com/corporate/ADANIENT_31Mar14_B_05192014101102_.zip"
"ADANIENT","Adani Enterprises Limited","Press Release","Adani Enterprises Limited has informed the Exchange regarding a Press Release dated May 17, 2014, titled ""Adani Enterprises Consolidated EBIDTA rose 48% to Rs 10,188 crore for FY14"".","19-May-2014 09:04:00","2014-05-19 09:04:00","-","-","https://nsearchives.nseindia.com/corporate/aDANI_PR_05192014090402_1.zip"
"ADANIENT","Adani Enterprises Limited","News Verification","News Verification : The media had reports that ""Adani Enterprises  wins order to supply coal to 7 NTPC Power Plants."". The Exchange, in order to verify the accuracy or otherwise of the information reported in the media and to inform the market place so that the interest of the investors is safeguarded, had written to the company. Adani Enterprises Limited has vide its letter inter-alia stated,""NTPC has not placed any order on the company in the current financial year i.e. on or after 01.04.2014. We have not withheld any information which may have led to movement in trading of the company shares.""","13-May-2014 16:42:00","2014-05-13 16:42:00","-","-","-"
"ADANIENT","Adani Enterprises Limited","Press Release","Adani Enterprises Limited has informed the Exchange regarding a media statement May 08, 204, titled""Adani's investment in Queensland moves ahead with the recommendation from the State on environmental approval"".","08-May-2014 13:24:00","2014-05-08 13:24:00","-","-","https://nsearchives.nseindia.com/corporate/ADANIT_08052014_05082014132402_1.zip"
"ADANIENT","Adani Enterprises Limited","Price & Volume movement","Price & Volume movement : Significant price and volume movement has been observed in Adani Enterprises Limited. The Exchange, in order to ensure that investors have latest relevant information about the company and to inform the market place so that the interest of the investors is safeguarded, had written to the company. Adani Enterprises Limited has vide its letter inter-alia stated, ""We do not have any important information / announcement to be shared.""","10-Apr-2014 17:46:00","2014-04-10 17:46:00","-","-","-"
"ADANIENT","Adani Enterprises Limited","Disclosure under SEBI Takeover Regulations","Adani Enterprises Limited has submitted to the Exchange vide letter dated March 20, 2014 a copy of Disclosure in terms of Regulation 31(1) and 31(2) of SEBI (Substantial Acquisition of Shares & Takeovers) Regulations, 2011.","20-Mar-2014 17:28:00","2014-03-20 17:28:00","-","-","https://nsearchives.nseindia.com/corporate/AEL_03202014172802_1.zip"
"ADANIENT","Adani Enterprises Limited","Discl. under SEBI Insider Trading and Takeover Regulation","Adani Enterprises Limited has submitted to the Exchange vide letter dated March 14, 2013 a copy of Disclosure in terms of Regulation 31(1) and 31(2) of SEBI (Substantial Acquisition of Shares & Takeovers) Regulations, 2011.","14-Mar-2014 17:12:00","2014-03-14 17:12:00","-","-","https://nsearchives.nseindia.com/corporate/123_03142014171203_3.zip"
"ADANIENT","Adani Enterprises Limited","Press Release","Adani Enterprises Limited has informed the Exchange regarding a press release dated January 31,2014, titled, ""Adani Enterprises Consolidated EBIDTA rose 19% to Rs 5,944 crore for 9MFY14"".","31-Jan-2014 13:24:00","2014-01-31 13:24:00","-","-","https://nsearchives.nseindia.com/corporate/ael_pr_31012014_01312014132401_1.zip"
"ADANIENT","Adani Enterprises Limited","Financial Result Updates","Adani Enterprises Limited has submitted to the exchange the standalone & consolidated financial results for the period ended 31-dec-2013.","31-Jan-2014 13:19:02","2014-01-31 13:19:02","-","-","https://nsearchives.nseindia.com/corporate/ADANIENT_31dec2013_B_01312014131901_.zip"
"ADANIENT","Adani Enterprises Limited","Press Release","Adani Enterprises Limited has informed the Exchange regarding a media release dated December 31, 2013, titled ""Adani Power's Mundra plant sets a record in power generation Achieves full load of 4,620 MW"".","31-Dec-2013 18:20:00","2013-12-31 18:20:00","-","-","https://nsearchives.nseindia.com/corporate/APL_mr01_31122013_12312013182002_3.zip"
"ADANIENT","Adani Enterprises Limited","Press Release","Adani Enterprises Limited has informed the Exchange regarding a press release dated December 18, 2013, titled, ""Adani Ports & SEZ completes vizag terminal 8 months ahead of schedule"".","18-Dec-2013 15:20:00","2013-12-18 15:20:00","-","-","https://nsearchives.nseindia.com/corporate/AEL_mr_18122013_12182013152001_1.zip"
"ADANIENT","Adani Enterprises Limited","Press Release","Adani Enterprises Limited  has informed the Exchange regarding a press release dated October 31, 2013, titled ""Adani Enterprises Consolidated Total Income rose 33% to Rs 13,602 crore for Q2FY14"".","31-Oct-2013 14:16:00","2013-10-31 14:16:00","-","-","https://nsearchives.nseindia.com/corporate/AdaniEnterprises_PR_10312013141602_2.zip"
"ADANIENT","Adani Enterprises Limited","Financial Result Updates","Adani Enterprises Limited has submitted to the exchange the standalone & consolidated financial results for the period ended 30-sep-2013.","31-Oct-2013 13:43:02","2013-10-31 13:43:02","-","-","https://nsearchives.nseindia.com/corporate/ADANIENT_30sep2013_B.zip"
"ADANIENT","Adani Enterprises Limited","Disclosure of Voting Pattern - Clause 35A","Adani Enterprises Limited has informed the Exchange the details of voting results of Annual General Meeting of the Company held on August 08, 2013.","12-Aug-2013 08:56:00","2013-08-12 08:56:00","-","-","https://nsearchives.nseindia.com/corporate/AELvotingresult_08122013085602_1.zip"
"ADANIENT","Adani Enterprises Limited","Press Release","Adani Enterprises Limited has informed the Exchange regarding a press release dated August 08, 2013, titled ""Adani Enterprises Consolidated EBIDTA rose 53% to Rs 1,937 cr for Q1FY14"".","08-Aug-2013 17:52:00","2013-08-08 17:52:00","-","-","https://nsearchives.nseindia.com/corporate/ADANIENT_PR_08082013_08082013175201_1.zip"
"ADANIENT","Adani Enterprises Limited","Financial Result Updates","Adani Enterprises Limited has submitted to the Exchange the Standalone and Consolidated Financial Results for the period ended June 30,2013.","08-Aug-2013 16:48:28","2013-08-08 16:48:28","-","-","https://nsearchives.nseindia.com/corporate/ADANIENT_30JUN2013_B_Q1.zip"
"ADANIENT","Adani Enterprises Limited","Annual General Meeting Updates","Adani Enterprises Limited has informed the Exchange regarding the Outcome of Annual General Meeting of the Members of the Company held on August 08, 2013.","08-Aug-2013 13:20:00","2013-08-08 13:20:00","-","-","https://nsearchives.nseindia.com/corporate/AEL_08082013132002_1.zip"
"ADANIENT","Adani Enterprises Limited","AGM/Book Closure","Adani Enterprises Limited has informed the Exchange that the Register of Members and Share Transfer Books of the Company shall remain closed from August 1, 2013 to August 8, 2013 (both days incluisve) for the purpose of Annual General Meeting & determining the entitlement of dividend, if declared at the forthcoming Annual General Meeting scheduled to be held on August 08, 2013.","11-Jul-2013 12:04:00","2013-07-11 12:04:00","-","-","-"
"ADANIENT","Adani Enterprises Limited","Disclosure under Insider Trading Regulation","Adani Enterprises Limited has submitted to the Exchange vide letter dated June 01, 2013 a copy of disclosure pursuant to Regulation 13(4), 13(4A) and 13(6) of the SEBI (Prohibition of Insider Trading) Regulations, 1992.","01-Jul-2013 12:12:00","2013-07-01 12:12:00","-","-","https://nsearchives.nseindia.com/corporate/adanienterprisesltd_29062013.zip"
"ADANIENT","Adani Enterprises Limited","Discl. under SEBI Insider Trading and Takeover Regulation","Mahasukh S Adani Family Trust, Vasant S Adani Family Trust, Rajesh S Adani Family trust, Vinod S Adani Family Trust, Gautam S Adani Family trust and Adani Agro Pvt ltd has submitted to the Exchange vide letter dated May 31, 2013 a copy of disclosure under Regulation 29(2) of SEBI (Substantial Acquisition of Shares & Takeovers) Regulations, 2011 and along with a copy of disclosure pursuant to Regulation 13(4), 13(4A) and 13(6) of the SEBI (Prohibition of Insider Trading) Regulations, 1992. ","19-Jun-2013 10:52:00","2013-06-19 10:52:00","-","-","https://nsearchives.nseindia.com/corporate/adanienterprisesltd_18062013.zip"
"ADANIENT","Adani Enterprises Limited","Offer For Sale-Stock Exchange Mechanism","(i) Mahasukh S. Adani and Suvarna M. Adani (on behalf of Mahasukh S. Adani Family Trust), (ii) Vasant S. Adani and Pushpa V. Adani (on behalf of Vasant S. Adani Family Trust), (iii) Rajesh S. Adani and Shilin R. Adani (on behalf of Rajesh S. Adani Family Trust), (iv) Vinod S. Adani and Gautam S. Adani (on behalf of Vinod S. Adani Family Trust), and (v) Gautam S. Adani and Priti G. Adani (on behalf of Gautam S. Adani Family Trust) [hereinafter collectively referred to as the ""Sellers""] had submitted to the Exchange Announcement with respect to Offer for sale through Stock Exchange Mechanism for sale of 1,60,40,250 equity shares of Adani Enterprises Limited by them (""Sellers""). The Sellers have now informed the Exchange that the Floor Price shall be Rs. 227/- (Rupees two hundred twenty seven) per share.","29-May-2013 19:12:00","2013-05-29 19:12:00","-","-","https://nsearchives.nseindia.com/corporate/Adani_Floorprice_05292013191201_1.zip"
"ADANIENT","Adani Enterprises Limited","Offer For Sale-Stock Exchange Mechanism","(i) Mahasukh S. Adani and Suvarna M. Adani (on behalf of Mahasukh S. Adani Family Trust), (ii) Vasant S. Adani and Pushpa V. Adani (on behalf of Vasant S. Adani Family Trust), (iii) Rajesh S. Adani and Shilin R. Adani (on behalf of Rajesh S. Adani Family Trust), (iv) Vinod S. Adani and Gautam S. Adani (on behalf of Vinod S. Adani Family Trust), and (v) Gautam S. Adani and Priti G. Adani (on behalf of Gautam S. Adani Family Trust) [hereinafter collectively referred to as the ""Sellers""] have submitted to the Exchange Announcement with respect to Offer for sale through Stock Exchange Mechanism for sale of 1,60,40,250 equity shares of Adani Enterprises Limited by them [""Sellers""]. Date and time of the opening of the Offer : May 30, 2013 at 9:15 am; Date and time of the closing of the Offer : May 30, 2013 at 3:30 pm; Floor Price : The Sellers shall declare the Floor Price for the Sale on May 29, 2013 after the close of trading hours of the stock exchanges and not later than 6 pm.","28-May-2013 17:16:00","2013-05-28 17:16:00","-","-","https://nsearchives.nseindia.com/corporate/adanientpNSE_notice_05282013171602_1.zip"
"ADANIENT","Adani Enterprises Limited","Disclosure under SEBI Takeover Regulations","Adani Agro Pvt ltd has submitted to the Exchange vide letter dated May 17, 2013 a copy of Disclosure in terms of Regulation 31(1) and 31(2) of SEBI (Substantial Acquisition of Shares & Takeovers) Regulations, 2011.","27-May-2013 16:12:00","2013-05-27 16:12:00","-","-","https://nsearchives.nseindia.com/corporate/adanienterprisesltd_adaniagropvtltd_23052013.zip"
"ADANIENT","Adani Enterprises Limited","Press Release","Adani Enterprises Limited has informed the Exchange regarding a press release dated May 20, 2013, titled ""Adani Enterprises Consolidated PAT rose 53% to Rs.474 cr for Q4FY13"".","20-May-2013 14:52:00","2013-05-20 14:52:00","-","-","https://nsearchives.nseindia.com/corporate/ADANIENTER_pr_20052013_05202013145201_1.zip"
"ADANIENT","Adani Enterprises Limited","Reappointment","Adani Enterprises Limited has informed the Exchange that the Board of Directors of the Company at its meeting held on May 20, 2013 has approved re-appointment of Mr.Gautam S. Adani as an Executive Chairman of the Company for a further period of 5 (five) years w.e.f. December 01, 2013 subject to the approval of members.","20-May-2013 14:44:00","2013-05-20 14:44:00","-","-","-"
"ADANIENT","Adani Enterprises Limited","Dividend","Adani Enterprises Limited has informed the Exchange that the Board of Directors of the Company at its meeting held on May 20, 2013 has recommended the dividend of Re. 1.40 per share i.e. 140% (Previous year Re. 1/- per share - 100%) on equity shares of Re. 1/- each of the Company.","20-May-2013 14:40:00","2013-05-20 14:40:00","-","-","-"
"ADANIENT","Adani Enterprises Limited","Financial Result Updates","Adani Enterprises Limited has submitted to the Exchange the Standalone and Consolidated Financial Results for the period ended March 31,2013.","20-May-2013 14:25:16","2013-05-20 14:25:16","-","-","https://nsearchives.nseindia.com/corporate/ADANIENT_31MAR2013_B_Q4A.zip"
"ADANIENT","Adani Enterprises Limited","Press Release","Adani Enterprises Limited has informed the Exchange regarding a Media Release dated April 08, 2013, titled ""Adani begins integrated coal MDO operations in India; Has access to coal reserves of over 3 billion tonnes"".","08-Apr-2013 12:32:00","2013-04-08 12:32:00","-","-","https://nsearchives.nseindia.com/corporate/ADANIENT_pr_09042013_04082013112401_2.zip"
"ADANIENT","Adani Enterprises Limited","Offer For Sale-Stock Exchange Mechanism","Adani Agro Private Limited had submitted to the Exchange Announcement with respect to Offer for sale through Stock Exchange Mechanism for sale of 85,00,000 equity shares of Adani Enterprises Limited by Adani Agro Private Limited. Adani Agro Private Limited has now informed the Exchange that the Floor Price shall be Rs. 220/- (Rupees Two Hundred Twenty) per equity share of Adani Enterprises Limited.","01-Mar-2013 19:20:00","2013-03-01 19:20:00","-","-","https://nsearchives.nseindia.com/corporate/Adani_floorprice_01032013_03012013192002_2.zip"
"ADANIENT","Adani Enterprises Limited","Offer For Sale-Stock Exchange Mechanism","Adani Agro Private Limited, has submitted to the Exchange Announcement with respect to Offer for sale through Stock Exchange Mechanism for sale of 85,00,000 equity shares of Adani Enterprises Limited by Adani Agro Private Limited (Seller). Date and time of the opening of the Offer : March 04, 2013 at 9:15 am and Date and time of the closing of the Offer : March 04, 2013 at 3:30 pm, Floor Price : The floor price shall be intimated on March 01, 2013 after the close of trading hours of the stock exchanges and not later than 6:00 p.m.","28-Feb-2013 16:40:00","2013-02-28 16:40:00","-","-","https://nsearchives.nseindia.com/corporate/ADANI_OFS_28022013_02282013164002_1.zip"
"ADANIENT","Adani Enterprises Limited","Offer For Sale-Stock Exchange Mechanism","Adani Agro Private Limited had submitted to the Exchange Announcement with respect to Offer for sale through Stock Exchange Mechanism for sale of 70,00,000 (""Sale Shares"") equity shares of Adani Enterprises Limited by Adani Agro Private Limited (Seller). Adani Agro Private Limited has now informed the Exchange that the Floor Price for the Sale Shares shall be Rs. 248.00 (Rupees Two Hundred Forty Eight Only) per equity share.","05-Feb-2013 18:52:00","2013-02-05 18:52:00","-","-","https://nsearchives.nseindia.com/corporate/Adani_floorprice_05122013_02052013185202_1.zip"
"ADANIENT","Adani Enterprises Limited","Offer For Sale-Stock Exchange Mechanism","Adani Agro Private Limited, has submitted to the Exchange Announcement with respect to Offer for sale through Stock Exchange Mechanism for sale of 70,00,000 equity shares of Adani Enterprises Limited by Adani Agro Private Limited (Seller). Date and time of the opening of the Offer : February 06, 2013 at 9:15 am and Date and time of the closing of the Offer : February 06, 2013 at 3:30 pm, Floor Price : The floor price shall be intimated on February 05, 2013 after the close of  trading hours of teh stock exchanges and not later than 6:00 p.m.","04-Feb-2013 17:44:00","2013-02-04 17:44:00","-","-","https://nsearchives.nseindia.com/corporate/adanienter_ofs_04022013_02042013174401_1.zip"
"ADANIENT","Adani Enterprises Limited","Financial Result Updates","Adani Enterprises Limited has submitted to the Exchange the Standalone and Consolidated Financial Results for the period ended December 31,2012.","01-Feb-2013 17:01:15","2013-02-01 17:01:15","-","-","https://nsearchives.nseindia.com/corporate/ADANIENT_31DEC2012_B_Q3.zip"
"ADANIENT","Adani Enterprises Limited","Resignation of Director","Adani Enterprises Limited has informed the Exchange that Mr. Yoshihiro Miwa, a Director resigned from the directorship of the Company w.e.f. December 24, 2012. Accordingly, Mr. Tatsuo Fuke, an Alternate Director to him also ceased to be an Alternate Director w.e.f. December 24, 2012.","27-Dec-2012 16:28:00","2012-12-27 16:28:00","-","-","-"
"ADANIENT","Adani Enterprises Limited","Disclosure under SEBI Takeover Regulations","Adani Agro Private Limited has submitted to the Exchange vide its letter dated December 24, 2012 a copy of disclosure under Regulation 29(2) of SEBI (Substantial Acquisition of Shares & Takeovers) Regulations, 2011 along with a copy of disclosure pursuant to Regulation 13(4), 13(4A) and 13(6) of the SEBI (Prohibition of Insider Trading) Regulations, 1992.","24-Dec-2012 17:16:00","2012-12-24 17:16:00","-","-","https://nsearchives.nseindia.com/corporate/ADANIENT_REG_24122012_001.zip"
"ADANIENT","Adani Enterprises Limited","Announcement: Offer For Sale - Stock Exchange Mechanism","Adani Agro Pvt. Ltd., Adani Commodities, Vinod S. Adani, Rajesh S. Adani, Pranav V. Adani, Priti G. Adani, Shilin R. Adani had submitted to the Exchange Announcement with respect to Offer for sale through Stock Exchange Mechanism for sale of 2,30,00,00 (""Sale Shares"") equity shares of Adani Enterprises Limited by Adani Agro Pvt. Ltd., Adani Commodities, Vinod S. Adani, Rajesh S. Adani, Pranav V. Adani, Priti G. Adani, Shilin R. Adani (Seller). Adani Agro Pvt. Ltd., Adani Commodities, Vinod S. Adani, Rajesh S. Adani, Pranav V. Adani, Priti G. Adani, Shilin R. Adani has now informed the Exchange that the Floor Price for the Sale of Shares shall be Rs. 282.00 ( Rupees Two Hundred Eighty Two Only) per equity share of Adani Enterprises Limited.","20-Dec-2012 17:44:00","2012-12-20 17:44:00","-","-","https://nsearchives.nseindia.com/corporate/adani_floorprice_20122012.zip"
"ADANIENT","Adani Enterprises Limited","Announcement: Offer For Sale - Stock Exchange Mechanism","Adani Agro Pvt. Ltd., Adani Commodities, Vinod S. Adani, Rajesh S. Adani, Pranav V. Adani, Priti G. Adani, Shilin R. Adani has submitted to the Exchange Announcement with respect to Offer for Sale through Stock Exchange Mechanism for sale of 2,30,00,000 equity shares of Adani Enterprises Limited by Adani Agro Pvt. Ltd., Adani Commodities, Vinod S. Adani, Rajesh S. Adani, Pranav V. Adani, Priti G. Adani, Shilin R. Adani. Date and time of the opening of the Offer : December 21, 2012 at 9:15 a.m. and Date and time of the closing of the Offer : December 21, 2012 at 3:30 p.m. Floor Price : The sellers shall declare the Floor Price for the Sale on December 20, 2012, after the close of trading hours of the Stock Exchanges and not later than 5 p.m. Orders/ bids below the Floor Price shall not be accepted.","19-Dec-2012 16:12:00","2012-12-19 16:12:00","-","-","https://nsearchives.nseindia.com/corporate/adanitentltd_OFS_19122012.zip"
"ADANIENT","Adani Enterprises Limited","Appointment","Adani Enterprises Limited has informed the Exchange that Mr. Berjis Desai has been appointed as an Independent Director on the Board of Directors of the Company w.e.f. December 03, 2012.","07-Dec-2012 12:49:00","2012-12-07 12:49:00","-","-","-"
"ADANIENT","Adani Enterprises Limited","Results Update, Quarter ended, 30-SEP-2012 (Consolidated)","Adani Enterprises Limited has informed the Exchange regarding the consolidated Results for the quarter ended on 30-SEP-2012 as follows: Net Sales of Rs. 1026185 lacs for the quarter ending on 30-SEP-2012 against Rs. 1102459 lacs and Rs. 1007873 lacs for the quarters ending on 30-JUN-2012 and 30-SEP-2011 respectively. Net Profit / (Loss) of Rs. 32021 lacs for the quarter ending on 30-SEP-2012 against Rs. 40288 lacs and Rs. 55268 lacs for the quarters ending on 30-JUN-2012 and 30-SEP-2011 respectively.","25-Oct-2012 14:51:00","2012-10-25 14:51:00","-","-","-"
"ADANIENT","Adani Enterprises Limited","Results Update, Quarter ended, 30-SEP-2012 (Standalone)","Adani Enterprises Limited has informed the Exchange regarding the standalone Results for the quarter ended on 30-SEP-2012 as follows: Net Sales of Rs. 230779 lacs for the quarter ending on 30-SEP-2012 against Rs. 285920 lacs and Rs. 161546 lacs for the quarters ending on 30-JUN-2012 and 30-SEP-2011 respectively. Net Profit / (Loss) of Rs. 14195 lacs for the quarter ending on 30-SEP-2012 against Rs. 42163 lacs and Rs. 4602 lacs for the quarters ending on 30-JUN-2012 and 30-SEP-2011 respectively.","25-Oct-2012 14:48:00","2012-10-25 14:48:00","-","-","-"
"ADANIENT","Adani Enterprises Limited","Press Release","Adani Enterprises Limited has informed the Exchange regarding a press release dated October 25, 2012, titled ""Adani Enterprises consolidated EBIDTA up 8% to Rs 1,617 cr for Q2FY13"".","25-Oct-2012 14:05:00","2012-10-25 14:05:00","-","-","https://nsearchives.nseindia.com/corporate/Adani_PR_25102012.zip"
"ADANIENT","Adani Enterprises Limited","Financial Result Updates","Adani Enterprises Limited has submitted to the Exchange the Standalone and Consolidated Financial Results for the period ended September 30,2012.","25-Oct-2012 13:51:53","2012-10-25 13:51:53","-","-","https://nsearchives.nseindia.com/corporate/ADANIENT_30SEP2012_B_Q2.zip"
"ADANIENT","Adani Enterprises Limited","Disclosure under SEBI Takeover Regulations","IDBI Trusteeship Services Ltd. has submitted to the Exchange vide letter dated September 17, 2012 a copy of Disclosure under Regulation 29(1)/ 29(2) of SEBI (Substantial Acquisition of Shares & Takeovers) Regulations, 2011.","18-Sep-2012 14:34:00","2012-09-18 14:34:00","-","-","https://nsearchives.nseindia.com/corporate/idbi_adanienter_18092012.zip"
"ADANIENT","Adani Enterprises Limited","Disclosure under SEBI Takeover Regulations","Ventura Power Investments Private Limited has submitted to the Exchange vide letter dated September 13, 2012 a copy of Disclosure pursuant to Regulation 31(1) and 31(2) of SEBI (Substantial Acquisition of Shares and Takeovers) Regulations, 2011.","18-Sep-2012 12:32:00","2012-09-18 12:32:00","-","-","https://nsearchives.nseindia.com/corporate/AdaniEnt_Ventura_18092012.zip"
"ADANIENT","Adani Enterprises Limited","Disclosure under SEBI Takeover Regulations","Vinod Shantilal Adani has submitted to the Exchange vide letter dated September 13, 2012 a copy of Disclosure pursuant to Regulation 31(1) and 31(2) of SEBI (Substantial Acquisition of Shares and Takeovers) Regulations, 2011.","15-Sep-2012 14:29:00","2012-09-15 14:29:00","-","-","https://nsearchives.nseindia.com/corporate/ADANI_REG31_15092012.zip"
"ADANIENT","Adani Enterprises Limited","Disclosure of Voting Pattern - Clause 35A","Adani Enterprises Limited has informed the Exchange regarding Clause 35A of the Listing Agreement - Details of Voting Results at the Annual General Meeting of the Company held on August 09, 2012.","10-Aug-2012 15:55:00","2012-08-10 15:55:00","-","-","https://nsearchives.nseindia.com/corporate/ADANIENTER_CLAUSE35_10082012_01.zip"
"ADANIENT","Adani Enterprises Limited","Outcome of Annual General Meeting","Adani Enterprises Limited has informed the Exchange regarding the Outcome of the Annual General Meeting of the Members of the Company held on August 09, 2012.","09-Aug-2012 15:44:00","2012-08-09 15:44:00","-","-","https://nsearchives.nseindia.com/corporate/ADANIENTER_OAGM_09082012.zip"
"ADANIENT","Adani Enterprises Limited","Results Update, Quarter ended, 30-JUN-2012 (Standalone)","Adani Enterprises Limited has informed the Exchange regarding the standalone Results for the quarter ended on 30-JUN-2012 as follows: Net Sales of Rs. 285920 lacs for quarter ending on 30-JUN-2012 against Rs. 105811 lacs for the quarter ending on 30-JUN-2011. Net Profit / (Loss) of Rs. 42163 lacs for the quarter ending on 30-JUN-2012 against Rs. 9493 lacs for the quarter ending on 30-JUN-2011.","09-Aug-2012 13:30:00","2012-08-09 13:30:00","-","-","-"
"ADANIENT","Adani Enterprises Limited","Financial Result Updates","Adani Enterprises Limited has submitted to the Exchange the Standalone and Consolidated Financial Results for the period ended June 30,2012.","09-Aug-2012 13:27:50","2012-08-09 13:27:50","-","-","https://nsearchives.nseindia.com/corporate/ADANIENT_30JUN2012_B_Q1.zip"
"ADANIENT","Adani Enterprises Limited","AGM / Book Closure","Adani Enterprises Limited has informed the Exchange that the Register of Members and Share Transfer Books of the Company shall remain closed from August 04, 2012 to August 09, 2012 (both days inclusive) for determining the entitlement of dividend, if declared at the forthcoming Annual General Meeting to be held on August 09, 2012.","16-Jul-2012 19:16:00","2012-07-16 19:16:00","-","-","-"
"ADANIENT","Adani Enterprises Limited","Change in Director(s)","Adani Enterprises Limited has informed the Exchange that in accordance with Retirement Policy for Non Executive Independent Directors of the Company - Dr. Pravin P. Shah & Mr. Jay H. Shah has attained the retirement criteria. Accordingly, they retired as Directors of the Company w.e.f. June 29, 2012.","03-Jul-2012 14:14:00","2012-07-03 14:14:00","-","-","-"
"ADANIENT","Adani Enterprises Limited","Disclosure under SEBI Takeover Regulations","Adani Agro Pvt. Ltd. has submitted to the Exchange vide its letter dated May 25, 2012 a copy of disclosure under Regulation 29(2) of SEBI (Substantial Acquisition of Shares & Takeovers) Regulations, 2011 along with a copy of disclosures under Regulation 10(6) of SEBI (Substantial Acquisition of Shares & Takeovers) Regulations, 2011 and Regulation 13(4), 13(4A) and 13(6) of the SEBI (Prohibition of Insider Trading) Regulations, 1992.","25-May-2012 13:37:00","2012-05-25 13:37:00","-","-","https://nsearchives.nseindia.com/corporate/AdaniAgro_AdaniEnterprises05_25052012.zip"
"ADANIENT","Adani Enterprises Limited","News Clarification","Adani Enterprises Limited has informed the Exchange vide its letter dated May 23, 2012 regarding ""Media Report on SEBI inquiry on HSBC Bank"".","23-May-2012 14:44:00","2012-05-23 14:44:00","-","-","https://nsearchives.nseindia.com/corporate/AdaniEnterprises_MR_230512.zip"
"ADANIENT","Adani Enterprises Limited","Outcome of Board Meeting","Adani Enterprises Limited has informed the Exchange that at the meeting of the Board of Directors of the Company held on May 21, 2012 Dr. Ravindra Dholakia has been appointed as an Independent Director on the Board of Directors of the Company in the casual vacancy caused due to sad demise of Dr. A. C. Shah.","21-May-2012 13:13:00","2012-05-21 13:13:00","-","-","-"
"ADANIENT","Adani Enterprises Limited","Press Release","Adani Enterprises Limited has informed the Exchange regarding a press release dated May 21, 2012, titled ""Adani Enterprises Consolidated income up 49% to Rs.39,356 cr"".","21-May-2012 12:59:00","2012-05-21 12:59:00","-","-","https://nsearchives.nseindia.com/corporate/adani_pr02_21052012.zip"
"ADANIENT","Adani Enterprises Limited","Results Update, Year ended, 31-MAR-2012 (Consolidated)","Adani Enterprises Limited has informed the Exchange regarding the consolidated Results for the year ended on 31-MAR-2012 as follows: Net Sales of Rs. 3928387.93 lacs for year ending on 31-MAR-2012 against Rs. 2638746 lacs for the year ending on 31-MAR-2011. Net Profit / (Loss) of Rs. 183921.14 lacs for the year ending on 31-MAR-2012 against Rs. 247609 lacs for the year ending on 31-MAR-2011.","21-May-2012 12:55:00","2012-05-21 12:55:00","-","-","-"
"ADANIENT","Adani Enterprises Limited","Dividend","Adani Enterprises Limited has informed the Exchange that the Board of Directors of the Company at its meeting held on May 21, 2012 has recommended the dividend at Re 1/- per share i.e 100% (Previous year Re.1/- per share - 100%) on Equity share of Re 1/- each of the Company.","21-May-2012 12:54:00","2012-05-21 12:54:00","-","-","-"
"ADANIENT","Adani Enterprises Limited","Results Update, Year ended, 31-MAR-2012 (Standalone)","Adani Enterprises Limited has informed the Exchange regarding the standalone Results for the year ended on 31-MAR-2012 as follows: Net Sales of Rs. 527484.5 lacs for year ending on 31-MAR-2012 against Rs. 292038 lacs for the year ending on 31-MAR-2011. Net Profit / (Loss) of Rs. 36172.36 lacs for the year ending on 31-MAR-2012 against Rs. 26911 lacs for the year ending on 31-MAR-2011.","21-May-2012 12:54:00","2012-05-21 12:54:00","-","-","-"
"ADANIENT","Adani Enterprises Limited","Financial Result Updates","Adani Enterprises Limited has submitted to the Exchange the Standalone and Consolidated Financial Results for the period ended March 31,2012.","21-May-2012 12:50:28","2012-05-21 12:50:28","-","-","https://nsearchives.nseindia.com/corporate/ADANIENT_31MAR2012_B_Q4A.zip"
"ADANIENT","Adani Enterprises Limited","Publish Audited Results","Adani Enterprises Limited has informed the Exchange that the Company will be publishing Audited Results of the Company for the year 2011-2012, within 60 days (i.e. by May 30, 2012) from the end of the financial year 2011-12. Hence, the Company are not publishing the unaudited results for the last quarter of the financial year 2011-12.","18-Apr-2012 13:03:00","2012-04-18 13:03:00","-","-","-"
"ADANIENT","Adani Enterprises Limited","Press Release","Adani Enterprises Limited has informed the Exchange regarding a Media Release dated March 05, 2012, titled ""Adani Enterprises To Supply Coal To NTPC"".","05-Mar-2012 11:37:00","2012-03-05 11:37:00","-","-","https://nsearchives.nseindia.com/corporate/ADANIENTER_pr_05032012.zip"
"ADANIENT","Adani Enterprises Limited","Press Release","Adani Enterprises Limited has informed the Exchange regarding a Media Release dated February 09, 2012, titled ""Consolidated Q3 FY12 Net Sales up 60% to Rs 9,037.98 Crores"".","09-Feb-2012 14:22:00","2012-02-09 14:22:00","-","-","https://nsearchives.nseindia.com/corporate/adanient_pr_09022012.zip"
"ADANIENT","Adani Enterprises Limited","Financial Result Updates","Adani Enterprises Limited has submitted to the Exchange the Standalone and Consolidated Financial Results for the period ended December 31,2011.","09-Feb-2012 14:03:28","2012-02-09 14:03:28","-","-","https://nsearchives.nseindia.com/corporate/ADANIENT_31DEC2011_B_Q3.zip"
"ADANIENT","Adani Enterprises Limited","Outcome of Board Meeting","Adani Enterprises Limited has informed the Exchange that at the Board Meeting held on February 09, 2012, the Board of Directors of the Company has approved the proposal to disinvest its holding in ""Real Estate Business"" subject to requisite approvals, formalities & clearances. This will enable AEL to focus on its core activities and to deply the funds effectively.","09-Feb-2012 13:54:00","2012-02-09 13:54:00","-","-","-"
"ADANIENT","Adani Enterprises Limited","Results Update, Quarter ended, 31-DEC-2011 (Consolidated)","Adani Enterprises Limited has informed the Exchange regarding the consolidated Results for the quarter ended on 31-DEC-2011 as follows: Net Sales of Rs. 901473 lacs for quarter ending on 31-DEC-2011 against Rs. 564042 lacs for the quarter ending on 31-DEC-2010. Net Profit / (Loss) of Rs. 40728 lacs for the quarter ending on 31-DEC-2011 against Rs. 47441 lacs for the quarter ending on 31-DEC-2010.","09-Feb-2012 13:48:00","2012-02-09 13:48:00","-","-","-"
"ADANIENT","Adani Enterprises Limited","Results Update, Quarter ended, 31-DEC-2011 (Standalone)","Adani Enterprises Limited has informed the Exchange regarding the standalone Results for the quarter ended on 31-DEC-2011 as follows: Net Sales of Rs. 120122 lacs for quarter ending on 31-DEC-2011 against Rs. 66419 lacs for the quarter ending on 31-DEC-2010. Net Profit / (Loss) of Rs. 5024 lacs for the quarter ending on 31-DEC-2011 against Rs. 1034 lacs for the quarter ending on 31-DEC-2010.","09-Feb-2012 13:41:00","2012-02-09 13:41:00","-","-","-"
"ADANIENT","Adani Enterprises Limited","Demise of Director","Adani Enterprises Limited has informed the Exchange that  Dr. Amritlal Chunilal Shah, a Non Executive and Independent Director of the Company passed away on January 16, 2012. Consequently, he ceased to be a Director on the Board of Directors of the Company.","17-Jan-2012 20:48:00","2012-01-17 20:48:00","-","-","-"
"ADANIENT","Adani Enterprises Limited","Press Release","Adani Enterprises Limited has informed the Exchange regarding a Media Release dated January 05, 2012, titled ""Adani Group Commissions India's largest solar power plant in Gujarat.""","05-Jan-2012 11:13:00","2012-01-05 11:13:00","-","-","https://nsearchives.nseindia.com/corporate/ADANI_pr_05012012.zip"
"ADANIENT","Adani Enterprises Limited","Press Release","Adani Enterprises Limited has informed the Exchange regarding a Media Release dated November 14, 2011, titled ""Consolidated Q2 FY12 Net Sales up 75% to Rs. 10,084 crore; EBIDTA up by 70% to Rs. 1,528 crore; PAT up by 9% to Rs. 553 crore"".","14-Nov-2011 14:15:00","2011-11-14 14:15:00","-","-","https://nsearchives.nseindia.com/corporate/ADANI_Mr_14112011.zip"
"ADANIENT","Adani Enterprises Limited","Results Update, Quarter ended, 30-SEP-2011 (Consolidated)","Adani Enterprises Limited has informed the Exchange regarding the consolidated Results for the quarter ended on 30-SEP-2011 as follows: Net Sales of Rs. 1007873 lacs for quarter ending on 30-SEP-2011 against Rs. 575025 lacs for the quarter ending on 30-SEP-2010. Net Profit / (Loss) of Rs. 55268 lacs for the quarter ending on 30-SEP-2011 against Rs. 50872 lacs for the quarter ending on 30-SEP-2010.","14-Nov-2011 14:14:00","2011-11-14 14:14:00","-","-","-"
"ADANIENT","Adani Enterprises Limited","Results Update, Quarter ended, 30-SEP-2011 (Standalone)","Adani Enterprises Limited has informed the Exchange regarding the standalone Results for the quarter ended on 30-SEP-2011 as follows: Net Sales of Rs. 161546 lacs for quarter ending on 30-SEP-2011 against Rs. 64510 lacs for the quarter ending on 30-SEP-2010. Net Profit / (Loss) of Rs. 4602 lacs for the quarter ending on 30-SEP-2011 against Rs. 12492 lacs for the quarter ending on 30-SEP-2010.","14-Nov-2011 14:12:00","2011-11-14 14:12:00","-","-","-"
"ADANIENT","Adani Enterprises Limited","Financial Result Updates","Adani Enterprises Limited has submitted to the Exchange the Standalone and Consolidated Financial Results for the period ended September 30,2011.","14-Nov-2011 14:11:08","2011-11-14 14:11:08","-","-","https://nsearchives.nseindia.com/corporate/ADANIENT_30SEP2011_B_Q2H.zip"
"ADANIENT","Adani Enterprises Limited","Results Update, Quarter ended, 30-JUN-2011 (Consolidated)","Adani Enterprises Limited has informed the Exchange regarding the consolidated Results for the quarter ended on 30-JUN-2011 as follows: Net Sales of Rs. 959613 lacs for quarter ending on 30-JUN-2011 against Rs. 553608 lacs for the quarter ending on 30-JUN-2010. Net Profit / (Loss) of Rs. 56981 lacs for the quarter ending on 30-JUN-2011 against Rs. 40744 lacs for the quarter ending on 30-JUN-2010.","10-Aug-2011 14:01:00","2011-08-10 14:01:00","-","-","-"
"ADANIENT","Adani Enterprises Limited","Results Update, Quarter ended, 30-JUN-2011 (Standalone)","Adani Enterprises Limited has informed the Exchange regarding the standalone Results for the quarter ended on 30-JUN-2011 as follows: Net Sales of Rs. 105811 lacs for quarter ending on 30-JUN-2011 against Rs. 83210 lacs for the quarter ending on 30-JUN-2010. Net Profit / (Loss) of Rs. 9493 lacs for the quarter ending on 30-JUN-2011 against Rs. 8416 lacs for the quarter ending on 30-JUN-2010.","10-Aug-2011 14:00:00","2011-08-10 14:00:00","-","-","-"
"ADANIENT","Adani Enterprises Limited","Financial Result Updates","Adani Enterprises Limited has submitted to the Exchange the Standalone and Consolidated Financial Results for the period ended June 30,2011.","10-Aug-2011 13:57:12","2011-08-10 13:57:12","-","-","https://nsearchives.nseindia.com/corporate/ADANIENT_30JUN2011_B_Q1.zip"
"ADANIENT","Adani Enterprises Limited","Outcome of Annual General Meeting","Adani Enterprises Limited has informed the Exchange regarding the Outcome of Annual General Meeting of the members of the Company held on August 10, 2011.","10-Aug-2011 13:47:00","2011-08-10 13:47:00","-","-","https://nsearchives.nseindia.com/corporate/ADANIEN_outcomeagm_10082011.zip"
"ADANIENT","Adani Enterprises Limited","News Clarification","Adani Enterprises Limited has submitted to the Exchange a copy of Company's clarification With reference to the reported Lokayukta Report dated July 27, 2011 submitted to the Hon. Governor,State of Karnataka.","30-Jul-2011 15:25:00","2011-07-30 15:25:00","-","-","https://nsearchives.nseindia.com/corporate/ADANIENT_update_30072011.zip"
"ADANIENT","Adani Enterprises Limited","AGM / Book Closure","Adani Enterprises Limited has informed the Exchange that the Register of Members and Share Transfer Books of the Company shall remain closed from August 05, 2011 to August 10, 2011 (both days inclusive) for determining the entitlement of dividend, if declared at the forthcoming Annual General Meeting to be held on August 10, 2011.","15-Jul-2011 14:09:00","2011-07-15 14:09:00","-","-","-"
"ADANIENT","Adani Enterprises Limited","Press Release","Adani Enterprises Limited has informed the Exchange regarding a Media Release dated May 12, 2011, titled ""Consolidated FY11 Net Sales up by 2% at Rs. 26405 crore; PAT up by 169% a Rs. 2476 crore"".","12-May-2011 16:33:00","2011-05-12 16:33:00","-","-","https://nsearchives.nseindia.com/corporate/AdaniEnt_pr_12052011.zip"
"ADANIENT","Adani Enterprises Limited","Dividend","Adani Enterprises Limited has informed the Exchange that the Board of Directors of the Company at its Meeting held on May 12, 2011 has recommended the dividend at Re.1/- per share i.e. 100% (Previous year Re.1/- per share - 100%) on Equity Shares of Re.1/- each of the Company.","12-May-2011 14:20:00","2011-05-12 14:20:00","-","-","-"
"ADANIENT","Adani Enterprises Limited","Results Update, Year ended, 31-MAR-2011 (Consolidated)","Adani Enterprises Limited has informed the Exchange regarding the consolidated Results for the year ended on 31-MAR-2011 as follows: Net Sales of Rs. 2638746 lacs for year ending on 31-MAR-2011 against Rs. 2587389 lacs for the year ending on 31-MAR-2010. Net Profit / (Loss) of Rs. 247609 lacs for the year ending on 31-MAR-2011 against Rs. 91930 lacs for the year ending on 31-MAR-2010.","12-May-2011 14:08:00","2011-05-12 14:08:00","-","-","-"
"ADANIENT","Adani Enterprises Limited","Financial Result Updates","Adani Enterprises Limited has submitted to the Exchange the Standalone and Consolidated Financial Results for the period ended March 31,2011.","12-May-2011 14:05:05","2011-05-12 14:05:05","-","-","https://nsearchives.nseindia.com/corporate/ADANIENT_31MAR2011_B_Q4A.zip"
"ADANIENT","Adani Enterprises Limited","Results Update, Year ended, 31-MAR-2011 (Standalone)","Adani Enterprises Limited has informed the Exchange regarding the standalone Results for the year ended on 31-MAR-2011 as follows: Net Sales of Rs. 292038 lacs for year ending on 31-MAR-2011 against Rs. 1156910 lacs for the year ending on 31-MAR-2010. Net Profit / (Loss) of Rs. 26911 lacs for the year ending on 31-MAR-2011 against Rs. 25441 lacs for the year ending on 31-MAR-2010.","12-May-2011 14:05:00","2011-05-12 14:05:00","-","-","-"
"ADANIENT","Adani Enterprises Limited","Press Release","Adani Enterprises Limited has informed the Exchange regarding a media release dated May 03, 2011 in respect of Mundra Port and Special Economic Zone Limited (MPSEZ), a subsidiary of the Company.","03-May-2011 10:37:00","2011-05-03 10:37:00","-","-","https://nsearchives.nseindia.com/corporate/ADANIENT_PR_03052011.zip"
"ADANIENT","Adani Enterprises Limited","Publish Audited Results","Adani Enterprises Limited has informed the Exchange that the Company will be publishing Audited Results of the Company for the year 2010-2011, within 60 days (i.e. by May 30, 2011) from the end of the financial year 2010-11. Hence, Company is not publishing the unaudited results for the last quarter of the financial year 2010-2011.","06-Apr-2011 16:30:00","2011-04-06 16:30:00","-","-","-"
"ADANIENT","Adani Enterprises Limited","Press Release","Adani Enterprises Limited has informed the Exchange regarding a press release dated February 18, 2011, titled ""Adani Enterprises inks MoU with Carbon Energy"".","18-Feb-2011 18:45:00","2011-02-18 18:45:00","-","-","https://nsearchives.nseindia.com/corporate/adani_pr_18022011.zip"
"ADANIENT","Adani Enterprises Limited","Press Release","Adani Enterprises Limited has informed the Exchange regarding a press release dated  February 14, 2011, titled ""Adani Enterprises Q3 Net Jumps 56% To Rs. 474 Crore"".","17-Feb-2011 17:42:00","2011-02-17 17:42:00","-","-","https://nsearchives.nseindia.com/corporate/Adanient_PR_17022011.zip"
"ADANIENT","Adani Enterprises Limited","Results Update, Quarter ended, 31-DEC-2010 (Standalone)","Adani Enterprises Limited has informed the Exchange regarding the standalone Results for the quarter ended on 31-DEC-2010 as follows: Net Sales of Rs. 66419 lacs for quarter ending on 31-DEC-2010 against Rs. 280046 lacs for the quarter ending on 31-DEC-2009. Net Profit / (Loss) of Rs. 1034 lacs for the quarter ending on 31-DEC-2010 against Rs. 3049 lacs for the quarter ending on 31-DEC-2009.","12-Feb-2011 14:13:00","2011-02-12 14:13:00","-","-","-"
"ADANIENT","Adani Enterprises Limited","Financial Result Updates","Adani Enterprises Limited has submitted to the Exchange the Standalone and Consolidated Financial Results for the period ended December 31,2010.","12-Feb-2011 13:51:04","2011-02-12 13:51:04","-","-","https://nsearchives.nseindia.com/corporate/ADANIENT_31DEC2010_B_Q3.zip"
"ADANIENT","Adani Enterprises Limited","Press Release","Adani Enterprises Limited has informed the Exchange regarding a Media Release dated January 28, 2011, titled "" Adani Group finalizes business strategy for Japan.""","28-Jan-2011 14:01:00","2011-01-28 14:01:00","-","-","https://nsearchives.nseindia.com/corporate/adani_pr_28012011.zip"
"ADANIENT","Adani Enterprises Limited","Press Release","Adani Enterprises Limited has informed the Exchange regarding a Media Release dated January 25, 2011, titled ""Adani Enterprises to set-up Rail, Port and Power Projects in Indonesia"".","25-Jan-2011 22:02:00","2011-01-25 22:02:00","-","-","https://nsearchives.nseindia.com/corporate/Adani_PR_250111.zip"
"ADANIENT","Adani Enterprises Limited","Updates","Adani Enterprises Limited has submitted to the Exchange a copy of notice u/s 302 of the Companies Act, 1956 circulated to all the members of the Company.","18-Nov-2010 16:14:00","2010-11-18 16:14:00","-","-","https://nsearchives.nseindia.com/corporate/ADANI_update_18112010.zip"
"ADANIENT","Adani Enterprises Limited","Results Update, Quarter ended, 30-SEP-2010 (Consolidated)","Adani Enterprises Limited has informed the Exchange regarding the consolidated Results for the quarter ended on 30-SEP-2010 as follows: Net Sales of Rs. 575025 lacs for quarter ending on 30-SEP-2010 against Rs. 530106 lacs for the quarter ending on 30-SEP-2009. Net Profit / (Loss) of Rs. 50872 lacs for the quarter ending on 30-SEP-2010 against Rs. 14795 lacs for the quarter ending on 30-SEP-2009.","28-Oct-2010 15:19:00","2010-10-28 15:19:00","-","-","-"
"ADANIENT","Adani Enterprises Limited","Results Update, Quarter ended, 30-SEP-2010 (Standalone)","Adani Enterprises Limited has informed the Exchange regarding the standalone Results for the quarter ended on 30-SEP-2010 as follows: Net Sales of Rs. 64510 lacs for quarter ending on 30-SEP-2010 against Rs. 307280 lacs for the quarter ending on 30-SEP-2009. Net Profit / (Loss) of Rs. 12492 lacs for the quarter ending on 30-SEP-2010 against Rs. 8789 lacs for the quarter ending on 30-SEP-2009.","28-Oct-2010 15:19:00","2010-10-28 15:19:00","-","-","-"
"ADANIENT","Adani Enterprises Limited","Financial Result Updates","Adani Enterprises Limited has submitted to the Exchange the Standalone and Consolidated Financial Results for the period ended September 30,2010.","28-Oct-2010 15:14:02","2010-10-28 15:14:02","-","-","https://nsearchives.nseindia.com/corporate/ADANIENT_30SEP2010_B_Q2H.zip"
"ADANIENT","Adani Enterprises Limited","Press Release","Adani Enterprises Limited has informed the Exchange regarding a press release dated October 27, 2010, tiltled""Adani wins bid to develop and mine coal from Chendipada Coal Block in Orissa"".","28-Oct-2010 09:19:00","2010-10-28 09:19:00","-","-","https://nsearchives.nseindia.com/corporate/ADANI_pr_28102010.zip"
"ADANIENT","Adani Enterprises Limited","Press Release","Adani Enterprises Limited has informed the Exchange regarding a press release dated August 25, 2010 , titled ""Adani secures ""Coal Purchase Rights"" and enters into ""Take or Pay arrangements"" for ""Port and Rail Project"" in Indonesia"".","25-Aug-2010 14:28:00","2010-08-25 14:28:00","-","-","https://nsearchives.nseindia.com/corporate/Adanient_PR_25082010.zip"
"ADANIENT","Adani Enterprises Limited","Outcome of Annual General Meeting","Adani Enterprises Limited has informed the Exchange regarding the Outcome of Annual General Meeting of the Company held on August 21, 2010.","23-Aug-2010 10:16:00","2010-08-23 10:16:00","-","-","https://nsearchives.nseindia.com/corporate/adanienterprise_outcomeofagm_23082010.zip"
"ADANIENT","Adani Enterprises Limited","Amalgamation/Merger","Adani Enterprises Limited has informed the Exchange that the Scheme of Amalgamation of certain promoter entities of M/s. Mundra Port & Special Economic Zone Ltd (MPSEZ) i.e Adani Infrastructure Services Private Ltd, Advance Tradex Private Ltd, Adani Tradelinks Private Ltd, Pride Trade and Investment Private Ltd, Mauritius, Trident Trade and Investment Private Ltd, Mauritius, Radiant Trade and Investment Private Ltd, Mauritius, and Ventura Trade and Investment Private Ltd, Mauritius (hereinafter collectively referred to as 'Transferor Companies') with the Company i.e. Adani Enterprises Ltd. has been sanctioned by the Hon'ble High Court of Gujarat vide its order dated August 12, 2010. The certified copy of the said order has been received on August 18, 2010 and the same has been filed with the Registrar of Companies, Gujarat on the same day. As a result, the said scheme of amalgamation has become effective from the appointed date (i.e. April 01, 2010 in case of all transferor companies other than Advance Tradex and April 20, 2010 in case of Advance tradex). Since the scheme of Amalgamation has become effective, M/s MPSEZ has become a subsidiary of the Company with 77.49% shareholding by the Company. Further, the Company has informed the Exchange that on August 13, 2010 the Board of Directors of the Company has approved the Unaudited Financial Results of the Company for the quarter ended on June 30, 2010. In order to reflect the present scenario - post Amalgamation and MPSEZ becoming subsidiary of the Company, the Directors of the Company, vide Circular Resolution dated August 18, 2010 approved the Adjusted Unaudited Financial Results of the Company for the quarter ended on June 30, 2010 after taking into account the effect of Amalgamation - especially the Financial Results of MPSEZ for the Quarter ended on June 30, 2010 with that of the Company. In order to provide updated information about the financials of the Company, the Company has submitted the Financial Results of the Company for the Quarter ended on June 30, 2010 after taking into account the effect of Scheme of Amalgamation.","20-Aug-2010 09:04:00","2010-08-20 09:04:00","-","-","https://nsearchives.nseindia.com/corporate/ADANI_amalgamation_20082010.zip"
"ADANIENT","Adani Enterprises Limited","Scheme of Arrangement","Adani Enterprises Limited has informed the Exchange that "" the Scheme of Amalgamation of certain promoter entities of M/s Mundra Port & Special Economic Zone Ltd (MPSEZ) i.e. Adani Infrastructure Services Private Limited, Advance Tradex Private Limited, Adani Tradelinks Private Limited, Pride Trade and Investment Private Limited, Mauritius, Trident Trade and Investment Private Limited, Mauritius, Radiant Trade and Investment Private Limited, Mauritius and Ventura Trade and Investment Private Limited, Mauritius with the Company i.e. Adani Enterprises Ltd has been sanctioned by the Hon'ble High Court of Gujarat. The oral order sanctioning the scheme has been pronounced and received from the Hon'ble High Court of Gujarat on 12th August, 2010. As a result of this amalgamation, M/s MPSEZ will become a subsidiary of the Company with 77.49% shareholding by the Company. The Company is now complying with the requisite formalities to give effect to the said order.""","14-Aug-2010 15:44:00","2010-08-14 15:44:00","-","-","-"
"ADANIENT","Adani Enterprises Limited","Results Update, Quarter ended, 30-JUN-2010 (Consolidated)","Adani Enterprises Limited has informed the Exchange regarding the consolidated Results for the quarter ended on 30-JUN-2010 as follows: Net Sales of Rs. 553608 lacs for quarter ending on 30-JUN-2010 against Rs. 637661 lacs for the quarter ending on 30-JUN-2009. Net Profit / (Loss) of Rs. 40744 lacs for the quarter ending on 30-JUN-2010 against Rs. 12767 lacs for the quarter ending on 30-JUN-2009.","13-Aug-2010 14:41:00","2010-08-13 14:41:00","-","-","-"
"ADANIENT","Adani Enterprises Limited","Results Update, Quarter ended, 30-JUN-2010 (Standalone)","Adani Enterprises Limited has informed the Exchange regarding the standalone Results for the quarter ended on 30-JUN-2010 as follows: Net Sales of Rs. 83210 lacs for quarter ending on 30-JUN-2010 against Rs. 271374 lacs for the quarter ending on 30-JUN-2009. Net Profit / (Loss) of Rs. 8416 lacs for the quarter ending on 30-JUN-2010 against Rs. 7873 lacs for the quarter ending on 30-JUN-2009.","13-Aug-2010 14:40:00","2010-08-13 14:40:00","-","-","-"
"ADANIENT","Adani Enterprises Limited","Updates","Adani Enterprises Limited has informed to the Exchange regarding agreement with Linc Energy Ltd to purchase 100% interest in the Galilee Coal tenement in the Galilee Basin, Queensland.","03-Aug-2010 14:42:00","2010-08-03 14:42:00","-","-","https://nsearchives.nseindia.com/corporate/adani_up_03082010.zip"
"ADANIENT","Adani Enterprises Limited","AGM/Book Closure","Adani Enterprises Limited has informed the Exchange that the Register of Members and Share Transfer Books of the Company will remain closed from August 14, 2010 to August 21, 2010 (both days inclusive) for determining the entitlement of dividend, if declared at the forthcoming Annual General Meeting to be held on August 21, 2010.","27-Jul-2010 14:14:00","2010-07-27 14:14:00","-","-","-"
"ADANIENT","Adani Enterprises Limited","Qualified Institutional Placement","Adani Enterprises Limited has informed the Exchange that the QIP Issue Committee of Adani Enterprises Limited (the ""Company"") has at its meeting held on July 23, 2010 determined to close the issue and Rs. 536.15 per equity share to be the issue price pursuant to the qualified institutions placement of the equity shares. The Committee has also approved the Placement Document in respect of the equity shares proposed to be issue as aforesaid. The Company proposes to issue 7,46,05,987 equity shares of face value of Rs. 1 each to raise aggregate proceeds of Rs. 4000 Crores. The outstanding paid up capital of the Company pursuant to the issue shall be Rs. 61.19 crores.","23-Jul-2010 17:47:00","2010-07-23 17:47:00","-","-","-"
"ADANIENT","Adani Enterprises Limited","News Verification","News Verification : The media had reports that Adani Enterprises Limited may acquire a coal mine in Queensland, Australia. The Exchange, in order to verify the accuracy or otherwise of the information reported in the media and to inform the market place so that the interest of the investors is safeguarded, had written to the officials of the company. Adani Enterprises Limited has vide its letter inter-alia stated,""We would like to state that the Company is one of the largest coal importer in India to cater to its large coal trading business and also through its subsidiary, Adani Power Limited is in various stages of planning, development and implementation of 13200 MW thermal power plant in India (of which 660 MW is in operation). In order to cater to its large coal requirement, the company keeps looking for coal mining opportunities in India and abroad and remains in detailed negotiations with number of coal mine owners. However, these negotiations being commercial in nature are under confidentiality agreement. Thus, the Company confirms that at this stage it has not concluded any binding contract or finalised any material terms with any party.""","14-Jul-2010 14:58:00","2010-07-14 14:58:00","-","-","-"
"ADANIENT","Adani Enterprises Limited","Registrar & Share Transfer Agent","Adani Enterprises Limited has informed the Exchange that ""the Company have appointed M/s. Sharepro Services (I) Pvt. Ltd., as the new Registrars and Transfer Agents of the Company. Our contract with the earlier Registrars M/s. Pinnacle Share Registry Pvt. Ltd. stands terminated. Accordingly, the Share transfer work of our Company will be carried out by Sharepro Services (I) Pvt. Ltd., from their Ahmedabad office at the following address: Sharepro Services (India) Pvt. Ltd., 416-420, 4th Floor, Devnandan Mall, Opp. Sanyash Ashram, Ashram Road, Ellisbridge, Ahmedabad-380 006; Tel No.: 079-26582381 to 84; Fax No.: 079-26582385; Email ID: sharepro@shareproservices.com; Contact Person: Nitin V. Joshi.""","13-Jul-2010 17:12:00","2010-07-13 17:12:00","-","-","-"
"ADANIENT","Adani Enterprises Limited","Outcome of Postal Ballot","Adani Enterprises Limited has informed the Exchange vide its letter dated June 16, 2010 that ""Members of the Company have passed the Special Resolution under Section 81(1A) of the Companies Act, 1956 to authorize the Board of Directors of the Company to issue Securities including equity shares and / or securities linked to equity shares of a sum not exceeding Rs. 4000 Crores (Rupees Four Thousand Crores Only)"".","17-Jun-2010 16:11:00","2010-06-17 16:11:00","-","-","-"
"ADANIENT","Adani Enterprises Limited","Press Release","Adani Enterprises Limited has informed the Exchange regarding a press release dated June 16, 2010, titled ""Adani Welspun Exploration commences Drilling of first well in Gujarat"".","16-Jun-2010 13:02:00","2010-06-16 13:02:00","-","-","https://nsearchives.nseindia.com/corporate/Adani_PR_16062010.zip"
"ADANIENT","Adani Enterprises Limited","Scheme of Arrangement","Adani Enterprises Limited has informed the Exchange that by an Order dated May 7, 2010, the Hon'ble High Court of Gujarat at Ahmedabad has directed that a Meeting of the Equity Shareholders of the Company be called and convened on June 10, 2010, for the purpose of considering and, if thought fit, approving with or without modification(s), the Scheme of Amalgamation of Adani Infrastructure Services Private Limited, Advance Tradex Private Limited, Adani Tradelinks Private Limited, Pride Trade and Investment Private Limited, Trident Trade and Investment Private Limited, Radiant Trade and Investment Private Limited and Ventura Trade and Investment Private Limited with Adani Enterprises Limited, the Transferee Company, as proposed between the  Company and its Equity Shareholders.","26-May-2010 18:55:00","2010-05-26 18:55:00","-","-","https://nsearchives.nseindia.com/corporate/AdaniEnt_Notice_26052010.zip"
"ADANIENT","Adani Enterprises Limited","Postal Ballot","Adani Enterprises Limited has submitted to the Exchange a copy of Notice of Postal Ballot pursuant to Section 192A of the Companies Act, 1956 read with the Companies (Passing of the Resolution by Postal Ballot) Rules, 2001 to issue equity shares or equity linked instruments in one or more tranches, whether rupee denominated or denominated in foreign currency for a total sum not exceeding Rs. 4,000 Crores (Rupees Four Thousand Crores Only).","19-May-2010 14:18:00","2010-05-19 14:18:00","-","-","https://nsearchives.nseindia.com/corporate/adani_pb_19052010.zip"
"ADANIENT","Adani Enterprises Limited","Updates","Adani Enterprises Limited has informed the Exchange that the Board of Directors of the Company has re-appointed Mr. Rajesh S. Adani as Managing Director of the Company for a further period of 5 (five) years w.e.f. June 10, 2010, subject to approval of members.","14-May-2010 14:03:00","2010-05-14 14:03:00","-","-","-"
"ADANIENT","Adani Enterprises Limited","Results Update, Quarter ended, 31-MAR-2010 (Standalone)","Adani Enterprises Limited has informed the Exchange regarding the standalone Results for the quarter ended on 31-MAR-2010 as follows: Net Sales of Rs. 298210 lacs for quarter ending on 31-MAR-2010 against Rs. 287333 lacs for the quarter ending on 31-MAR-2009. Net Profit / (Loss) of Rs. 5730 lacs for the quarter ending on 31-MAR-2010 against Rs. 13671 lacs for the quarter ending on 31-MAR-2009.","14-May-2010 13:50:00","2010-05-14 13:50:00","-","-","-"
"ADANIENT","Adani Enterprises Limited","Results Update, Year ended, 31-MAR-2010 (Standalone)","Adani Enterprises Limited has informed the Exchange regarding the standalone Results for the year ended on 31-MAR-2010 as follows: Net Sales of Rs. 1156910 lacs for year ending on 31-MAR-2010 against Rs. 1150323 lacs for the year ending on 31-MAR-2009. Net Profit / (Loss) of Rs. 25441 lacs for the year ending on 31-MAR-2010 against Rs. 32642 lacs for the year ending on 31-MAR-2009.","14-May-2010 13:50:00","2010-05-14 13:50:00","-","-","-"
"ADANIENT","Adani Enterprises Limited","Results Update, Year ended, 31-MAR-2010 (Consolidated)","Adani Enterprises Limited has informed the Exchange regarding the consolidated Results for the year ended on 31-MAR-2010 as follows: Net Sales of Rs. 2587389 lacs for year ending on 31-MAR-2010 against Rs. 2618181 lacs for the year ending on 31-MAR-2009. Net Profit / (Loss) of Rs. 91930 lacs for the year ending on 31-MAR-2010 against Rs. 50465 lacs for the year ending on 31-MAR-2009.","14-May-2010 13:49:00","2010-05-14 13:49:00","-","-","-"
"ADANIENT","Adani Enterprises Limited","Dividend","Adani Enterprises Limited has informed the Exchange that the Board of Directors in its Meeting held on May 14, 2010 has recommended the dividend at Re. 1 per share i.e. 100% (Previous year Re. 1/- per share - 100%) on fully paid up Equity Shares of Re. 1/- each of the Company.","14-May-2010 13:49:00","2010-05-14 13:49:00","-","-","-"
"ADANIENT","Adani Enterprises Limited","Results Update, Quarter ended, 31-MAR-2010 (Consolidated)","Adani Enterprises Limited has informed the Exchange regarding the consolidated Results for the quarter ended on 31-MAR-2010 as follows: Net Sales of Rs. 782447 lacs for quarter ending on 31-MAR-2010 against Rs. 865405 lacs for the quarter ending on 31-MAR-2009. Net Profit / (Loss) of Rs. 33980 lacs for the quarter ending on 31-MAR-2010 against Rs. 16605 lacs for the quarter ending on 31-MAR-2009.","14-May-2010 13:47:00","2010-05-14 13:47:00","-","-","-"
"ADANIENT","Adani Enterprises Limited","Publish Audited Results","Adani Enterprises Limited has informed the Exchange that the company will be publishing Audited Results of the Company for the year 2009-10, within 60 day (i.e by May 30, 2010) from the end of the financial year 2009-10. Hence, the company will not be publishing the unaudited results for the last quarter of the financial year 2009-10.","04-May-2010 16:43:00","2010-05-04 16:43:00","-","-","-"
"ADANIENT","Adani Enterprises Limited","Updates","Adani Enterprises Limited has informed the Exchange that the Board at its meeting held on May 04, 2010 decided to create, offer, issue and allot, from time to time in either one or more international offerings, in one or more foreign markets, in one or more tranches and/or in the course of one or more domestic offering(s) in India, such number of equity shares and/or any securities linked to, convertible into or exchangeable for equity shares including through Global Depository Receipts (""GDRs"") and/or American Depository Receipts (""ADRs"") and/or convertible preference shares and/or convertible debentures and/or non-convertible debentures (or other securities) with warrants, and/or warrants and/or Foreign Currency Convertible Bonds (""FCCBs"") and/or Foreign Currency Exchange Bonds (""FCEBs"") and/or securities linked to equity shares to such investors through public issue(s), right issue(s), preferential issue(s), private placement(s) and/or qualified institutional placement in terms of chapter VIII of the ICDR Regulations or any combination thereof, through any prospectus, offer document, offer letter, offer circular, placement document or otherwise, for an aggregate amount, not exceeding Rs. 4000 Crores (Rupees Four Thousand Crores Only) or foreign currency equivalent thereof, inclusive of such premium as may from time to time be decided by the Board.","04-May-2010 15:36:00","2010-05-04 15:36:00","-","-","-"
"ADANIENT","Adani Enterprises Limited","Outcome of Board Meeting","Adani Enterprises Limited has informed the Exchange that the Board of Directors of the Company at its meeting held on April 24, 2010, inter alia, has transacted the following: (1) Approved (subject to other requisite approvals) Scheme of Amalgamation of Adani Infrastructure Services Private Limited., Advance Tradex Private Limited., Adani Tradelinks Private Limited., Trident Trade and Investments Private Limited, Pride Trade and Investments Private Limited., Radiant Trade and Investments Private Limited., Ventura Trade and Investments Private Limited  (promoter entities of Mundra Port and Special Economic Zone Ltd.) with the Company from the Appointed Date. The details of the same shall be available on the NSE website   (http://www.nseindia.com) under: Corporates > Latest Announcements and on the Extranet Server (/Common/Corporate Announcements).<a href=/content/corporate/ADANI_outcomeofbm_24042010.ZIP target=NEW> For more details click here.</a>","24-Apr-2010 13:41:00","2010-04-24 13:41:00","-","-","-"
"ADANIENT","Adani Enterprises Limited","Rights Issue/Record Date","Adani Enterprises Limited has informed the Exchange that the Rights Issue Committee of the Board of Directors of the Company, in its meeting held on March 12, 2010, approved March 25, 2010 as the Record Date for reckoning the eligible shareholders who are entitled to apply for equity shares to be issued on ""Right Basis"" in the ratio of 1:16 (1 Equity Share for every 16 Equity Shares held as on the Record Date) at Rs.475 per Equity Share (Rs.1/- towards face value and Rs.474 towards premium). The details of the Rights Issue shall be available on the NSE website (http://www.nseindia.com) under: Corporates > Latest Announcements and on the Extranet Server (/Common/Corporate Announcements).<a href=/content/corporate/adani_RI_12032010.zip target=NEW> For more details click here.</a>","12-Mar-2010 17:55:00","2010-03-12 17:55:00","-","-","-"
"ADANIENT","Adani Enterprises Limited","Updates","Adani Enterprises Limited has submitted to the Exchange a copy of Abstract circulated to all the members of the Company for appointment of Mr. Devang S. Desai, Director as Executive Director of the Company w.e.f. January 27, 2010. The details of the same shall be available on the NSE website (http://www.nseindia.com) under: Corporates > Latest Announcements and on the Extranet Server (/Common/Corporate Announcements).<a href=/content/corporate/AEL_updates_25022010.zip target=NEW> For more details click here.</a>","25-Feb-2010 17:05:00","2010-02-25 17:05:00","-","-","-"
"ADANIENT","Adani Enterprises Limited","Appointment/Others","Adani Enterprises Limited has informed the Exchange vide its letter dated January 27, 2010 that the Board of Directors of the Company has appointed Mr. Devang Desai, CFO  as an Executive Director of the Company. Further, the Company has interalia, informed the Exchange regarding update on financial programmes. The details of the same shall be available on the NSE website   (http://www.nseindia.com) under: Corporates > Latest Announcements and on the Extranet Server (/Common/Corporate Announcements).<a href=/content/corporate/adanientp_UP_27012010.zip target=NEW> For more details click here.</a>","27-Jan-2010 15:57:00","2010-01-27 15:57:00","-","-","-"
"ADANIENT","Adani Enterprises Limited","Results Update, Quarter ended, 31-DEC-2009 (Standalone)","Adani Enterprises Limited has informed the Exchange regarding the standalone Results for the quarter ended on 31-DEC-2009 as follows: Net Sales of Rs. 280046 lacs for quarter ending on 31-DEC-2009 against Rs. 316248 lacs for the quarter ending on 31-DEC-2008. Net Profit / (Loss) of Rs. 3049 lacs for the quarter ending on 31-DEC-2009 against Rs. 5594 lacs for the quarter ending on 31-DEC-2008.","27-Jan-2010 15:31:00","2010-01-27 15:31:00","-","-","-"
"ADANIENT","Adani Enterprises Limited","Record Date","Adani Enterprises Limited has informed the Exchange that the Management Committee of the Board of Directors of the Company in its meeting held on November 27, 2009 has fixed December 11, 2009 as record date for the purpose of determining entitlement for bonus shares in ratio of 1:1 to the members of the Company.","27-Nov-2009 17:12:00","2009-11-27 17:12:00","-","-","-"
"ADANIENT","Adani Enterprises Limited","Outcome of EGM","Adani Enterprises Limited has informed the Exchange that  the members at the Extra Ordinary General Meeting (EGM) of the Company held on November 27, 2009, have approve the following resolutions: (1) Special resolution regarding reclassification of Authorised Share Capital of the Company by converting the unissued preference share capital into Equity shares so as to make the Equity Share Capital of Rs. 100,00,00,000/- (Rupees One Hundred Crore only) divided into 100,00,00,000 (Hundred crore) equity shares of Re. 1 (Rupee one only) each. (2) Ordinary resolution regarding issue of Bonus Shares at par in the proportion of one (1) new Equity Shares for every one (1) Equity shares held by such members as on record date. (3) Special resolution modifying the earlier special resolution passed by the members at the EGM held on June 18, 2009 - enhancing the present limit of issue of shares or instruments convertible into equity shares to the Qualified Institutional Buyers from an amount not exceeding Rs. 1500 crores (Rupees One thousand Five Hundred crore only) to the overall amount not exceeding Rs. 4000 crores (Rupees Four thousand crore only) pursuant to Chapter VIII of the substituted SEBI (Issue of Capital and Disclosure Requirements) Regulation, 2009.","27-Nov-2009 11:42:00","2009-11-27 11:42:00","-","-","-"
"ADANIENT","Adani Enterprises Limited","Notice of EGM","Adani Enterprises Limited has submitted to the Exchange a copy of Notice of the Extraordinary General Meeting of the Members of the company to be held on November 27, 2009. A copy of the same shall be available on the NSE website (http://www.nseindia.com) under Corporates > Latest Announcements and on the Extranet Server (/Common/Corporate Announcements).<a href=/content/corporate/adani_notice_12112009.zip target=NEW> For more details click here.</a>","12-Nov-2009 15:29:00","2009-11-12 15:29:00","-","-","-"
"ADANIENT","Adani Enterprises Limited","Media Release","Adani Enterprises Limited has informed the Exchange regarding a media release dated November 10, 2009, titled ""Adani Welspun Exploration awards contract to Western Geco for 3-Dimensiaonal seismic survey at its Mumbai Offshore block in less than a year's time"". A copy of the media release shall be available on the NSE website (http://www.nseindia.com) under: Corporates > Latest Announcements and on the Extranet Server (/Common/Corporate Announcements).<a href=/content/corporate/Adani_mr_10112009.zip target=NEW> For more details click here.</a>","10-Nov-2009 11:06:00","2009-11-10 11:06:00","-","-","-"
"ADANIENT","Adani Enterprises Limited","Results Update, Half Year ended, 30-SEP-2009 (Consolidated)","Adani Enterprises Limited has informed the Exchange regarding the consolidated Results for the half year ended on 30-SEP-2009 as follows: Net Sales of Rs. 1167767 lacs for half year ending on 30-SEP-2009 against Rs. 1088751 lacs for the half year ending on 30-SEP-2008. Net Profit / (Loss) of Rs. 27562 lacs for the half year ending on 30-SEP-2009 against Rs. 20728 lacs for the half year ending on 30-SEP-2008.","30-Oct-2009 14:53:00","2009-10-30 14:53:00","-","-","-"
"ADANIENT","Adani Enterprises Limited","Results Update, Half Year ended, 30-SEP-2009 (Standalone)","Adani Enterprises Limited has informed the Exchange regarding the standalone Results for the half year ended on 30-SEP-2009 as follows: Net Sales of Rs. 578654 lacs for half year ending on 30-SEP-2009 against Rs. 546742 lacs for the half year ending on 30-SEP-2008. Net Profit / (Loss) of Rs. 16662 lacs for the half year ending on 30-SEP-2009 against Rs. 13377 lacs for the half year ending on 30-SEP-2008.","30-Oct-2009 14:52:00","2009-10-30 14:52:00","-","-","-"
"ADANIENT","Adani Enterprises Limited","Results Update, Quarter ended, 30-SEP-2009 (Consolidated)","Adani Enterprises Limited has informed the Exchange regarding the consolidated Results for the quarter ended on 30-SEP-2009 as follows: Net Sales of Rs. 530106 lacs for quarter ending on 30-SEP-2009 against Rs. 587710 lacs for the quarter ending on 30-SEP-2008. Net Profit / (Loss) of Rs. 14795 lacs for the quarter ending on 30-SEP-2009 against Rs. 11371 lacs for the quarter ending on 30-SEP-2008.","30-Oct-2009 14:51:00","2009-10-30 14:51:00","-","-","-"
"ADANIENT","Adani Enterprises Limited","Results Update, Quarter ended, 30-SEP-2009 (Standalone)","Adani Enterprises Limited has informed the Exchange regarding the standalone Results for the quarter ended on 30-SEP-2009 as follows: Net Sales of Rs. 307280 lacs for quarter ending on 30-SEP-2009 against Rs. 311151 lacs for the quarter ending on 30-SEP-2008. Net Profit / (Loss) of Rs. 8789 lacs for the quarter ending on 30-SEP-2009 against Rs. 6680 lacs for the quarter ending on 30-SEP-2008.","30-Oct-2009 14:50:00","2009-10-30 14:50:00","-","-","-"
"ADANIENT","Adani Enterprises Limited","Bonus/ Rights/ Others","Adani Enterprises Limited has informed the Exchange that the Baord of Directors at it meeting held on October 30, 2009 (1). Bonus Issue: The board of directors has declared the bonus in the ratio of 1:1 to the share holders of the company subject to the approvals of share holders. The company has issued bonus twice in the past, first time in 1996 and again in 1999. (2) Right Issue: In view of the future requirement of funds fo expansion, repayment of debt, working capital purposes and general corporate purposes the board of directors has also decided to come up with a rights issue upto Rs. 1500 Crs and has appointed a committee of directors for finalizing various aspects of Right Issue, like entitlement ratio, price, appointment of various agencies etc. The company shall, come out with the specific announcement after decision of the committee. The details of the press release shall be available on the NSE website (http://www.nseindia.com) under: Corporates > Latest Announcements and on the Extranet Server (/Common/Corporate Announcements).30, 2009  <a href=/content/corporate/ADANI_PR_30102009.zip target=NEW> For more details click here.</a>","30-Oct-2009 14:47:00","2009-10-30 14:47:00","-","-","-"
"ADANIENT","Adani Enterprises Limited","Results of Postal Ballot","Adani Enterprises Limited has informed the Exchange that ""members of the Company have passed the Special resolutions under Section 372A of the Companies Act, 1956 to authorize the Board of Directors of the Company to give guarantee and/or provide security in excess of the limits prescribed in the said section and for ratification of security provided by the Board of Directors of the Company through Postal Ballot with requisite majority on 1st October, 2009"".","01-Oct-2009 17:56:00","2009-10-01 17:56:00","-","-","-"
"ADANIENT","Adani Enterprises Limited","Postal Ballot","Adani Enterprises Limited has informed the Exchange that as per Section 192A of the Companies Act, 1956, read with the Companies (Passing of the Resolution by Postal Ballot) Rules 2001, the consent of the shareholders to be obtained by means of postal ballot for following special resolutions : The Board of Directors of a company can make any loan, investment or give guarantee or provide any security beyond the prescribed ceiling of (1) Sixty percent of aggregate of the paid up capital and free reserves or, (2) Hundred per cent of its free reserves, whichever is more, if Special Resolution is passed by the shareholders of the Company. A copy of the notice of postal ballot shall be available on the NSE website (http://www.nseindia.com) under Corporates > Latest Announcements and on the Extranet Server (/Common/Corporate Announcements).<a href=/content/corporate/Adani_pb_01092009.zip target=NEW> For more details click here.</a>","01-Sep-2009 18:12:00","2009-09-01 18:12:00","-","-","-"
"ADANIENT","Adani Enterprises Limited","Outcome of AGM","Adani Enterprises Limited has informed the Exchange regarding the outcome of the Annual General Meeting of the Company held on August 31, 2009 as under: (1) Adoption of Annual Accounts of the Company together with the Directors Report and the Auditors Report for the year ended March 31, 2009. (2) Declaration of dividend at the rate of 100% i.e. Re 1/- each per Equity Share of the Company for the financial year ended March 31, 2009. (3) Re-appointment of Dr. A. C. Shah and Shri. Vasant S. Adani as Directors of the Company. (4) Re-appointment of M/s. Dharmesh Parikh and Co., Chartered Accountants, Ahmedabad, as Auditors of the Company till the conclusion of the next Annual General Meeting of the Company. (5) Appointment of Mr. Yoshihiro Miwa and Mr. Anil Ahuja as Directors of the Company liable to retire by rotation.","31-Aug-2009 14:46:00","2009-08-31 14:46:00","-","-","-"
"ADANIENT","Adani Enterprises Limited","AGM/Book Closure","Adani Enterprises Limited has informed the Exchange that the Register of Members and Transfer Books of the Company will remain closed from August 24, 2009 to August 28, 2009 (both days inclusive) for determining the entitlement of dividend, if declared, at the forthcoming Annual General Meeting to be held on August 31, 2009.","03-Aug-2009 12:58:00","2009-08-03 12:58:00","-","-","-"
"ADANIENT","Adani Enterprises Limited","Standalone Results Update, Quarter ended, 30-JUN-2009","Adani Enterprises Limited has informed the Exchange regarding the standalone Results for the quarter ended on 30-JUN-2009 as follows: Net Sales of Rs. 271374 lacs for quarter ending on 30-JUN-2009 against Rs. 239480 lacs for the quarter ending on 30-JUN-2008. Net Profit / (Loss) of Rs. 7873 lacs for the quarter ending on 30-JUN-2009 against Rs. 6697 lacs for the quarter ending on 30-JUN-2008.","30-Jul-2009 15:30:00","2009-07-30 15:30:00","-","-","-"
"ADANIENT","Adani Enterprises Limited","Consolidated Results Update, Quarter ended, 30-JUN-2009","Adani Enterprises Limited has informed the Exchange regarding the consolidated Results for the quarter ended on 30-JUN-2009 as follows: Net Sales of Rs. 637661 lacs for quarter ending on 30-JUN-2009 against Rs. 504930 lacs for the quarter ending on 30-JUN-2008. Net Profit / (Loss) of Rs. 12767 lacs for the quarter ending on 30-JUN-2009 against Rs. 9357 lacs for the quarter ending on 30-JUN-2008.","30-Jul-2009 15:29:00","2009-07-30 15:29:00","-","-","-"
"ADANIENT","Adani Enterprises Limited","Outcome of EGM","Adani Enterprises Limited has informed the Exchange that the members of the Company at the Extra Ordinary General Meeting of the Company held on June 18, 2009 approved the special resolution regarding issue, offer and allot Equity Shares of the Company or the instruments convertible into Equity Shares upto the overall amount not exceeding Rs.1500 Crore (Rupees One Thousand Five Hundred Crores Only) or its equivalent in any foreign currency as the case may be (inclusive of such premiums as may be determined) in one or more tranche or tranches, to Qualified Institutional Buyers (as defined by the DIP Guidelines) pursuant to Qualified Institutional Placement (QIP) guidelines, as provided under Chapter XIII-A of the SEBI DIP Guidelines.","18-Jun-2009 11:08:00","2009-06-18 11:08:00","-","-","-"
"ADANIENT","Adani Enterprises Limited","Results of Postal Ballot","Adani Enterprises Limited has informed the Exchange that members of the Company have passed the Special resolution under Section 372A of the Companies Act, 1956 to authorize the Board of Directors of the Company for making investment in excess of the limits prescribed in the section through Postal Ballot with requisite majority on June, 8 2009.","09-Jun-2009 16:44:00","2009-06-09 16:44:00","-","-","-"
"ADANIENT","Adani Enterprises Limited","Notice of EGM","Adani Enterprises Limited has submitted to the Exchange a copy of the notice of the Extraordinary General Meeting of the members of the Company to be held on June 18, 2009. The copy of the same shall be available on the NSE website   (http://www.nseindia.com) under: Corporates > Latest Announcements and on the Extranet Server (/Common/Corporate Announcements).<a href=/content/corporate/ADANIENT_noticeofegm_27052009.zip target=NEW> For more details click here.</a>","27-May-2009 13:40:00","2009-05-27 13:40:00","-","-","-"
"ADANIENT","Adani Enterprises Limited","Qualified Institutional Placement","Adani Enterprises Limited has informed the Exchange that the Board of Directors, in its meeting held on May 20, 2009, has decided to issue, offer and allot equity shares or instruments convertible into Equity Shares (""Securities"") up to the amount not exceeding Rs. 1500 Crores (Rupees One Thousand Five Hundred Crores Only) in one or more tranche or tranches inclusive of such premium, to Qualified Institutional Buyers (as defined by the DIP Guidelines) pursuant to a Qualified Institutions Placements Guidelines (QIP), as provided under Chapter XIII-A of the DIP Guidelines. The issuance of securities shall be subject to the approval of Members of the Company and such other approvals as may be required.","21-May-2009 15:56:00","2009-05-21 15:56:00","-","-","-"
"ADANIENT","Adani Enterprises Limited","Appointment of Director","Adani Enterprises Limited has informed the Exchange that the Board of Directors of the Company has appointed Mr. Anil Ahuja as an additional director of the Company.","21-May-2009 14:48:00","2009-05-21 14:48:00","-","-","-"
"ADANIENT","Adani Enterprises Limited","Dividend","Adani Enterprises Limited has informed the Exchange that the Board of Directors of the Company at its meeting held on May 20, 2009 has recommended a dividend of Re.1 (100%) per equity share of the face value of Re.1 each for the year 2008-09.","21-May-2009 10:06:00","2009-05-21 10:06:00","-","-","-"
"ADANIENT","Adani Enterprises Limited","Postal Ballot","Adani Enterprises Limited has informed the Exchange that as per Section 192A of the Companies Act, 1956, read with the Companies (Passing of the Resolution by Postal Ballot) Rules, 2001, the consent of the shareholders for the purpose (as per attachment) is to be obtained by means of postal ballot. The Company has appointed Mr. Rohit Choksi as the scrutinizer for conducting the postal ballot process in a fair and transparent manner. The duly completed postal ballot form should reach the scrutinizer on or before May 30, 2009. The results of the postal ballot will be announced by the Chairman on June 08, 2009. A copy of the Notice of Postal Ballot shall be available on the NSE website (http://www.nseindia.com) under: Corporates > Latest Announcements and on the Extranet Server (/Common/Corporate Announcements).<a href=/content/corporate/Adani_PB_30042009.zip target=NEW> For more details click here.</a>","30-Apr-2009 17:14:00","2009-04-30 17:14:00","-","-","-"
"ADANIENT","Adani Enterprises Limited","Publish Audited Results","Adani Enterprises Limited has informed the Exchange that : ""We will be publishing Audited Results of the Company for the year 2008-2009, within three months (i.e. by 30th June, 2009) from the end of the last quarter of the financial year (i.e. 31st March, 2009). Hence, we are not publishing the unaudited results"".","21-Apr-2009 20:16:00","2009-04-21 20:16:00","-","-","-"
"ADANIENT","Adani Enterprises Limited","Regulation 8A of SEBI (Susbs Acq of shares & Takeovers)","Adani Enterprises Limited has submitted to the Exchange disclosure under Regulation 8A(4) of SEBI (Substantial Acquisition of Shares and Takeover) Regulations, 1997. The copy of the same shall be available on the NSE website (http://www.nseindia.com) under: Corporates > Latest Announcements and on the Extranet Server (/Common/Corporate Announcements).<a href=/content/corporate/adani_Reg_11022009.zip target=NEW> For more details click here.</a>","11-Feb-2009 19:59:00","2009-02-11 19:59:00","-","-","-"
"ADANIENT","Adani Enterprises Limited","Appointment","Adani Enterprises Limited has informed the Exchange that the Board of Directors of the Company in their meeting held on January 30, 2009 have appointed Mr. Tatsuo Fuke as an Alternate Director to Mr. Yoshihiro Miwa of the Company.","30-Jan-2009 14:58:00","2009-01-30 14:58:00","-","-","-"
"ADANIENT","Adani Enterprises Limited","Consolidated Results Update, Quarter ended, 31-DEC-2008","Adani Enterprises Limited has informed the Exchange regarding the consolidated Results for the quarter ended on 31-DEC-2008 as follows: Net Sales of Rs. 664025 lacs for quarter ending on 31-DEC-2008 against Rs. 533616 lacs for the quarter ending on 31-DEC-2007. Net Profit / (Loss) of Rs. 13132 lacs for the quarter ending on 31-DEC-2008 against Rs. 12172 lacs for the quarter ending on 31-DEC-2007.","30-Jan-2009 14:31:00","2009-01-30 14:31:00","-","-","-"
"ADANIENT","Adani Enterprises Limited","Standalone Results Update, Quarter ended, 31-DEC-2008","Adani Enterprises Limited has informed the Exchange regarding the standalone Results for the quarter ended on 31-DEC-2008 as follows: Net Sales of Rs. 316248 lacs for quarter ending on 31-DEC-2008 against Rs. 316642 lacs for the quarter ending on 31-DEC-2007. Net Profit / (Loss) of Rs. 5594 lacs for the quarter ending on 31-DEC-2008 against Rs. 12074 lacs for the quarter ending on 31-DEC-2007.","30-Jan-2009 14:03:00","2009-01-30 14:03:00","-","-","-"
"ADANIENT","Adani Enterprises Limited","Resignation","Adani Enterprises Limited has informed the Exchange that: ""Shri Pradeep Mittal, a Director of the Company has resigned from the Directorship of the Company w.e.f. 15th October, 2008"".","25-Oct-2008 17:30:00","2008-10-25 17:30:00","-","-","-"
"ADANIENT","Adani Enterprises Limited","Consolidated Results Update, Half Yearly ended, 30-SEP-2008","Adani Enterprises Limited has informed the Exchange regarding the consolidated Results for the half year ended on 30-SEP-2008 as follows: Net Sales of Rs. 1088751 lacs for half year ending on 30-SEP-2008 against Rs. 765381 lacs for the half year ending on 30-SEP-2007. Net Profit / (Loss) of Rs. 20728 lacs for the half year ending on 30-SEP-2008 against Rs. 11635 lacs for the half year ending on 30-SEP-2007.","25-Oct-2008 17:07:00","2008-10-25 17:07:00","-","-","-"
"ADANIENT","Adani Enterprises Limited","Consolidated Results Update, Quarter ended, 30-SEP-2008","Adani Enterprises Limited has informed the Exchange regarding the consolidated Results for the quarter ended on 30-SEP-2008 as follows: Net Sales of Rs. 587710 lacs for quarter ending on 30-SEP-2008 against Rs. 438231 lacs for the quarter ending on 30-SEP-2007. Net Profit / (Loss) of Rs. 11371 lacs for the quarter ending on 30-SEP-2008 against Rs. 4761 lacs for the quarter ending on 30-SEP-2007.","25-Oct-2008 17:06:00","2008-10-25 17:06:00","-","-","-"
"ADANIENT","Adani Enterprises Limited","Standalone Results Update, Half Yearly ended, 30-SEP-2008","Adani Enterprises Limited has informed the Exchange regarding the standalone Results for the half year ended on 30-SEP-2008 as follows: Net Sales of Rs. 546742 lacs for half year ending on 30-SEP-2008 against Rs. 450996 lacs for the half year ending on 30-SEP-2007. Net Profit / (Loss) of Rs. 13377 lacs for the half year ending on 30-SEP-2008 against Rs. 8336 lacs for the half year ending on 30-SEP-2007.","25-Oct-2008 17:04:00","2008-10-25 17:04:00","-","-","-"
"ADANIENT","Adani Enterprises Limited","Standalone Results Update, Quarter ended, 30-SEP-2008","Adani Enterprises Limited has informed the Exchange regarding the standalone Results for the quarter ended on 30-SEP-2008 as follows: Net Sales of Rs. 311151 lacs for quarter ending on 30-SEP-2008 against Rs. 256909 lacs for the quarter ending on 30-SEP-2007. Net Profit / (Loss) of Rs. 6680 lacs for the quarter ending on 30-SEP-2008 against Rs. 3793 lacs for the quarter ending on 30-SEP-2007.","25-Oct-2008 17:01:00","2008-10-25 17:01:00","-","-","-"
"ADANIENT","Adani Enterprises Limited","Reg.3(3) of SEBI (Substantial Acq of shares &Takeovers),1997","Adani Tradelinks has informed the Exchange that Pranav V. Adani (on behalf of Adani Tradelinks) proposes to acquire 1,25,72,691 Equity shares aggregating to 5.10% of the shares/voting rights of Adani Enterprises Limited from Adani Infrastructure Services Pvt. Ltd. The mode of proposed acquisition is by way of inter se transfer and the date of proposed acquisition is October 27, 2008. The proposed acquisition price per share is not applicable, since it is inter se transfer of shares amongst group. The shareholding of Pranav V. Adani (on behalf of Adani Tradelinks) after the proposed acquisition would be 1,58,22,691 shares aggregating to 6.42% of the shares/voting rights of Adani Enterprises Limited. The details of the same shall be available on the NSE website (http://www.nseindia.com) under: Corporates > Latest Announcements and on the Extranet Server (/Common/Corporate Announcements).<a href=/content/corporate/Adani_reg33_22102008.zip target=NEW> For more details click here.</a>","22-Oct-2008 10:50:00","2008-10-22 10:50:00","-","-","-"
"ADANIENT","Adani Enterprises Limited","Press Release","Adani Enterprises Limited has informed the Exchange regarding a press release dated September 29, 2008, titled ""Chemoil and Adani Form Joint Venture; Initiating Pan-Indian expansion and developing the region's fuel oil and petroleum product markets"". A copy of the press release shall be available on the NSE website (http://www.nseindia.com) under: Corporates > Latest Announcements and on the Extranet Server (/Common/Corporate Announcements).<a href=/content/corporate/Adani_PR_29022008.zip target=NEW> For more details click here.</a>","29-Sep-2008 15:40:00","2008-09-29 15:40:00","-","-","-"
"ADANIENT","Adani Enterprises Limited","Appointment","Adani Enterprises Limited has informed the Exchange that the Board of Directors of the Company in their meeting held on September 26, 2008 have appointed Mr. Yoshihiro Miwa as an Additional Director of the Company.","26-Sep-2008 18:51:00","2008-09-26 18:51:00","-","-","-"
"ADANIENT","Adani Enterprises Limited","Outcome of AGM","Adani Enterprises Limited has informed the Exchange regarding the outcome of Annual General Meeting of the Company held on September 26, 2008. The details of the same shall be available on the NSE website (http://www.nseindia.com) under: Corporates > Latest Announcements and on the Extranet Server (/Common/Corporate Announcements)  <a href=/content/corporate/adani_outcomeAGM_26092008.zip target=NEW> For more details click here.</a>","26-Sep-2008 16:28:00","2008-09-26 16:28:00","-","-","-"
"ADANIENT","Adani Enterprises Limited","Results of Postal Ballot","Adani Enterprises Limited has informed the Exchange that ""Members of the Company have passed the Special resolution Under Section 372A of the Companies Act, 1956 to authorize the Board of Directors of the Company for making investments, giving loans in excess of the limits prescribed in the said section and through Postal Ballot process with requisite majority on 22nd September, 2008"".","23-Sep-2008 16:51:00","2008-09-23 16:51:00","-","-","-"
"ADANIENT","Adani Enterprises Limited","AGM/Book Closure","Adani Enterprises Limited has informed the Exchange that the Register of members and Transfer Books of the Company will remain closed from September 20, 2008 to September 26, 2008 (both days inclusive) for determining the entitlement of dividend, if declared at the forthcoming Annual General Meeting to be held on September 26, 2008.","27-Aug-2008 11:07:00","2008-08-27 11:07:00","-","-","-"
"ADANIENT","Adani Enterprises Limited","Postal Ballot","Adani Enterprises Limited has informed the Exchange that as per section 192A of the Companies Act, 1956, read with the Companies (Passing of the Resolution by Postal Ballot) Rules, 2001, the consent of the shareholders for the Special Resolution (as per the attachment) is to be obtained by means of Postal Ballot. The Company has appointed Mr. Rohit Choksi, as the scrutinizer for conducting the postal ballot process in a fair and transparent manner. The duly completed postal ballot forms should reach the Scrutinizer on or before September 17, 2008. The Scrutinizer will submit his report to the Chairman after completion of the scrutiny and the results of the postal ballot will be announced by the Chairman on September 22, 2008. A copy of the Notice of Postal Ballot shall be available on the NSE website   (http://www.nseindia.com) under: Corporates > Latest Announcements and on the Extranet Server (/Common/Corporate Announcements).<a href=/content/corporate/adani_PB_19082008.zip target=NEW> For more details click here.</a>","19-Aug-2008 15:14:00","2008-08-19 15:14:00","-","-","-"
"ADANIENT","Adani Enterprises Limited","Standalone Results Update, Quarter ended, 30-JUN-2008","Adani Enterprises Limited has informed the Exchange regarding the standalone Results for the quarter ended on 30-JUN-2008 as follows: Net Sales of Rs. 239480 lacs for quarter ending on 30-JUN-2008 against Rs. 194087 lacs for the quarter ending on 30-JUN-2007. Net Profit / (Loss) of Rs. 6697 lacs for the quarter ending on 30-JUN-2008 against Rs. 4543 lacs for the quarter ending on 30-JUN-2007.","28-Jul-2008 15:01:00","2008-07-28 15:01:00","-","-","-"
"ADANIENT","Adani Enterprises Limited","Consolidated Results Update, Quarter ended, 30-JUN-2008","Adani Enterprises Limited has informed the Exchange regarding the consolidated Results for the quarter ended on 30-JUN-2008 as follows: Net Sales of Rs. 504930 lacs for quarter ending on 30-JUN-2008 against Rs. 327150 lacs for the quarter ending on 30-JUN-2007. Net Profit / (Loss) of Rs. 9357 lacs for the quarter ending on 30-JUN-2008 against Rs. 6846 lacs for the quarter ending on 30-JUN-2007.","28-Jul-2008 15:00:00","2008-07-28 15:00:00","-","-","-"
"ADANIENT","Adani Enterprises Limited","Disclosure under the SEBI(Prohibition of Insider Trading)","Adani Enterprises Limited has informed the Exchange regarding the Annual Disclosures as on March 31, 2008 as received by the Company from the Directors/ Officers/ Designated Employees, as per the Provisions of the SEBI (Prohibition of Insider Trading) Regulations, 1992 and Company's Code of Conduct for Prohibition of Insider Trading. The details of the List of Insider as on March 31, 2008 shall be available on the NSE website (http://www.nseindia.com) under: Corporates > Latest Announcements and on the Extranet Server (/Common/Corporate Announcements).<a href=/content/corporate/Adani_Ann_07072008.zip target=NEW> For more details click here.</a>","07-Jul-2008 17:32:00","2008-07-07 17:32:00","-","-","-"
"ADANIENT","Adani Enterprises Limited","Reg.3(3) of SEBI (Substantial Acq of shares &Takeovers),1997","S. B. Adani Family Trust has informed the Exchange that Gautam S. Adani/Rajesh S. Adani (on behalf of S. B. Adani Family Trust) propose to acquire 1,43,95,000 Equity Shares representing 5.84% of the total paid up Equity Share Capital of Adani Enterprises Limited from the transferors (as per attachment). The mode of proposed acquisition is by way of Inter-se-transfer and the date of proposed acquisition is June 11, 2008. The proposed acquisition price is Not Applicable, since it is inter se transfer of shares amongst group as defined in Regulation 3(1)(e)(i). The shareholding of Gautam S. Adani / Rajesh S. Adani (on behalf of S. B. Adani Family Trust) after the proposed acquisition would be 10,95,85,500 shares aggregating to 44.46% of the shares/voting rights of Adani Enterprises Limited. The details of the same shall be available on the NSE website (http://www.nseindia.com) under: Corporates > Latest Announcements and on the Extranet Server (/Common/Corporate Announcements).<a href=/content/corporate/Adani_Reg3_04062008.zip target=NEW> For more details click here.</a>","04-Jun-2008 18:10:00","2008-06-04 18:10:00","-","-","-"
"ADANIENT","Adani Enterprises Limited","Dividend","Adani Enterprises Limited has informed the Exchange that the Board of Directors of the Company at its meeting held on May 28, 2008 has recommended a Equity dividend @ 60% for the year 2007-08.","28-May-2008 18:41:00","2008-05-28 18:41:00","-","-","-"
"ADANIENT","Adani Enterprises Limited","Standalone Results Update, Quarter ended, 31-MAR-2008","Adani Enterprises Limited has informed the Exchange regarding the standalone Results for the quarter ended on 31-MAR-2008 as follows: Net Sales of Rs. 391906 lacs for quarter ending on 31-MAR-2008 against Rs. 342607 lacs for the quarter ending on 31-MAR-2007. Net Profit / (Loss) of Rs. 10797 lacs for the quarter ending on 31-MAR-2008 against Rs. 6620 lacs for the quarter ending on 31-MAR-2007.","28-May-2008 18:20:00","2008-05-28 18:20:00","-","-","-"
"ADANIENT","Adani Enterprises Limited","Consolidated Results Update, Quarter ended, 31-MAR-2008","Adani Enterprises Limited has informed the Exchange regarding the consolidated Results for the quarter ended on 31-MAR-2008 as follows: Net Sales of Rs. 661974 lacs for quarter ending on 31-MAR-2008. Net Profit / (Loss) of Rs. 13745 lacs for the quarter ending on 31-MAR-2008.","28-May-2008 18:19:00","2008-05-28 18:19:00","-","-","-"
"ADANIENT","Adani Enterprises Limited","Standalone Results Update, Year ended, 31-MAR-2008","Adani Enterprises Limited has informed the Exchange regarding the standalone Results for the year ended on 31-MAR-2008 as follows: Net Sales of Rs. 1159544 lacs for year ending on 31-MAR-2008 against Rs. 1015166 lacs for the year ending on 31-MAR-2007. Net Profit / (Loss) of Rs. 31207 lacs for the year ending on 31-MAR-2008 against Rs. 15069 lacs for the year ending on 31-MAR-2007.","28-May-2008 18:18:00","2008-05-28 18:18:00","-","-","-"
"ADANIENT","Adani Enterprises Limited","Consolidated Results Update, Year ended, 31-MAR-2008","Adani Enterprises Limited has informed the Exchange regarding the consolidated Results for the year ended on 31-MAR-2008 as follows: Net Sales of Rs. 1960971 lacs for year ending on 31-MAR-2008 against Rs. 1694906 lacs for the year ending on 31-MAR-2007. Net Profit / (Loss) of Rs. 36974 lacs for the year ending on 31-MAR-2008 against Rs. 17328 lacs for the year ending on 31-MAR-2007.","28-May-2008 18:17:00","2008-05-28 18:17:00","-","-","-"
"ADANIENT","Adani Enterprises Limited","Resignation","Adani Enterprises Limited has informed the Exchange that: ""Shri Chinubhai R. Shah, a Director of the Company has resigned from the Directorship of the Company w.e.f. 23rd April, 2008"".","02-May-2008 16:19:00","2008-05-02 16:19:00","-","-","-"
"ADANIENT","Adani Enterprises Limited","Updates","Adani Enterprises Limited has informed the Exchange vide its letter dated May 02, 2008 that: ""Our Subsidiary, M/s. Adani Power Ltd., has filed DRHP today with SEBI for offering 296,948,000 equity shares (including employee reservation) to the public on hundred percent book building basis"".","02-May-2008 15:18:00","2008-05-02 15:18:00","-","-","-"
"ADANIENT","Adani Enterprises Limited","Publish Audited Results","Adani Enterprises Limited has informed the Exchange that : ""We will be publishing Audited Results of the Company for the year 2007-2008, within three months  (i.e. by 30th June, 2008) from the end of the last quarter of the financial year (i.e. 31st March, 2008). Hence, we are not publishing the unaudited results.""","08-Apr-2008 19:20:00","2008-04-08 19:20:00","-","-","-"
"ADANIENT","Adani Enterprises Limited","Results of Postal Ballot","Adani Enterprises Limited has informed the Exchange that ""Members of the Company have passed the Special resolution: Under Section 372A of the Companies Act, 1956 to authorize the Board of Directors of the Company for making investments, giving loans and providing guarantees/ securities in excess of the limits prescribed in the said section and through Postal Ballot process with requisite majority on 27th March, 2008"".","27-Mar-2008 18:37:00","2008-03-27 18:37:00","-","-","-"
"ADANIENT","Adani Enterprises Limited","Postal Ballot","Adani Enterprises Limited has informed the Exchange that as per section 192A of the Companies Act, 1956, read with the Companies (Passing of the Resolution by Postal Ballot) Rules, 2001, the consent of the shareholders for the Special Resolution (as per the attachment) is to be obtained by means of Postal Ballot. The Company has appointed Mr. Rohit Choksi, as the scrutinizer for conducting the postal ballot process in a fair and transparent manner. The duly completed postal ballot forms should reach the Scrutinizer on or before March 24, 2008. The Scrutinizer will submit his report to the Chairman after completion of the scrutiny and the results of the postal ballot will be announced by the Chairman on March 27, 2008. A copy of the Notice of Postal Ballot shall be available on the NSE website   (http://www.nseindia.com) under: Corporates > Latest Announcements and on the Extranet Server (/Common/Corporate Announcements).<a href=/content/corporate/adani_PBNOT_21022008.zip target=NEW> For more details click here.</a>","21-Feb-2008 12:52:00","2008-02-21 12:52:00","-","-","-"
"ADANIENT","Adani Enterprises Limited","Outcome of EGM","Adani Enterprises Limited has informed the Exchange regarding the outcome of the Extra Ordinary General Meeting of the Company held on February 04, 2008. The detail of the same shall be available on the NSE website   (http://www.nseindia.com) under: Corporates > Latest Announcements and on the Extranet Server (/Common/Corporate Announcements).<a href=/content/corporate/Adani_Outcoemegm_04022008.zip target=NEW> For more details click here.</a>","04-Feb-2008 13:22:00","2008-02-04 13:22:00","-","-","-"
"ADANIENT","Adani Enterprises Limited","Standalone Results Update, Quarter ended, 31-DEC-2007","Adani Enterprises Limited has informed the Exchange regarding the standalone Results for the quarter ended on 31-DEC-2007 as follows: Net Sales of Rs. 316642 lacs for quarter ending on 31-DEC-2007 against Rs. 262518 lacs for the quarter ending on 31-DEC-2006. Net Profit / (Loss) of Rs. 12074 lacs for the quarter ending on 31-DEC-2007 against Rs. 3701 lacs for the quarter ending on 31-DEC-2006.","29-Jan-2008 19:44:00","2008-01-29 19:44:00","-","-","-"
"ADANIENT","Adani Enterprises Limited","Press Release","Adani Enterprises Limited has submitted to the Exchange a copy of a press release regarding several new initiatives identified by the Company in the ensuing 3 to 5 years. A copy of the press release shall be available on the NSE website (http://www.nseindia.com) under: Corporates > Latest Announcements and on the Extranet Server (/Common/Corporate Announcements).<a href=/content/corporate/Adani_PR_24012008.zip target=NEW> For more details click here.</a>","24-Jan-2008 11:51:00","2008-01-24 11:51:00","-","-","-"
"ADANIENT","Adani Enterprises Limited","Reg.3(3) of SEBI (Substantial Acq of shares &Takeovers),1997","S. B. Adani Family Trust has informed the Exchange that Gautam S. Adani/Rajesh S. Adani (on behalf of S. B. Adani Family Trust) propose to acquire 6,99,53,000 Equity Shares representing 28.38% of the total paid up Equity Share Capital of Adani Enterprises Limited from the transferors (as per attachment). The mode of proposed acquisition is by way of Inter-se-transfer and the date of proposed acquisition is January 18, 2008. The proposed acquisition price is Not Applicable, since it is inter se transfer of shares amongst promoters. The shareholding of Gautam S. Adani / Rajesh S. Adani (on behalf of S. B. Adani Family Trust) after the proposed acquisition would be 9,51,90,500 shares aggregating to 38.62% of the shares/voting rights of Adani Enterprises Limited. The details of the same shall be available on the NSE website (http://www.nseindia.com) under: Corporates > Latest Announcements and on the Extranet Server (/Common/Corporate Announcements).<a href=/content/corporate/Adani_reg_14012008.zip target=NEW> For more details click here.</a>","14-Jan-2008 19:09:00","2008-01-14 19:09:00","-","-","-"
"ADANIENT","Adani Enterprises Limited","Notice of EGM","Adani Enterprises Limited has submitted to the Exchange a copy of Notice calling Extra Ordinary General Meeting of the Company to be held on February 04, 2008. A copy of the same shall be available on the NSE website (http://www.nseindia.com) under: Corporates > Latest Announcements and on the Extranet Server (/Common/Corporate Announcements).<a href=/content/corporate/Adani_NOTICE_EGM_14012008.zip target=NEW> For more details click here.</a>","14-Jan-2008 15:05:00","2008-01-14 15:05:00","-","-","-"
"ADANIENT","Adani Enterprises Limited","Press Release","Adani Enterprises Limited has informed the Exchange regarding a press release with respect to outcome of the Board Meeting of the Company held on January 04, 2008. A copy of the press release shall be available on the NSE website (http://www.nseindia.com) under: Corporates > Latest Announcements and on the Extranet Server (/Common/Corporate Announcements).<a href=/content/corporate/Adani_PR_08012008.zip target=NEW> For more details click here.</a>","08-Jan-2008 12:42:00","2008-01-08 12:42:00","-","-","-"
"ADANIENT","Adani Enterprises Limited","Issue of securities","Adani Enterprises Limited has informed the Exchange that ""The Board of Directors at its meeting held on 04th January, 2008 decided to issue, offer and allot equity shares or instruments convertible into Equity Shares ('Securities') up to the amount not exceeding Rs. 3000 Crores (Rupees Three Thousand Crores only) in one or more tranche or tranches inclusive of such premium, to Qualified Institutional Buyers (as defined by the DIP Guidelines) pursuant to a Qualified Institutions Placement Guidelines (QIP), as provided under Chapter XIII-A of the DIP Guidelines. The abovesaid issuance of securities shall be subject to the approval of Members of the Company and such other approvals as may be required"".","04-Jan-2008 18:38:00","2008-01-04 18:38:00","-","-","-"
"ADANIENT","Adani Enterprises Limited","Voluntary Delisting","Adani Enterprises Limited has informed the Exchange that ""Equity Shares of the Company are de-listed from Ahmedabad Stock Exchange Ltd. (ASE), Ahmedabad w.e.f. December 20, 2007"".","26-Dec-2007 15:18:00","2007-12-26 15:18:00","-","-","-"
"ADANIENT","Adani Enterprises Limited","Results of Postal Ballot","Adani Enterprises Limited has informed the Exchange that ""Members of the Company have passed the Special resolution(s) - 1) Under Section 372A of the Companies Act, 1956 to authorize the Board of Directors of the Company for making, investments, giving loans and providing guarantees / securities in excess of the limits prescribed in the said section and 2) Section 17 of the Companies Act, 1956 to alter Main Object Clause of the Memorandum of Association of the Company, through Postal Ballot process with requisite majority on 23rd November, 2007"".","27-Nov-2007 14:23:00","2007-11-27 14:23:00","-","-","-"
"ADANIENT","Adani Enterprises Limited","Consolidated Results Update, Half Yearly ended, 30-SEP-2007","Adani Enterprises Limited has informed the Exchange regarding the consolidated Results for the half year ended on 30-SEP-2007 as follows: Net Sales of Rs. 765381 lacs for half year ending on 30-SEP-2007. Net Profit / (Loss) of Rs. 11110 lacs for the half year ending on 30-SEP-2007.","29-Oct-2007 15:14:00","2007-10-29 15:14:00","-","-","-"
"ADANIENT","Adani Enterprises Limited","Consolidated Results Update, Quarter ended, 30-SEP-2007","Adani Enterprises Limited has informed the Exchange regarding the consolidated Results for the quarter ended on 30-SEP-2007 as follows: Net Sales of Rs. 438231 lacs for quarter ending on 30-SEP-2007. Net Profit / (Loss) of Rs. 4264 lacs for the quarter ending on 30-SEP-2007.","29-Oct-2007 15:11:00","2007-10-29 15:11:00","-","-","-"
"ADANIENT","Adani Enterprises Limited","Standalone Results Update, Half Yearly ended, 30-SEP-2007","Adani Enterprises Limited has informed the Exchange regarding the standalone Results for the half year ended on 30-SEP-2007 as follows: Net Sales of Rs. 450996 lacs for half year ending on 30-SEP-2007. Net Profit / (Loss) of Rs. 8336 lacs for the half year ending on 30-SEP-2007.","29-Oct-2007 15:10:00","2007-10-29 15:10:00","-","-","-"
"ADANIENT","Adani Enterprises Limited","Postal Ballot","Adani Enterprises Limited has submitted to the Exchange a copy of the Notice of Postal Ballot for passing the resolutions under Section 372A and 17 of the Companies Act, 1956, in compliance of the Companies (Passing of the Resolutions By Postal Ballot) Rules, 2001. A copy of the same shall be available on the NSE website   (http://www.nseindia.com) under: Corporates > Latest Announcements and on the Extranet Server (/Common/Corporate Announcements).<a href=/content/corporate/AdaniEnterprises_PBNotice.zip target=NEW> For more details click here.</a>","23-Oct-2007 19:38:00","2007-10-23 19:38:00","-","-","-"
"ADANIENT","Adani Enterprises Limited","Outcome of AGM","Adani Enterprises Limited has informed the Exchange regarding the outcome of the Annual General Meeting of the company held on September 29, 2007 and Speech of Shri Gautam S. Adani, Chairman of the Company delivered at the Annual General Meeting of the Company. The details of the business transacted at the Annual General Meeting and a copy of the Chairman's Speech shall be available on the NSE website (http://www.nseindia.com) under Corporates > Latest Announcements and on the Extranet Server (/Common/Corporate Announcements).<a href=/content/corporate/ADANI_AGM_03102007.zip target=NEW> For more details click here.</a>","03-Oct-2007 13:54:00","2007-10-03 13:54:00","-","-","-"
"ADANIENT","Adani Enterprises Limited","Appointment","Adani Enterprises Limited has informed the Exchange vide its letter dated September 22, 2007 that ""Mr. Parthiv Parikh has been appointed as Assistant Company Secretary and Compliance Officer of the Company w.e.f. September 17, 2007"".","24-Sep-2007 09:58:00","2007-09-24 09:58:00","-","-","-"
"ADANIENT","Adani Enterprises Limited","AGM/Book Closure","Adani Enterprises Limited has informed the Exchange that: ""The Register of Members of the Company will remain closed from Tuesday 25th September, 2007 to Friday, 28th September, 2007 (both days inclusive) for the purpose of Annual General Meeting of the Company to be held on Saturday, 29th September, 2007"".","07-Sep-2007 12:47:00","2007-09-07 12:47:00","-","-","-"
"ADANIENT","Adani Enterprises Limited","Corrigendum to Open offer","ICICI Securities Limited had informed the Exchange regarding Open Offer to the Shareholders of Adani Enterprises Limited by Adani Infrastructure Services Limited (""Acquirer"" or ""AISPL"") and the person acting in concert with the Acquirer namely Adani Agro Private Limited (""AAPL"" or the ""PAC""),  for acquisition of approximately 8.1% of the paid-up share capital of Adani Enterprises Limited in compliance with SEBI (Substantial Acquisition of Shares & Takeovers) Regulations, 1997.  ICICI Securities Limited has now submitted to the Exchange a copy of the corrigendum to the open offer, published in the newspaper on August 18, 2007. A copy of the same shall be available on the NSE website (http://www.nseindia.com) under: Corporates > Latest Announcements and on the Extranet Server (/Common/Corporate Announcements).<a href=/content/corporate/Adabi_PA_20082007.zip target=NEW> For more details click here.</a>","20-Aug-2007 18:34:00","2007-08-20 18:34:00","-","-","-"
"ADANIENT","Adani Enterprises Limited","Press Release","Adani Enterprises Limited has informed the Exchange regarding a press release titled ""Company Communication (1st Quarter, FY 07-08)"". The details of the press release shall be available on the NSE website   (http://www.nseindia.com) under: Corporates > Latest Announcements and on the Extranet Server (/Common/Corporate Announcements).<a href=/content/corporate/AdaniEnterprises_PR_27072007.zip target=NEW> For more details click here.</a>","27-Jul-2007 16:53:00","2007-07-27 16:53:00","-","-","-"
"ADANIENT","Adani Enterprises Limited","Standalone Results Update, Quarter ended, 30-JUN-2007","Adani Enterprises Limited has informed the Exchange regarding the standalone Results for the quarter ended on 30-JUN-2007 as follows: Net Sales of Rs. 194087 lacs for quarter ending on 30-JUN-2007 against Rs. 169171 lacs for the quarter ending on 30-JUN-2006. Net Profit / (Loss) of Rs. 4543 lacs for the quarter ending on 30-JUN-2007 against Rs. 2481 lacs for the quarter ending on 30-JUN-2006.","27-Jul-2007 16:25:00","2007-07-27 16:25:00","-","-","-"
"ADANIENT","Adani Enterprises Limited","Results of Postal Ballot","Adani Enterprises Limited has informed the Exchange that members of the Company have passed the Special resolution(s) (1) Under Section 372A of the Companies Act, 1956 to authorize the Board of Directors of the Company for making investments, giving loans and providing guarantees/securities in excess of the limits prescribed in the said section and (2) Section 17 of the Companies Act, 1956 to alter Main Object Clause of the Memorandum of Association of the Company through Postal Ballot process with requisite majority on June 04, 2007. The details of the same shall be available on the NSE website (http://www.nseindia.com) under: Corporates > Latest Announcements and on the Extranet Server (/Common/Corporate Announcements).<a href=/content/corporate/Adani_PBResult.zip target=NEW> For more details click here.</a>","04-Jun-2007 18:43:00","2007-06-04 18:43:00","-","-","-"
"ADANIENT","Adani Enterprises Limited","Miscellaneous","Adani Enterprises Limited has submitted to the Exchange a copy of the revised list of Insiders alongwith their holding in the Company as on March 31, 2007. The details of the same shall be available on the NSE website (http://www.nseindia.com) under: Corporates > Latest Announcements and on the Extranet Server (/Common/Corporate Announcements).<a href=/content/corporate/Adani_Reg.zip target=NEW> For more details click here.</a>","22-May-2007 14:39:00","2007-05-22 14:39:00","-","-","-"
"ADANIENT","Adani Enterprises Limited","Miscellaneous","Adani Enterprises Limited has informed the Exchange regarding Company Communication with respect to the Audited Financial Results for year ended March 31, 2007. A copy of the same shall be available on the NSE website (http://www.nseindia.com) under: Corporates > Latest Announcements and on the Extranet Server (/Common/Corporate Announcements).<a href=/content/corporate/adani_misc_210507.zip target=NEW> For more details click here.</a>","21-May-2007 19:45:00","2007-05-21 19:45:00","-","-","-"
"ADANIENT","Adani Enterprises Limited","Voluntary Delisting","Adani Enterprises Limited has informed the Exchange that the Board of Directors, at their meeting held on May 21, 2007, proposed to voluntary delist equity shares of the Company from Ahmedabad Stock Exchange (ASE). However, equity shares will continue to remain listed on NSE and BSE.","21-May-2007 16:25:00","2007-05-21 16:25:00","-","-","-"
"ADANIENT","Adani Enterprises Limited","Corrigendum to Open offer","ICICI Securities Primary Dealership Ltd has informed the Exchange regarding Open Offer to the Shareholders of Adani Enterprises Limited by Adani Infrastructure Services Limited, for acquisition of approximately 8.1% of the paid-up share capital of Adani Enterprises Limited in compliance with SEBI (Substantial Acquisition of Shares & Takeovers) Regulations, 1997.  Further ICICI Securities Primary Dealership Ltd has submitted to the Exchange a copy of the corrigendum to the original Public Announcement published on April  28, 2007. A copy of the same shall be available on the NSE website (http://www.nseindia.com) under: Corporates > Latest Announcements and on the Extranet Server (/Common/Corporate Announcements).<a href=/content/corporate/Adani_Corr_04052007.zip target=NEW> For more details click here.</a>","04-May-2007 19:01:00","2007-05-04 19:01:00","-","-","-"
"ADANIENT","Adani Enterprises Limited","Postal Ballot","Adani Enterprises Limited has informed the Exchange that as per Section 192A of the Companies Act, 1956, read with the Companies (Passing of the Resolution by Postal ballot) Rules, 2001, the consent of the shareholders is to be obtained by means of postal ballot through a Special Resolution. The Company has appointed Mr. Rohit Choksi as the scrutinizer for conducting the postal ballot process in a fair and transparent manner. The duly completed form should reach the scrutinizer on or before May 29, 2007. The Scrutinizer will submit his report to the Chairman after completion of the scrutiny and the results of the postal ballot will be announced by the Chairman on June 4, 2007. A copy of the same shall be available on the NSE website (http://www.nseindia.com) under: Corporates > Latest Announcements and on the Extranet Server (/Common/Corporate Announcements).<a href=/content/corporate/Adani_PBNotice.zip target=NEW> For more details click here.</a>","03-May-2007 19:26:00","2007-05-03 19:26:00","-","-","-"
"ADANIENT","Adani Enterprises Limited","Publish Audited Results","Adani Enterprises Limited has informed the Exchange that ""We will be publishing Audited Results of the Company for the year 2006 - 2007, within three months (i.e. by 30th June, 2007) from the end of the last quarter of the financial year (i.e. 31st March, 2007). Hence, we are not publishing the unaudited results.""","17-Apr-2007 18:52:00","2007-04-17 18:52:00","-","-","-"
"ADANIENT","Adani Enterprises Limited","Interim Dividend","Adani Enterprises Limited has informed the Exchange that: ""The Board of Directors of the Company in their meeting held on Saturday, March 17, 2007 at the Registered Office of the Company have declared interim dividend @ 45% on 246,486,975 Equity Shares of Re 1/- each for the current financial year 2006-2007"".","19-Mar-2007 09:53:00","2007-03-19 09:53:00","-","-","-"
"ADANIENT","Adani Enterprises Limited","Corrigendum to Open offer","ICICI Securities Ltd had informed the Exchange regarding Open Offer to the Shareholders of Adani Enterprises Limited by Adani Infrastructure Services Limited, for acquisition of approximately 8.1% of the paid-up share capital of Adani Enterprises Limited in compliance with SEBI (Substantial Acquisition of Shares & Takeovers) Regulations, 1997.  The company has now submitted to the Exchange a copy of the corrigendum to the original Public Announcement dated February 15,2007. A copy of the same shall be available on the NSE website (http://www.nseindia.com) under: Corporates > Latest Announcements and on the Extranet Server (/Common/Corporate Announcements).<a href=/content/corporate/AdaniEnt_PR_23022007.zip target=NEW> For more details click here.</a>","23-Feb-2007 13:43:00","2007-02-23 13:43:00","-","-","-"
"ADANIENT","Adani Enterprises Limited","Open Offer","ICICI Securities Limited had informed the Exchange regarding Public Annoucement in relation to open offer for acquisition of up to approximately 8% of the paid up equity share capital of Adani Enterprises Limited.  ICICI Securities Limited has now informed the Exchange that face value of the shares of Adani Enterprises Limited to read as Rs. 1/- as against Rs. 10/- as appearing in the announcement section for Adani Enterprises Limited.","19-Feb-2007 14:58:00","2007-02-19 14:58:00","-","-","-"
"ADANIENT","Adani Enterprises Limited","Public Announcement-Open Offer","ICICI Securities Limited has submitted to the Exchange a copy of the Public Announcement being issued by ICICI Securities Limited (""ICICI Securities""), the Manager to the Offer, on behalf of Adani Infrastructure Services Private Limited (the ""Acquirer"" or ""AISPL""), pursuant to Regulations 11(2A) read with 21(3) of the Securities and Exchange Board of India (Substantial Acquisition of Shares and Takeovers) Regulations, 1997 and subsequent amendments thereto (""SEBI (SAST) Regulations, 1997"" or the ""Regulations""). The Offer: This offer is being made by the Acquirer to the equity shareholders of Adani Enterprises Limited (""AEL"" or the ""Target Company""), a public limited company under the Companies Act, 1956 (the ""Companies Act"") and having its registered office at Adani House, Near Mithakhali Six Roads, Navarangpura, Ahmedabad - 380 009, Gujarat, India. The offer is a voluntary offer by the Acquirer to consolidate its holding in the Target Company by acquisition of 19,718,958 fully paid-up equity shares (""Shares"") of the face value of Rs. 10 each, representing in the aggregate approximately 8% of the total paid-up equity share capital / voting rights on the Target Company at a price of Rs. 233/- (Rupees Two hundred thirty three only) per share (""Offer Price"") payable in cash subject to the terms and conditions mentioned herein after (""Offer"" or ""Public Offer"" or ""Open Offer""). The offer is being made to all the shareholders of the Target Company other than, the Acquirer and the Promoter Group of AEL. The offer is not pursuant to any global acquisition resulting in an indirect acquisition of shares of the Target Company. The date of Opening of the Offer is April 05,2007 and the date of Closure of the Offer is April 24,2007. A copy of the Open Offer shall be available on the NSE website (http://www.nseindia. com) under: Corporates > Latest Announcements and on the Extranet Server (/Common/Corporate Announcements).<a href=/content/corporate/AdaniEnt_PA_16022007.zip target=NEW> For more details click here.</a>","16-Feb-2007 15:34:00","2007-02-16 15:34:00","-","-","-"
"ADANIENT","Adani Enterprises Limited","Outcome of EGM","Adani Enterprises Limited has informed the Exchange that ""regarding the outcome of the Extra Ordinary General Meeting of the Company held on Saturday, December 30, 2006 is as under: (1)To increase the borrowing powers of the Company. (2)To issue Foreign Currency Convertible Bonds (FCCBs) upto USD 250 Mn in the international markets"".","02-Jan-2007 16:05:00","2007-01-02 16:05:00","-","-","-"
"ADANIENT","Adani Enterprises Limited","Notice of EGM","Adani Enterprises Limited has submitted to the Exchange a copy of the Notice calling Extra Ordinary General Meeting of the Company to be held on December 30, 2006. The copy of the same shall be available on the NSE website (http://www.nseindia.com) under: Corporates > Latest Announcements and on the Extranet Server (/Common/Corporate Announcements).<a href=/content/corporate/Adani_egm_111206.zip target=NEW> For more details click here.</a>","11-Dec-2006 16:35:00","2006-12-11 16:35:00","-","-","-"
"ADANIENT","Adani Enterprises Limited","Issue of FCCB/Others","Adani Enterprises Limited has informed the Exchange on December 02,2006 that: ""The Board of Directors of the Company in their meeting held as on today at the Registered Office of the Company have approved the issue of Foreign Currency Convertible Bonds and/or other securities for a sum not exceeding US$ 250 Million subject to the approval of members in the general meeting"".","04-Dec-2006 09:53:00","2006-12-04 09:53:00","-","-","-"
"ADANIENT","Adani Enterprises Limited","Name Change/Symbol Change","Members of the Exchange are hereby informed that the name of Adani Exports Ltd. shall be changed to Adani Enterprises Limited and the trading symbol of the company be changed from ADANIEXPO to ADANIENT w.e.f. September 20, 2006.","06-Sep-2006 00:00:00","2006-09-06 00:00:00","-","-","-"
"ADANIENT","Adani Enterprises Limited","Results of Postal Ballot","Adani Exports Ltd has informed the Exchange that members of the Company have passed the Special resolution(s) - (1) Under Section 372A of the Companies Act, 1956 to authorize the Board of Directors of the Company for making investments, giving loans and providing guarantees/securities in excess of the limits prescribed in the said section and (2) Section 17 of the Companies Act, 1956 to alter Main Object Clause of the Memorandum of Association of the Company, through Postal Ballot process with requisite majority on August 22, 2006.","23-Aug-2006 00:00:00","2006-08-23 00:00:00","-","-","-"
"ADANIENT","Adani Enterprises Limited","Appointment","Adani Exports Ltd has informed the Exchange that Mr. Pradeep Mittal has been appointed as a whole - time director on the Board of the Company.","21-Aug-2006 00:00:00","2006-08-21 00:00:00","-","-","-"
"ADANIENT","Adani Enterprises Limited","Change of name of the Company","Adani Exports Ltd has informed the Exchange that the name of the Company "" Adani Exports Limited"" has been changed to ""Adani Enterprises Ltd."" with effect from August 10, 2006 vide certificate issued by the Registrar of Companies, Gujarat dated August 10,2006.","14-Aug-2006 00:00:00","2006-08-14 00:00:00","-","-","-"
"ADANIENT","Adani Enterprises Limited","Outcome of AGM","Adani Exports Ltd has informed the Exchange regarding the outcome of the Annual General Meeting of the Company held on July 29, 2006 as under:1) Declaration of final dividend at the rate of Rs. 0.45 per Equity Share of the Company for the financial year ended March 31, 2006. 2) Re-appointment of Dr. Pravin P. Shah and Shri Jay H. Shah as Directors of the Company. 3) Re-appointment of M/s Dharmesh Parikh and Co., Chartered Accountants, Ahmedabad, as Auditors of the Company till the conclusion of the next AGM of the Company. 4) Payment of commission to non-executive and independent directors of the Company. 5) Change of name of the Company from Adani Exports Limited to Adani Enterprises Limited.","31-Jul-2006 00:00:00","2006-07-31 00:00:00","-","-","-"
"ADANIENT","Adani Enterprises Limited","AGM","Adani Exports Ltd has informed the Exchange that the AGM of the Company will be held on July 29, 2006.","26-Jul-2006 00:00:00","2006-07-26 00:00:00","-","-","-"
"ADANIENT","Adani Enterprises Limited","Postal Ballot","Adani Exports Ltd has informed the Exchange that pursuant to Section 17 of the Companies Act, 1956, and subject to the approval of members puruant to section 192A of the companies act, 1956 and companies(Passing of the Resolution by Postal Ballot) Rules 2001 the present clause III (A) of the Company's Memorandum of Association be and hereby altered by inserting the new sub-clauses. The consent of the shareholders for the above purpose is to be obtained by means of postal ballot. The Company has appointed Mr. Rohit Choksi as the scrutinizer for conducting the postal ballot process in a fair and transparent manner. The postal ballot form duly completed should reach the scrutinizer, on or before August 17, 2006. The Scrutinizer will submit his report to the Chairman after completion of the scrutiny and and the result of the voting by postal ballot will be announced on August 22, 2006. The details of the Press release shall be available on the NSE website (http://www.nseindia.com) under: Corporates > Latest Announcements and on the Extranet Server (/Common/Corporate Announcements).","26-Jul-2006 00:00:00","2006-07-26 00:00:00","-","-","-"
"ADANIENT","Adani Enterprises Limited","Book Closure","Adani Exports Ltd has informed the Exchange that the Register of Members of the Company will remain closed from July 26, 2006 to July 28, 2006 (both days inclusive) for the purpose of Annual General Meeting of the Company and for payment of final dividend.","07-Jul-2006 00:00:00","2006-07-07 00:00:00","-","-","-"
"ADANIENT","Adani Enterprises Limited","Reg.7(1A) -SEBI (Substantial Acq of shares & Takeovers),1997","Shantilal B. Adani Family Trust has informed the Exchange that Gautam S. Adani/Rajesh S. Adani (On behalf of Shantilal B. Adani Family Trust) has acquired 11038000 shares aggregating to 4.80% of the total paid up capital of Adani Exports Limited on June 27, 2006. The mode of acquisition is through Inter se Transfer and the shareholding of Gautam S. Adani/Rajesh S. Adani (On behalf of Shantilal B. Adani Family Trust) after the said acquisition is 22,641,500 shares aggregating to 9.84% of the total paid up capital of Adani Exports Limited.","03-Jul-2006 00:00:00","2006-07-03 00:00:00","-","-","-"
"ADANIENT","Adani Enterprises Limited","Reg7(3)&Reg13(6)of SEBI Subs. Acq &Takeovers&Insider Trading","Adani Exports Ltd has informed the Exchange that Gautam S. Adani/Rajesh S. Adani (On behalf of Shantilal B. Adani Family Trust) has acquired 110,38,000 shares aggregating to 4.80% of the total paid up capital of Adani Exports Limited on June 27, 2006. The mode of acquisition is through Off Market Transaction and the  total shareholding of Gautam S. Adani/Rajesh S. Adani (On behalf of Shantilal B. Adani Family Trust) after the said acquisition is 22,641,500 shares aggregating to 9.84% of the total paid up capital of Adani Exports Limited.","03-Jul-2006 00:00:00","2006-07-03 00:00:00","-","-","-"
"ADANIENT","Adani Enterprises Limited","Reg.7(3) of SEBI (Substantial Acq of shares &Takeovers),1997","Adani Exports Ltd has informed the Exchange that Gautam S. Adani/Rajesh S. Adani (On behalf of Shantilal B. Adani Family Trust) has acquired 8,50,000 shares aggregating to 0.37% of the total share capital of Adani Exports Limited on June 13, 2006. The mode of acquisition is through Inter se Transfer and the shareholding of Gautam S. Adani/Rajesh S. Adani (On behalf of Shantilal B. Adani Family Trust) after the said acquisition is 11,603,500 shares aggregating to 5.04% of the total share capital of Adani Exports Limited.","27-Jun-2006 00:00:00","2006-06-27 00:00:00","-","-","-"
"ADANIENT","Adani Enterprises Limited","Disc under Regulation 13(6)of SEBI Insider Trading Reg.,1992","Adani Exports Ltd has informed the Exchange that Gautam S. Adani/Rajesh S. Adani (On behalf of Shantilal B. Adani Family Trust) has acquired 8,50,000 shares aggregating to 0.37% of the total share capital of Adani Exports Limited on June 13, 2006. The mode of acquisition is through Inter se Transfer and the shareholding of Gautam S. Adani/Rajesh S. Adani (On behalf of Shantilal B. Adani Family Trust) after the said acquisition is 11,603,500 shares aggregating to 5.04% of the total share capital of Adani Exports Limited.","23-Jun-2006 00:00:00","2006-06-23 00:00:00","-","-","-"
"ADANIENT","Adani Enterprises Limited","Reg.7(1) of SEBI (Substantial Acq of shares &Takeovers),1997","Shantilal B. Adani Family Trust has informed the Exchange that Gautam S. Adani/Rajesh S. Adani (On behalf of Shantilal B. Adani Family Trust) has acquired 8,50,000 shares aggregating to 0.37% of the total share capital of Adani Exports Limited on June 13, 2006. The mode of acquisition is through Inter se Transfer and the shareholding of Gautam S. Adani/Rajesh S. Adani (On behalf of Shantilal B. Adani Family Trust) after the said acquisition is 11,603,500 shares aggregating to 5.04% of the total share capital of Adani Exports Limited.","16-Jun-2006 00:00:00","2006-06-16 00:00:00","-","-","-"
"ADANIENT","Adani Enterprises Limited","Outcome of Board Meeting","Adani Exports Ltd has informed the Exchange that at the Board Meeting held on May 20,2006 the following items were deliberated and agreed upon subject to various formalities and approvals - 1) The Board discussed at length its overall business model comprising of the following SBUs : a) ""Energy"" Group, b) ""Agro"" Group, c) ""Metals"" Group, d) ""Real Estate Group"". It was generally agreed that the Adani Group's several initiatives for these SBUs would be structured under a appropriate division/subsidiary of Adani Exports Limited, subject to various approvals and formalities. This would present an integrated profile of each SBU in its entire value chain, under the overall structure of Adani Exports Limited. 2) The Real Estate Group has taken large initiatives in the cities of Mumbai and Ahmedabad aggregating to about 25 million square feet of development envisaging a product mix of township and integrated complexes of retail, commercial and residential units. The Real Estate initiatives under Adani Exports Limited would be through separate ""special purpose vehicles"" structure. Adani Exports Limited would explore joint and alliance arrangements for this business. 3) Looking at its integrated Commodity businesses, the board deliberated on change of name of Adani Exports Limited to ""Adani Enterprises Limited"" or such other name to reflect the business diversity, and suggested the initiation of the necessary formalities.","26-May-2006 00:00:00","2006-05-26 00:00:00","-","-","-"
"ADANIENT","Adani Enterprises Limited","Dividend","Adani Exports Ltd has informed the Exchange that the Board of Directors of the Company at its Meeting held on May 20, 2006 has recommended a dividend of 45%.","22-May-2006 00:00:00","2006-05-22 00:00:00","-","-","-"
"ADANIENT","Adani Enterprises Limited","News Verification","News Verification : The media had reports on May 15, 2006 that  Adani group is closing in on a mega Rs. 1,500 crore real estate deal in Bandra-Kurla complex in Mumbai. The Exchange, in order to verify the accuracy or otherwise of the information reported in the media and to inform the market place so that the interest of the investors is safeguarded, had written to the officials of Adani Exports Ltd. Adani Exports Ltd has vide its letter inter-alia stated, ""With reference to the news item regarding Adani Group, please note that we have decided to foray into real estate business through our subsidiary company and are in the process of finalization of various properties including the one at Bandra-Kurla Complex. A separate team has been set up to process various business related issues and Adani Group shall nurture the said business like its other ventures.""","16-May-2006 00:00:00","2006-05-16 00:00:00","-","-","-"
"ADANIENT","Adani Enterprises Limited","News Verification","News Verification : The media had reports that  Adani group is closing in on a mega Rs. 1,500 crore real estate deal in Bandra-Kurla complex in Mumbai. The Exchange, in order to verify the accuracy or otherwise of the information reported in the media and to inform the market place so that the interest of the investors is safeguarded, had written to the officials of the company. Reply is awaited from Adani Exports Ltd.","15-May-2006 00:00:00","2006-05-15 00:00:00","-","-","-"
"ADANIENT","Adani Enterprises Limited","Disc under SEBI(Subs Acqui. of shares &takeovers) Reg 1997","Vasant S. Adani Family Trust has informed the Exchange that Pushpa V. Adani / Vasant S. Adani (On behalf of Vasant S. Adani Family Trust) has sold 54,63,500 shares aggregating to 2.41% of the total paid up capital of Adani Exports Limited on the date as follows :- 27,00,000 shares were sold on March 03, 2006 and 27,63,500 shares were sold on March 08, 2006. The mode of sale is through Inter se Transfer and the shareholding of Pushpa V. Adani / Vasant S. Adani (On behalf of Vasant S. Adani Family Trust) after the said sale is 85,71,000 shares aggregating to 3.79% of the total paid up capital of Adani Exports Limited.","13-Mar-2006 00:00:00","2006-03-13 00:00:00","-","-","-"
"ADANIENT","Adani Enterprises Limited","Reg.7(3) of SEBI (Substantial Acq of shares &Takeovers),1997","Adani Exports Ltd has informed the Exchange that Pushpa V. Adani / Vasant S. Adani (On behalf of Vasant S. Adani Family Trust) has sold 54,63,500* shares aggregating to 2.41% of the total share capital of Adani Exports Limited on March 08, 2006. The mode of sale is through Inter se Transfer and the shareholding of Pushpa V. Adani / Vasant S. Adani (On behalf of Vasant S. Adani Family Trust) after the said sale is 85,71,000 shares aggregating to 3.79% of the total share capital of Adani Exports Limited. * Date of sale of shares is March 03, 2006 for 27,00,000 shares and March 08, 2006 for 27,63,500 shares.","13-Mar-2006 00:00:00","2006-03-13 00:00:00","-","-","-"
"ADANIENT","Adani Enterprises Limited","Reg.13-SEBI(Prohibition of Insider Trading Regulations)1992","Adani Exports Ltd has informed the Exchange that Adani Agro Pvt. Ltd. has acquired 27,00,000 shares aggregating to 1.19% of the total share capital of Adani Exports Limited. The mode of acquisition is through Transfer of Shares and the shareholding of Adani Agro Pvt. Ltd. after the said acquisition is 1,17,50,000 shares aggregating to 5.19% of the total share capital of Adani Exports Limited.","09-Mar-2006 00:00:00","2006-03-09 00:00:00","-","-","-"
"ADANIENT","Adani Enterprises Limited","Reg.7(3) of SEBI (Substantial Acq of shares &Takeovers),1997","Adani Exports Ltd has informed the Exchange that Adani Agro Pvt. Ltd. has acquired 27,00,000 shares aggregating to 1.19% of the total share capital of Adani Exports Limited. The mode of acquisition is through Transfer of Shares and the shareholding of Adani Agro Pvt. Ltd. after the said acquisition is 1,17,50,000 shares aggregating to 5.19% of the total share capital of Adani Exports Limited.","07-Mar-2006 00:00:00","2006-03-07 00:00:00","-","-","-"
"ADANIENT","Adani Enterprises Limited","Reg.7(1) of SEBI (Substantial Acq of shares &Takeovers),1997","Adani Agro Pvt. Ltd. has informed the Exchange that they have acquired 27,00,000 shares aggregating to 1.19% of the total paid up capital of Adani Exports Limited on March 03, 2006. The mode of acquisition is through Transfer of Shares and the shareholding of Adani Agro Pvt. Ltd. after the said acquisition is 1,17,50,000 shares aggregating to 5.19% of the total paid up capital of Adani Exports Limited.","07-Mar-2006 00:00:00","2006-03-07 00:00:00","-","-","-"
"ADANIENT","Adani Enterprises Limited","Results of Postal Ballot","Adani Exports Ltd has informed the Exchange that members of the Company have passed the Special resolution under Section 372A of the Companies Act, 1956 through Postal ballot, to authorize the Board of Directors of the Company for making investments, giving loans and providing guarantees / securities in excess of the limits prescribed in the said section, with requisite majority on December 31, 2005.","09-Jan-2006 00:00:00","2006-01-09 00:00:00","-","-","-"
"ADANIENT","Adani Enterprises Limited","Outcome of AGM","Adani Exports Ltd has informed the Exchange regarding the outcome of the AGM of the Company held on August 12, 2005 as under: 1) Declaration of final dividend at the rate of Rs. 0.40 per Equity Share of the Company for the FY ended March 31, 2005. 2) Appointment of Shri Vasant S. Adani and Shri C.R. Shah as Directors of the Company, liable to retire by rotation. 3) Re-appointment of M/s Dharmesh Parikh and Co., Chartered Accountants, Ahmedabad, as Auditors of the Company till the conclusion of the next AGM of the Company. 4) Re-appointment of Shri Rajesh S. Adani as Managing Director of the Company for a period of five years w.e.f. June 10, 2005 and revision of his remuneration. 5) Revision in the terms and conditions of remuneration of Shri Gautam S. Adani, Executive Chairman of the Company. 6) Issue of 50,00,000 Secured Optionally Fully Convertible Debentures (OFCDs) of Rs.100/- each aggregating to Rs.50 crores on private placement basis.","24-Aug-2005 00:00:00","2005-08-24 00:00:00","-","-","-"
"ADANIENT","Adani Enterprises Limited","Book Closure","Adani Exports Ltd has informed the Exchange that the Register of Members of the Company will remain closed from August 09, 2005 to August 11, 2005 (both days inclusive) for the purpose of AGM of the Company and for payment of final dividend.","08-Jul-2005 00:00:00","2005-07-08 00:00:00","-","-","-"
"ADANIENT","Adani Enterprises Limited","Issue of Debentures","Adani Exports Ltd has informed the Exchange that the Board of Directors of the Company in their meeting held on June 09, 2005, approved the issue of Secured Optionally Fully Convertible Debentures (OFCDs) for a sum not exceeding Rs. 50 Crores on private placement basis subject to the approval of members in general meeting.","09-Jun-2005 00:00:00","2005-06-09 00:00:00","-","-","-"
"ADANIENT","Adani Enterprises Limited","Dividend/Others","Adani Exports Ltd has informed the Exchange that the BODs at its meeting held on May 11, 2005 have recommended a dividend of 40%. The company has further informed that Shri Vasant S Adani has resigned as Whole-time Director w.e.f. May 11, 2005 and he will continue as Non-executive Director of the Company.","11-May-2005 00:00:00","2005-05-11 00:00:00","-","-","-"
"ADANIENT","Adani Enterprises Limited","Disclosure under the SEBI(Prohibition of Insider Trading)","Adani Exports Ltd has informed the Exchange regarding the Annual Disclosures received from the Directors / Officer / Designated Employees of the company in respect of their shareholding in Adani Exports Limited as on March 31,2005. The details are as follows: 1) Priti G. Adani, Relative, holds Nil shares. 2) Pushpa V. Adani, Relative, holds Nil shares. 3) Pradeep Mitlal, CEO (Energy & Minerals), holds Nil shares. 4) Harinarayan T.V., PA to Chairman, holds 1000 shares.","09-May-2005 00:00:00","2005-05-09 00:00:00","-","-","-"
"ADANIENT","Adani Enterprises Limited","Disclosure under the SEBI(Prohibition of Insider Trading)","Adani Exports Ltd has submitted to the Exchange the Annual Disclosures received from the Directors/Officer/Designated Employees of the company as on March 31, 2005. The details of the same shall be available on the NSE website (http://www.nseindia.com) under: Corporates > Latest Announcements and on the Extranet Server (/Common/CorporateAnnouncements).","02-May-2005 00:00:00","2005-05-02 00:00:00","-","-","-"
"ADANIENT","Adani Enterprises Limited","Appointment of Chief Financial Officer","Adani Exports Ltd has informed the Exchange that the BODs of the Company in their meeting held on January 21,2005 have appointed Shri Devang Desai, President (Services) as Chief Financial Officer (CFO).","28-Feb-2005 00:00:00","2005-02-28 00:00:00","-","-","-"
"ADANIENT","Adani Enterprises Limited","Resignation","Adani Exports Ltd has informed the Exchange that Shri Biswajit Choudhury, who was appointed as Nominee Director of Unit Trust of India on the Board of Directors of the company on October 26, 2002 has resigned w.e.f. January 24, 2005.","01-Feb-2005 00:00:00","2005-02-01 00:00:00","-","-","-"
"ADANIENT","Adani Enterprises Limited","Disc under Reg Subs Acq &Takeover & SEBI Insider Trading Reg","Citibank, N.A. had informed the Exchange that Merrill Lynch Capital Mkt. Espana SA SV had acquired 13,69,104 shares aggregating 6.21% of the total paid up capital of Adani Export Limited and that the shareholding of Merrill Lynch Capital Mkt. Espana SA SV after the said acquisition is 13,69,104 shares aggregating 6.21% of the total paid up capital of Adani Export Limited.  Citibank, N.A. has now informed that due to stock split the face value of the Adani Exports Limited was reduced from Rs.10 to Rs.1 and hence the holding of Merrill Lynch Capital Mkt. Espana SA SV  as on December 23,2004 is 13,69,104 shares aggregating 0.62% and not 6.21% as mentioned earlier.  ","30-Dec-2004 00:00:00","2004-12-30 00:00:00","-","-","-"
"ADANIENT","Adani Enterprises Limited","Reg.7(1) of SEBI (Substantial Acq of shares &Takeovers),1997","Citibank, N.A. has informed the Exchange that Merrill Lynch Capital Mkt. Espana SA SV has acquired 13,69,104 shares aggregating 6.21% of the total paid up capital of Adani Export Limited. The date of acquisition is December 21, 2004 and the mode of acquisition is through Primary Market Purchase. The shareholding of Merrill Lynch Capital Mkt. Espana SA SV after the said acquisition is 13,69,104 shares aggregating 6.21% of the total paid up capital of Adani Export Limited.","24-Dec-2004 00:00:00","2004-12-24 00:00:00","-","-","-"
"ADANIENT","Adani Enterprises Limited","Miscellaneous","Adani Exports Ltd has informed the Exchange that the Company has figured amongst Top 25 Companies selected by the Institute of Company Secretaries of India(""ICSI"") for the purpose of giving ""ICSI National Award for excellence in Corporate Governance 2004"".","22-Dec-2004 00:00:00","2004-12-22 00:00:00","-","-","-"
"ADANIENT","Adani Enterprises Limited","Issue of Foreign Currency Convertible Bonds","Adani Exports Ltd has informed the Exchange that the company has successfully made issue of Foreign Currency Convertible Bonds of US$ 38 million including the green shoe option of US$ 8 million in the international market. The principal terms and conditions of which are as follows: 1) Issuer : Adani Exports Ltd; 2) Principal Amount : USD 38,000,000; 3) Lead Manager and Sole Book runner: Bank Julius Baer & Co. Ltd., Zurich, Switzerland ('Bank Julius Baer'). 4) Denomination: Bonds of USD 10,000 - each; 5) Issue Price: 100.00% of the principal amount of the Bonds. 6) Final Redemption : Unless previously converted, redeemed or purchased and cancelled, the Bonds will be redeemed at the maturity date, without further notice, at October 23, 2009. 7) Interest: The Bonds bear interest from the Closing Date at the rate of 1% of their principal amount per annum, payable annually in arrears on September 24 in each year, commencing on September 24, 2005 with a last long coupon payable on October 23, 2009. 8) Conversion price: INR 67.00 per share, subject to adjustments upon occurrence of certain events described in the terms of the bonds. 9) Conversion period: November 8, 2004 to September 23, 2009.","30-Sep-2004 00:00:00","2004-09-30 00:00:00","-","-","-"