"SYMBOL","COMPANY NAME","SUBJECT","DETAILS","BROADCAST DATE/TIME","RECEIPT","DISSEMINATION","DIFFERENCE","ATTACHMENT"
"ITC","ITC Limited","Acquisition","ITC Limited has informed the Exchange about Acquisition of shares of Sproutlife Foods Private Limited","28-Sep-2026 20:28:57","2026-09-28 20:28:57","28-Sep-2026 20:28:58","00:00:01","https://nsearchives.nseindia.com/corporate/ITC_28092026202850_SE_SFPL_.pdf"
"ITC","ITC Limited","Trading Window","ITC Limited has informed the Exchange regarding the Trading Window closure pursuant to SEBI (Prohibition of Insider Trading) Regulations, 2015","25-Sep-2026 19:18:37","2026-09-25 19:18:37","25-Sep-2026 19:18:38","00:00:01","https://nsearchives.nseindia.com/corporate/ITC_25092026191823_ClosureofTradingWindow.pdf"
"ITC","ITC Limited","Copy of Newspaper Publication","ITC Limited has informed the Exchange about Copy of Newspaper Publication","21-Sep-2026 16:44:59","2026-09-21 16:44:59","21-Sep-2026 16:45:00","00:00:01","https://nsearchives.nseindia.com/corporate/ITC_21092026164448_SELetterAdvt.pdf"
"ITC","ITC Limited","ESOP/ESOS/ESPS","ITC Limited has informed the Exchange regarding Allotment of 735050  Shares.","17-Sep-2026 11:20:41","2026-09-17 11:20:41","17-Sep-2026 11:20:41","00:00:00","https://nsearchives.nseindia.com/corporate/ITC_17092026112029_SE.pdf"
"ITC","ITC Limited","Analysts/Institutional Investor Meet/Con. Call Updates","ITC Limited has informed the Exchange about Schedule of meet","09-Sep-2026 11:09:57","2026-09-09 11:09:57","09-Sep-2026 11:09:58","00:00:01","https://nsearchives.nseindia.com/corporate/ITC_09092026110937_SE.pdf"
"ITC","ITC Limited","General Updates","ITC Limited has informed the Exchange about Amalgamation of Blazeclan Technologies Private Limited and Cloudlytics Technologies Private Limited with ITC Infotech India Limited","01-Sep-2026 16:43:35","2026-09-01 16:43:35","01-Sep-2026 16:43:36","00:00:01","https://nsearchives.nseindia.com/corporate/ITC_01092026164254_SE_NCLT_.pdf"
"ITC","ITC Limited","Acquisition","ITC Limited has informed the Exchange about Strategic combination of ITC Infotech India Limited and Happiest Minds Technologies Limited","31-Aug-2026 19:16:45","2026-08-31 19:16:45","31-Aug-2026 19:16:46","00:00:01","https://nsearchives.nseindia.com/corporate/ITC_31082026191614_SE.pdf"
"ITC","ITC Limited","ESOP/ESOS/ESPS","ITC Limited has informed the Exchange regarding  of 313800  Options.","14-Aug-2026 16:30:08","2026-08-14 16:30:08","14-Aug-2026 16:30:08","00:00:00","https://nsearchives.nseindia.com/corporate/ITC_14082026162931_StockExchangeletter.pdf"
"ITC","ITC Limited","Analysts/Institutional Investor Meet/Con. Call Updates","ITC Limited has informed the Exchange about participation in Investor Conference","14-Aug-2026 16:11:01","2026-08-14 16:11:01","14-Aug-2026 16:11:02","00:00:01","https://nsearchives.nseindia.com/corporate/ITC_14082026160912_SE.pdf"
"ITC","ITC Limited","Copy of Newspaper Publication","ITC Limited has informed the Exchange about Copy of Newspaper Publication","13-Aug-2026 14:53:23","2026-08-13 14:53:23","13-Aug-2026 14:53:24","00:00:01","https://nsearchives.nseindia.com/corporate/ITC_13082026145304_SELetter.pdf"
"ITC","ITC Limited","Analysts/Institutional Investor Meet/Con. Call Updates","ITC Limited has informed the Exchange about Schedule of meet","04-Aug-2026 18:37:15","2026-08-04 18:37:15","04-Aug-2026 18:37:16","00:00:01","https://nsearchives.nseindia.com/corporate/ITC_04082026183658_SE.pdf"
"ITC","ITC Limited","General Updates","ITC Limited has informed the Exchange about Acquisition of Pulp and Paper Undertaking of Aditya Birla Real Estate Limited - Update","01-Aug-2026 17:56:42","2026-08-01 17:56:42","01-Aug-2026 17:56:43","00:00:01","https://nsearchives.nseindia.com/corporate/ITC_01082026175506_SE_Century_.pdf"
"ITC","ITC Limited","General Updates","ITC Limited has informed the Exchange about General Updates","31-Jul-2026 16:42:49","2026-07-31 16:42:49","31-Jul-2026 16:42:49","00:00:00","https://nsearchives.nseindia.com/corporate/ITC_31072026164238_SE_Media_.pdf"
"ITC","ITC Limited","Outcome of Board Meeting","ITC Limited has informed the Exchange regarding  Board meeting held on July 31, 2026.","31-Jul-2026 16:32:56","2026-07-31 16:32:56","31-Jul-2026 16:32:57","00:00:01","https://nsearchives.nseindia.com/corporate/ITC_31072026163240_Results.pdf"
"ITC","ITC Limited","Outcome of Board Meeting","ITC Limited has submitted to the Exchange, the financial results for the period ended Jun 30, 2026.","31-Jul-2026 16:31:22","2026-07-31 16:31:22","31-Jul-2026 16:31:23","00:00:01","https://nsearchives.nseindia.com/corporate/ITC_31072026162945_Results.pdf"
"ITC","ITC Limited","Credit Rating- New","ITC Limited has informed the Exchange about Intimation of ESG Score assigned by ESG Risk Assessments & Insights Limited","29-Jul-2026 14:35:44","2026-07-29 14:35:44","29-Jul-2026 14:35:45","00:00:01","https://nsearchives.nseindia.com/corporate/ITC_29072026143536_SE_ESG_.pdf"
"ITC","ITC Limited","Credit Rating- New","ITC Limited has informed the Exchange about Intimation of ESG rating assigned by Crisil ESG Ratings & Analytics Limited","23-Jul-2026 20:42:12","2026-07-23 20:42:12","23-Jul-2026 20:42:13","00:00:01","https://nsearchives.nseindia.com/corporate/ITC_23072026204201_SE_ESG_.pdf"
"ITC","ITC Limited","Change in Director(s)","ITC Limited has informed the Exchange regarding Change in Director(s) of the company.","23-Jul-2026 18:21:35","2026-07-23 18:21:35","23-Jul-2026 18:21:35","00:00:00","https://nsearchives.nseindia.com/corporate/ITC_23072026182127_SE_Director_.pdf"
"ITC","ITC Limited","General Updates","ITC Limited has informed the address delivered by the Chairman at the 115th Annual General Meeting of the Company on the theme    ITC: Partnering India in its Defining Decade .","23-Jul-2026 18:13:25","2026-07-23 18:13:25","23-Jul-2026 18:13:26","00:00:01","https://nsearchives.nseindia.com/corporate/ITC_23072026181315_SE_chairmanspeech_.pdf"
"ITC","ITC Limited","Shareholders meeting","ITC Limited has informed the Exchange regarding Proceedings of  Annual General Meeting held on July 23, 2026. Further, the company has informed the Exchange regarding voting results.","23-Jul-2026 18:03:26","2026-07-23 18:03:26","23-Jul-2026 18:03:26","00:00:00","https://nsearchives.nseindia.com/corporate/ITC_23072026180304_SE_VotingResults_.pdf"
"ITC","ITC Limited","Copy of Newspaper Publication","ITC Limited has informed the Exchange about Copy of Newspaper Publication","20-Jul-2026 14:44:43","2026-07-20 14:44:43","20-Jul-2026 14:44:44","00:00:01","https://nsearchives.nseindia.com/corporate/ITC_20072026144416_SELetter.pdf"
"ITC","ITC Limited","Certificate under SEBI (Depositories and Participants) Regulations, 2018","ITC Limited has informed the Exchange about Certificate under SEBI (Depositories and Participants) Regulations, 2018","03-Jul-2026 12:10:18","2026-07-03 12:10:18","03-Jul-2026 12:10:19","00:00:01","https://nsearchives.nseindia.com/corporate/ITC_03072026121009_Demat_Remat_quarterly.pdf"
"ITC","ITC Limited","Copy of Newspaper Publication","ITC Limited has informed the Exchange about Copy of Newspaper Publication","01-Jul-2026 13:21:02","2026-07-01 13:21:02","01-Jul-2026 13:21:03","00:00:01","https://nsearchives.nseindia.com/corporate/ITC_01072026132049_SELetter.pdf"
"ITC","ITC Limited","Shareholders meeting","ITC Limited has informed the Exchange regarding Notice of Annual General Meeting to be held on July 23, 2026","26-Jun-2026 16:59:26","2026-06-26 16:59:26","26-Jun-2026 16:59:26","00:00:00","https://nsearchives.nseindia.com/corporate/ITC_26062026165900_SE_RA_.pdf"
"ITC","ITC Limited","Trading Window","ITC Limited has informed the Exchange regarding the Trading Window closure pursuant to SEBI (Prohibition of Insider Trading) Regulations, 2015","26-Jun-2026 14:48:28","2026-06-26 14:48:28","26-Jun-2026 14:48:29","00:00:01","https://nsearchives.nseindia.com/corporate/ITC_26062026144814_ClosureofTW.pdf"
"ITC","ITC Limited","Copy of Newspaper Publication","ITC Limited has informed the Exchange about Copy of Newspaper Publication","12-Jun-2026 16:14:47","2026-06-12 16:14:47","12-Jun-2026 16:14:47","00:00:00","https://nsearchives.nseindia.com/corporate/ITC_12062026161155_SEIntimation.pdf"
"ITC","ITC Limited","Analysts/Institutional Investor Meet/Con. Call Updates","ITC Limited has informed the Exchange about Schedule of meet","27-May-2026 16:30:03","2026-05-27 16:30:03","27-May-2026 16:30:05","00:00:02","https://nsearchives.nseindia.com/corporate/ITC_27052026162901_SE.pdf"
"ITC","ITC Limited","Copy of Newspaper Publication","ITC Limited has informed the Exchange about Copy of Newspaper Publication","22-May-2026 17:44:25","2026-05-22 17:44:25","22-May-2026 17:44:25","00:00:00","https://nsearchives.nseindia.com/corporate/ITC_22052026174303_SEIntimation.pdf"
"ITC","ITC Limited","Updates","ITC Limited has informed the Exchange regarding 'Financial Results'.","21-May-2026 15:54:46","2026-05-21 15:54:46","21-May-2026 15:54:47","00:00:01","https://nsearchives.nseindia.com/corporate/ITC_21052026155432_Results.pdf"
"ITC","ITC Limited","General Updates","ITC Limited has informed the Exchange about General Updates","21-May-2026 15:45:29","2026-05-21 15:45:29","21-May-2026 15:45:30","00:00:01","https://nsearchives.nseindia.com/corporate/ITC_21052026154518_SE_Media_.pdf"
"ITC","ITC Limited","General Updates","ITC Limited has informed the Exchange about Financial Results","21-May-2026 15:40:49","2026-05-21 15:40:49","21-May-2026 15:40:49","00:00:00","https://nsearchives.nseindia.com/corporate/ITC_21052026154027_Results.pdf"
"ITC","ITC Limited","General Updates","ITC Limited has informed the Exchange about General Updates","21-May-2026 15:29:26","2026-05-21 15:29:26","21-May-2026 15:29:27","00:00:01","https://nsearchives.nseindia.com/corporate/ITC_21052026152915_Director.pdf"
"ITC","ITC Limited","Record Date","ITC Limited has informed the Exchange that Record date for the purpose of DI  is 27-May-2026.","21-May-2026 15:27:45","2026-05-21 15:27:45","21-May-2026 15:27:46","00:00:01","https://nsearchives.nseindia.com/corporate/ITC_21052026152647_Dividend.pdf"
"ITC","ITC Limited","Dividend","ITC Limited has informed the Exchange that Board of Directors at its meeting held on May 21, 2026, recommended Final Dividend of 8 per equity share.","21-May-2026 15:25:48","2026-05-21 15:25:48","21-May-2026 15:25:48","00:00:00","https://nsearchives.nseindia.com/corporate/ITC_21052026152508_Dividend.pdf"
"ITC","ITC Limited","Dividend","ITC Limited has informed the Exchange that Board of Directors at its meeting held on May 21, 2026, recommended Final Dividend of Rs. 8 per equity share.","21-May-2026 15:23:51","2026-05-21 15:23:51","21-May-2026 15:23:52","00:00:01","https://nsearchives.nseindia.com/corporate/ITC_21052026152322_Dividend.pdf"
"ITC","ITC Limited","Outcome of Board Meeting","ITC Limited has submitted to the Exchange, the financial results for the period ended March 31, 2026.","21-May-2026 15:22:20","2026-05-21 15:22:20","21-May-2026 15:22:20","00:00:00","https://nsearchives.nseindia.com/corporate/ITC_21052026152029_Results.pdf"
"ITC","ITC Limited","Acquisition","ITC Limited has informed the Exchange about Acquisition of shares of Mother Sparsh Baby Care Private Limited.","19-May-2026 15:39:08","2026-05-19 15:39:08","19-May-2026 15:39:09","00:00:01","https://nsearchives.nseindia.com/corporate/ITC_19052026153852_SE_Mother_Sparsh_.pdf"
"ITC","ITC Limited","Copy of Newspaper Publication","ITC Limited has informed the Exchange about Copy of Newspaper Publication","12-May-2026 17:23:10","2026-05-12 17:23:10","12-May-2026 17:23:11","00:00:01","https://nsearchives.nseindia.com/corporate/ITC_12052026171915_SEIntimation.pdf"
"ITC","ITC Limited","General Updates","ITC Limited has informed the Exchange about Amalgamation of Sresta Natural Bioproducts Private Limited and Wimco Limited with the Company","07-May-2026 12:43:23","2026-05-07 12:43:23","07-May-2026 12:43:24","00:00:01","https://nsearchives.nseindia.com/corporate/ITC_07052026124311_SE_NCLT_.pdf"
"ITC","ITC Limited","Copy of Newspaper Publication","ITC Limited has informed the Exchange about Copy of Newspaper Publication","16-Apr-2026 14:37:11","2026-04-16 14:37:11","16-Apr-2026 14:37:12","00:00:01","https://nsearchives.nseindia.com/corporate/ITC_16042026143508_SELetterenclosingadvt.pdf"
"ITC","ITC Limited","Cessation","ITC Limited has informed the Exchange regarding Cessation of Ms Nirupama Rao  as Non- Executive Independent Director of the company w.e.f. April 08, 2026.","08-Apr-2026 10:54:18","2026-04-08 10:54:18","08-Apr-2026 10:54:19","00:00:01","https://nsearchives.nseindia.com/corporate/ITC_08042026105410_SE_Director_.pdf"
"ITC","ITC Limited","Certificate under SEBI (Depositories and Participants) Regulations, 2018","ITC Limited has informed the Exchange about Certificate under SEBI (Depositories and Participants) Regulations, 2018","06-Apr-2026 17:10:06","2026-04-06 17:10:06","06-Apr-2026 17:10:07","00:00:01","https://nsearchives.nseindia.com/corporate/ITC_06042026170228_Demat_Remat_quarterly.pdf"
"ITC","ITC Limited","Acquisition","ITC Limited has informed the Exchange about Acquisition of Sproutlife Foods Private Limited","01-Apr-2026 12:06:21","2026-04-01 12:06:21","01-Apr-2026 12:06:22","00:00:01","https://nsearchives.nseindia.com/corporate/ITC_01042026120223_SE_SFPL_.pdf"
"ITC","ITC Limited","Sale or disposal","ITC Limited has informed the Exchange about dissolution of Blazeclan Americas Inc., a step-down subsidiary","26-Mar-2026 15:22:46","2026-03-26 15:22:46","26-Mar-2026 15:22:48","00:00:02","https://nsearchives.nseindia.com/corporate/ITC_26032026152230_SE_Blazeclan_.pdf"
"ITC","ITC Limited","Trading Window","ITC Limited has informed the Exchange regarding the Trading Window closure pursuant to SEBI (Prohibition of Insider Trading) Regulations, 2015","25-Mar-2026 17:44:44","2026-03-25 17:44:44","25-Mar-2026 17:44:46","00:00:02","https://nsearchives.nseindia.com/corporate/ITC_25032026174430_ClosureofTW.pdf"
"ITC","ITC Limited","Copy of Newspaper Publication","ITC Limited has informed the Exchange about Copy of Newspaper Publication","24-Mar-2026 15:48:57","2026-03-24 15:48:57","24-Mar-2026 15:48:58","00:00:01","https://nsearchives.nseindia.com/corporate/ITC_24032026154843_SEIntimation.pdf"
"ITC","ITC Limited","Appointment","ITC Limited has informed the Exchange regarding Appointment of Mr Navin Agarwal as Non- Executive Director of the company w.e.f. April 01, 2026.","19-Mar-2026 14:46:47","2026-03-19 14:46:47","19-Mar-2026 14:46:48","00:00:01","https://nsearchives.nseindia.com/corporate/ITC_19032026144641_SE_Director_.pdf"
"ITC","ITC Limited","Shareholders meeting","ITC Limited has informed the Exchange regarding voting results of  Postal Ballot","19-Mar-2026 14:43:30","2026-03-19 14:43:30","19-Mar-2026 14:43:31","00:00:01","https://nsearchives.nseindia.com/corporate/ITC_19032026144314_SE_VotingResults_.pdf"
"ITC","ITC Limited","ESOP/ESOS/ESPS","ITC Limited has informed the Exchange regarding Allotment of 238850   Shares.","18-Mar-2026 15:21:00","2026-03-18 15:21:00","18-Mar-2026 15:21:01","00:00:01","https://nsearchives.nseindia.com/corporate/ITC_18032026152045_SE.pdf"
"ITC","ITC Limited","Copy of Newspaper Publication","ITC Limited has informed the Exchange about Copy of Newspaper Publication","06-Mar-2026 14:21:31","2026-03-06 14:21:31","06-Mar-2026 14:21:33","00:00:02","https://nsearchives.nseindia.com/corporate/ITC_06032026142059_SEIntimation.pdf"
"ITC","ITC Limited","Copy of Newspaper Publication","ITC Limited has informed the Exchange about Copy of Newspaper Publication","18-Feb-2026 14:41:17","2026-02-18 14:41:17","18-Feb-2026 14:41:18","00:00:01","https://nsearchives.nseindia.com/corporate/ITC_18022026143926_SEIntimation.pdf"
"ITC","ITC Limited","Copy of Newspaper Publication","ITC Limited has informed the Exchange about Copy of Newspaper Publication","13-Feb-2026 16:24:31","2026-02-13 16:24:31","13-Feb-2026 16:24:32","00:00:01","https://nsearchives.nseindia.com/corporate/ITC_13022026162357_SEIntimation.pdf"
"ITC","ITC Limited","Shareholders meeting","ITC Limited has informed the Exchange regarding Notice of Postal Ballot","12-Feb-2026 10:56:56","2026-02-12 10:56:56","12-Feb-2026 10:56:57","00:00:01","https://nsearchives.nseindia.com/corporate/ITC_12022026105640_SE.pdf"
"ITC","ITC Limited","General Updates","ITC Limited has informed the Exchange about Changes in the Board of Directors","29-Jan-2026 18:54:25","2026-01-29 18:54:25","29-Jan-2026 18:54:26","00:00:01","https://nsearchives.nseindia.com/corporate/ITC_29012026185416_SE_Directors_.pdf"
"ITC","ITC Limited","Resignation","ITC Limited has informed the Exchange regarding Resignation of Mr Alok Pande as Non- Executive Director of the company w.e.f. April 01, 2026.","29-Jan-2026 18:53:22","2026-01-29 18:53:22","29-Jan-2026 18:53:23","00:00:01","https://nsearchives.nseindia.com/corporate/ITC_29012026185312_SE_Directors_.pdf"
"ITC","ITC Limited","General Updates","ITC Limited has informed the Exchange about Unaudited Financial Results - Media Statement and Presentation","29-Jan-2026 18:50:58","2026-01-29 18:50:58","29-Jan-2026 18:50:59","00:00:01","https://nsearchives.nseindia.com/corporate/ITC_29012026185052_SE_Media_.pdf"
"ITC","ITC Limited","Record Date","ITC Limited has informed the Exchange that Record date for the purpose of Dividend  is 04-Feb-2026.","29-Jan-2026 18:42:16","2026-01-29 18:42:16","29-Jan-2026 18:42:17","00:00:01","https://nsearchives.nseindia.com/corporate/ITC_29012026184146_SE_Dividend_.pdf"
"ITC","ITC Limited","General Updates","ITC Limited has informed the Exchange about declaration of Interim Dividend","29-Jan-2026 18:40:35","2026-01-29 18:40:35","29-Jan-2026 18:40:37","00:00:02","https://nsearchives.nseindia.com/corporate/ITC_29012026184027_SE_Dividend_.pdf"
"ITC","ITC Limited","Outcome of Board Meeting","ITC Limited has informed the Exchange regarding  Board meeting held on January 29, 2026.","29-Jan-2026 18:38:18","2026-01-29 18:38:18","29-Jan-2026 18:38:19","00:00:01","https://nsearchives.nseindia.com/corporate/ITC_29012026183810_SE_Results_.pdf"
"ITC","ITC Limited","Dividend","ITC Limited has informed the Exchange that Board of Directors at its meeting held on January 29, 2026, declared Interim Dividend of Rs. 6.50 per equity share.","29-Jan-2026 18:37:26","2026-01-29 18:37:26","29-Jan-2026 18:37:26","00:00:00","https://nsearchives.nseindia.com/corporate/ITC_29012026183450_SE_Results_.pdf"
"ITC","ITC Limited","Outcome of Board Meeting","ITC Limited has submitted to the Exchange, the financial results for the period ended December 31, 2025.","29-Jan-2026 18:37:26","2026-01-29 18:37:26","29-Jan-2026 18:37:27","00:00:01","https://nsearchives.nseindia.com/corporate/ITC_29012026183500_SE_Results_.pdf"
"ITC","ITC Limited","Credit Rating- New","ITC Limited has informed the Exchange about Credit Rating- New","28-Jan-2026 15:27:52","2026-01-28 15:27:52","28-Jan-2026 15:27:54","00:00:02","https://nsearchives.nseindia.com/corporate/ITC_28012026152728_SE_ESG_.pdf"
"ITC","ITC Limited","ESOP/ESOS/ESPS","ITC Limited has informed the Exchange regarding Allotment of 269610  Shares.","16-Jan-2026 15:50:05","2026-01-16 15:50:05","16-Jan-2026 15:50:06","00:00:01","https://nsearchives.nseindia.com/corporate/ITC_16012026154955_SE.pdf"
"ITC","ITC Limited","Credit Rating- New","ITC Limited has informed the Exchange about Intimation of ESG Score assigned by SES ESG Research Private Limited","15-Jan-2026 18:00:57","2026-01-15 18:00:57","15-Jan-2026 18:00:58","00:00:01","https://nsearchives.nseindia.com/corporate/ITC_15012026180042_SE_ESG_.pdf"
"ITC","ITC Limited","Copy of Newspaper Publication","ITC Limited has informed the Exchange about Publication of Advertisement re: Notice of Hearing of Company Petition","15-Jan-2026 11:13:38","2026-01-15 11:13:38","15-Jan-2026 11:13:39","00:00:01","https://nsearchives.nseindia.com/corporate/ITC_15012026111325_SE.pdf"
"ITC","ITC Limited","Certificate under SEBI (Depositories and Participants) Regulations, 2018","ITC Limited has informed the Exchange about Certificate under SEBI (Depositories and Participants) Regulations, 2018","05-Jan-2026 17:40:48","2026-01-05 17:40:48","05-Jan-2026 17:40:49","00:00:01","https://nsearchives.nseindia.com/corporate/ITC_05012026174007_Certificate_Reg74-5_Dec2025.pdf"
"ITC","ITC Limited","Trading Window","ITC Limited has informed the Exchange regarding the Trading Window closure pursuant to SEBI (Prohibition of Insider Trading) Regulations, 2015","24-Dec-2025 16:59:23","2025-12-24 16:59:23","24-Dec-2025 16:59:24","00:00:01","https://nsearchives.nseindia.com/corporate/ITC_24122025165910_ClosureofTradingWindow24122025.pdf"
"ITC","ITC Limited","ESOP/ESOS/ESPS","ITC Limited has informed the Exchange regarding Allotment of 195210 Shares.","19-Dec-2025 15:31:29","2025-12-19 15:31:29","19-Dec-2025 15:31:30","00:00:01","https://nsearchives.nseindia.com/corporate/ITC_19122025153038_SE.pdf"
"ITC","ITC Limited","Sale or disposal","ITC Limited has informed the Exchange about Voluntary Liquidation of Prag Agro Farm Limited, a wholly owned subsidiary","19-Dec-2025 11:31:26","2025-12-19 11:31:26","19-Dec-2025 11:31:27","00:00:01","https://nsearchives.nseindia.com/corporate/ITC_19122025113115_SE_PAFL_.pdf"
"ITC","ITC Limited","General Updates","ITC Limited has informed the Exchange about Acquisition of Pulp and Paper Undertaking of Aditya Birla Real Estate Limited - Update","17-Dec-2025 10:20:15","2025-12-17 10:20:15","17-Dec-2025 10:20:16","00:00:01","https://nsearchives.nseindia.com/corporate/ITC_17122025102003_SE_Century_.pdf"
"ITC","ITC Limited","Change in Director(s)","ITC Limited has informed the Exchange regarding Change in Director(s) of the company.","16-Dec-2025 16:25:46","2025-12-16 16:25:46","16-Dec-2025 16:25:47","00:00:01","https://nsearchives.nseindia.com/corporate/ITC_16122025162539_SE_Director_.pdf"
"ITC","ITC Limited","Shareholders meeting","ITC Limited has informed the Exchange regarding voting results of  Postal Ballot","16-Dec-2025 16:20:19","2025-12-16 16:20:19","16-Dec-2025 16:20:21","00:00:02","https://nsearchives.nseindia.com/corporate/ITC_16122025161929_SE_VotingResults_.pdf"
"ITC","ITC Limited","Credit Rating","ITC Limited has informed the Exchange about Credit Rating","10-Dec-2025 15:39:58","2025-12-10 15:39:58","10-Dec-2025 15:39:59","00:00:01","https://nsearchives.nseindia.com/corporate/ITC_10122025153906_SE_ESG_.pdf"
"ITC","ITC Limited","Analysts/Institutional Investor Meet/Con. Call Updates","ITC Limited has informed the Exchange about Schedule of meet","26-Nov-2025 15:47:46","2025-11-26 15:47:46","26-Nov-2025 15:47:47","00:00:01","https://nsearchives.nseindia.com/corporate/ITC_26112025154710_SE.pdf"
"ITC","ITC Limited","General Updates","ITC Limited has informed the Exchange about Voluntary Delisting of the Ordinary Shares of the Company from The Calcutta Stock Exchange Limited","20-Nov-2025 09:59:53","2025-11-20 09:59:53","20-Nov-2025 09:59:54","00:00:01","https://nsearchives.nseindia.com/corporate/ITC_20112025095942_SE_Delisting_.pdf"
"ITC","ITC Limited","Copy of Newspaper Publication","ITC Limited has informed the Exchange about Copy of Newspaper Publication","17-Nov-2025 15:46:51","2025-11-17 15:46:51","17-Nov-2025 15:46:53","00:00:02","https://nsearchives.nseindia.com/corporate/ITC_17112025154626_SELetterenclosingadvt.pdf"
"ITC","ITC Limited","ESOP/ESOS/ESPS","ITC Limited has informed the Exchange regarding Allotment of   Shares.","17-Nov-2025 15:26:18","2025-11-17 15:26:18","17-Nov-2025 15:26:19","00:00:01","https://nsearchives.nseindia.com/corporate/ITC_17112025152330_StockExchangeLetterAllotment.pdf"
"ITC","ITC Limited","Copy of Newspaper Publication","ITC Limited has informed the Exchange about Copy of Newspaper Publication","11-Nov-2025 15:52:35","2025-11-11 15:52:35","11-Nov-2025 15:52:36","00:00:01","https://nsearchives.nseindia.com/corporate/ITC_11112025155142_SELetter.pdf"
"ITC","ITC Limited","Shareholders meeting","ITC Limited has informed the Exchange regarding Notice of Postal Ballot","11-Nov-2025 13:37:06","2025-11-11 13:37:06","11-Nov-2025 13:37:08","00:00:02","https://nsearchives.nseindia.com/corporate/ITC_11112025133635_SE.pdf"
"ITC","ITC Limited","Analysts/Institutional Investor Meet/Con. Call Updates","ITC Limited has informed the Exchange about Schedule of meet","10-Nov-2025 17:53:11","2025-11-10 17:53:11","10-Nov-2025 17:53:12","00:00:01","https://nsearchives.nseindia.com/corporate/ITC_10112025175100_SE.pdf"
"ITC","ITC Limited","General Updates","ITC Limited has informed the Exchange about Unaudited Financial Results - Media Statement and Presentation","30-Oct-2025 16:42:48","2025-10-30 16:42:48","30-Oct-2025 16:42:49","00:00:01","https://nsearchives.nseindia.com/corporate/ITC_30102025164240_SE_Media_.pdf"
"ITC","ITC Limited","General Updates","ITC Limited has informed the Exchange about Recommendation for appointment / re-appointment of Directors","30-Oct-2025 16:31:10","2025-10-30 16:31:10","30-Oct-2025 16:31:11","00:00:01","https://nsearchives.nseindia.com/corporate/ITC_30102025163034_Letter.pdf"
"ITC","ITC Limited","Voluntary Delisting","ITC Limited has informed the Exchange about Approval for voluntary delisting of the Ordinary Shares of the Company from The Calcutta Stock Exchange Limited","30-Oct-2025 16:29:22","2025-10-30 16:29:22","30-Oct-2025 16:29:23","00:00:01","https://nsearchives.nseindia.com/corporate/ITC_30102025162909_Letter.pdf"
"ITC","ITC Limited","Outcome of Board Meeting","ITC Limited has informed the Exchange regarding  Board meeting held on October 30, 2025.","30-Oct-2025 16:27:17","2025-10-30 16:27:17","30-Oct-2025 16:27:18","00:00:01","https://nsearchives.nseindia.com/corporate/ITC_30102025162706_Results.pdf"
"ITC","ITC Limited","Outcome of Board Meeting","ITC Limited has submitted to the Exchange, the financial results for the period ended September 30, 2025.","30-Oct-2025 16:26:13","2025-10-30 16:26:13","30-Oct-2025 16:26:14","00:00:01","https://nsearchives.nseindia.com/corporate/ITC_30102025162449_Results.pdf"
"ITC","ITC Limited","General Updates","Further to our letter dated 16th October, 2025, we write to advise that, in terms of Regulation 29 of the SEBI (Listing Obligations and Disclosure Requirements) Regulations, 2015, the Board of Directors of the Company at the Meeting convened for Thursday, 30th October, 2025 will also, inter alia, consider the proposal for voluntary delisting of the Ordinary Shares of the Company from The Calcutta Stock Exchange Limited.","27-Oct-2025 18:10:10","2025-10-27 18:10:10","27-Oct-2025 18:10:11","00:00:01","https://nsearchives.nseindia.com/corporate/ITC_27102025180959_SE_BM_.pdf"
"ITC","ITC Limited","ESOP/ESOS/ESPS","ITC Limited has informed the Exchange regarding Allotment of 707230  Shares.","15-Oct-2025 17:54:11","2025-10-15 17:54:11","15-Oct-2025 17:54:12","00:00:01","https://nsearchives.nseindia.com/corporate/ITC_15102025175350_SE_allotment_.pdf"
"ITC","ITC Limited","Certificate under SEBI (Depositories and Participants) Regulations, 2018","ITC Limited has informed the Exchange about Certificate under SEBI (Depositories and Participants) Regulations, 2018","03-Oct-2025 12:42:02","2025-10-03 12:42:02","03-Oct-2025 12:42:03","00:00:01","https://nsearchives.nseindia.com/corporate/ITC_03102025124146_Certificate_Reg74-5_Sept2025.pdf"
"ITC","ITC Limited","Trading Window","ITC Limited has informed the Exchange regarding the Trading Window closure pursuant to SEBI (Prohibition of Insider Trading) Regulations, 2015","26-Sep-2025 18:26:00","2025-09-26 18:26:00","26-Sep-2025 18:26:01","00:00:01","https://nsearchives.nseindia.com/corporate/ITC_26092025182516_ClosureofTradingWindow26092025.pdf"
"ITC","ITC Limited","ESOP/ESOS/ESPS","ITC Limited has informed the Exchange regarding Allotment of 467510  Shares.","17-Sep-2025 12:01:54","2025-09-17 12:01:54","17-Sep-2025 12:01:56","00:00:02","https://nsearchives.nseindia.com/corporate/ITC_17092025115931_Intimation_17092025.pdf"
"ITC","ITC Limited","Analysts/Institutional Investor Meet/Con. Call Updates","ITC Limited has informed the Exchange about Schedule of meet","16-Sep-2025 14:32:20","2025-09-16 14:32:20","16-Sep-2025 14:32:21","00:00:01","https://nsearchives.nseindia.com/corporate/ITC_16092025143200_SE.pdf"
"ITC","ITC Limited","General Updates","ITC Limited has informed the Exchange about Participation in Investor Conferences - Cancellation","05-Sep-2025 11:32:59","2025-09-05 11:32:59","05-Sep-2025 11:33:00","00:00:01","https://nsearchives.nseindia.com/corporate/ITC_05092025113244_SE.pdf"
"ITC","ITC Limited","Analysts/Institutional Investor Meet/Con. Call Updates","ITC Limited has informed the Exchange about Schedule of meet","02-Sep-2025 15:22:13","2025-09-02 15:22:13","02-Sep-2025 15:22:14","00:00:01","https://nsearchives.nseindia.com/corporate/ITC_02092025152202_SE.pdf"
"ITC","ITC Limited","Analysts/Institutional Investor Meet/Con. Call Updates","ITC Limited has informed the Exchange about Schedule of meet","22-Aug-2025 17:19:47","2025-08-22 17:19:47","22-Aug-2025 17:19:48","00:00:01","https://nsearchives.nseindia.com/corporate/ITC_22082025171753_SE.pdf"
"ITC","ITC Limited","ESOP/ESOS/ESPS","ITC Limited has informed the Exchange regarding Allotment of 1289830  Shares.","19-Aug-2025 11:25:43","2025-08-19 11:25:43","19-Aug-2025 11:25:44","00:00:01","https://nsearchives.nseindia.com/corporate/ITC_19082025112258_Intimation_19082025.pdf"
"ITC","ITC Limited","Copy of Newspaper Publication","ITC Limited has informed the Exchange about Copy of Newspaper Publication","12-Aug-2025 15:43:41","2025-08-12 15:43:41","12-Aug-2025 15:43:41","00:00:00","https://nsearchives.nseindia.com/corporate/ITC_12082025154229_SE_Letter.pdf"
"ITC","ITC Limited","General Updates","ITC Limited has informed the Exchange about General Updates","01-Aug-2025 17:36:02","2025-08-01 17:36:02","01-Aug-2025 17:36:03","00:00:01","https://nsearchives.nseindia.com/corporate/ITC_01082025173545_SE_Media_.pdf"
"ITC","ITC Limited","Amalgamation/Merger","ITC Limited has informed the Exchange about Amalgamation/Merger","01-Aug-2025 17:26:04","2025-08-01 17:26:04","01-Aug-2025 17:26:05","00:00:01","https://nsearchives.nseindia.com/corporate/ITC_01082025172555_SE_Amalgamation_.pdf"
"ITC","ITC Limited","Outcome of Board Meeting","ITC Limited has submitted to the Exchange, the financial results for the period ended Jun 30, 2025.","01-Aug-2025 17:23:13","2025-08-01 17:23:13","01-Aug-2025 17:23:14","00:00:01","https://nsearchives.nseindia.com/corporate/ITC_01082025172207_SE_Results_.pdf"
"ITC","ITC Limited","Outcome of Board Meeting","ITC Limited has informed the Exchange regarding  Board meeting held on August 01, 2025.","01-Aug-2025 17:20:49","2025-08-01 17:20:49","01-Aug-2025 17:20:50","00:00:01","https://nsearchives.nseindia.com/corporate/ITC_01082025172012_SE_Results_.pdf"
"ITC","ITC Limited","ESOP/ESOS/ESPS","ITC Limited has informed the Exchange regarding Allotment of 1741650  Shares.","31-Jul-2025 16:00:44","2025-07-31 16:00:44","31-Jul-2025 16:00:45","00:00:01","https://nsearchives.nseindia.com/corporate/ITC_31072025155638_Intimation31072025.pdf"
"ITC","ITC Limited","Change in Director(s)","ITC Limited has informed the Exchange regarding Change in Director(s) of the company.","25-Jul-2025 19:49:58","2025-07-25 19:49:58","25-Jul-2025 19:49:59","00:00:01","https://nsearchives.nseindia.com/corporate/ITC_25072025194740_SE_Director_.pdf"
"ITC","ITC Limited","General Updates","ITC Limited has informed the Exchange about excerpts from the address by the Chairman on the theme -  ITC: Navigating a TURN to Reimagine the Future  delivered at the 114th Annual General Meeting of the Company","25-Jul-2025 19:49:58","2025-07-25 19:49:58","25-Jul-2025 19:49:59","00:00:01","https://nsearchives.nseindia.com/corporate/ITC_25072025194623_SE_chairmanspeech_.pdf"
"ITC","ITC Limited","Change in Management","ITC Limited has informed the Exchange about Appointment of Secretarial Auditors","25-Jul-2025 19:49:58","2025-07-25 19:49:58","25-Jul-2025 19:49:59","00:00:01","https://nsearchives.nseindia.com/corporate/ITC_25072025194835_SE_Auditor_.pdf"
"ITC","ITC Limited","Shareholders meeting","ITC Limited has informed the Exchange regarding Proceedings of  Annual General Meeting held on July 25, 2025. Further, the company has informed the Exchange regarding voting results.","25-Jul-2025 19:36:53","2025-07-25 19:36:53","25-Jul-2025 19:36:54","00:00:01","https://nsearchives.nseindia.com/corporate/ITC_25072025193603_SE_VotingResults_.pdf"
"ITC","ITC Limited","Credit Rating- Revision","ITC Limited has informed the Exchange about Credit Rating- Revision","24-Jul-2025 18:09:58","2025-07-24 18:09:58","24-Jul-2025 18:09:59","00:00:01","https://nsearchives.nseindia.com/corporate/ITC_24072025180937_SE_ESG_.pdf"
"ITC","ITC Limited","ESOP/ESOS/ESPS","ITC Limited has informed the Exchange regarding Allotment of 1549680  Shares.","22-Jul-2025 17:59:38","2025-07-22 17:59:38","22-Jul-2025 17:59:40","00:00:02","https://nsearchives.nseindia.com/corporate/ITC_22072025175500_Intimation22072025.pdf"
"ITC","ITC Limited","ESOP/ESOS/ESPS","ITC Limited has informed the Exchange regarding Allotment of 4539620  Shares.","11-Jul-2025 11:22:56","2025-07-11 11:22:56","11-Jul-2025 11:22:57","00:00:01","https://nsearchives.nseindia.com/corporate/ITC_11072025112113_Intimation11072025.pdf"
"ITC","ITC Limited","Certificate under SEBI (Depositories and Participants) Regulations, 2018","ITC Limited has informed the Exchange about Certificate under SEBI (Depositories and Participants) Regulations, 2018","04-Jul-2025 16:21:32","2025-07-04 16:21:32","04-Jul-2025 16:21:33","00:00:01","https://nsearchives.nseindia.com/corporate/ITC_04072025162109_Certificate_Reg_74-5_June_2025.pdf"
"ITC","ITC Limited","Copy of Newspaper Publication","ITC Limited has informed the Exchange about Copy of Newspaper Publication","04-Jul-2025 16:13:32","2025-07-04 16:13:32","04-Jul-2025 16:13:33","00:00:01","https://nsearchives.nseindia.com/corporate/ITC_04072025161259_SELetterreCompletionofdespatch.pdf"
"ITC","ITC Limited","ESOP/ESOS/ESPS","ITC Limited has informed the Exchange regarding Allotment of 3422360  Shares.","30-Jun-2025 17:32:46","2025-06-30 17:32:46","30-Jun-2025 17:32:47","00:00:01","https://nsearchives.nseindia.com/corporate/ITC_30062025173017_Intimation30062025.pdf"
"ITC","ITC Limited","General Updates","ITC Limited has informed the Exchange about Business Responsibility and Sustainability Report of the Company for the financial year ended 31st March, 2025","27-Jun-2025 15:16:58","2025-06-27 15:16:58","27-Jun-2025 15:16:59","00:00:01","https://nsearchives.nseindia.com/corporate/ITC_27062025151648_SE_BRSR_.pdf"
"ITC","ITC Limited","Shareholders meeting","ITC Limited has informed the Exchange regarding Notice of Annual General Meeting to be held on July 25, 2025","27-Jun-2025 15:12:41","2025-06-27 15:12:41","27-Jun-2025 15:12:42","00:00:01","https://nsearchives.nseindia.com/corporate/ITC_27062025151216_SERA.pdf"
"ITC","ITC Limited","Trading Window","ITC Limited has informed the Exchange regarding the Trading Window closure pursuant to SEBI (Prohibition of Insider Trading) Regulations, 2015","24-Jun-2025 16:22:50","2025-06-24 16:22:50","24-Jun-2025 16:22:51","00:00:01","https://nsearchives.nseindia.com/corporate/ITC_24062025162149_ClosureofTradingWindow.pdf"
"ITC","ITC Limited","Copy of Newspaper Publication","ITC Limited has informed the Exchange about Copy of Newspaper Publication","24-Jun-2025 15:31:40","2025-06-24 15:31:40","24-Jun-2025 15:31:41","00:00:01","https://nsearchives.nseindia.com/corporate/ITC_24062025152358_SELetterenclosing1stadvt.pdf"
"ITC","ITC Limited","Acquisition","ITC Limited has informed the Exchange about Acquisition of shares of Sresta Natural Bioproducts Private Limited","13-Jun-2025 21:05:49","2025-06-13 21:05:49","13-Jun-2025 21:05:49","00:00:00","https://nsearchives.nseindia.com/corporate/ITC_13062025210521_SE_Sresta_.pdf"
"ITC","ITC Limited","Analysts/Institutional Investor Meet/Con. Call Updates","ITC Limited has informed the Exchange about Schedule of meet","11-Jun-2025 14:40:51","2025-06-11 14:40:51","11-Jun-2025 14:40:52","00:00:01","https://nsearchives.nseindia.com/corporate/ITC_11062025143936_SE.pdf"
"ITC","ITC Limited","Credit Rating","ITC Limited has informed the Exchange about Credit Rating","07-Jun-2025 17:06:42","2025-06-07 17:06:42","07-Jun-2025 17:06:43","00:00:01","https://nsearchives.nseindia.com/corporate/ITC_07062025170628_SE_ESG_.pdf"
"ITC","ITC Limited","Certificate under SEBI (Depositories and Participants) Regulations, 2018","ITC Limited has informed the Exchange about Certificate under SEBI (Depositories and Participants) Regulations, 2018","03-Jun-2025 18:30:46","2025-06-03 18:30:46","03-Jun-2025 18:30:47","00:00:01","https://nsearchives.nseindia.com/corporate/ITC_03062025182624_MonthlydematrematMay2025.pdf"
"ITC","ITC Limited","Analysts/Institutional Investor Meet/Con. Call Updates","ITC Limited has informed the Exchange about Schedule of meet","23-May-2025 17:42:37","2025-05-23 17:42:37","23-May-2025 17:42:38","00:00:01","https://nsearchives.nseindia.com/corporate/ITC_23052025174140_SE.pdf"
"ITC","ITC Limited","General Updates","ITC Limited has informed the Exchange about Audited Financial Results - Media Statement and Presentation","22-May-2025 17:29:34","2025-05-22 17:29:34","22-May-2025 17:29:36","00:00:02","https://nsearchives.nseindia.com/corporate/ITC_22052025172924_SE_Media_.pdf"
"ITC","ITC Limited","General Updates","ITC Limited has informed the Exchange about recommendation for the approval of the Members, re-appointment of Mr. Shyamal Mukherjee (DIN: 03024803) as a Director and also as an Independent Director of the Company for a period of five years with effect from 11th August, 2026.","22-May-2025 17:06:08","2025-05-22 17:06:08","22-May-2025 17:06:09","00:00:01","https://nsearchives.nseindia.com/corporate/ITC_22052025170602_SE_Director_.pdf"
"ITC","ITC Limited","Change in Management","ITC Limited has informed the Exchange about appointment of Messrs. S. N. Ananthasubramanian & Co., Company Secretaries (Firm Registration No. P1991MH040400), as the Secretarial Auditors of the Company to conduct secretarial audit for a period of five financial years commencing from the financial year 2025-26.","22-May-2025 17:04:06","2025-05-22 17:04:06","22-May-2025 17:04:07","00:00:01","https://nsearchives.nseindia.com/corporate/ITC_22052025170028_SE_Auditor_.pdf"
"ITC","ITC Limited","Record Date","ITC Limited has informed the Exchange that Record date for the purpose of Dividend  is 28-May-2025.","22-May-2025 16:56:38","2025-05-22 16:56:38","22-May-2025 16:56:38","00:00:00","https://nsearchives.nseindia.com/corporate/ITC_22052025165617_SE_Dividend_.pdf"
"ITC","ITC Limited","Dividend","ITC Limited has informed the Exchange that Board of Directors at its meeting held on May 22, 2025, recommended Final Dividend of Rs. 7.85 per equity share.","22-May-2025 16:54:38","2025-05-22 16:54:38","22-May-2025 16:54:39","00:00:01","https://nsearchives.nseindia.com/corporate/ITC_22052025165427_SE_Results_.pdf"
"ITC","ITC Limited","Outcome of Board Meeting","ITC Limited has informed the Exchange regarding  Board meeting held on May 22, 2025.","22-May-2025 16:52:35","2025-05-22 16:52:35","22-May-2025 16:52:37","00:00:02","https://nsearchives.nseindia.com/corporate/ITC_22052025165223_SE_Results_.pdf"
"ITC","ITC Limited","Outcome of Board Meeting","ITC Limited has submitted to the Exchange, the financial results for the period ended March 31, 2025.","22-May-2025 16:51:00","2025-05-22 16:51:00","22-May-2025 16:51:01","00:00:01","https://nsearchives.nseindia.com/corporate/ITC_22052025164616_SE_Results_.pdf"
"ITC","ITC Limited","Acquisition","ITC Limited has informed the Exchange about Acquisition of shares of Mother Sparsh Baby Care Private Limited.","21-May-2025 20:00:02","2025-05-21 20:00:02","21-May-2025 20:00:04","00:00:02","https://nsearchives.nseindia.com/corporate/ITC_21052025195949_SE_Mothersparsh_.pdf"
"ITC","ITC Limited","Analysts/Institutional Investor Meet/Con. Call Updates","ITC Limited has informed the Exchange about the Company s representatives will be participating in a Non-deal Roadshow, physically on 27th to 29th May, 2025 at Singapore.","20-May-2025 19:04:10","2025-05-20 19:04:10","20-May-2025 19:04:11","00:00:01","https://nsearchives.nseindia.com/corporate/ITC_20052025190317_SE_Investorconference_.pdf"
"ITC","ITC Limited","Copy of Newspaper Publication","ITC Limited has informed the Exchange about Copy of Newspaper Publication","16-May-2025 15:12:54","2025-05-16 15:12:54","16-May-2025 15:12:55","00:00:01","https://nsearchives.nseindia.com/corporate/ITC_16052025151152_Advertisement-ProposedtransfertoIEPF.pdf"
"ITC","ITC Limited","Credit Rating","ITC Limited has informed the Exchange about Credit Rating","15-May-2025 18:36:54","2025-05-15 18:36:54","15-May-2025 18:36:54","00:00:00","https://nsearchives.nseindia.com/corporate/ITC_15052025183607_SE_ESG_.pdf"
"ITC","ITC Limited","Sale or disposal","ITC Limited has informed the Exchange about divestment of its entire shareholding held in Delectable Technologies Private Limited.","13-May-2025 20:02:03","2025-05-13 20:02:03","13-May-2025 20:02:03","00:00:00","https://nsearchives.nseindia.com/corporate/ITC_13052025200047_SE_DTPL_.pdf"
"ITC","ITC Limited","Certificate under SEBI (Depositories and Participants) Regulations, 2018","ITC Limited has informed the Exchange about Certificate under SEBI (Depositories and Participants) Regulations, 2018","02-May-2025 18:30:37","2025-05-02 18:30:37","02-May-2025 18:30:37","00:00:00","https://nsearchives.nseindia.com/corporate/ITC_02052025183004_MonthlydematrematApril2025.pdf"
"ITC","ITC Limited","Acquisition","ITC Limited has informed the Exchange about Entering into Agreements for acquisition of shares of Sresta Natural Bioproducts Private Limited and Mother Sparsh Baby Care Private Limited","17-Apr-2025 21:57:36","2025-04-17 21:57:36","17-Apr-2025 21:57:37","00:00:01","https://nsearchives.nseindia.com/corporate/ITC_17042025215701_SE.pdf"
"ITC","ITC Limited","Shareholders meeting","ITC Limited has informed the Exchange regarding voting results of Postal Ballot by voting through electronic means","11-Apr-2025 14:55:50","2025-04-11 14:55:50","11-Apr-2025 14:55:50","00:00:00","https://nsearchives.nseindia.com/corporate/ITC_11042025145523_SE_VotingResults_.pdf"
"ITC","ITC Limited","Acquisition","ITC Limited has informed the Exchange about Acquisition of shares of Ample Foods Private Limited","04-Apr-2025 18:49:45","2025-04-04 18:49:45","04-Apr-2025 18:49:46","00:00:01","https://nsearchives.nseindia.com/corporate/ITC_04042025184935_SE_Acquisition_.pdf"
"ITC","ITC Limited","Certificate under SEBI (Depositories and Participants) Regulations, 2018","ITC Limited has informed the Exchange about Certificate under SEBI (Depositories and Participants) Regulations, 2018","04-Apr-2025 17:38:45","2025-04-04 17:38:45","04-Apr-2025 17:38:46","00:00:01","https://nsearchives.nseindia.com/corporate/ITC_04042025173739_MonthlydematrematMarch2025.pdf"
"ITC","ITC Limited","Acquisition","ITC Limited has informed the Exchange about Acquisition of Pulp and Paper Undertaking of Aditya Birla Real Estate Limited.","31-Mar-2025 20:03:07","2025-03-31 20:03:07","31-Mar-2025 20:03:07","00:00:00","https://nsearchives.nseindia.com/corporate/ITC_31032025200258_SE_Acquisition_.pdf"
"ITC","ITC Limited","Trading Window","ITC Limited has informed the Exchange regarding the Trading Window closure pursuant to SEBI (Prohibition of Insider Trading) Regulations, 2015","27-Mar-2025 18:50:45","2025-03-27 18:50:45","27-Mar-2025 18:50:46","00:00:01","https://nsearchives.nseindia.com/corporate/ITC_27032025185034_ClosureofTradingWindow.pdf"
"ITC","ITC Limited","ESOP/ESOS/ESPS","ITC Limited has informed the Exchange regarding Allotment of 664000  Shares.","17-Mar-2025 19:15:32","2025-03-17 19:15:32","17-Mar-2025 19:15:33","00:00:01","https://nsearchives.nseindia.com/corporate/ITC_17032025191345_Intimation17032025.pdf"
"ITC","ITC Limited","Copy of Newspaper Publication","ITC Limited has informed the Exchange about Copy of Newspaper Publication","13-Mar-2025 16:29:37","2025-03-13 16:29:37","13-Mar-2025 16:29:38","00:00:01","https://nsearchives.nseindia.com/corporate/ITC_13032025162919_SELetterPressAdvtPostalBallot.pdf"
"ITC","ITC Limited","Shareholders meeting","ITC Limited has informed the Exchange regarding Notice of Postal Ballot","11-Mar-2025 14:27:59","2025-03-11 14:27:59","11-Mar-2025 14:28:00","00:00:01","https://nsearchives.nseindia.com/corporate/ITC_11032025142750_SE.pdf"
"ITC","ITC Limited","Analysts/Institutional Investor Meet/Con. Call Updates","ITC Limited has informed the Exchange about Schedule of meet","10-Mar-2025 18:45:21","2025-03-10 18:45:21","10-Mar-2025 18:45:21","00:00:00","https://nsearchives.nseindia.com/corporate/ITC_10032025184458_SE_InvestorConference_.pdf"
"ITC","ITC Limited","Certificate under SEBI (Depositories and Participants) Regulations, 2018","ITC Limited has informed the Exchange about Certificate under SEBI (Depositories and Participants) Regulations, 2018","03-Mar-2025 17:50:24","2025-03-03 17:50:24","03-Mar-2025 17:50:25","00:00:01","https://nsearchives.nseindia.com/corporate/ITC_03032025175011_MonthlydematrematFeb2025.pdf"
"ITC","ITC Limited","ESOP/ESOS/ESPS","ITC Limited has informed the Exchange regarding Allotment of 976280  Shares.","25-Feb-2025 19:23:50","2025-02-25 19:23:50","25-Feb-2025 19:23:51","00:00:01","https://nsearchives.nseindia.com/corporate/ITC_25022025192153_Intimation25022025.pdf"
"ITC","ITC Limited","Outcome of Board Meeting","ITC Limited has informed the Exchange regarding Acquisition of shares of Ample Foods Private Limited and Meat and Spice Private Limited","06-Feb-2025 19:49:15","2025-02-06 19:49:15","06-Feb-2025 19:49:16","00:00:01","https://nsearchives.nseindia.com/corporate/ITC_06022025194740_SE_Acquisition_.pdf"
"ITC","ITC Limited","Acquisition","ITC Limited has informed the Exchange about Acquisition of shares of Ample Foods Private Limited and Meat and Spice Private Limited","06-Feb-2025 19:49:15","2025-02-06 19:49:15","06-Feb-2025 19:49:16","00:00:01","https://nsearchives.nseindia.com/corporate/ITC_06022025194749_SE_Acquisition_.pdf"
"ITC","ITC Limited","Integrated Filing- Financial","Integrated Filing (Financial) for the Quarter and Nine Months ended 31st December, 2024","06-Feb-2025 18:58:46","2025-02-06 18:58:46","06-Feb-2025 18:58:47","00:00:01","https://nsearchives.nseindia.com/corporate/ITC_06022025185830_SE_IntegratedResults_.pdf"
"ITC","ITC Limited","Record Date","ITC Limited has informed the Exchange that Record date for the purpose of Dividend  is 06-Feb-2025.","06-Feb-2025 18:49:38","2025-02-06 18:49:38","06-Feb-2025 18:49:39","00:00:01","https://nsearchives.nseindia.com/corporate/ITC_06022025184818_SE.pdf"
"ITC","ITC Limited","General Updates","ITC Limited has informed the Exchange about  recommendation for issue of shares under a new Employee Stock Appreciation Rights Scheme","06-Feb-2025 18:47:11","2025-02-06 18:47:11","06-Feb-2025 18:47:13","00:00:02","https://nsearchives.nseindia.com/corporate/ITC_06022025184556_SE.pdf"
"ITC","ITC Limited","General Updates","ITC Limited has informed the Exchange about Interim Dividend","06-Feb-2025 18:47:11","2025-02-06 18:47:11","06-Feb-2025 18:47:12","00:00:01","https://nsearchives.nseindia.com/corporate/ITC_06022025184447_SE.pdf"
"ITC","ITC Limited","Outcome of Board Meeting","ITC Limited has informed the Exchange regarding Outcome of Board Meeting held on February 06, 2025.","06-Feb-2025 18:47:11","2025-02-06 18:47:11","06-Feb-2025 18:47:12","00:00:01","https://nsearchives.nseindia.com/corporate/ITC_06022025184355_SE_Results_.pdf"
"ITC","ITC Limited","Outcome of Board Meeting","ITC Limited has informed the Exchange regarding  Board meeting held on February 06, 2025.","06-Feb-2025 18:41:10","2025-02-06 18:41:10","06-Feb-2025 18:41:11","00:00:01","https://nsearchives.nseindia.com/corporate/ITC_06022025184054_SE_Results_.pdf"
"ITC","ITC Limited","General Updates","ITC Limited has informed the Exchange about Media Statement and Presentation","06-Feb-2025 18:39:26","2025-02-06 18:39:26","06-Feb-2025 18:39:27","00:00:01","https://nsearchives.nseindia.com/corporate/ITC_06022025183903_SE_Media_.pdf"
"ITC","ITC Limited","Financial Result Updates"," ITC Limited has submitted to the Exchange, the financial results for the period ended December 31, 2024.","06-Feb-2025 18:37:02","2025-02-06 18:37:02","06-Feb-2025 18:37:02","00:00:00","https://nsearchives.nseindia.com/corporate/SE_Results__06022025183702.pdf"
"ITC","ITC Limited","Certificate under SEBI (Depositories and Participants) Regulations, 2018","ITC Limited has informed the Exchange about Certificate under SEBI (Depositories and Participants) Regulations, 2018","04-Feb-2025 16:01:02","2025-02-04 16:01:02","04-Feb-2025 16:01:03","00:00:01","https://nsearchives.nseindia.com/corporate/ITC_04022025155931_MonthlydematrematJan2025.pdf"
"ITC","ITC Limited","ESOP/ESOS/ESPS","ITC Limited has informed the Exchange regarding Allotment of 769110  Shares.","31-Jan-2025 16:25:14","2025-01-31 16:25:14","31-Jan-2025 16:25:14","00:00:00","https://nsearchives.nseindia.com/corporate/ITC_31012025162325_Intimation31012025.pdf"
"ITC","ITC Limited","General Updates","ITC Limited has informed the Exchange about Apportionment of cost of acquisition of Ordinary Shares of ITC Limited and Equity Shares of ITC Hotels Limited - Revised","28-Jan-2025 00:42:17","2025-01-28 00:42:17","28-Jan-2025 00:42:18","00:00:01","https://nsearchives.nseindia.com/corporate/ITC_28012025004206_SE_COA_.pdf"
"ITC","ITC Limited","General Updates","ITC Limited has informed the Exchange about Apportionment of cost of acquisition of Ordinary Shares of ITC Limited and Equity Shares of ITC Hotels Limited","27-Jan-2025 21:13:30","2025-01-27 21:13:30","27-Jan-2025 21:13:31","00:00:01","https://nsearchives.nseindia.com/corporate/ITC_27012025211253_SE_COA_.pdf"
"ITC","ITC Limited","General Updates","ITC Limited has informed the Exchange about Listing of equity shares of ITC Hotels Limited","27-Jan-2025 17:29:28","2025-01-27 17:29:28","27-Jan-2025 17:29:30","00:00:02","https://nsearchives.nseindia.com/corporate/ITC_27012025172900_SE_listing_of_ITCHL_.pdf"
"ITC","ITC Limited","Credit Rating- New","ITC Limited has informed the Exchange about Intimation of ESG Score assigned by SES ESG Research Private Limited","15-Jan-2025 12:22:34","2025-01-15 12:22:34","15-Jan-2025 12:22:35","00:00:01","https://nsearchives.nseindia.com/corporate/ITC_15012025122222_SE_ESG_.pdf"
"ITC","ITC Limited","General Updates","ITC Limited has informed the Exchange about General Updates","11-Jan-2025 16:54:16","2025-01-11 16:54:16","11-Jan-2025 16:54:17","00:00:01","https://nsearchives.nseindia.com/corporate/ITC_11012025165347_SE_allotment_.pdf"
"ITC","ITC Limited","Certificate under SEBI (Depositories and Participants) Regulations, 2018","ITC Limited has informed the Exchange about Certificate under SEBI (Depositories and Participants) Regulations, 2018","02-Jan-2025 15:40:53","2025-01-02 15:40:53","02-Jan-2025 15:40:54","00:00:01","https://nsearchives.nseindia.com/corporate/ITC_02012025154027_MonthlydematrematDec2024.pdf"
"ITC","ITC Limited","General Updates","ITC Limited has informed the Exchange about general updates on demerger of Hotels Business into ITC Hotels Limited","31-Dec-2024 18:19:41","2024-12-31 18:19:41","31-Dec-2024 18:19:42","00:00:01","https://nsearchives.nseindia.com/corporate/ITC_31122024181701_SELetter.pdf"
"ITC","ITC Limited","General Updates","ITC Limited has informed the Exchange about presentation on demerger of Hotel Business - update","30-Dec-2024 15:32:47","2024-12-30 15:32:47","30-Dec-2024 15:32:48","00:00:01","https://nsearchives.nseindia.com/corporate/ITC_30122024153104_SELetter.pdf"
"ITC","ITC Limited","Trading Window","ITC Limited has informed the Exchange regarding the Trading Window closure pursuant to SEBI (Prohibition of Insider Trading) Regulations, 2015","26-Dec-2024 13:13:45","2024-12-26 13:13:45","26-Dec-2024 13:13:46","00:00:01","https://nsearchives.nseindia.com/corporate/ITC_26122024131212_ClosureofTradingWindow.pdf"
"ITC","ITC Limited","Acquisition","ITC Limited has informed the Exchange about Acquisition","18-Dec-2024 18:29:24","2024-12-18 18:29:24","18-Dec-2024 18:29:25","00:00:01","https://nsearchives.nseindia.com/corporate/ITC_18122024182924_SE_HLVEIH_.pdf"
"ITC","ITC Limited","Appointment","ITC Limited has informed the Exchange regarding Appointment of Mr Siddhartha Mohanty as Non- Executive Director of the company w.e.f. January 01, 2025.","18-Dec-2024 15:29:31","2024-12-18 15:29:31","18-Dec-2024 15:29:32","00:00:01","https://nsearchives.nseindia.com/corporate/ITC_18122024152931_SE_Director_.pdf"
"ITC","ITC Limited","Shareholders meeting","ITC Limited has informed the Exchange regarding voting results of  Postal Ballot","18-Dec-2024 15:19:48","2024-12-18 15:19:48","18-Dec-2024 15:19:49","00:00:01","https://nsearchives.nseindia.com/corporate/ITC_18122024151948_SE_VotingResults_.pdf"
"ITC","ITC Limited","Record Date","ITC Limited has informed the Exchange that Record date for the purpose of Demerger of the Hotels Business of the Company  is 06-Jan-2025.","18-Dec-2024 12:55:36","2024-12-18 12:55:36","18-Dec-2024 12:55:37","00:00:01","https://nsearchives.nseindia.com/corporate/ITC_18122024125536_SE_Recorddate_.pdf"
"ITC","ITC Limited","General Updates","ITC Limited has informed the Exchange about Demerger of the Hotels Business of the Company - Record Date","18-Dec-2024 12:46:32","2024-12-18 12:46:32","18-Dec-2024 12:46:32","00:00:00","https://nsearchives.nseindia.com/corporate/ITC_18122024124632_SE_Recorddate_.pdf"
"ITC","ITC Limited","General Updates","ITC Limited has informed the Exchange about update on Demerger of the Hotels Business of the Company.","17-Dec-2024 11:41:31","2024-12-17 11:41:31","17-Dec-2024 11:41:32","00:00:01","https://nsearchives.nseindia.com/corporate/ITC_17122024114131_SE_Effectivedate_.pdf"
"ITC","ITC Limited","ESOP/ESOS/ESPS","ITC Limited has informed the Exchange regarding Allotment of 898540  Shares.","16-Dec-2024 16:27:04","2024-12-16 16:27:04","16-Dec-2024 16:27:05","00:00:01","https://nsearchives.nseindia.com/corporate/ITC_16122024162704_Intimation16122024.pdf"
"ITC","ITC Limited","Loss of Share Certificates","ITC Limited has informed the Exchange about Loss of Share Certificates","11-Dec-2024 16:41:37","2024-12-11 16:41:37","11-Dec-2024 16:41:38","00:00:01","https://nsearchives.nseindia.com/corporate/ITC_11122024164137_loss_11dec2024_signed.pdf"
"ITC","ITC Limited","Loss of Share Certificates","ITC Limited has informed the Exchange about Loss of Share Certificates","04-Dec-2024 17:38:27","2024-12-04 17:38:27","04-Dec-2024 17:38:28","00:00:01","https://nsearchives.nseindia.com/corporate/ITC_04122024173827_loss_4dec2024_signed.pdf"
"ITC","ITC Limited","Certificate under SEBI (Depositories and Participants) Regulations, 2018","ITC Limited has informed the Exchange about Certificate under SEBI (Depositories and Participants) Regulations, 2018","03-Dec-2024 18:00:19","2024-12-03 18:00:19","03-Dec-2024 18:00:20","00:00:01","https://nsearchives.nseindia.com/corporate/ITC_03122024180019_MonthlydematrematNov2024.pdf"
"ITC","ITC Limited","News Verification","The Exchange has sought clarification from ITC Limited with respect to recent news item captioned ITC, Godfrey Phillips shares tumble as GST panel suggests 35% tax for cigarettes, tobacco.  The response from the Company is attached.","03-Dec-2024 15:28:38","2024-12-03 15:28:38","03-Dec-2024 15:28:39","00:00:01","https://nsearchives.nseindia.com/corporate/ITC_03122024152838_SE_Rumour__NSE_.pdf"
"ITC","ITC Limited","News Verification","The Exchange has sought clarification from ITC Limited with respect to recent news item captioned ITC, Godfrey Phillips shares tumble as GST panel suggests 35% tax for cigarettes, tobacco.  The response from the Company is awaited.","03-Dec-2024 11:46:52","2024-12-03 11:46:52","03-Dec-2024 11:46:52","00:00:00","-"
"ITC","ITC Limited","Loss of Share Certificates","ITC Limited has informed the Exchange about Loss of Share Certificates","29-Nov-2024 16:41:41","2024-11-29 16:41:41","29-Nov-2024 16:41:42","00:00:01","https://nsearchives.nseindia.com/corporate/ITC_29112024164141_REISSUE_29112024__SIGNED.pdf"
"ITC","ITC Limited","Acquisition","ITC Limited has informed the Exchange about Acquisition","29-Nov-2024 14:17:24","2024-11-29 14:17:24","29-Nov-2024 14:17:24","00:00:00","https://nsearchives.nseindia.com/corporate/ITC_29112024141724_SE_GHL_.pdf"
"ITC","ITC Limited","Loss of Share Certificates","ITC Limited has informed the Exchange about Loss of Share Certificates","28-Nov-2024 18:35:31","2024-11-28 18:35:31","28-Nov-2024 18:35:32","00:00:01","https://nsearchives.nseindia.com/corporate/ITC_28112024183531_LOSS_28NOV2024_signed.pdf"
"ITC","ITC Limited","Analysts/Institutional Investor Meet/Con. Call Updates","ITC Limited has informed the Exchange about Schedule of meet","27-Nov-2024 15:30:06","2024-11-27 15:30:06","27-Nov-2024 15:30:06","00:00:00","https://nsearchives.nseindia.com/corporate/ITC_27112024153006_SE_Investorconference_.pdf"
"ITC","ITC Limited","General Updates","ITC Limited has informed the Exchange about Presentation on ITC Hotels.","25-Nov-2024 09:47:22","2024-11-25 09:47:22","25-Nov-2024 09:47:23","00:00:01","https://nsearchives.nseindia.com/corporate/ITC_25112024094722_SE_InvestorPresentation_.pdf"
"ITC","ITC Limited","Analysts/Institutional Investor Meet/Con. Call Updates","ITC Limited has informed the Exchange about Schedule of meet","22-Nov-2024 11:16:44","2024-11-22 11:16:44","22-Nov-2024 11:16:44","00:00:00","https://nsearchives.nseindia.com/corporate/ITC_22112024111644_SE_Investorconference_.pdf"
"ITC","ITC Limited","Loss of Share Certificates","ITC Limited has informed the Exchange about Loss of Share Certificates","21-Nov-2024 17:58:07","2024-11-21 17:58:07","21-Nov-2024 17:58:08","00:00:01","https://nsearchives.nseindia.com/corporate/ITC_21112024175807_NSE_LOSS21112024_SIGNED.pdf"
"ITC","ITC Limited","Copy of Newspaper Publication","ITC Limited has informed the Exchange about Copy of Newspaper Publication","19-Nov-2024 13:18:11","2024-11-19 13:18:11","19-Nov-2024 13:18:11","00:00:00","https://nsearchives.nseindia.com/corporate/ITC_19112024131811_SELetterPressAdvtPostalBallot.pdf"
"ITC","ITC Limited","Loss of Share Certificates","ITC Limited has informed the Exchange about Loss of Share Certificates","15-Nov-2024 17:28:00","2024-11-15 17:28:00","15-Nov-2024 17:28:01","00:00:01","https://nsearchives.nseindia.com/corporate/ITC_15112024172800_reissue_signed_15112024.pdf"
"ITC","ITC Limited","ESOP/ESOS/ESPS","ITC Limited has informed the Exchange regarding Allotment of 1119510  Shares.","15-Nov-2024 11:30:35","2024-11-15 11:30:35","15-Nov-2024 11:30:36","00:00:01","https://nsearchives.nseindia.com/corporate/ITC_15112024113035_Intimation.pdf"
"ITC","ITC Limited","Shareholders meeting","ITC Limited has informed the Exchange about Shareholders meeting","13-Nov-2024 16:06:08","2024-11-13 16:06:08","13-Nov-2024 16:06:09","00:00:01","https://nsearchives.nseindia.com/corporate/ITC_13112024160608_SE.pdf"
"ITC","ITC Limited","Analysts/Institutional Investor Meet/Con. Call Updates","ITC Limited has informed the Exchange about Schedule of meet","11-Nov-2024 17:45:44","2024-11-11 17:45:44","11-Nov-2024 17:45:45","00:00:01","https://nsearchives.nseindia.com/corporate/ITC_11112024174544_SE_Investorconference_.pdf"
"ITC","ITC Limited","Loss of Share Certificates","ITC Limited has informed the Exchange about Loss of Share Certificates","06-Nov-2024 17:30:12","2024-11-06 17:30:12","06-Nov-2024 17:30:13","00:00:01","https://nsearchives.nseindia.com/corporate/ITC_06112024173012_loss_6nov2024_signed.pdf"
"ITC","ITC Limited","Certificate under SEBI (Depositories and Participants) Regulations, 2018","ITC Limited has informed the Exchange about Certificate under SEBI (Depositories and Participants) Regulations, 2018","04-Nov-2024 17:52:11","2024-11-04 17:52:11","04-Nov-2024 17:52:11","00:00:00","https://nsearchives.nseindia.com/corporate/ITC_04112024175211_MonthlydematrematOct2024.pdf"
"ITC","ITC Limited","Analysts/Institutional Investor Meet/Con. Call Updates","ITC Limited has informed the Exchange about Schedule of meet","31-Oct-2024 15:49:56","2024-10-31 15:49:56","31-Oct-2024 15:49:57","00:00:01","https://nsearchives.nseindia.com/corporate/ITC_31102024154956_SE_Investorconferences_.pdf"
"ITC","ITC Limited","General Updates","ITC Limited has informed the Exchange about Media Statement and Presentation","24-Oct-2024 19:51:32","2024-10-24 19:51:32","24-Oct-2024 19:51:33","00:00:01","https://nsearchives.nseindia.com/corporate/ITC_24102024195132_SE_Media_.pdf"
"ITC","ITC Limited","Resignation","ITC Limited has informed the Exchange regarding Resignation of Mr Mukesh Gupta as Non- Executive Director of the company w.e.f. October 27, 2024.","24-Oct-2024 19:39:42","2024-10-24 19:39:42","24-Oct-2024 19:39:43","00:00:01","https://nsearchives.nseindia.com/corporate/ITC_24102024193942_SE_Director_.pdf"
"ITC","ITC Limited","General Updates","ITC Limited has informed the Exchange about Approval for acquisition of Shares","24-Oct-2024 19:20:27","2024-10-24 19:20:27","24-Oct-2024 19:20:27","00:00:00","https://nsearchives.nseindia.com/corporate/ITC_24102024192027_SE_Acqusition_.pdf"
"ITC","ITC Limited","General Updates","ITC Limited has informed the Exchange about Recommendation for appointment of Director","24-Oct-2024 19:19:24","2024-10-24 19:19:24","24-Oct-2024 19:19:24","00:00:00","https://nsearchives.nseindia.com/corporate/ITC_24102024191924_SE_Directorrecommendation_.pdf"
"ITC","ITC Limited","Outcome of Board Meeting","ITC Limited has informed the Exchange regarding  Board meeting held on October 24, 2024.","24-Oct-2024 19:15:26","2024-10-24 19:15:26","24-Oct-2024 19:15:27","00:00:01","https://nsearchives.nseindia.com/corporate/ITC_24102024191526_Results.pdf"
"ITC","ITC Limited","Financial Result Updates"," ITC Limited has submitted to the Exchange, the financial results for the period ended September 30, 2024.","24-Oct-2024 19:14:21","2024-10-24 19:14:21","24-Oct-2024 19:14:22","00:00:01","https://nsearchives.nseindia.com/corporate/Results_24102024191421.pdf"
"ITC","ITC Limited","Loss of Share Certificates","ITC Limited has informed the Exchange about Loss of Share Certificates","23-Oct-2024 17:44:21","2024-10-23 17:44:21","23-Oct-2024 17:44:22","00:00:01","https://nsearchives.nseindia.com/corporate/ITC_23102024174421_loss_23102024_signed.pdf"
"ITC","ITC Limited","Loss of Share Certificates","ITC Limited has informed the Exchange about Loss of Share Certificates","22-Oct-2024 18:02:39","2024-10-22 18:02:39","22-Oct-2024 18:02:39","00:00:00","https://nsearchives.nseindia.com/corporate/ITC_22102024180239_20241022113731_SIGNED.pdf"
"ITC","ITC Limited","ESOP/ESOS/ESPS","ITC Limited has informed the Exchange regarding Allotment of 2093640 Shares.","21-Oct-2024 11:09:44","2024-10-21 11:09:44","21-Oct-2024 11:09:44","00:00:00","https://nsearchives.nseindia.com/corporate/ITC_21102024110944_Intimation21102024.pdf"
"ITC","ITC Limited","Loss of Share Certificates","ITC Limited has informed the Exchange about Loss of Share Certificates","15-Oct-2024 17:36:01","2024-10-15 17:36:01","15-Oct-2024 17:36:01","00:00:00","https://nsearchives.nseindia.com/corporate/ITC_15102024173601_LOSS_15OCT2024_SIGNED.pdf"
"ITC","ITC Limited","Loss of Share Certificates","ITC Limited has informed the Exchange about Loss of Share Certificates","09-Oct-2024 14:42:32","2024-10-09 14:42:32","09-Oct-2024 14:42:33","00:00:01","https://nsearchives.nseindia.com/corporate/ITC_09102024144232_BSE_REISSUE09102024_SIGNED.pdf"
"ITC","ITC Limited","Loss of Share Certificates","ITC Limited has informed the Exchange about Loss of Share Certificates","08-Oct-2024 17:43:41","2024-10-08 17:43:41","08-Oct-2024 17:43:42","00:00:01","https://nsearchives.nseindia.com/corporate/ITC_08102024174341_LOSS_8OCTOBER2024_SIGNED.pdf"
"ITC","ITC Limited","Updates","ITC Limited has informed the Exchange regarding 'Quarterly report on Fake/Forged/Missing/Lost/Stolen/Non-transferable shares as on 30th September, 2024'.","07-Oct-2024 18:25:01","2024-10-07 18:25:01","07-Oct-2024 18:25:02","00:00:01","https://nsearchives.nseindia.com/corporate/ITC_07102024182502_QTRLY_LOSS_SEPT2024_SIGNED.pdf"
"ITC","ITC Limited","General Updates","ITC Limited has informed the Exchange about Demerger of the Hotels Business of the Company","05-Oct-2024 13:04:19","2024-10-05 13:04:19","05-Oct-2024 13:04:19","00:00:00","https://nsearchives.nseindia.com/corporate/ITC_05102024130419_SE_NCLTOrder_.pdf"
"ITC","ITC Limited","Certificate under SEBI (Depositories and Participants) Regulations, 2018","ITC Limited has informed the Exchange about Certificate under SEBI (Depositories and Participants) Regulations, 2018","04-Oct-2024 11:51:27","2024-10-04 11:51:27","04-Oct-2024 11:51:27","00:00:00","https://nsearchives.nseindia.com/corporate/ITC_04102024115127_MonthlydematrematSept2024.pdf"
"ITC","ITC Limited","Acquisition","ITC Limited has informed the Exchange about Acquisition","01-Oct-2024 21:37:55","2024-10-01 21:37:55","01-Oct-2024 21:37:56","00:00:01","https://nsearchives.nseindia.com/corporate/ITC_01102024213755_SE_Blazeclan_.pdf"
"ITC","ITC Limited","Acquisition","ITC Limited has informed the Exchange about Acquisition","25-Sep-2024 19:00:28","2024-09-25 19:00:28","25-Sep-2024 19:00:29","00:00:01","https://nsearchives.nseindia.com/corporate/ITC_25092024190028_SE_Acquisition_.pdf"
"ITC","ITC Limited","Loss of Share Certificates","ITC Limited has informed the Exchange about Loss of Share Certificates","25-Sep-2024 17:36:26","2024-09-25 17:36:26","25-Sep-2024 17:36:28","00:00:02","https://nsearchives.nseindia.com/corporate/ITC_25092024173627_loss_25092024_signed.pdf"
"ITC","ITC Limited","Trading Window","ITC Limited has informed the Exchange regarding the Trading Window closure pursuant to SEBI (Prohibition of Insider Trading) Regulations, 2015","25-Sep-2024 17:28:09","2024-09-25 17:28:09","25-Sep-2024 17:28:10","00:00:01","https://nsearchives.nseindia.com/corporate/ITC_25092024172809_ClosureofTradingWindow.pdf"
"ITC","ITC Limited","Loss of Share Certificates","ITC Limited has informed the Exchange about Loss of Share Certificates","18-Sep-2024 18:31:51","2024-09-18 18:31:51","18-Sep-2024 18:31:52","00:00:01","https://nsearchives.nseindia.com/corporate/ITC_18092024183151_REISSUE18092024_SIGNED.pdf"
"ITC","ITC Limited","Loss of Share Certificates","ITC Limited has informed the Exchange about Loss of Share Certificates","18-Sep-2024 18:19:06","2024-09-18 18:19:06","18-Sep-2024 18:19:06","00:00:00","https://nsearchives.nseindia.com/corporate/ITC_18092024181906_loss_18092024_signed.pdf"
"ITC","ITC Limited","ESOP/ESOS/ESPS","ITC Limited has informed the Exchange regarding Allotment of 2113730  Shares.","17-Sep-2024 11:28:59","2024-09-17 11:28:59","17-Sep-2024 11:29:12","00:00:13","https://nsearchives.nseindia.com/corporate/ITC_17092024112859_AllotmentLetter17092024.pdf"
"ITC","ITC Limited","Change in Director(s)","ITC Limited has informed the Exchange regarding Change in Director(s) of the company.","15-Sep-2024 11:00:02","2024-09-15 11:00:02","15-Sep-2024 11:00:03","00:00:01","https://nsearchives.nseindia.com/corporate/ITC_15092024110002_SEDirectorsCessation.pdf"
"ITC","ITC Limited","Loss of Share Certificates","ITC Limited has informed the Exchange about Loss of Share Certificates","13-Sep-2024 17:27:58","2024-09-13 17:27:58","13-Sep-2024 17:27:59","00:00:01","https://nsearchives.nseindia.com/corporate/ITC_13092024172758_LOSS_13092024_SIGNED.pdf"
"ITC","ITC Limited","Copy of Newspaper Publication","ITC Limited has informed the Exchange about Copy of Newspaper Publication re: Notice of Hearing of Company Petition.","12-Sep-2024 11:06:36","2024-09-12 11:06:36","12-Sep-2024 11:06:37","00:00:01","https://nsearchives.nseindia.com/corporate/ITC_12092024110636_SE.pdf"
"ITC","ITC Limited","Loss of Share Certificates","ITC Limited has informed the Exchange about Loss of Share Certificates","11-Sep-2024 17:57:08","2024-09-11 17:57:08","11-Sep-2024 17:57:08","00:00:00","https://nsearchives.nseindia.com/corporate/ITC_11092024175708_loss_11sept24_signed.pdf"
"ITC","ITC Limited","Analysts/Institutional Investor Meet/Con. Call Updates","We write to advise, pursuant to Regulation 30 of the SEBI (Listing Obligations and                   Disclosure Requirements) Regulations, 2015, that the Company s representatives will be attending the Investor Conferences organised by third parties on 23rd and 24th September, 2024","11-Sep-2024 17:00:58","2024-09-11 17:00:58","11-Sep-2024 17:00:59","00:00:01","https://nsearchives.nseindia.com/corporate/ITC_11092024170058_SE_Investorconferences_.pdf"
"ITC","ITC Limited","Appointment","ITC Limited has informed the Exchange regarding Appointment of Mr Chandra Kishore Mishra as Non- Executive Independent Director of the company w.e.f. September 14, 2024.","11-Sep-2024 16:26:17","2024-09-11 16:26:17","11-Sep-2024 16:26:18","00:00:01","https://nsearchives.nseindia.com/corporate/ITC_11092024162617_SE_Director_.pdf"
"ITC","ITC Limited","Shareholders meeting","ITC Limited has informed the Exchange regarding voting results of  Postal Ballot","11-Sep-2024 16:16:05","2024-09-11 16:16:05","11-Sep-2024 16:16:07","00:00:02","https://nsearchives.nseindia.com/corporate/ITC_11092024161605_SE_VotingResults_.pdf"
"ITC","ITC Limited","Loss of Share Certificates","ITC Limited has informed the Exchange about Loss of Share Certificates","04-Sep-2024 17:50:54","2024-09-04 17:50:54","04-Sep-2024 17:50:54","00:00:00","https://nsearchives.nseindia.com/corporate/ITC_04092024175054_LOSS_4SEPT2024_SIGNED.pdf"
"ITC","ITC Limited","Certificate under SEBI (Depositories and Participants) Regulations, 2018","ITC Limited has informed the Exchange about Certificate under SEBI (Depositories and Participants) Regulations, 2018","03-Sep-2024 17:11:48","2024-09-03 17:11:48","03-Sep-2024 17:11:49","00:00:01","https://nsearchives.nseindia.com/corporate/ITC_03092024171149_MonthlydematrematAug2024.pdf"
"ITC","ITC Limited","Loss of Share Certificates","ITC Limited has informed the Exchange about Loss of Share Certificates","28-Aug-2024 17:39:47","2024-08-28 17:39:47","28-Aug-2024 17:39:48","00:00:01","https://nsearchives.nseindia.com/corporate/ITC_28082024173947_loss_28aug2024_signed.pdf"
"ITC","ITC Limited","Loss of Share Certificates","ITC Limited has informed the Exchange about Loss of Share Certificates","21-Aug-2024 18:04:00","2024-08-21 18:04:00","21-Aug-2024 18:04:02","00:00:02","https://nsearchives.nseindia.com/corporate/ITC_21082024180400_LOSS_21AUGUST2024_SIGNED.pdf"
"ITC","ITC Limited","Loss of Share Certificates","ITC Limited has informed the Exchange about Loss of Share Certificates","16-Aug-2024 15:27:22","2024-08-16 15:27:22","16-Aug-2024 15:27:23","00:00:01","https://nsearchives.nseindia.com/corporate/ITC_16082024152722_REISSUE16082024_SIGNED.pdf"
"ITC","ITC Limited","ESOP/ESOS/ESPS","ITC Limited has informed the Exchange regarding Allotment of 754130  Shares.","16-Aug-2024 11:17:27","2024-08-16 11:17:27","16-Aug-2024 11:17:28","00:00:01","https://nsearchives.nseindia.com/corporate/ITC_16082024111727_SE_Allotment_.pdf"
"ITC","ITC Limited","Allotment of Securities","ITC Limited has informed the Exchange regarding allotment of 754130 securities pursuant to ESOP/ESPS at its meeting held on August 16, 2024","16-Aug-2024 11:16:04","2024-08-16 11:16:04","16-Aug-2024 11:16:06","00:00:02","https://nsearchives.nseindia.com/corporate/ITC_16082024111604_SE_Allotment_.pdf"
"ITC","ITC Limited","Loss of Share Certificates","ITC Limited has informed the Exchange about Loss of Share Certificates","13-Aug-2024 18:36:29","2024-08-13 18:36:29","13-Aug-2024 18:36:30","00:00:01","https://nsearchives.nseindia.com/corporate/ITC_13082024183629_LOSS_13AUG2024_SIGNED.pdf"
"ITC","ITC Limited","Copy of Newspaper Publication","ITC Limited has informed the Exchange about Copy of Newspaper Publication","13-Aug-2024 14:39:26","2024-08-13 14:39:26","13-Aug-2024 14:39:27","00:00:01","https://nsearchives.nseindia.com/corporate/ITC_13082024143926_SELetterPressAdvtPostalBallot.pdf"
"ITC","ITC Limited","Loss of Share Certificates","ITC Limited has informed the Exchange about Loss of Share Certificates","10-Aug-2024 11:13:06","2024-08-10 11:13:06","10-Aug-2024 11:13:07","00:00:01","https://nsearchives.nseindia.com/corporate/ITC_10082024111306_Reissue_signed.pdf"
"ITC","ITC Limited","ESOP/ESOS/ESPS","ITC Limited has informed the Exchange regarding Allotment of 520320  Shares.","09-Aug-2024 17:22:24","2024-08-09 17:22:24","09-Aug-2024 17:22:25","00:00:01","https://nsearchives.nseindia.com/corporate/ITC_09082024172224_Intimation09082024.pdf"
"ITC","ITC Limited","Shareholders meeting","ITC Limited has informed the Exchange regarding Notice of Postal Ballot","07-Aug-2024 15:27:44","2024-08-07 15:27:44","07-Aug-2024 15:27:45","00:00:01","https://nsearchives.nseindia.com/corporate/ITC_07082024152744_SE.pdf"
"ITC","ITC Limited","Loss of Share Certificates","ITC Limited has informed the Exchange about Loss of Share Certificates","02-Aug-2024 17:51:29","2024-08-02 17:51:29","02-Aug-2024 17:51:30","00:00:01","https://nsearchives.nseindia.com/corporate/ITC_02082024175129_loss_02082024_signed.pdf"
"ITC","ITC Limited","Certificate under SEBI (Depositories and Participants) Regulations, 2018","ITC Limited has informed the Exchange about Certificate under SEBI (Depositories and Participants) Regulations, 2018","02-Aug-2024 14:51:47","2024-08-02 14:51:47","02-Aug-2024 14:51:48","00:00:01","https://nsearchives.nseindia.com/corporate/ITC_02082024145147_MonthlydematrematJuly2024.pdf"
"ITC","ITC Limited","Updates","ITC Limited has informed the Exchange regarding 'Unaudited Financial Results   Media Statement and Presentation'.","01-Aug-2024 16:38:07","2024-08-01 16:38:07","01-Aug-2024 16:38:07","00:00:00","https://nsearchives.nseindia.com/corporate/ITC_01082024163807_SE_Media_.pdf"
"ITC","ITC Limited","ESOP/ESOS/ESPS","ITC Limited has informed the Exchange regarding Allotment of 1348780  Shares.","01-Aug-2024 16:29:29","2024-08-01 16:29:29","01-Aug-2024 16:29:30","00:00:01","https://nsearchives.nseindia.com/corporate/ITC_01082024162929_Intimation01082024.pdf"
"ITC","ITC Limited","Updates","ITC Limited has informed the Exchange regarding 'Recommendation for appointment of DIrector'.","01-Aug-2024 16:21:22","2024-08-01 16:21:22","01-Aug-2024 16:21:23","00:00:01","https://nsearchives.nseindia.com/corporate/ITC_01082024162122_SE_director_.pdf"
"ITC","ITC Limited","Outcome of Board Meeting","ITC Limited has informed the Exchange regarding Outcome of Board Meeting held on August 01, 2024.","01-Aug-2024 16:20:03","2024-08-01 16:20:03","01-Aug-2024 16:20:05","00:00:02","https://nsearchives.nseindia.com/corporate/ITC_01082024162003_SE_Results_.pdf"
"ITC","ITC Limited","Outcome of Board Meeting","ITC Limited has informed the Exchange regarding  Board meeting held on August 01, 2024.","01-Aug-2024 16:18:14","2024-08-01 16:18:14","01-Aug-2024 16:18:14","00:00:00","https://nsearchives.nseindia.com/corporate/ITC_01082024161814_SE_Results_.pdf"
"ITC","ITC Limited","Financial Result Updates"," ITC Limited has submitted to the Exchange, the financial results for the period ended June 30, 2024.","01-Aug-2024 16:16:51","2024-08-01 16:16:51","01-Aug-2024 16:16:51","00:00:00","https://nsearchives.nseindia.com/corporate/SE_Results__01082024161651.pdf"
"ITC","ITC Limited","Loss of Share Certificates","ITC Limited has informed the Exchange about Loss of Share Certificates","31-Jul-2024 17:36:25","2024-07-31 17:36:25","31-Jul-2024 17:36:25","00:00:00","https://nsearchives.nseindia.com/corporate/ITC_31072024173625_LOSS_31JULY2024_SIGNED.pdf"
"ITC","ITC Limited","Analysts/Institutional Investor Meet/Con. Call Updates","ITC Limited has informed the Exchange about Schedule of meet","30-Jul-2024 11:57:06","2024-07-30 11:57:06","30-Jul-2024 11:57:06","00:00:00","https://nsearchives.nseindia.com/corporate/ITC_30072024115706_SE_Investorconference_.pdf"
"ITC","ITC Limited","Cessation","ITC Limited has informed the Exchange regarding Cessation of Mr Shilabhadra Banerjee  as Non- Executive Independent Director of the company w.e.f. July 30, 2024.","30-Jul-2024 11:51:43","2024-07-30 11:51:43","30-Jul-2024 11:51:44","00:00:01","https://nsearchives.nseindia.com/corporate/ITC_30072024115143_SE_Director_.pdf"
"ITC","ITC Limited","Updates","ITC Limited has informed the Exchange regarding Chairman's address on  Stakeholder Value through Purposeful Performance","26-Jul-2024 18:49:20","2024-07-26 18:49:20","26-Jul-2024 18:49:20","00:00:00","https://nsearchives.nseindia.com/corporate/ITC_26072024184920_SE_chairmanspeech_.pdf"
"ITC","ITC Limited","Change in Auditors","ITC Limited has informed the Exchange regarding Change in Auditors of the company.","26-Jul-2024 18:26:30","2024-07-26 18:26:30","26-Jul-2024 18:26:31","00:00:01","https://nsearchives.nseindia.com/corporate/ITC_26072024182630_SE_Auditors_.pdf"
"ITC","ITC Limited","Change in Director(s)","ITC Limited has informed the Exchange regarding Change in Director(s) of the company.","26-Jul-2024 18:21:08","2024-07-26 18:21:08","26-Jul-2024 18:21:09","00:00:01","https://nsearchives.nseindia.com/corporate/ITC_26072024182108_SE_Directors_.pdf"
"ITC","ITC Limited","Shareholders meeting","ITC Limited has informed the Exchange regarding Proceedings of  Annual General Meeting held on July 26, 2024. Further, the company has informed the Exchange regarding voting results.","26-Jul-2024 18:00:02","2024-07-26 18:00:02","26-Jul-2024 18:00:02","00:00:00","https://nsearchives.nseindia.com/corporate/ITC_26072024180002_SE_Proceedings_.pdf"
"ITC","ITC Limited","Loss of Share Certificates","ITC Limited has informed the Exchange about Loss of Share Certificates","25-Jul-2024 17:22:38","2024-07-25 17:22:38","25-Jul-2024 17:22:39","00:00:01","https://nsearchives.nseindia.com/corporate/ITC_25072024172238_20240725144604_SIGNED.pdf"
"ITC","ITC Limited","ESOP/ESOS/ESPS","ITC Limited has informed the Exchange regarding Allotment of 6987890  Shares.","25-Jul-2024 10:57:38","2024-07-25 10:57:38","25-Jul-2024 10:57:38","00:00:00","https://nsearchives.nseindia.com/corporate/ITC_25072024105738_Intimation25072024.pdf"
"ITC","ITC Limited","Acquisition","ITC Limited has informed the Exchange about Incorporation of a new step-down subsidiary","24-Jul-2024 20:00:40","2024-07-24 20:00:40","24-Jul-2024 20:00:40","00:00:00","https://nsearchives.nseindia.com/corporate/ITC_24072024200040_SE_InfotechItaly_.pdf"
"ITC","ITC Limited","Loss of Share Certificates","ITC Limited has informed the Exchange about Loss of Share Certificates","24-Jul-2024 18:55:53","2024-07-24 18:55:53","24-Jul-2024 18:55:54","00:00:01","https://nsearchives.nseindia.com/corporate/ITC_24072024185553_loss_24JULY2024_SIGNED.pdf"
"ITC","ITC Limited","Loss of Share Certificates","ITC Limited has informed the Exchange about Loss of Share Certificates","17-Jul-2024 17:46:06","2024-07-17 17:46:06","17-Jul-2024 17:46:07","00:00:01","https://nsearchives.nseindia.com/corporate/ITC_17072024174606_loss_17july2024_signed.pdf"
"ITC","ITC Limited","ESOP/ESOS/ESPS","ITC Limited has informed the Exchange regarding Allotment of 6575870  Shares.","12-Jul-2024 10:55:22","2024-07-12 10:55:22","12-Jul-2024 10:55:23","00:00:01","https://nsearchives.nseindia.com/corporate/ITC_12072024105522_Intimation12072024.pdf"
"ITC","ITC Limited","Loss of Share Certificates","ITC Limited has informed the Exchange about Loss of Share Certificates","10-Jul-2024 17:36:54","2024-07-10 17:36:54","10-Jul-2024 17:36:55","00:00:01","https://nsearchives.nseindia.com/corporate/ITC_10072024173654_LOSS_10JULY2024_SIGNED.pdf"
"ITC","ITC Limited","Loss of Share Certificates","ITC Limited has informed the Exchange about Loss of Share Certificates","05-Jul-2024 17:39:45","2024-07-05 17:39:45","05-Jul-2024 17:39:46","00:00:01","https://nsearchives.nseindia.com/corporate/ITC_05072024173945_LOSS_5JULY2024_SIGNED.pdf"
"ITC","ITC Limited","Copy of Newspaper Publication","ITC Limited has informed the Exchange about Copy of Newspaper Publication","05-Jul-2024 16:13:46","2024-07-05 16:13:46","05-Jul-2024 16:13:47","00:00:01","https://nsearchives.nseindia.com/corporate/ITC_05072024161346_SELetterreCompletionofdespatch.pdf"
"ITC","ITC Limited","Updates","ITC Limited has informed the Exchange regarding 'Quarterly report on Fake/Forged/Missing/Lost/Stolen/Non-transferable shares as on 30th June, 2024'.","03-Jul-2024 17:45:15","2024-07-03 17:45:15","03-Jul-2024 17:45:16","00:00:01","https://nsearchives.nseindia.com/corporate/ITC_03072024174515_QTRLY_LOSS_JUNE2024_SIGNED.pdf"
"ITC","ITC Limited","Loss of Share Certificates","ITC Limited has informed the Exchange about Loss of Share Certificates","03-Jul-2024 17:40:16","2024-07-03 17:40:16","03-Jul-2024 17:40:17","00:00:01","https://nsearchives.nseindia.com/corporate/ITC_03072024174016_loss_3july2024_signed.pdf"
"ITC","ITC Limited","Loss of Share Certificates","ITC Limited has informed the Exchange about Loss of Share Certificates","02-Jul-2024 17:40:25","2024-07-02 17:40:25","02-Jul-2024 17:40:25","00:00:00","https://nsearchives.nseindia.com/corporate/ITC_02072024174025_20240702123411_SIGNED.pdf"
"ITC","ITC Limited","Certificate under SEBI (Depositories and Participants) Regulations, 2018","ITC Limited has informed the Exchange about Certificate under SEBI (Depositories and Participants) Regulations, 2018","02-Jul-2024 15:53:07","2024-07-02 15:53:07","02-Jul-2024 15:53:09","00:00:02","https://nsearchives.nseindia.com/corporate/ITC_02072024155308_MonthlydematrematJune2024.pdf"
"ITC","ITC Limited","ESOP/ESOS/ESPS","ITC Limited has informed the Exchange regarding Allotment of 4576510  Shares.","01-Jul-2024 10:52:59","2024-07-01 10:52:59","01-Jul-2024 10:52:59","00:00:00","https://nsearchives.nseindia.com/corporate/ITC_01072024105259_Intimation.pdf"
"ITC","ITC Limited","Shareholders meeting","ITC Limited has informed the Exchange regarding Notice of Annual General Meeting to be held on July 26, 2024","28-Jun-2024 11:30:53","2024-06-28 11:30:53","28-Jun-2024 11:30:53","00:00:00","https://nsearchives.nseindia.com/corporate/ITC_28062024113053_SE_ReportandAccounts_.pdf"
"ITC","ITC Limited","Loss of Share Certificates","ITC Limited has informed the Exchange about Loss of Share Certificates","26-Jun-2024 18:06:20","2024-06-26 18:06:20","26-Jun-2024 18:06:21","00:00:01","https://nsearchives.nseindia.com/corporate/ITC_26062024180620_loss_26june2024_signed.pdf"
"ITC","ITC Limited","Trading Window","ITC Limited has informed the Exchange regarding the Trading Window closure pursuant to SEBI (Prohibition of Insider Trading) Regulations, 2015","25-Jun-2024 16:42:23","2024-06-25 16:42:23","25-Jun-2024 16:42:23","00:00:00","https://nsearchives.nseindia.com/corporate/ITC_25062024164223_ClosureofTradingWindow.pdf"
"ITC","ITC Limited","Loss of Share Certificates","ITC Limited has informed the Exchange about Loss of Share Certificates","20-Jun-2024 18:07:13","2024-06-20 18:07:13","20-Jun-2024 18:07:14","00:00:01","https://nsearchives.nseindia.com/corporate/ITC_20062024180713_loss_20062024_signed.pdf"
"ITC","ITC Limited","Loss of Share Certificates","ITC Limited has informed the Exchange about Loss of Share Certificates","18-Jun-2024 18:01:06","2024-06-18 18:01:06","18-Jun-2024 18:01:07","00:00:01","https://nsearchives.nseindia.com/corporate/ITC_18062024180106_REISSUE.pdf"
"ITC","ITC Limited","Copy of Newspaper Publication","ITC Limited has informed the Exchange about Copy of Newspaper Publication","14-Jun-2024 16:27:50","2024-06-14 16:27:50","14-Jun-2024 16:27:51","00:00:01","https://nsearchives.nseindia.com/corporate/ITC_14062024162751_Advertisement112thAGMthroughVCorOAVM.pdf"
"ITC","ITC Limited","Loss of Share Certificates","ITC Limited has informed the Exchange about Loss of Share Certificates","12-Jun-2024 18:17:17","2024-06-12 18:17:17","12-Jun-2024 18:17:18","00:00:01","https://nsearchives.nseindia.com/corporate/ITC_12062024181717_loss_12062024_signed.pdf"
"ITC","ITC Limited","Analysts/Institutional Investor Meet/Con. Call Updates","ITC Limited has informed the Exchange about Schedule of meet","11-Jun-2024 10:51:02","2024-06-11 10:51:02","11-Jun-2024 10:51:02","00:00:00","https://nsearchives.nseindia.com/corporate/ITC_11062024105102_SE.pdf"
"ITC","ITC Limited","Shareholders meeting","ITC Limited has informed the Exchange regarding Proceedings of Court Convened General Meeting held on Jun 06, 2024. Further, the company has submitted the Exchange a copy of voting results along with copy of minutes.","06-Jun-2024 15:12:22","2024-06-06 15:12:22","06-Jun-2024 15:12:23","00:00:01","https://nsearchives.nseindia.com/corporate/ITC_06062024151222_SE_votingresults_.pdf"
"ITC","ITC Limited","Loss of Share Certificates","ITC Limited has informed the Exchange about Loss of Share Certificates","05-Jun-2024 17:48:27","2024-06-05 17:48:27","05-Jun-2024 17:48:28","00:00:01","https://nsearchives.nseindia.com/corporate/ITC_05062024174827_loss_5june2024_signed.pdf"
"ITC","ITC Limited","Certificate under SEBI (Depositories and Participants) Regulations, 2018","ITC Limited has informed the Exchange about Certificate under SEBI (Depositories and Participants) Regulations, 2018","04-Jun-2024 19:25:35","2024-06-04 19:25:35","04-Jun-2024 19:25:36","00:00:01","https://nsearchives.nseindia.com/corporate/ITC_04062024192535_MonthlydematrematMay2024.pdf"
"ITC","ITC Limited","Loss of Share Certificates","ITC Limited has informed the Exchange about Loss of Share Certificates","31-May-2024 17:46:22","2024-05-31 17:46:22","31-May-2024 17:46:23","00:00:01","https://nsearchives.nseindia.com/corporate/ITC_31052024174622_REISSUE30052024_SIGNED.pdf"
"ITC","ITC Limited","Loss of Share Certificates","ITC Limited has informed the Exchange about Loss of Share Certificates","30-May-2024 17:39:24","2024-05-30 17:39:24","30-May-2024 17:39:25","00:00:01","https://nsearchives.nseindia.com/corporate/ITC_30052024173924_loss_30may2024_signed.pdf"
"ITC","ITC Limited","Updates","ITC Limited has informed the Exchange regarding 'Demerger of the Hotels Business of the Company'.","29-May-2024 14:23:50","2024-05-29 14:23:50","29-May-2024 14:23:50","00:00:00","https://nsearchives.nseindia.com/corporate/ITC_29052024142350_SE_CCI_.pdf"
"ITC","ITC Limited","Updates","ITC Limited has informed the Exchange regarding 'Media Statement and Presentation'.","23-May-2024 14:32:28","2024-05-23 14:32:28","23-May-2024 14:32:30","00:00:02","https://nsearchives.nseindia.com/corporate/ITC_23052024143228_SE_Media_.pdf"
"ITC","ITC Limited","Record Date","ITC Limited has informed the Exchange that Record date for the purpose of Dividend  is 04-Jun-2024.","23-May-2024 14:15:05","2024-05-23 14:15:05","23-May-2024 14:15:06","00:00:01","https://nsearchives.nseindia.com/corporate/ITC_23052024141505_Dividend.pdf"
"ITC","ITC Limited","Dividend Updates","ITC Limited has informed the Exchange about Dividend Updates","23-May-2024 14:13:38","2024-05-23 14:13:38","23-May-2024 14:13:39","00:00:01","https://nsearchives.nseindia.com/corporate/ITC_23052024141338_Dividend.pdf"
"ITC","ITC Limited","Updates","ITC Limited has informed the Exchange regarding 'Re-appointment of Statutory Auditors'.","23-May-2024 14:13:38","2024-05-23 14:13:38","23-May-2024 14:13:42","00:00:04","https://nsearchives.nseindia.com/corporate/ITC_23052024141341_Auditors.pdf"
"ITC","ITC Limited","Updates","ITC Limited has informed the Exchange regarding 'Appointment / Re-appointment of Directors'.","23-May-2024 14:13:38","2024-05-23 14:13:38","23-May-2024 14:13:40","00:00:02","https://nsearchives.nseindia.com/corporate/ITC_23052024141339_Directors.pdf"
"ITC","ITC Limited","Dividend","ITC Limited has informed the Exchange that Board of Directors at its meeting held on May 23, 2024, recommended Final Dividend of Rs. 7.50 per equity share.","23-May-2024 14:10:48","2024-05-23 14:10:48","23-May-2024 14:10:49","00:00:01","https://nsearchives.nseindia.com/corporate/ITC_23052024141048_Results.pdf"
"ITC","ITC Limited","Dividend","ITC Limited has informed the Exchange that Board of Directors at its meeting held on May 23, 2024, recommended Final Dividend of 7.5 per equity share.","23-May-2024 14:09:23","2024-05-23 14:09:23","23-May-2024 14:09:24","00:00:01","https://nsearchives.nseindia.com/corporate/ITC_23052024140923_Results.pdf"
"ITC","ITC Limited","Financial Result Updates","ITC Limited has submitted to the Exchange, the financial results for the period ended March 31, 2024.","23-May-2024 14:07:36","2024-05-23 14:07:36","23-May-2024 14:07:41","00:00:05","https://nsearchives.nseindia.com/corporate/Results_23052024140736.pdf"
"ITC","ITC Limited","Loss of Share Certificates","ITC Limited has informed the Exchange about Loss of Share Certificates","22-May-2024 17:23:23","2024-05-22 17:23:23","22-May-2024 17:23:23","00:00:00","https://nsearchives.nseindia.com/corporate/ITC_22052024172323_loss_22may2024_signed.pdf"
"ITC","ITC Limited","Loss of Share Certificates","ITC Limited has informed the Exchange about Loss of Share Certificates","21-May-2024 17:48:09","2024-05-21 17:48:09","21-May-2024 17:48:10","00:00:01","https://nsearchives.nseindia.com/corporate/ITC_21052024174809_REISSUE21052024SIGNED.pdf"
"ITC","ITC Limited","Resignation","ITC Limited has informed the Exchange regarding Resignation of Mr Rahul Jain as Non- Executive Director of the company w.e.f. May 31, 2024.","17-May-2024 10:47:09","2024-05-17 10:47:09","17-May-2024 10:47:17","00:00:08","https://nsearchives.nseindia.com/corporate/ITC_17052024104709_SE_Director_.pdf"
"ITC","ITC Limited","Copy of Newspaper Publication","ITC Limited has informed the Exchange about Copy of Newspaper Publication","16-May-2024 16:28:01","2024-05-16 16:28:01","16-May-2024 16:28:06","00:00:05","https://nsearchives.nseindia.com/corporate/ITC_16052024162801_AdvertisementProposedTransferofunclaimeddividendandOrdinarysharestoIEPF.pdf"
"ITC","ITC Limited","Loss of Share Certificates","ITC Limited has informed the Exchange about Loss of Share Certificates","15-May-2024 18:21:53","2024-05-15 18:21:53","15-May-2024 18:22:06","00:00:13","https://nsearchives.nseindia.com/corporate/ITC_15052024182153_loss_15may_signed.pdf"
"ITC","ITC Limited","Loss of Share Certificates","ITC Limited has informed the Exchange about Loss of Share Certificates","08-May-2024 17:46:19","2024-05-08 17:46:19","08-May-2024 17:46:44","00:00:25","https://nsearchives.nseindia.com/corporate/ITC_08052024174619_loss_08052024_signed.pdf"
"ITC","ITC Limited","Certificate under SEBI (Depositories and Participants) Regulations, 2018","ITC Limited has informed the Exchange about Certificate under SEBI (Depositories and Participants) Regulations, 2018","06-May-2024 14:43:51","2024-05-06 14:43:51","06-May-2024 14:43:56","00:00:05","https://nsearchives.nseindia.com/corporate/ITC_06052024144351_MonthlydematrematApril2024.pdf"
"ITC","ITC Limited","Copy of Newspaper Publication","ITC Limited has informed the Exchange about Copy of Newspaper Publication","06-May-2024 13:43:02","2024-05-06 13:43:02","06-May-2024 13:43:07","00:00:05","https://nsearchives.nseindia.com/corporate/ITC_06052024134302_LetterSEenclosingadvt.pdf"
"ITC","ITC Limited","Shareholders meeting","ITC Limited has informed the Exchange regarding Notice of Tribunal Convened Meeting to be held on Jun 06, 2024","02-May-2024 17:32:48","2024-05-02 17:32:48","02-May-2024 17:33:06","00:00:18","https://nsearchives.nseindia.com/corporate/ITC_02052024173248_SE_Notice_.pdf"
"ITC","ITC Limited","Loss of Share Certificates","ITC Limited has informed the Exchange about Loss of Share Certificates","30-Apr-2024 17:45:20","2024-04-30 17:45:20","30-Apr-2024 17:45:29","00:00:09","https://nsearchives.nseindia.com/corporate/ITC_30042024174520_LOSS30042024_SIGNED.pdf"
"ITC","ITC Limited","Loss of Share Certificates","ITC Limited has informed the Exchange about Loss of Share Certificates","26-Apr-2024 18:27:56","2024-04-26 18:27:56","26-Apr-2024 18:28:01","00:00:05","https://nsearchives.nseindia.com/corporate/ITC_26042024182756_REISSUE_SIGNED.pdf"
"ITC","ITC Limited","Updates","ITC Limited has informed the Exchange regarding 'Media Statement'.","25-Apr-2024 13:16:08","2024-04-25 13:16:08","25-Apr-2024 13:16:12","00:00:04","https://nsearchives.nseindia.com/corporate/ITC_25042024131608_SE.pdf"
"ITC","ITC Limited","Updates","ITC Limited has informed the Exchange regarding 'Intimation under Regulation 30 of theSEBI (Listing Obligations and Disclosure Requirements) Regulations, 2015 '.","24-Apr-2024 17:24:45","2024-04-24 17:24:45","24-Apr-2024 17:24:54","00:00:09","https://nsearchives.nseindia.com/corporate/ITC_24042024172445_SE.pdf"
"ITC","ITC Limited","Acquisition","ITC Limited has informed the Exchange that ITC Infotech India Limited, a wholly owned subsidiary, has advised us that they have entered into a Share Purchase Agreement for acquisition of 100% of the share capital of Blazeclan Technologies Private Limited.","18-Apr-2024 15:34:07","2024-04-18 15:34:07","18-Apr-2024 15:34:13","00:00:06","https://nsearchives.nseindia.com/corporate/ITC_18042024153407_SE.pdf"
"ITC","ITC Limited","Loss of Share Certificates","ITC Limited has informed the Exchange about Loss of Share Certificates","17-Apr-2024 18:26:39","2024-04-17 18:26:39","17-Apr-2024 18:26:44","00:00:05","https://nsearchives.nseindia.com/corporate/ITC_17042024182639_loss_17042024_SIGNED.pdf"
"ITC","ITC Limited","Loss of Share Certificates","ITC Limited has informed the Exchange about Loss of Share Certificates","10-Apr-2024 17:26:56","2024-04-10 17:26:56","10-Apr-2024 17:27:01","00:00:05","https://nsearchives.nseindia.com/corporate/ITC_10042024172656_DUPLOSS_10042024_SIGNED.pdf"
"ITC","ITC Limited","Updates","ITC Limited has informed the Exchange regarding 'Quarterly report on Fake/Forged/Missing/Lost/Stolen/Non-transferable shares as on 31st March, 2024.'.","05-Apr-2024 18:49:41","2024-04-05 18:49:41","05-Apr-2024 18:49:52","00:00:11","https://nsearchives.nseindia.com/corporate/ITC_05042024184941_QTRLYLOSS.pdf"
"ITC","ITC Limited","Certificate under SEBI (Depositories and Participants) Regulations, 2018","ITC Limited has informed the Exchange about Certificate under SEBI (Depositories and Participants) Regulations, 2018","04-Apr-2024 18:07:34","2024-04-04 18:07:34","04-Apr-2024 18:08:36","00:01:02","https://nsearchives.nseindia.com/corporate/ITC_04042024180734_MonthlydematrematMarch2024.pdf"
"ITC","ITC Limited","Loss of Share Certificates","ITC Limited has informed the Exchange about Loss of Share Certificates","03-Apr-2024 18:23:54","2024-04-03 18:23:54","03-Apr-2024 18:24:01","00:00:07","https://nsearchives.nseindia.com/corporate/ITC_03042024182354_loss_3rdapril2024_signed.pdf"
"ITC","ITC Limited","Loss of Share Certificates","ITC Limited has informed the Exchange about Loss of Share Certificates","29-Mar-2024 14:21:59","2024-03-29 14:21:59","29-Mar-2024 14:22:04","00:00:05","https://nsearchives.nseindia.com/corporate/ITC_29032024142159_reissue_29032024_signed.pdf"
"ITC","ITC Limited","Trading Window","ITC Limited has informed the Exchange regarding the Trading Window closure pursuant to SEBI (Prohibition of Insider Trading) Regulations, 2015","28-Mar-2024 15:57:59","2024-03-28 15:57:59","28-Mar-2024 15:58:04","00:00:05","https://nsearchives.nseindia.com/corporate/ITC_28032024155759_ClosureofTradingWindow28032024.pdf"
"ITC","ITC Limited","Acquisition","ITC Limited has informed the Exchange about Acquisition","22-Mar-2024 18:06:18","2024-03-22 18:06:18","22-Mar-2024 18:06:24","00:00:06","https://nsearchives.nseindia.com/corporate/ITC_22032024180618_SE.pdf"
"ITC","ITC Limited","Loss of Share Certificates","ITC Limited has informed the Exchange about Loss of Share Certificates","21-Mar-2024 18:30:37","2024-03-21 18:30:37","21-Mar-2024 18:30:43","00:00:06","https://nsearchives.nseindia.com/corporate/ITC_21032024183037_loss_21032024_signed.pdf"
"ITC","ITC Limited","Loss of Share Certificates","ITC Limited has informed the Exchange about Loss of Share Certificates","20-Mar-2024 17:46:03","2024-03-20 17:46:03","20-Mar-2024 17:46:09","00:00:06","https://nsearchives.nseindia.com/corporate/ITC_20032024174603_loss_20march2024_SIGNED.pdf"
"ITC","ITC Limited","Appointment","ITC Limited has informed the Exchange regarding Appointment of Mr Atul Singh as Non- Executive Director of the company w.e.f. April 02, 2024.","20-Mar-2024 16:33:54","2024-03-20 16:33:54","20-Mar-2024 16:34:01","00:00:07","https://nsearchives.nseindia.com/corporate/ITC_20032024163354_SE_Director_.pdf"
"ITC","ITC Limited","Appointment","ITC Limited has informed the Exchange regarding Appointment of Ms Pushpa Subrahmanyam as Non- Executive Independent Director of the company w.e.f. April 02, 2024.","20-Mar-2024 16:33:54","2024-03-20 16:33:54","20-Mar-2024 16:34:10","00:00:16","https://nsearchives.nseindia.com/corporate/ITC_20032024163355_SE_Director_.pdf"
"ITC","ITC Limited","Loss of Share Certificates","ITC Limited has informed the Exchange about Loss of Share Certificates","16-Mar-2024 13:56:10","2024-03-16 13:56:10","16-Mar-2024 13:56:17","00:00:07","https://nsearchives.nseindia.com/corporate/ITC_16032024135610_REISSUE16032024_signed.pdf"
"ITC","ITC Limited","Acquisition","ITC Limited has informed the Exchange about Acquisition","15-Mar-2024 20:03:05","2024-03-15 20:03:05","15-Mar-2024 20:03:12","00:00:07","https://nsearchives.nseindia.com/corporate/ITC_15032024200305_SE.pdf"
"ITC","ITC Limited","ESOP/ESOS/ESPS","ITC Limited has informed the Exchange regarding Allotment of 3251260  Shares.","15-Mar-2024 17:47:17","2024-03-15 17:47:17","15-Mar-2024 17:47:22","00:00:05","https://nsearchives.nseindia.com/corporate/ITC_15032024174717_Intimation.pdf"
"ITC","ITC Limited","Loss of Share Certificates","ITC Limited has informed the Exchange about Loss of Share Certificates","13-Mar-2024 17:55:32","2024-03-13 17:55:32","13-Mar-2024 17:55:36","00:00:04","https://nsearchives.nseindia.com/corporate/ITC_13032024175532_loss_13032024_signed.pdf"
"ITC","ITC Limited","Acquisition","ITC Limited has informed the Exchange about Acquisition","11-Mar-2024 18:08:47","2024-03-11 18:08:47","11-Mar-2024 18:08:52","00:00:05","https://nsearchives.nseindia.com/corporate/ITC_11032024180847_SE.pdf"
"ITC","ITC Limited","Loss of Share Certificates","ITC Limited has informed the Exchange about Loss of Share Certificates","07-Mar-2024 18:11:31","2024-03-07 18:11:31","07-Mar-2024 18:11:43","00:00:12","https://nsearchives.nseindia.com/corporate/ITC_07032024181131_loss_7march2024_signed.pdf"
"ITC","ITC Limited","Loss of Share Certificates","ITC Limited has informed the Exchange about Loss of Share Certificates","05-Mar-2024 17:51:35","2024-03-05 17:51:35","05-Mar-2024 17:51:46","00:00:11","https://nsearchives.nseindia.com/corporate/ITC_05032024175135_loss_05032024_signed.pdf"
"ITC","ITC Limited","Certificate under SEBI (Depositories and Participants) Regulations, 2018","ITC Limited has informed the Exchange about Certificate under SEBI (Depositories and Participants) Regulations, 2018","04-Mar-2024 18:58:37","2024-03-04 18:58:37","04-Mar-2024 18:58:43","00:00:06","https://nsearchives.nseindia.com/corporate/ITC_04032024185837_MonthlydematrematFeb2024.pdf"
"ITC","ITC Limited","Loss of Share Certificates","ITC Limited has informed the Exchange about Loss of Share Certificates","29-Feb-2024 18:29:08","2024-02-29 18:29:08","29-Feb-2024 18:29:13","00:00:05","https://nsearchives.nseindia.com/corporate/ITC_29022024182908_20240229114106_SIGNED.pdf"
"ITC","ITC Limited","Loss of Share Certificates","ITC Limited has informed the Exchange about Loss of Share Certificates","29-Feb-2024 18:27:14","2024-02-29 18:27:14","29-Feb-2024 18:27:18","00:00:04","https://nsearchives.nseindia.com/corporate/ITC_29022024182714_LOSS_29FEB2024_SIGNED.pdf"
"ITC","ITC Limited","ESOP/ESOS/ESPS","ITC Limited has informed the Exchange regarding Allotment of 835660  Shares.","28-Feb-2024 15:23:18","2024-02-28 15:23:18","28-Feb-2024 15:23:23","00:00:05","https://nsearchives.nseindia.com/corporate/ITC_28022024152318_AllotmentIntimation.pdf"
"ITC","ITC Limited","Loss of Share Certificates","ITC Limited has informed the Exchange about Loss of Share Certificates","21-Feb-2024 17:36:30","2024-02-21 17:36:30","21-Feb-2024 17:36:36","00:00:06","https://nsearchives.nseindia.com/corporate/ITC_21022024173630_loss_21feb2024_signed.pdf"
"ITC","ITC Limited","Copy of Newspaper Publication","ITC Limited has informed the Exchange about Copy of Newspaper Publication","20-Feb-2024 17:40:26","2024-02-20 17:40:26","20-Feb-2024 17:40:32","00:00:06","https://nsearchives.nseindia.com/corporate/ITC_20022024174026_SELetterPressAdvtPostalBallot.pdf"
"ITC","ITC Limited","Loss of Share Certificates","ITC Limited has informed the Exchange about Loss of Share Certificates","16-Feb-2024 17:34:42","2024-02-16 17:34:42","16-Feb-2024 17:34:50","00:00:08","https://nsearchives.nseindia.com/corporate/ITC_16022024173442_loss_16feb2024_signed.pdf"
"ITC","ITC Limited","ESOP/ESOS/ESPS","ITC Limited has informed the Exchange regarding Allotment of 1519550  Shares.","15-Feb-2024 16:22:58","2024-02-15 16:22:58","15-Feb-2024 16:23:04","00:00:06","https://nsearchives.nseindia.com/corporate/ITC_15022024162258_AllotmentLetter.pdf"
"ITC","ITC Limited","Shareholders meeting","ITC Limited has informed the Exchange regarding Notice of Postal Ballot","14-Feb-2024 12:15:57","2024-02-14 12:15:57","14-Feb-2024 12:16:02","00:00:05","https://nsearchives.nseindia.com/corporate/ITC_14022024121557_SE.pdf"
"ITC","ITC Limited","Loss of Share Certificates","ITC Limited has informed the Exchange about Loss of Share Certificates","13-Feb-2024 17:58:47","2024-02-13 17:58:47","13-Feb-2024 17:58:54","00:00:07","https://nsearchives.nseindia.com/corporate/ITC_13022024175847_REISSUE_13022024_SIGNED.pdf"
"ITC","ITC Limited","Analysts/Institutional Investor Meet/Con. Call Updates","ITC Limited has informed the Exchange about Schedule of meet","12-Feb-2024 18:15:05","2024-02-12 18:15:05","12-Feb-2024 18:15:16","00:00:11","https://nsearchives.nseindia.com/corporate/ITC_12022024181505_SE.pdf"
"ITC","ITC Limited","Loss of Share Certificates","ITC Limited has informed the Exchange about Loss of Share Certificates","09-Feb-2024 17:19:44","2024-02-09 17:19:44","09-Feb-2024 17:19:52","00:00:08","https://nsearchives.nseindia.com/corporate/ITC_09022024171945_Loss_09022024_signed.pdf"
"ITC","ITC Limited","Updates","ITC Limited has informed the Exchange regarding 'Intimation under Regulation 30 of the SEBI (Listing Obligations and Disclosure Requirements) Regulations, 2015  '.","08-Feb-2024 19:19:57","2024-02-08 19:19:57","08-Feb-2024 19:20:03","00:00:06","https://nsearchives.nseindia.com/corporate/ITC_08022024191957_SE_Fine_.pdf"
"ITC","ITC Limited","Loss of Share Certificates","ITC Limited has informed the Exchange about Loss of Share Certificates","07-Feb-2024 17:49:02","2024-02-07 17:49:02","07-Feb-2024 17:49:14","00:00:12","https://nsearchives.nseindia.com/corporate/ITC_07022024174902_LOSS_07FEB2024_SIGNED.pdf"
"ITC","ITC Limited","Certificate under SEBI (Depositories and Participants) Regulations, 2018","ITC Limited has informed the Exchange about Certificate under SEBI (Depositories and Participants) Regulations, 2018","05-Feb-2024 18:38:54","2024-02-05 18:38:54","05-Feb-2024 18:38:59","00:00:05","https://nsearchives.nseindia.com/corporate/ITC_05022024183854_MonthlydematrematJan2024.pdf"
"ITC","ITC Limited","Loss of Share Certificates","ITC Limited has informed the Exchange about Loss of Share Certificates","02-Feb-2024 15:34:04","2024-02-02 15:34:04","02-Feb-2024 15:34:12","00:00:08","https://nsearchives.nseindia.com/corporate/ITC_02022024153404_LOSS_02022024_SIGNED.pdf"
"ITC","ITC Limited","Loss of Share Certificates","ITC Limited has informed the Exchange about Loss of Share Certificates","31-Jan-2024 18:39:51","2024-01-31 18:39:51","31-Jan-2024 18:39:59","00:00:08","https://nsearchives.nseindia.com/corporate/ITC_31012024183952_LOSS_31JAN2024_signed.pdf"
"ITC","ITC Limited","Updates","ITC Limited has informed the Exchange regarding 'Media Statement and Presentation'.","29-Jan-2024 19:12:03","2024-01-29 19:12:03","29-Jan-2024 19:12:10","00:00:07","https://nsearchives.nseindia.com/corporate/ITC_29012024191203_SEMedia.pdf"
"ITC","ITC Limited","Updates","ITC Limited has informed the Exchange regarding 'Recommendation for appointment of Director'.","29-Jan-2024 18:50:03","2024-01-29 18:50:03","29-Jan-2024 18:50:07","00:00:04","https://nsearchives.nseindia.com/corporate/ITC_29012024185003_Director.pdf"
"ITC","ITC Limited","Record Date","ITC Limited has informed the Exchange that Record date for the purpose of Dividend  is 08-Feb-2024.","29-Jan-2024 18:46:33","2024-01-29 18:46:33","29-Jan-2024 18:46:43","00:00:10","https://nsearchives.nseindia.com/corporate/ITC_29012024184633_Dividend.pdf"
"ITC","ITC Limited","Dividend Updates","ITC Limited has informed the Exchange about Dividend Updates","29-Jan-2024 18:45:12","2024-01-29 18:45:12","29-Jan-2024 18:45:30","00:00:18","https://nsearchives.nseindia.com/corporate/ITC_29012024184512_Dividend.pdf"
"ITC","ITC Limited","Dividend","ITC Limited has informed the Exchange that Board of Directors at its meeting held on January 29, 2024, declared Interim Dividend of 6.25 per equity share.","29-Jan-2024 18:41:25","2024-01-29 18:41:25","29-Jan-2024 18:41:42","00:00:17","https://nsearchives.nseindia.com/corporate/ITC_29012024184125_Results.pdf"
"ITC","ITC Limited","Financial Result Updates","ITC Limited has submitted to the Exchange, the financial results for the period ended December 31, 2023.","29-Jan-2024 18:37:40","2024-01-29 18:37:40","29-Jan-2024 18:37:44","00:00:04","https://nsearchives.nseindia.com/corporate/Results_29012024183740.pdf"
"ITC","ITC Limited","Loss of Share Certificates","ITC Limited has informed the Exchange about Loss of Share Certificates","25-Jan-2024 17:04:16","2024-01-25 17:04:16","25-Jan-2024 17:04:20","00:00:04","https://nsearchives.nseindia.com/corporate/ITC_25012024170416_LOSS_25012024_SIGNED.pdf"
"ITC","ITC Limited","Updates","ITC Limited has informed the Exchange regarding 'Materiality Policy - List of Authorised Persons '.","19-Jan-2024 18:03:50","2024-01-19 18:03:50","19-Jan-2024 18:04:02","00:00:12","https://nsearchives.nseindia.com/corporate/ITC_19012024180350_SE.pdf"
"ITC","ITC Limited","Loss of Share Certificates","ITC Limited has informed the Exchange about Loss of Share Certificates","18-Jan-2024 18:50:29","2024-01-18 18:50:29","18-Jan-2024 18:50:35","00:00:06","https://nsearchives.nseindia.com/corporate/ITC_18012024185029_REISSUE18012023_SIGNED.pdf"
"ITC","ITC Limited","Loss of Share Certificates","ITC Limited has informed the Exchange about Loss of Share Certificates","17-Jan-2024 18:52:20","2024-01-17 18:52:20","17-Jan-2024 18:52:27","00:00:07","https://nsearchives.nseindia.com/corporate/ITC_17012024185220_LOSS_17JAN2024_SIGNED.pdf"
"ITC","ITC Limited","ESOP/ESOS/ESPS","ITC Limited has informed the Exchange regarding Allotment of 2174000  Shares.","17-Jan-2024 10:27:32","2024-01-17 10:27:32","17-Jan-2024 10:27:38","00:00:06","https://nsearchives.nseindia.com/corporate/ITC_17012024102732_AllotmentLetter.pdf"
"ITC","ITC Limited","Resignation","ITC Limited has informed the Exchange regarding Resignation of Mr David Robert Simpson as Non- Executive Director of the company w.e.f. January 30, 2024.","16-Jan-2024 12:02:57","2024-01-16 12:02:57","16-Jan-2024 12:03:03","00:00:06","https://nsearchives.nseindia.com/corporate/ITC_16012024120257_SE.pdf"
"ITC","ITC Limited","Updates","ITC Limited has informed the Exchange regarding 'Quarterly report on Fake/Forged/Missing/Lost/Stolen/Non-transferable shares as on 31st December, 2023.'","10-Jan-2024 18:16:35","2024-01-10 18:16:35","10-Jan-2024 18:16:42","00:00:07","https://nsearchives.nseindia.com/corporate/ITC_10012024181635_Dec_2023_Qtrly_SIGNED.pdf"
"ITC","ITC Limited","Loss of Share Certificates","ITC Limited has informed the Exchange about Loss of Share Certificates","10-Jan-2024 18:12:23","2024-01-10 18:12:23","10-Jan-2024 18:12:31","00:00:08","https://nsearchives.nseindia.com/corporate/ITC_10012024181223_loss_10012024_signed.pdf"
"ITC","ITC Limited","ESOP/ESOS/ESPS","ITC Limited has informed the Exchange regarding Allotment of 1332330  Shares.","10-Jan-2024 16:24:04","2024-01-10 16:24:04","10-Jan-2024 16:24:11","00:00:07","https://nsearchives.nseindia.com/corporate/ITC_10012024162405_AllotmentLetter.pdf"
"ITC","ITC Limited","Loss of Share Certificates","ITC Limited has informed the Exchange about Loss of Share Certificates","05-Jan-2024 17:32:14","2024-01-05 17:32:14","05-Jan-2024 17:32:17","00:00:03","https://nsearchives.nseindia.com/corporate/ITC_05012024173214_loss_5jan2024_SIGNED.pdf"
"ITC","ITC Limited","Loss of Share Certificates","ITC Limited has informed the Exchange about Loss of Share Certificates","04-Jan-2024 18:45:30","2024-01-04 18:45:30","04-Jan-2024 18:45:35","00:00:05","https://nsearchives.nseindia.com/corporate/ITC_04012024184530_loss_4jan2024_signed.pdf"
"ITC","ITC Limited","Cessation","ITC Limited has informed the Exchange regarding Cessation of Mr Nakul Anand  as Executive Director of the company w.e.f. January 03, 2024.","03-Jan-2024 10:09:17","2024-01-03 10:09:17","03-Jan-2024 10:09:22","00:00:05","https://nsearchives.nseindia.com/corporate/ITC_03012024100917_SE.pdf"
"ITC","ITC Limited","Certificate under SEBI (Depositories and Participants) Regulations, 2018","ITC Limited has informed the Exchange about Certificate under SEBI (Depositories and Participants) Regulations, 2018","02-Jan-2024 18:39:02","2024-01-02 18:39:02","02-Jan-2024 18:39:08","00:00:06","https://nsearchives.nseindia.com/corporate/ITC_02012024183902_MonthlydematrematDec2023.pdf"
"ITC","ITC Limited","Loss of Share Certificates","ITC Limited has informed the Exchange about Loss of Share Certificates","26-Dec-2023 17:34:09","2023-12-26 17:34:09","26-Dec-2023 17:34:15","00:00:06","https://nsearchives.nseindia.com/corporate/ITC_26122023173409_DUP_26122023_ISSUE_SIGNED.pdf"
"ITC","ITC Limited","Trading Window","ITC Limited has informed the Exchange regarding the Trading Window closure pursuant to SEBI (Prohibition of Insider Trading) Regulations, 2015","22-Dec-2023 18:56:50","2023-12-22 18:56:50","22-Dec-2023 18:56:58","00:00:08","https://nsearchives.nseindia.com/corporate/ITC_22122023185650_ClosureofTradingWindow.pdf"
"ITC","ITC Limited","Appointment","ITC Limited has informed the Exchange regarding Appointment of Mr Rahul Jain as Non- Executive Director of the company w.e.f. January 01, 2024.","22-Dec-2023 16:36:41","2023-12-22 16:36:41","22-Dec-2023 16:36:48","00:00:07","https://nsearchives.nseindia.com/corporate/ITC_22122023163641_SE_Director_.pdf"
"ITC","ITC Limited","Loss of Share Certificates","ITC Limited has informed the Exchange about Loss of Share Certificates","20-Dec-2023 18:24:40","2023-12-20 18:24:40","20-Dec-2023 18:24:46","00:00:06","https://nsearchives.nseindia.com/corporate/ITC_20122023182440_LOSS_20DEC2023_signed.pdf"
"ITC","ITC Limited","Acquisition","ITC Limited has informed the Exchange about Incorporation of a new step-down subsidiary","19-Dec-2023 21:09:45","2023-12-19 21:09:45","19-Dec-2023 21:09:50","00:00:05","https://nsearchives.nseindia.com/corporate/ITC_19122023210945_SE.pdf"
"ITC","ITC Limited","ESOP/ESOS/ESPS","ITC Limited has informed the Exchange regarding Allotment of 2634950  Shares.","15-Dec-2023 18:24:57","2023-12-15 18:24:57","15-Dec-2023 18:25:01","00:00:04","https://nsearchives.nseindia.com/corporate/ITC_15122023182457_AllotmentLetter.pdf"
"ITC","ITC Limited","Loss of Share Certificates","ITC Limited has informed the Exchange about Loss of Share Certificates","14-Dec-2023 18:18:14","2023-12-14 18:18:14","14-Dec-2023 18:18:22","00:00:08","https://nsearchives.nseindia.com/corporate/ITC_14122023181814_loss_14122023_signed.pdf"
"ITC","ITC Limited","Analysts/Institutional Investor Meet/Con. Call Updates","ITC Limited has informed the Exchange about Presentation","12-Dec-2023 19:23:40","2023-12-12 19:23:40","12-Dec-2023 19:23:45","00:00:05","https://nsearchives.nseindia.com/corporate/ITC_12122023192340_SE.pdf"
"ITC","ITC Limited","Loss of Share Certificates","ITC Limited has informed the Exchange about Loss of Share Certificates","12-Dec-2023 17:59:21","2023-12-12 17:59:21","12-Dec-2023 17:59:25","00:00:04","https://nsearchives.nseindia.com/corporate/ITC_12122023175921_NSEREISSUE121223_SIGNED.pdf"
"ITC","ITC Limited","Loss of Share Certificates","ITC Limited has informed the Exchange about Loss of Share Certificates","06-Dec-2023 17:39:26","2023-12-06 17:39:26","06-Dec-2023 17:39:31","00:00:05","https://nsearchives.nseindia.com/corporate/ITC_06122023173926_nse_loss_6dec2023_signed.pdf"
"ITC","ITC Limited","Analysts/Institutional Investor Meet/Con. Call Updates","ITC Limited has informed the Exchange about Schedule of meet","05-Dec-2023 14:56:06","2023-12-05 14:56:06","05-Dec-2023 14:56:12","00:00:06","https://nsearchives.nseindia.com/corporate/ITC_05122023145606_SE.pdf"
"ITC","ITC Limited","Certificate under SEBI (Depositories and Participants) Regulations, 2018","ITC Limited has informed the Exchange about Certificate under SEBI (Depositories and Participants) Regulations, 2018","04-Dec-2023 13:01:41","2023-12-04 13:01:41","04-Dec-2023 13:01:48","00:00:07","https://nsearchives.nseindia.com/corporate/ITC_04122023130142_MonthlydematrematNov2023.pdf"
"ITC","ITC Limited","Loss of Share Certificates","ITC Limited has informed the Exchange about Loss of Share Certificates","01-Dec-2023 17:17:06","2023-12-01 17:17:06","01-Dec-2023 17:17:11","00:00:05","https://nsearchives.nseindia.com/corporate/ITC_01122023171706_nse_loss_1dec2023_SIGNED.pdf"
"ITC","ITC Limited","Loss of Share Certificates","ITC Limited has informed the Exchange about Loss of Share Certificates","29-Nov-2023 10:25:38","2023-11-29 10:25:38","29-Nov-2023 10:25:51","00:00:13","https://nsearchives.nseindia.com/corporate/ITC_29112023102539_nse_loss_27112023_signed.pdf"
"ITC","ITC Limited","Copy of Newspaper Publication","ITC Limited has informed the Exchange about Copy of Newspaper Publication","23-Nov-2023 15:39:26","2023-11-23 15:39:26","23-Nov-2023 15:39:31","00:00:05","https://nsearchives.nseindia.com/corporate/ITC_23112023153926_SELetterPressAdvtPostalBallot.pdf"
"ITC","ITC Limited","Analysts/Institutional Investor Meet/Con. Call Updates","ITC Limited has informed the Exchange about Schedule of meet","23-Nov-2023 11:18:12","2023-11-23 11:18:12","23-Nov-2023 11:18:20","00:00:08","https://nsearchives.nseindia.com/corporate/ITC_23112023111812_SE.pdf"
"ITC","ITC Limited","Loss of Share Certificates","ITC Limited has informed the Exchange about Loss of Share Certificates","21-Nov-2023 17:30:43","2023-11-21 17:30:43","21-Nov-2023 17:30:50","00:00:07","https://nsearchives.nseindia.com/corporate/ITC_21112023173043_NSEREISSUE21112023_SIGNED.pdf"
"ITC","ITC Limited","Allotment of Securities","ITC Limited has informed the Exchange regarding allotment of 1524070 securities pursuant to ESOP/ESPS at its meeting held on November 20, 2023","20-Nov-2023 17:49:00","2023-11-20 17:49:00","20-Nov-2023 17:49:05","00:00:05","https://nsearchives.nseindia.com/corporate/ITC_20112023174900_SEinitmation.pdf"
"ITC","ITC Limited","Shareholders meeting","ITC Limited has informed the Exchange regarding Notice of Postal Ballot","17-Nov-2023 11:21:28","2023-11-17 11:21:28","17-Nov-2023 11:21:41","00:00:13","https://nsearchives.nseindia.com/corporate/ITC_17112023112128_SE.pdf"
"ITC","ITC Limited","Loss of Share Certificates","ITC Limited has informed the Exchange about Loss of Share Certificates","09-Nov-2023 17:59:57","2023-11-09 17:59:57","09-Nov-2023 18:00:03","00:00:06","https://nsearchives.nseindia.com/corporate/ITC_09112023175957_nse_loss_9nov2023_SIGNED.pdf"
"ITC","ITC Limited","Loss of Share Certificates","ITC Limited has informed the Exchange about Loss of Share Certificates","08-Nov-2023 17:21:45","2023-11-08 17:21:45","08-Nov-2023 17:22:00","00:00:15","https://nsearchives.nseindia.com/corporate/ITC_08112023172145_Nse_loss_8nov2023_signed.pdf"
"ITC","ITC Limited","Loss of Share Certificates","ITC Limited has informed the Exchange about Loss of Share Certificates","03-Nov-2023 17:11:40","2023-11-03 17:11:40","03-Nov-2023 17:11:48","00:00:08","https://nsearchives.nseindia.com/corporate/ITC_03112023171140_NSE_LOSS_03NOV2023_SIGNED.pdf"
"ITC","ITC Limited","Certificate under SEBI (Depositories and Participants) Regulations, 2018","ITC Limited has informed the Exchange about Certificate under SEBI (Depositories and Participants) Regulations, 2018","03-Nov-2023 16:55:13","2023-11-03 16:55:13","03-Nov-2023 16:55:22","00:00:09","https://nsearchives.nseindia.com/corporate/ITC_03112023165513_MonthlydematrematOct2023.pdf"
"ITC","ITC Limited","Loss of Share Certificates","ITC Limited has informed the Exchange about Loss of Share Certificates","02-Nov-2023 17:40:00","2023-11-02 17:40:00","02-Nov-2023 17:40:08","00:00:08","https://nsearchives.nseindia.com/corporate/ITC_02112023174000_NSE_LOSS_02NOV2023_SIGNED.pdf"
"ITC","ITC Limited","Acquisition","Acquisition of Equity Shares of Delectable Technologies Private Limited","31-Oct-2023 18:36:43","2023-10-31 18:36:43","31-Oct-2023 18:37:06","00:00:23","https://nsearchives.nseindia.com/corporate/ITC_31102023183643_SEinitmation.pdf"
"ITC","ITC Limited","Loss of Share Certificates","ITC Limited has informed the Exchange about Loss of Share Certificates","31-Oct-2023 17:58:34","2023-10-31 17:58:34","31-Oct-2023 17:58:41","00:00:07","https://nsearchives.nseindia.com/corporate/ITC_31102023175834_NSEREISSUE31102023_SIGN.pdf"
"ITC","ITC Limited","Analysts/Institutional Investor Meet/Con. Call Updates","ITC Limited has informed the Exchange about Schedule of meet","31-Oct-2023 10:19:55","2023-10-31 10:19:55","31-Oct-2023 10:20:01","00:00:06","https://nsearchives.nseindia.com/corporate/ITC_31102023101955_SEinitmation.pdf"
"ITC","ITC Limited","Loss of Share Certificates","ITC Limited has informed the Exchange about Loss of Share Certificates","26-Oct-2023 13:15:43","2023-10-26 13:15:43","26-Oct-2023 13:15:51","00:00:08","https://nsearchives.nseindia.com/corporate/ITC_26102023131543_nse_loss_26102023_SIGNED.pdf"
"ITC","ITC Limited","Updates","ITC Limited has informed the Exchange regarding 'Media Statement and Presentation'.","19-Oct-2023 20:44:41","2023-10-19 20:44:41","19-Oct-2023 20:44:48","00:00:07","https://nsearchives.nseindia.com/corporate/ITC_19102023204441_SE_Media_.pdf"
"ITC","ITC Limited","Outcome of Board Meeting","ITC Limited has informed the Exchange regarding  Board meeting held on October 19, 2023.","19-Oct-2023 20:23:20","2023-10-19 20:23:20","19-Oct-2023 20:23:26","00:00:06","https://nsearchives.nseindia.com/corporate/ITC_19102023202320_Results.pdf"
"ITC","ITC Limited","Updates","ITC Limited has informed the Exchange regarding 'Recommendation for appointment of Director - Mr. Rahul Jain'.","19-Oct-2023 20:21:17","2023-10-19 20:21:17","19-Oct-2023 20:21:22","00:00:05","https://nsearchives.nseindia.com/corporate/ITC_19102023202117_Director.pdf"
"ITC","ITC Limited","Outcome of Board Meeting","ITC Limited has informed the Exchange regarding Outcome of Board Meeting held on October 19, 2023.","19-Oct-2023 20:16:34","2023-10-19 20:16:34","19-Oct-2023 20:16:39","00:00:05","https://nsearchives.nseindia.com/corporate/ITC_19102023201634_Results.pdf"
"ITC","ITC Limited","Financial Result Updates","ITC Limited has submitted to the Exchange, the financial results for the period ended September 30, 2023.","19-Oct-2023 20:14:30","2023-10-19 20:14:30","19-Oct-2023 20:14:35","00:00:05","https://nsearchives.nseindia.com/corporate/Results_19102023201430.pdf"
"ITC","ITC Limited","Acquisition","ITC Limited has informed the Exchange about Acquisition","18-Oct-2023 17:56:15","2023-10-18 17:56:15","18-Oct-2023 17:56:22","00:00:07","https://nsearchives.nseindia.com/corporate/ITC_18102023175615_SE.pdf"
"ITC","ITC Limited","ESOP/ESOS/ESPS","ITC Limited has informed the Exchange regarding Allotment of 535130  Shares.","18-Oct-2023 17:37:06","2023-10-18 17:37:06","18-Oct-2023 17:37:13","00:00:07","https://nsearchives.nseindia.com/corporate/ITC_18102023173706_SE.pdf"
"ITC","ITC Limited","Loss of Share Certificates","ITC Limited has informed the Exchange about Loss of Share Certificates","18-Oct-2023 16:21:54","2023-10-18 16:21:54","18-Oct-2023 16:22:02","00:00:08","https://nsearchives.nseindia.com/corporate/ITC_18102023162154_nse_loss_18102023_signed.pdf"
"ITC","ITC Limited","Loss of Share Certificates","ITC Limited has informed the Exchange about Loss of Share Certificates","13-Oct-2023 16:53:26","2023-10-13 16:53:26","13-Oct-2023 16:53:33","00:00:07","https://nsearchives.nseindia.com/corporate/ITC_13102023165326_NSE_LOSS_13102023_SIGNED.pdf"
"ITC","ITC Limited","Loss of Share Certificates","ITC Limited has informed the Exchange about Loss of Share Certificates","11-Oct-2023 17:18:37","2023-10-11 17:18:37","11-Oct-2023 17:18:53","00:00:16","https://nsearchives.nseindia.com/corporate/ITC_11102023171837_NSEREISSUE11102023_SIGN.pdf"
"ITC","ITC Limited","Loss of Share Certificates","ITC Limited has informed the Exchange about Loss of Share Certificates","11-Oct-2023 17:11:12","2023-10-11 17:11:12","11-Oct-2023 17:11:26","00:00:14","https://nsearchives.nseindia.com/corporate/ITC_11102023171112_NSE_LOSS_11OCT2023_SIGNED.pdf"
"ITC","ITC Limited","Loss of Share Certificates","ITC Limited has informed the Exchange about Loss of Share Certificates","06-Oct-2023 18:02:43","2023-10-06 18:02:43","06-Oct-2023 18:02:49","00:00:06","https://nsearchives.nseindia.com/corporate/ITC_06102023180243_NSE_LOSS_06102023_SIGNED.pdf"
"ITC","ITC Limited","Updates","ITC Limited has informed the Exchange regarding 'Quarterly report on Fake / Forged / Missing / Lost / Stolen / Non-transferable shares as on 30th September, 2023'.","05-Oct-2023 16:59:53","2023-10-05 16:59:53","05-Oct-2023 16:59:57","00:00:04","https://nsearchives.nseindia.com/corporate/ITC_05102023165953_Qtrlyloss_OCT2023_signed.pdf"
"ITC","ITC Limited","Certificate under SEBI (Depositories and Participants) Regulations, 2018","ITC Limited has informed the Exchange about Certificate under SEBI (Depositories and Participants) Regulations, 2018","04-Oct-2023 14:15:57","2023-10-04 14:15:57","04-Oct-2023 14:16:20","00:00:23","https://nsearchives.nseindia.com/corporate/ITC_04102023141557_MonthlydematrematSept2023.pdf"
"ITC","ITC Limited","Loss of Share Certificates","ITC Limited has informed the Exchange about Loss of Share Certificates","29-Sep-2023 17:09:08","2023-09-29 17:09:08","29-Sep-2023 17:09:12","00:00:04","https://nsearchives.nseindia.com/corporate/ITC_29092023170908_nse_loss_29092023_SIGNED.pdf"
"ITC","ITC Limited","Loss of Share Certificates","ITC Limited has informed the Exchange about Loss of Share Certificates","27-Sep-2023 18:13:46","2023-09-27 18:13:46","27-Sep-2023 18:13:49","00:00:03","https://nsearchives.nseindia.com/corporate/ITC_27092023181346_NSEREISSUE27092023_SIGNED.pdf"
"ITC","ITC Limited","Loss of Share Certificates","ITC Limited has informed the Exchange about Loss of Share Certificates","26-Sep-2023 18:42:53","2023-09-26 18:42:53","26-Sep-2023 18:42:58","00:00:05","https://nsearchives.nseindia.com/corporate/ITC_26092023184253_nse_loss_26092023_SIGNED.pdf"
"ITC","ITC Limited","Trading Window","ITC Limited has informed the Exchange regarding the Trading Window closure pursuant to SEBI (Prohibition of Insider Trading) Regulations, 2015","25-Sep-2023 18:29:46","2023-09-25 18:29:46","25-Sep-2023 18:29:48","00:00:02","https://nsearchives.nseindia.com/corporate/ITC_25092023182946_ClosureofTradingWindow.pdf"
"ITC","ITC Limited","Loss of Share Certificates","ITC Limited has informed the Exchange about Loss of Share Certificates","22-Sep-2023 17:52:36","2023-09-22 17:52:36","22-Sep-2023 17:52:41","00:00:05","https://nsearchives.nseindia.com/corporate/ITC_22092023175237_NSE_LOSS_22092023_SIGNED.pdf"
"ITC","ITC Limited","Loss of Share Certificates","ITC Limited has informed the Exchange about Loss of Share Certificates","21-Sep-2023 17:56:25","2023-09-21 17:56:25","21-Sep-2023 17:56:31","00:00:06","https://nsearchives.nseindia.com/corporate/ITC_21092023175625_NSE_LOSS_21092023_SIGNED.pdf"
"ITC","ITC Limited","Loss of Share Certificates","ITC Limited has informed the Exchange about Loss of Share Certificates","20-Sep-2023 17:58:56","2023-09-20 17:58:56","20-Sep-2023 17:59:00","00:00:04","https://nsearchives.nseindia.com/corporate/ITC_20092023175856_NSE_LOSS_SIGNED_20SEP2023.pdf"
"ITC","ITC Limited","Analysts/Institutional Investor Meet/Con. Call Updates","We write to advise, pursuant to Regulation 30 of the SEBI (Listing Obligations and DisclosureRequirements) Regulations, 2015, that the Company s representatives will be attending the'JP Morgan s India Investor Summit 2023' Investor Conference on 25th & 26th September, 2023.","19-Sep-2023 17:52:08","2023-09-19 17:52:08","19-Sep-2023 17:52:11","00:00:03","https://nsearchives.nseindia.com/corporate/ITC_19092023175208_SEinitmation.pdf"
"ITC","ITC Limited","ESOP/ESOS/ESPS","ITC Limited has informed the Exchange regarding Allotment of 677210  Shares.","19-Sep-2023 16:23:44","2023-09-19 16:23:44","19-Sep-2023 16:23:48","00:00:04","https://nsearchives.nseindia.com/corporate/ITC_19092023162344_AllotmentLetter.pdf"
"ITC","ITC Limited","Loss of Share Certificates","ITC Limited has informed the Exchange about Loss of Share Certificates","15-Sep-2023 17:03:16","2023-09-15 17:03:16","15-Sep-2023 17:03:21","00:00:05","https://nsearchives.nseindia.com/corporate/ITC_15092023170316_nse_loss_15092023_SIGNED.pdf"
"ITC","ITC Limited","Loss of Share Certificates","ITC Limited has informed the Exchange about Loss of Share Certificates","13-Sep-2023 18:01:58","2023-09-13 18:01:58","13-Sep-2023 18:02:15","00:00:17","https://nsearchives.nseindia.com/corporate/ITC_13092023180158_nse_loss_13092023_signed.pdf"
"ITC","ITC Limited","Loss of Share Certificates","ITC Limited has informed the Exchange about Loss of Share Certificates","06-Sep-2023 18:14:32","2023-09-06 18:14:32","06-Sep-2023 18:14:44","00:00:12","https://nsearchives.nseindia.com/corporate/ITC_06092023181432_NSE_LOSS_6SEPT2023_SIGNED.pdf"
"ITC","ITC Limited","Certificate under SEBI (Depositories and Participants) Regulations, 2018","ITC Limited has informed the Exchange about Certificate under SEBI (Depositories and Participants) Regulations, 2018","05-Sep-2023 11:41:48","2023-09-05 11:41:48","05-Sep-2023 11:41:51","00:00:03","https://nsearchives.nseindia.com/corporate/ITC_05092023114148_MonthlydematrematAugust2023.pdf"
"ITC","ITC Limited","Loss of Share Certificates","ITC Limited has informed the Exchange about Loss of Share Certificates","01-Sep-2023 18:24:37","2023-09-01 18:24:37","01-Sep-2023 18:24:40","00:00:03","https://nsearchives.nseindia.com/corporate/ITC_01092023182437_NSE_LOSS_01SEPT2023_SIGNED.pdf"
"ITC","ITC Limited","Resignation","We write to advise, pursuant to Regulation 30 of the SEBI (Listing Obligations and Disclosure Requirements) Regulations, 2015, that Mr. Peter Rajatilakan Chittaranjan has stepped down from the Board of Directors of the Company with effect from close of work on 31st August, 2023.Mr. Chittaranjan represented the General Insurers  (Public Sector) Association of India.A copy of the resignation letter submitted by Mr. Chittaranjan is enclosed.","01-Sep-2023 15:04:03","2023-09-01 15:04:03","01-Sep-2023 15:04:08","00:00:05","https://nsearchives.nseindia.com/corporate/ITC_01092023150403_SEinitmation.pdf"
"ITC","ITC Limited","Loss of Share Certificates","ITC Limited has informed the Exchange about Loss of Share Certificates","30-Aug-2023 17:58:45","2023-08-30 17:58:45","30-Aug-2023 17:58:49","00:00:04","https://nsearchives.nseindia.com/corporate/ITC_30082023175845_nse_loss_30082023_signed.pdf"
"ITC","ITC Limited","Loss of Share Certificates","ITC Limited has informed the Exchange about Loss of Share Certificates","30-Aug-2023 17:55:49","2023-08-30 17:55:49","30-Aug-2023 17:55:54","00:00:05","https://nsearchives.nseindia.com/corporate/ITC_30082023175549_NSEREISSUE300823_SIGNED.pdf"
"ITC","ITC Limited","ESOP/ESOS/ESPS","ITC Limited has informed the Exchange regarding Allotment of 796610  Shares.","30-Aug-2023 11:23:19","2023-08-30 11:23:19","30-Aug-2023 11:23:22","00:00:03","https://nsearchives.nseindia.com/corporate/ITC_30082023112319_AllotmentLetter.pdf"
"ITC","ITC Limited","Loss of Share Certificates","ITC Limited has informed the Exchange about Loss of Share Certificates","25-Aug-2023 17:51:06","2023-08-25 17:51:06","25-Aug-2023 17:51:17","00:00:11","https://nsearchives.nseindia.com/corporate/ITC_25082023175106_NSE_LOSS_25082023_SIGNED.pdf"
"ITC","ITC Limited","Analysts/Institutional Investor Meet/Con. Call Updates","ITC Limited has informed the Exchange about Schedule of meet","25-Aug-2023 16:57:42","2023-08-25 16:57:42","25-Aug-2023 16:57:45","00:00:03","https://nsearchives.nseindia.com/corporate/ITC_25082023165742_SEinitmation.pdf"
"ITC","ITC Limited","Loss of Share Certificates","ITC Limited has informed the Exchange about Loss of Share Certificates","23-Aug-2023 17:38:39","2023-08-23 17:38:39","23-Aug-2023 17:38:47","00:00:08","https://nsearchives.nseindia.com/corporate/ITC_23082023173839_nsereissue23082023_SIGNED.pdf"
"ITC","ITC Limited","Loss of Share Certificates","ITC Limited has informed the Exchange about Loss of Share Certificates","23-Aug-2023 17:34:38","2023-08-23 17:34:38","23-Aug-2023 17:34:44","00:00:06","https://nsearchives.nseindia.com/corporate/ITC_23082023173438_nse_loss_23082023_SIGNED.pdf"
"ITC","ITC Limited","ESOP/ESOS/ESPS","ITC Limited has informed the Exchange regarding Allotment of 4601200  Shares.","23-Aug-2023 11:24:18","2023-08-23 11:24:18","23-Aug-2023 11:24:26","00:00:08","https://nsearchives.nseindia.com/corporate/ITC_23082023112418_AllotmentLetter23082023.pdf"
"ITC","ITC Limited","Loss of Share Certificates","ITC Limited has informed the Exchange about Loss of Share Certificates","18-Aug-2023 17:29:58","2023-08-18 17:29:58","18-Aug-2023 17:30:21","00:00:23","https://nsearchives.nseindia.com/corporate/ITC_18082023172958_nse_loss_18082023_SIGNED.pdf"
"ITC","ITC Limited","Loss of Share Certificates","ITC Limited has informed the Exchange about Loss of Share Certificates","16-Aug-2023 18:45:01","2023-08-16 18:45:01","16-Aug-2023 18:45:17","00:00:16","https://nsearchives.nseindia.com/corporate/ITC_16082023184501_nse_loss_16082023_signed.pdf"
"ITC","ITC Limited","Updates","ITC Limited has informed the Exchange regarding 'Materiality Policy - List of Authorised Persons'.","14-Aug-2023 17:31:02","2023-08-14 17:31:02","14-Aug-2023 17:31:46","00:00:44","https://nsearchives.nseindia.com/corporate/ITC_14082023173102_SEletter.pdf"
"ITC","ITC Limited","Updates","ITC Limited has informed the Exchange regarding 'Unaudited Financial Results   Media Statement and Presentation'.","14-Aug-2023 17:06:17","2023-08-14 17:06:17","14-Aug-2023 17:07:23","00:01:06","https://nsearchives.nseindia.com/corporate/ITC_14082023170617_Media.pdf"
"ITC","ITC Limited","Updates","ITC Limited has informed the Exchange regarding 'Acquisition of shares'.","14-Aug-2023 16:43:20","2023-08-14 16:43:20","14-Aug-2023 16:45:00","00:01:40","https://nsearchives.nseindia.com/corporate/ITC_14082023164320_Acquisition.pdf"
"ITC","ITC Limited","Updates","ITC Limited has informed the Exchange regarding 'Investor Presentation on Demerger of Hotels Business'.","14-Aug-2023 16:41:26","2023-08-14 16:41:26","14-Aug-2023 16:43:32","00:02:06","https://nsearchives.nseindia.com/corporate/ITC_14082023164126_Scheme.pdf"
"ITC","ITC Limited","Scheme of Arrangement","ITC Limited has informed the Exchange about Scheme of Arrangement","14-Aug-2023 16:38:37","2023-08-14 16:38:37","14-Aug-2023 16:40:22","00:01:45","https://nsearchives.nseindia.com/corporate/ITC_14082023163837_Scheme.pdf"
"ITC","ITC Limited","Financial Result Updates","ITC Limited has submitted to the Exchange, the financial results for the period ended June 30, 2023.","14-Aug-2023 16:36:50","2023-08-14 16:36:50","14-Aug-2023 16:37:01","00:00:11","https://nsearchives.nseindia.com/corporate/JuneResults2023_14082023163650.pdf"
"ITC","ITC Limited","Outcome of Board Meeting","ITC Limited has informed the Exchange regarding  Board meeting held on August 14, 2023.","14-Aug-2023 16:36:25","2023-08-14 16:36:25","14-Aug-2023 16:37:16","00:00:51","https://nsearchives.nseindia.com/corporate/ITC_14082023163625_JuneResults2023.pdf"
"ITC","ITC Limited","Analysts/Institutional Investor Meet/Con. Call Updates","ITC Limited has informed the Exchange about Schedule of meet","14-Aug-2023 14:16:10","2023-08-14 14:16:10","14-Aug-2023 14:16:36","00:00:26","https://nsearchives.nseindia.com/corporate/ITC_14082023141610_Investorcoference.pdf"
"ITC","ITC Limited","Loss of Share Certificates","ITC Limited has informed the Exchange about Loss of Share Certificates","09-Aug-2023 17:34:02","2023-08-09 17:34:02","09-Aug-2023 17:34:22","00:00:20","https://nsearchives.nseindia.com/corporate/ITC_09082023173402_NSE_LOSS_09082023_SIGNED.pdf"
"ITC","ITC Limited","Loss of Share Certificates","ITC Limited has informed the Exchange about Loss of Share Certificates","04-Aug-2023 18:00:53","2023-08-04 18:00:53","04-Aug-2023 18:01:05","00:00:12","https://nsearchives.nseindia.com/corporate/ITC_04082023180053_NSEREISSUE040823_signed.pdf"
"ITC","ITC Limited","Loss of Share Certificates","ITC Limited has informed the Exchange about Loss of Share Certificates","04-Aug-2023 17:51:38","2023-08-04 17:51:38","04-Aug-2023 17:52:03","00:00:25","https://nsearchives.nseindia.com/corporate/ITC_04082023175138_NSE_LOSS_4AUG2023_SIGNED.pdf"
"ITC","ITC Limited","ESOP/ESOS/ESPS","ITC Limited has informed the Exchange regarding Allotment of 3067520  Shares.","04-Aug-2023 11:21:00","2023-08-04 11:21:00","04-Aug-2023 11:21:12","00:00:12","https://nsearchives.nseindia.com/corporate/ITC_04082023112100_AllotmentLetter.pdf"
"ITC","ITC Limited","Certificate under SEBI (Depositories and Participants) Regulations, 2018","ITC Limited has informed the Exchange about Certificate under SEBI (Depositories and Participants) Regulations, 2018","03-Aug-2023 17:16:43","2023-08-03 17:16:43","03-Aug-2023 17:17:04","00:00:21","https://nsearchives.nseindia.com/corporate/ITC_03082023171643_MonthlydematrematJuly2023.pdf"
"ITC","ITC Limited","Loss of Share Certificates","ITC Limited has informed the Exchange about Loss of Share Certificates","01-Aug-2023 18:21:26","2023-08-01 18:21:26","01-Aug-2023 18:21:44","00:00:18","https://nsearchives.nseindia.com/corporate/ITC_01082023182126_nse_loss_01aug2023_SIGNED.pdf"
"ITC","ITC Limited","Updates","ITC Limited has informed the Exchange regarding 'Incorporation of a wholly owned subsidiary - ITC Hotels Limited'.","28-Jul-2023 19:00:38","2023-07-28 19:00:38","28-Jul-2023 19:01:25","00:00:47","https://nsearchives.nseindia.com/corporate/ITC_28072023190038_SEinitmation.pdf"
"ITC","ITC Limited","Loss of Share Certificates","ITC Limited has informed the Exchange about Loss of Share Certificates","28-Jul-2023 18:41:02","2023-07-28 18:41:02","28-Jul-2023 18:41:09","00:00:07","https://nsearchives.nseindia.com/corporate/ITC_28072023184102_NSE_28072023_SIGNED.pdf"
"ITC","ITC Limited","Loss of Share Certificates","ITC Limited has informed the Exchange about Loss of Share Certificates","26-Jul-2023 18:10:48","2023-07-26 18:10:48","26-Jul-2023 18:10:57","00:00:09","https://nsearchives.nseindia.com/corporate/ITC_26072023181048_NSE_LOSS_26072023_SIGNED.pdf"
"ITC","ITC Limited","Loss of Share Certificates","ITC Limited has informed the Exchange about Loss of Share Certificates","26-Jul-2023 17:25:16","2023-07-26 17:25:16","26-Jul-2023 17:25:24","00:00:08","https://nsearchives.nseindia.com/corporate/ITC_26072023172516_NSEREISSUE26072023_SIGNED.pdf"
"ITC","ITC Limited","ESOP/ESOS/ESPS","ITC Limited has informed the Exchange regarding Allotment of 3503130  Shares.","26-Jul-2023 10:14:13","2023-07-26 10:14:13","26-Jul-2023 10:14:23","00:00:10","https://nsearchives.nseindia.com/corporate/ITC_26072023101413_AllotmentIntimation.pdf"
"ITC","ITC Limited","Analysts/Institutional Investor Meet/Con. Call Updates","ITC Limited has informed the Exchange about Schedule of meet and Presentation","24-Jul-2023 16:23:02","2023-07-24 16:23:02","24-Jul-2023 16:23:09","00:00:07","https://nsearchives.nseindia.com/corporate/ITC_24072023162302_SEAnalystMeet.pdf"
"ITC","ITC Limited","Updates","ITC Limited has informed the Exchange regarding 'Media Statement on ITC Board accords in-principle approval to demerge the Hotels Businessinto a new entity to be listed pursuant to a scheme of arrangement'.","24-Jul-2023 14:17:03","2023-07-24 14:17:03","24-Jul-2023 14:17:12","00:00:09","https://nsearchives.nseindia.com/corporate/ITC_24072023141703_SEMoonletter.pdf"
"ITC","ITC Limited","Acquisition","ITC Limited has informed the Exchange about Acquisition","24-Jul-2023 14:14:12","2023-07-24 14:14:12","24-Jul-2023 14:14:21","00:00:09","https://nsearchives.nseindia.com/corporate/ITC_24072023141412_SEMoonletter.pdf"
"ITC","ITC Limited","Updates","ITC Limited has informed the Exchange regarding 'Intimation under Regulation 30 of theSEBI (Listing Obligations and Disclosure Requirements) Regulations, 2015'.","24-Jul-2023 14:12:25","2023-07-24 14:12:25","24-Jul-2023 14:12:31","00:00:06","https://nsearchives.nseindia.com/corporate/ITC_24072023141225_SEMoonletter.pdf"
"ITC","ITC Limited","Loss of Share Certificates","ITC Limited has informed the Exchange about Loss of Share Certificates","21-Jul-2023 18:03:06","2023-07-21 18:03:06","21-Jul-2023 18:03:13","00:00:07","https://nsearchives.nseindia.com/corporate/ITC_21072023180306_NSE_LOSS_21072023_SIGNED.pdf"
"ITC","ITC Limited","Loss of Share Certificates","ITC Limited has informed the Exchange about Loss of Share Certificates","20-Jul-2023 18:27:02","2023-07-20 18:27:02","20-Jul-2023 18:27:09","00:00:07","https://nsearchives.nseindia.com/corporate/ITC_20072023182702_nse_loss_20july2023_SIGNED.pdf"
"ITC","ITC Limited","Loss of Share Certificates","ITC Limited has informed the Exchange about Loss of Share Certificates","19-Jul-2023 18:00:28","2023-07-19 18:00:28","19-Jul-2023 18:00:53","00:00:25","https://nsearchives.nseindia.com/corporate/ITC_19072023180028_NSE_LOSS_19JULY2023_SIGNED.pdf"
"ITC","ITC Limited","Loss of Share Certificates","ITC Limited has informed the Exchange about Loss of Share Certificates","19-Jul-2023 17:51:21","2023-07-19 17:51:21","19-Jul-2023 17:51:28","00:00:07","https://nsearchives.nseindia.com/corporate/ITC_19072023175121_NSEREISSUE19072023_SIGNED.pdf"
"ITC","ITC Limited","ESOP/ESOS/ESPS","ITC Limited has informed the Exchange regarding Allotment of 7023710  Shares.","18-Jul-2023 17:04:41","2023-07-18 17:04:41","18-Jul-2023 17:04:54","00:00:13","https://nsearchives.nseindia.com/corporate/ITC_18072023170441_AllotmentLetter.pdf"
"ITC","ITC Limited","Copy of Newspaper Publication","ITC Limited has informed the Exchange about Copy of Newspaper Publication","18-Jul-2023 14:53:29","2023-07-18 14:53:29","18-Jul-2023 14:53:39","00:00:10","https://nsearchives.nseindia.com/corporate/ITC_18072023145330_SELetterreCompletionofdespatch.pdf"
"ITC","ITC Limited","Loss of Share Certificates","ITC Limited has informed the Exchange about Loss of Share Certificates","12-Jul-2023 18:45:31","2023-07-12 18:45:31","12-Jul-2023 18:45:41","00:00:10","https://nsearchives.nseindia.com/corporate/ITC_12072023184531_nse_loss_12july2023_SIGNED.pdf"
"ITC","ITC Limited","Updates","ITC Limited has informed the Exchange regarding 'BRSR'.We hereby enclose, in terms of Regulation 34(2)(f) of the SEBI (Listing Obligations and Disclosure Requirements) Regulations, 2015, the Business Responsibility and Sustainability Report of the Company for the financial year ended 31st March, 2023, which also forms part of the Report and Accounts of the Company for the financial year 2022-23.","11-Jul-2023 11:05:57","2023-07-11 11:05:57","11-Jul-2023 11:06:04","00:00:07","https://nsearchives.nseindia.com/corporate/ITC_11072023110557_BRSR.pdf"
"ITC","ITC Limited","Shareholders meeting","ITC Limited has informed the Exchange regarding Notice of Annual General Meeting to be held on August 11, 2023Further to our letter dated 21st June, 2023, we hereby enclose, in terms of Regulation 30 of the SEBI (Listing Obligations and Disclosure Requirements) Regulations, 2015, the Notice dated 18th May, 2023 convening the 112th Annual General Meeting (AGM) of the Company on 11th August, 2023.","11-Jul-2023 11:03:54","2023-07-11 11:03:54","11-Jul-2023 11:04:01","00:00:07","https://nsearchives.nseindia.com/corporate/ITC_11072023110354_AGMNotice.pdf"
"ITC","ITC Limited","Loss of Share Certificates","ITC Limited has informed the Exchange about Loss of Share Certificates","07-Jul-2023 17:59:56","2023-07-07 17:59:56","07-Jul-2023 18:00:26","00:00:30","https://nsearchives.nseindia.com/corporate/ITC_07072023175956_NSE_LOSS_07072023_signed.pdf"
"ITC","ITC Limited","News Verification","The Exchange has sought clarification from ITC Limited with respect to recent news item captioned ITC's demerger for hotel business underway; shares hit 52-week high; check details.  The response from the Company is attached.","07-Jul-2023 17:35:52","2023-07-07 17:35:52","07-Jul-2023 17:35:58","00:00:06","https://nsearchives.nseindia.com/corporate/ITC_07072023173552_SEReply_NSE_.pdf"
"ITC","ITC Limited","ESOP/ESOS/ESPS","ITC Limited has informed the Exchange regarding Allotment of 11777630  Shares.","07-Jul-2023 17:32:44","2023-07-07 17:32:44","07-Jul-2023 17:32:51","00:00:07","https://nsearchives.nseindia.com/corporate/ITC_07072023173244_AllotmentLetter.pdf"
"ITC","ITC Limited","Loss of Share Certificates","ITC Limited has informed the Exchange about Loss of Share Certificates","06-Jul-2023 19:07:06","2023-07-06 19:07:06","06-Jul-2023 19:07:13","00:00:07","https://nsearchives.nseindia.com/corporate/ITC_06072023190706_nse_loss_06072023_SIGNED.pdf"
"ITC","ITC Limited","News Verification","The Exchange has sought clarification from ITC Limited with respect to recent news item captioned ITC's demerger for hotel business underway; shares hit 52-week high; check details.  The response from the Company is awaited.","06-Jul-2023 17:49:16","2023-07-06 17:49:16","06-Jul-2023 17:49:22","00:00:06","-"
"ITC","ITC Limited","Updates","ITC Limited has informed the Exchange regarding 'Quarterly report on Fake / Forged / Missing / Lost / Stolen / Non-transferable shares as on 30th June, 2023'.","04-Jul-2023 17:41:48","2023-07-04 17:41:48","04-Jul-2023 17:42:04","00:00:16","https://nsearchives.nseindia.com/corporate/ITC_04072023174148_June_2023_Qtrly_signed.pdf"
"ITC","ITC Limited","Copy of Newspaper Publication","ITC Limited has informed the Exchange about Copy of Newspaper Publication","04-Jul-2023 16:08:31","2023-07-04 16:08:31","04-Jul-2023 16:08:39","00:00:08","https://nsearchives.nseindia.com/corporate/ITC_04072023160831_SELetterAdvertisement112thAGMthroughVCorOAVM.pdf"
"ITC","ITC Limited","Updates","ITC Limited has informed the Exchange regarding 'Certificate under Reg 74(5) SEBI DP Regulations, 2018'.","03-Jul-2023 15:23:48","2023-07-03 15:23:48","03-Jul-2023 15:23:57","00:00:09","https://nsearchives.nseindia.com/corporate/ITC_03072023152348_MonthlydematrematJune2023.pdf"
"ITC","ITC Limited","Loss of Share Certificates","ITC Limited has informed the Exchange about Loss of Share Certificates","30-Jun-2023 17:54:39","2023-06-30 17:54:39","30-Jun-2023 17:54:44","00:00:05","https://nsearchives.nseindia.com/corporate/ITC_30062023175439_NSEREISSUE300623_SIGNED.pdf"
"ITC","ITC Limited","ESOP/ESOS/ESPS","ITC Limited has informed the Exchange regarding Allotment of 11449770  Shares.","29-Jun-2023 18:56:47","2023-06-29 18:56:47","29-Jun-2023 18:56:51","00:00:04","https://nsearchives.nseindia.com/corporate/ITC_29062023185647_AllotmentLetter.pdf"
"ITC","ITC Limited","Loss of Share Certificates","ITC Limited has informed the Exchange about Loss of Share Certificates","29-Jun-2023 17:41:43","2023-06-29 17:41:43","29-Jun-2023 17:41:45","00:00:02","https://nsearchives.nseindia.com/corporate/ITC_29062023174143_nse_loss_29062023_SIGNED.pdf"
"ITC","ITC Limited","Updates","ITC Limited has informed the Exchange regarding 'Acquisition of Compulsorily Convertible Preference Shares of Mother Sparsh Baby Care Private Limited'.","27-Jun-2023 19:16:33","2023-06-27 19:16:33","27-Jun-2023 19:16:38","00:00:05","https://nsearchives.nseindia.com/corporate/ITC_27062023191633_SE.pdf"
"ITC","ITC Limited","Trading Window","ITC Limited has informed the Exchange regarding the Trading Window closure pursuant to SEBI (Prohibition of Insider Trading) Regulations, 2015","27-Jun-2023 17:21:25","2023-06-27 17:21:25","27-Jun-2023 17:21:32","00:00:07","https://nsearchives.nseindia.com/corporate/ITC_27062023172125_ClosureofTradingWindow.pdf"
"ITC","ITC Limited","Loss of Share Certificates","ITC Limited has informed the Exchange about Loss of Share Certificates","23-Jun-2023 18:00:11","2023-06-23 18:00:11","23-Jun-2023 18:00:23","00:00:12","https://nsearchives.nseindia.com/corporate/ITC_23062023180011_NSE_LOSS_23062023_SIGNED.pdf"
"ITC","ITC Limited","Loss of Share Certificates","ITC Limited has informed the Exchange about Loss of Share Certificates","22-Jun-2023 18:41:05","2023-06-22 18:41:05","22-Jun-2023 18:41:10","00:00:05","https://nsearchives.nseindia.com/corporate/ITC_22062023184105_nse_loss_22062023_signed.pdf"
"ITC","ITC Limited","Loss of Share Certificates","ITC Limited has informed the Exchange about Loss of Share Certificates","21-Jun-2023 18:31:19","2023-06-21 18:31:19","21-Jun-2023 18:31:57","00:00:38","https://nsearchives.nseindia.com/corporate/ITC_21062023183119_nse_loss_21june2023_SIGNED.pdf"
"ITC","ITC Limited","Updates","ITC Limited has informed the Exchange regarding 'Intimation of Date of the Annual General Meeting of the Company'.","21-Jun-2023 17:39:30","2023-06-21 17:39:30","21-Jun-2023 17:39:41","00:00:11","https://nsearchives.nseindia.com/corporate/ITC_21062023173930_SEAGM.pdf"
"ITC","ITC Limited","Acquisition","ITC Limited has informed the Exchange about Agreement to acquire further shares in Mother Sparsh Baby Care Private Limited","19-Jun-2023 19:10:06","2023-06-19 19:10:06","19-Jun-2023 19:10:11","00:00:05","https://nsearchives.nseindia.com/corporate/ITC_19062023191006_SE.pdf"
"ITC","ITC Limited","Loss of Share Certificates","ITC Limited has informed the Exchange about Loss of Share Certificates","14-Jun-2023 18:29:15","2023-06-14 18:29:15","14-Jun-2023 18:29:19","00:00:04","https://nsearchives.nseindia.com/corporate/ITC_14062023182915_nse_loss_14062023_signed.pdf"
"ITC","ITC Limited","Loss of Share Certificates","ITC Limited has informed the Exchange about Loss of Share Certificates","12-Jun-2023 18:13:12","2023-06-12 18:13:12","12-Jun-2023 18:13:16","00:00:04","https://nsearchives.nseindia.com/corporate/ITC_12062023181312_NSEREISSUE12062023_SIGNED.pdf"
"ITC","ITC Limited","Updates","ITC Limited has informed the Exchange regarding 'Certificate under Reg 74(5) SEBI DP Regulations, 2018'.","02-Jun-2023 17:06:14","2023-06-02 17:06:14","02-Jun-2023 17:06:19","00:00:05","https://nsearchives.nseindia.com/corporate/ITC_02062023170614_MonthlydematrematMay2023.pdf"
"ITC","ITC Limited","Loss of Share Certificates","ITC Limited has informed the Exchange about Loss of Share Certificates","01-Jun-2023 16:17:40","2023-06-01 16:17:40","01-Jun-2023 16:17:45","00:00:05","https://nsearchives.nseindia.com/corporate/ITC_01062023161741_NSE_SE_LOST_01062023_SIGNED.pdf"
"ITC","ITC Limited","Loss of Share Certificates","ITC Limited has informed the Exchange about Loss of Share Certificates","31-May-2023 18:56:12","2023-05-31 18:56:12","31-May-2023 18:56:17","00:00:05","https://nsearchives.nseindia.com/corporate/ITC_31052023185613_NSE_LOSS_31052023_signed.pdf"
"ITC","ITC Limited","Analysts/Institutional Investor Meet/Con. Call Updates","ITC Limited has informed the Exchange about Participation in Investors  Call","29-May-2023 16:30:06","2023-05-29 16:30:06","29-May-2023 16:30:28","00:00:22","https://nsearchives.nseindia.com/corporate/ITC_29052023163006_SE.pdf"
"ITC","ITC Limited","Loss of Share Certificates","ITC Limited has informed the Exchange about Loss of Share Certificates","26-May-2023 17:10:58","2023-05-26 17:10:58","26-May-2023 17:11:10","00:00:12","https://nsearchives.nseindia.com/corporate/ITC_26052023171058_nse_loss_26052023_SIGNED.pdf"
"ITC","ITC Limited","Loss of Share Certificates","ITC Limited has informed the Exchange about Loss of Share Certificates","24-May-2023 17:38:13","2023-05-24 17:38:13","24-May-2023 17:38:20","00:00:07","https://nsearchives.nseindia.com/corporate/ITC_24052023173813_nse_loss_24052023_SIGNED.pdf"
"ITC","ITC Limited","Analysts/Institutional Investor Meet/Con. Call Updates","ITC Limited has informed the Exchange about Participation in Investor Conferences","24-May-2023 15:02:49","2023-05-24 15:02:49","24-May-2023 15:02:54","00:00:05","https://nsearchives.nseindia.com/corporate/ITC_24052023150249_SE.pdf"
"ITC","ITC Limited","Loss of Share Certificates","ITC Limited has informed the Exchange about Loss of Share Certificates","19-May-2023 18:11:38","2023-05-19 18:11:38","19-May-2023 18:11:41","00:00:03","https://nsearchives.nseindia.com/corporate/ITC_19052023181138_NSE_Loss_19052023_signed.pdf"
"ITC","ITC Limited","Related Party Transactions","ITC Limited has informed the Exchange about related Party TransactionsWe enclose, in terms of Regulation 23(9) of the SEBI (Listing Obligations and Disclosure Requirements) Regulations, 2015, the disclosure of Related Party Transactions of the Company for the half year ended 31st March, 2023, in the prescribed format.","18-May-2023 15:55:02","2023-05-18 15:55:02","18-May-2023 15:55:05","00:00:03","https://nsearchives.nseindia.com/corporate/ITC_18052023155502_RPT.pdf"
"ITC","ITC Limited","Updates","ITC Limited has informed the Exchange regarding 'Audited Financial Results   Media Statement and Presentation'.Further to our letter dated 18th May, 2023 forwarding the Audited Financial Results of the Company for the Quarter and Twelve Months ended 31st March, 2023, we now enclose a copy of the Media Statement issued by the Company and a presentation on the Company s financial performance for the aforesaid period for information of the investors.","18-May-2023 15:38:31","2023-05-18 15:38:31","18-May-2023 15:38:34","00:00:03","https://nsearchives.nseindia.com/corporate/ITC_18052023153831_Media.pdf"
"ITC","ITC Limited","Updates","ITC Limited has informed the Exchange regarding 'Recommendation for appointment of Directors'.We write to advise that the Board of Directors of the Company at the meeting held today, i.e. 18th May, 2023, recommended for the approval of the Members:(a) appointment of Ms. Alka Marezban Bharucha (DIN: 00114067) as a Director and also as an Independent Director of the Company for a period of five years with effect from 12th August, 2023, and (b) appointment of Mr. Hemant Malik (DIN: 06435812) as a Director and also as a                  Wholetime Director of the Company for a period of three years with effect from                               12th August, 2023.","18-May-2023 15:20:27","2023-05-18 15:20:27","18-May-2023 15:20:41","00:00:14","https://nsearchives.nseindia.com/corporate/ITC_18052023152027_SE.pdf"
"ITC","ITC Limited","Dividend","ITC Limited has informed the Exchange that Board of Directors at its meeting held on May 18, 2023, declared Special Dividend of Rs. 2.75 per equity share.","18-May-2023 14:56:52","2023-05-18 14:56:52","18-May-2023 14:56:56","00:00:04","https://nsearchives.nseindia.com/corporate/ITC_18052023145652_Dividend.pdf"
"ITC","ITC Limited","Dividend","ITC Limited has informed the Exchange that Board of Directors at its meeting held on May 18, 2023, recommended Final Dividend of Rs. 6.75 per equity share.","18-May-2023 14:49:21","2023-05-18 14:49:21","18-May-2023 14:49:29","00:00:08","https://nsearchives.nseindia.com/corporate/ITC_18052023144921_Dividend.pdf"
"ITC","ITC Limited","Record Date","ITC Limited has informed the Exchange that Record date for the purpose of Dividend  is 30-May-2023.","18-May-2023 14:45:28","2023-05-18 14:45:28","18-May-2023 14:45:35","00:00:07","https://nsearchives.nseindia.com/corporate/ITC_18052023144528_Dividend.pdf"
"ITC","ITC Limited","Outcome of Board Meeting","ITC Limited has informed the Exchange regarding  Board meeting held on May 18, 2023.","18-May-2023 14:42:42","2023-05-18 14:42:42","18-May-2023 14:42:48","00:00:06","https://nsearchives.nseindia.com/corporate/ITC_18052023144242_Results.pdf"
"ITC","ITC Limited","Financial Result Updates","ITC Limited has submitted to the Exchange, the financial results for the period ended March 31, 2023.","18-May-2023 14:40:18","2023-05-18 14:40:18","18-May-2023 14:40:24","00:00:06","https://nsearchives.nseindia.com/corporate/Results_18052023144018.pdf"
"ITC","ITC Limited","Loss of Share Certificates","ITC Limited has informed the Exchange about Loss of Share Certificates","17-May-2023 18:11:10","2023-05-17 18:11:10","17-May-2023 18:11:15","00:00:05","https://nsearchives.nseindia.com/corporate/ITC_17052023181110_NSE_LOSS_17052023_SIGNED.pdf"
"ITC","ITC Limited","Loss of Share Certificates","ITC Limited has informed the Exchange about Loss of Share Certificates","17-May-2023 18:02:45","2023-05-17 18:02:45","17-May-2023 18:02:49","00:00:04","https://nsearchives.nseindia.com/corporate/ITC_17052023180245_NSEREISSUE17052023_SIGNED.pdf"
"ITC","ITC Limited","Loss of Share Certificates","ITC Limited has informed the Exchange about Loss of Share Certificates","12-May-2023 18:25:11","2023-05-12 18:25:11","12-May-2023 18:25:17","00:00:06","https://nsearchives.nseindia.com/corporate/ITC_12052023182512_NSE_LOSS_12052023_SIGNED.pdf"
"ITC","ITC Limited","Updates","ITC Limited has informed the Exchange regarding 'Publication of Notice Re: Transfer of unclaimed Dividend and Ordinary Shares to the Investor Education and Protection Fund'.","12-May-2023 17:10:01","2023-05-12 17:10:01","12-May-2023 17:10:21","00:00:20","https://nsearchives.nseindia.com/corporate/ITC_12052023171001_SEIntimationofAdvertisement.pdf"
"ITC","ITC Limited","Loss of Share Certificates","ITC Limited has informed the Exchange about Loss of Share Certificates","11-May-2023 19:06:10","2023-05-11 19:06:10","11-May-2023 19:06:21","00:00:11","https://nsearchives.nseindia.com/corporate/ITC_11052023190610_nse_loss_11may2023_SIGNED.pdf"
"ITC","ITC Limited","Loss of Share Certificates","ITC Limited has informed the Exchange about Loss of Share Certificates","10-May-2023 18:04:56","2023-05-10 18:04:56","10-May-2023 18:05:01","00:00:05","https://nsearchives.nseindia.com/corporate/ITC_10052023180456_nse_loss_10may2023_SIGNED.pdf"
"ITC","ITC Limited","Annual Secretarial Compliance Report","We enclose, in terms of Regulation 24A of the SEBI (Listing Obligations and Disclosure Requirements) Regulations, 2015, the Secretarial Compliance Report of the Company from                                           Messrs. S. N. Ananthasubramanian & Co., Company Secretaries, for the financial year ended 31st March, 2023.","09-May-2023 14:41:32","2023-05-09 14:41:32","09-May-2023 14:41:35","00:00:03","https://nsearchives.nseindia.com/corporate/ITC_09052023144132_SE.pdf"
"ITC","ITC Limited","Updates","ITC Limited has informed the Exchange regarding 'Acquisition of Shares of Sproutlife Foods Private Limited'.","05-May-2023 12:00:58","2023-05-05 12:00:58","05-May-2023 12:01:04","00:00:06","https://nsearchives.nseindia.com/corporate/ITC_05052023120058_SE.pdf"
"ITC","ITC Limited","Updates","ITC Limited has informed the Exchange regarding 'Certificate under Reg 74(5) SEBI DP Regulations, 2018'. The details of the shares dematerialised by the Company during the month of April 2023 is provided in the enclosed Annexure A. The Company was not required to effect rematerialisation of shares during the month of April 2023.","03-May-2023 10:12:24","2023-05-03 10:12:24","03-May-2023 10:12:29","00:00:05","https://nsearchives.nseindia.com/corporate/ITC_03052023101224_MonthlydematrematApril2023.pdf"
"ITC","ITC Limited","Loss of Share Certificates","ITC Limited has informed the Exchange about Loss of Share Certificates","28-Apr-2023 18:38:31","2023-04-28 18:38:31","28-Apr-2023 18:38:36","00:00:05","https://nsearchives.nseindia.com/corporate/ITC_28042023183831_nse_loss_28042023_SIGNED.pdf"
"ITC","ITC Limited","Loss of Share Certificates","ITC Limited has informed the Exchange about Loss of Share Certificates","26-Apr-2023 18:21:10","2023-04-26 18:21:10","26-Apr-2023 18:21:14","00:00:04","https://nsearchives.nseindia.com/corporate/ITC_26042023182110_nse_loss_26042023_SIGNED.pdf"
"ITC","ITC Limited","Loss of Share Certificates","ITC Limited has informed the Exchange about Loss of Share Certificates","25-Apr-2023 18:04:45","2023-04-25 18:04:45","25-Apr-2023 18:04:52","00:00:07","https://nsearchives.nseindia.com/corporate/ITC_25042023180445_NSEREISSUE25042023_signed.pdf"
"ITC","ITC Limited","Loss of Share Certificates","ITC Limited has informed the Exchange about Loss of Share Certificates","21-Apr-2023 18:11:48","2023-04-21 18:11:48","21-Apr-2023 18:11:50","00:00:02","https://nsearchives.nseindia.com/corporate/ITC_21042023181148_nse_loss_21042023_SIGNED.pdf"
"ITC","ITC Limited","Loss of Share Certificates","ITC Limited has informed the Exchange about Loss of Share Certificates","19-Apr-2023 18:49:24","2023-04-19 18:49:24","19-Apr-2023 18:49:28","00:00:04","https://nsearchives.nseindia.com/corporate/ITC_19042023184924_nse_loss_19042023_SIGNED.pdf"
"ITC","ITC Limited","Updates","ITC Limited has informed the Exchange regarding 'Signing of Transaction Documents for acquisition of 100% shares of Sproutlife Foods Private Limited '.This is further to our letter dated 17th January, 2023 on the subject, in terms of Regulation 30 of the SEBI (Listing Obligations and Disclosure Requirements) Regulations, 2015.  We write to advise that the Company has today executed the transaction documents, including the Securities Subscription & Purchase Agreement and the Shareholders Agreement, to acquire 100% of the share capital (on a fully diluted basis) of Sproutlife, in one or more tranches, over a time period of three to four years.","19-Apr-2023 18:33:17","2023-04-19 18:33:17","19-Apr-2023 18:33:22","00:00:05","https://nsearchives.nseindia.com/corporate/ITC_19042023183317_SELetter.pdf"
"ITC","ITC Limited","Updates","ITC Limited has informed the Exchange regarding 'Incorporation of a new step-down subsidiary'.We have been advised by ITC Infotech India Limited ( I3L ), a wholly owned subsidiary ( WOS ), that they have incorporated a WOS in Mexico under the name of ITC Infotech de M��xico, S.A. de C.V.  ( ITC Mexico ) on 17th April, 2023; the registration certificate evidencing incorporation of the said subsidiary has been received by I3L today. Consequently, ITC Mexico has become a step-down wholly owned subsidiary of the Company with effect from 17th April, 2023.","19-Apr-2023 13:19:03","2023-04-19 13:19:03","19-Apr-2023 13:19:08","00:00:05","https://nsearchives.nseindia.com/corporate/ITC_19042023131903_SELetter.pdf"
"ITC","ITC Limited","Loss of Share Certificates","ITC Limited has informed the Exchange about Loss of Share Certificates","12-Apr-2023 17:13:39","2023-04-12 17:13:39","12-Apr-2023 17:13:44","00:00:05","https://nsearchives.nseindia.com/corporate/ITC_12042023171339_NSE_LOSS_12042023_SIGNED.pdf"
"ITC","ITC Limited","Updates","ITC Limited has informed the Exchange regarding 'Divestment : Joint Venture Company'.","07-Apr-2023 17:47:46","2023-04-07 17:47:46","07-Apr-2023 17:47:49","00:00:03","https://nsearchives.nseindia.com/corporate/ITC_07042023174746_SE.pdf"
"ITC","ITC Limited","Loss of Share Certificates","ITC Limited has informed the Exchange about Loss of Share Certificates","07-Apr-2023 16:53:04","2023-04-07 16:53:04","07-Apr-2023 16:53:09","00:00:05","https://nsearchives.nseindia.com/corporate/ITC_07042023165304_NSE_LOSS_07042023_SIGNED.pdf"
"ITC","ITC Limited","Loss of Share Certificates","ITC Limited has informed the Exchange about Loss of Share Certificates","05-Apr-2023 17:12:35","2023-04-05 17:12:35","05-Apr-2023 17:12:39","00:00:04","https://nsearchives.nseindia.com/corporate/ITC_05042023171235_NSE_LOSS_05042023_SIGNED.pdf"
"ITC","ITC Limited","Updates","ITC Limited has informed the Exchange regarding 'Quarterly report on Fake / Forged / Missing / Lost / Stolen / Non-transferable shares as on 31st March, 2023'.","04-Apr-2023 18:14:41","2023-04-04 18:14:41","04-Apr-2023 18:14:45","00:00:04","https://nsearchives.nseindia.com/corporate/ITC_04042023181441_March_2023_Qtrly_SIGNED.pdf"
"ITC","ITC Limited","Updates","The details of the shares dematerialised by the Company during the month of March 2023 is provided in the enclosed Annexure A. The Company was not required to effect rematerialisation of shares during the month of March 2023.","04-Apr-2023 17:13:20","2023-04-04 17:13:20","04-Apr-2023 17:13:23","00:00:03","https://nsearchives.nseindia.com/corporate/ITC_04042023171320_MonthlydematrematMarch2023.pdf"
"ITC","ITC Limited","Loss of Share Certificates","ITC Limited has informed the Exchange about Loss of Share Certificates","31-Mar-2023 17:44:09","2023-03-31 17:44:09","31-Mar-2023 17:44:13","00:00:04","https://nsearchives.nseindia.com/corporate/ITC_31032023174409_NSEREISSUE31032023_SIGNED.pdf"
"ITC","ITC Limited","Loss of Share Certificates","ITC Limited has informed the Exchange about Loss of Share Certificates","31-Mar-2023 17:37:47","2023-03-31 17:37:47","31-Mar-2023 17:37:49","00:00:02","https://nsearchives.nseindia.com/corporate/ITC_31032023173747_NSE_LOSS_31032023_SIGNED.pdf"
"ITC","ITC Limited","Loss of Share Certificates","ITC Limited has informed the Exchange about Loss of Share Certificates","29-Mar-2023 17:33:07","2023-03-29 17:33:07","29-Mar-2023 17:33:11","00:00:04","https://nsearchives.nseindia.com/corporate/ITC_29032023173307_NSE_LOSS_29032023_SIGNED.pdf"
"ITC","ITC Limited","Trading Window","ITC Limited has informed the Exchange regarding the Trading Window closure pursuant to SEBI (Prohibition of Insider Trading) Regulations, 2015","28-Mar-2023 16:12:41","2023-03-28 16:12:41","28-Mar-2023 16:12:44","00:00:03","https://nsearchives.nseindia.com/corporate/ITC_28032023161241_SEIntimationClosureofTradingWindow.pdf"
"ITC","ITC Limited","Loss of Share Certificates","ITC Limited has informed the Exchange about Loss of Share Certificates","24-Mar-2023 17:44:31","2023-03-24 17:44:31","24-Mar-2023 17:44:34","00:00:03","https://nsearchives.nseindia.com/corporate/ITC_24032023174431_NSE_LOSS_24032023_SIGNED.pdf"
"ITC","ITC Limited","Loss of Share Certificates","ITC Limited has informed the Exchange about Loss of Share Certificates","22-Mar-2023 18:05:33","2023-03-22 18:05:33","22-Mar-2023 18:05:40","00:00:07","https://nsearchives.nseindia.com/corporate/ITC_22032023180533_nse_loss_22032023_signed.pdf"
"ITC","ITC Limited","Loss of Share Certificates","ITC Limited has informed the Exchange about Loss of Share Certificates","21-Mar-2023 18:24:15","2023-03-21 18:24:15","21-Mar-2023 18:24:20","00:00:05","https://nsearchives.nseindia.com/corporate/ITC_21032023182415_NSEREISSUE21032023_SIGNED.pdf"
"ITC","ITC Limited","ESOP/ESOS/ESPS","ITC Limited has informed the Exchange regarding Allotment of 7626290  Shares.","20-Mar-2023 18:57:06","2023-03-20 18:57:06","20-Mar-2023 18:57:11","00:00:05","https://nsearchives.nseindia.com/corporate/ITC_20032023185706_AllotmentLetter20032023.pdf"
"ITC","ITC Limited","Loss of Share Certificates","ITC Limited has informed the Exchange about Loss of Share Certificates","17-Mar-2023 18:59:18","2023-03-17 18:59:18","17-Mar-2023 18:59:21","00:00:03","https://nsearchives.nseindia.com/corporate/ITC_17032023185918_nse_loss_17march2023_SIGNED.pdf"
"ITC","ITC Limited","Shareholders meeting","ITC Limited has informed the Exchange regarding voting results of  Postal Ballot","16-Mar-2023 17:00:58","2023-03-16 17:00:58","16-Mar-2023 17:01:02","00:00:04","https://nsearchives.nseindia.com/corporate/ITC_16032023170058_SELetter.pdf"
"ITC","ITC Limited","Updates","ITC Limited has informed the Exchange regarding 'Incorporation of a new step-down subsidiary'.","15-Mar-2023 19:33:59","2023-03-15 19:33:59","15-Mar-2023 19:34:03","00:00:04","https://nsearchives.nseindia.com/corporate/ITC_15032023193359_SE.pdf"
"ITC","ITC Limited","Loss of Share Certificates","ITC Limited has informed the Exchange about Loss of Share Certificates","15-Mar-2023 18:17:44","2023-03-15 18:17:44","15-Mar-2023 18:17:49","00:00:05","https://nsearchives.nseindia.com/corporate/ITC_15032023181744_NSE_LOSS_15032023_SIGNED.pdf"
"ITC","ITC Limited","Loss of Share Certificates","ITC Limited has informed the Exchange about Loss of Share Certificates","10-Mar-2023 19:41:59","2023-03-10 19:41:59","10-Mar-2023 19:42:02","00:00:03","https://nsearchives.nseindia.com/corporate/ITC_10032023194159_NSE_LOSS_10MARCH2023_SIGNED.pdf"
"ITC","ITC Limited","Loss of Share Certificates","ITC Limited has informed the Exchange about Loss of Share Certificates","08-Mar-2023 18:55:02","2023-03-08 18:55:02","08-Mar-2023 18:55:04","00:00:02","https://nsearchives.nseindia.com/corporate/ITC_08032023185501_nse_loss_08032023_SIGNED.pdf"
"ITC","ITC Limited","Updates","ITC Limited has informed the Exchange regarding 'Incorporation of a wholly owned subsidiary - ITC Fibre Innovations Limited'.","04-Mar-2023 11:39:33","2023-03-04 11:39:33","04-Mar-2023 11:39:35","00:00:02","https://nsearchives.nseindia.com/corporate/ITC_04032023113933_SE.pdf"
"ITC","ITC Limited","Updates","ITC Limited has informed the Exchange regarding 'The details of the shares dematerialised by the Company during the month of February 2023 in the enclosed Annexure A. The Company was not required to effect rematerialisation of shares during the month of February 2023.'.","02-Mar-2023 15:56:27","2023-03-02 15:56:27","02-Mar-2023 15:56:29","00:00:02","https://nsearchives.nseindia.com/corporate/ITC_02032023155627_MonthlydematrematFebruary2023.pdf"
"ITC","ITC Limited","Loss of Share Certificates","ITC Limited has informed the Exchange about Loss of Share Certificates","01-Mar-2023 18:24:43","2023-03-01 18:24:43","01-Mar-2023 18:24:46","00:00:03","https://nsearchives.nseindia.com/corporate/ITC_01032023182443_NSE_LOSS_1MARCH2023_SIGNED.pdf"
"ITC","ITC Limited","ESOP/ESOS/ESPS","ITC Limited has informed the Exchange regarding Allotment of 1313260  Shares.","28-Feb-2023 19:27:07","2023-02-28 19:27:07","28-Feb-2023 19:27:11","00:00:04","https://nsearchives.nseindia.com/corporate/ITC_28022023192707_AllotmentLetter.pdf"
"ITC","ITC Limited","Loss of Share Certificates","ITC Limited has informed the Exchange about Loss of Share Certificates","24-Feb-2023 19:05:47","2023-02-24 19:05:47","24-Feb-2023 19:05:50","00:00:03","https://nsearchives.nseindia.com/corporate/ITC_24022023190547_nse_loss_24022023_SIGNED.pdf"
"ITC","ITC Limited","Loss of Share Certificates","ITC Limited has informed the Exchange about Loss of Share Certificates","23-Feb-2023 19:48:24","2023-02-23 19:48:24","23-Feb-2023 19:48:28","00:00:04","https://nsearchives.nseindia.com/corporate/ITC_23022023194824_nse_loss_23022023_SIGNED.pdf"
"ITC","ITC Limited","Loss of Share Certificates","ITC Limited has informed the Exchange about Loss of Share Certificates","23-Feb-2023 19:47:00","2023-02-23 19:47:00","23-Feb-2023 19:47:04","00:00:04","https://nsearchives.nseindia.com/corporate/ITC_23022023194700_NSEREISSUE230223_SIGNED.pdf"
"ITC","ITC Limited","ESOP/ESOS/ESPS","ITC Limited has informed the Exchange regarding Allotment of 2584250   Shares.","22-Feb-2023 18:45:48","2023-02-22 18:45:48","22-Feb-2023 18:45:50","00:00:02","https://nsearchives.nseindia.com/corporate/ITC_22022023184548_AllotmentLetter1.pdf"
"ITC","ITC Limited","Loss of Share Certificates","ITC Limited has informed the Exchange about Loss of Share Certificates","22-Feb-2023 18:25:48","2023-02-22 18:25:48","22-Feb-2023 18:25:52","00:00:04","https://nsearchives.nseindia.com/corporate/ITC_22022023182548_nse_loss_22feb2023_SIGNED.pdf"
"ITC","ITC Limited","Loss of Share Certificates","ITC Limited has informed the Exchange about Loss of Share Certificates","17-Feb-2023 18:10:24","2023-02-17 18:10:24","17-Feb-2023 18:10:29","00:00:05","https://nsearchives.nseindia.com/corporate/ITC_17022023181024_nse_loss_17022023_SIGNED.pdf"
"ITC","ITC Limited","Updates","ITC Limited has informed the Exchange regarding 'Publication of Advertisement re: completion of despatch of the Postal Ballot Notice'.","15-Feb-2023 19:38:42","2023-02-15 19:38:42","15-Feb-2023 19:38:47","00:00:05","https://nsearchives.nseindia.com/corporate/ITC_15022023193842_SELetterPressAdvtPostalBallot2023.pdf"
"ITC","ITC Limited","ESOP/ESOS/ESPS","ITC Limited has informed the Exchange regarding Allotment of 2478980  Shares.","15-Feb-2023 19:14:27","2023-02-15 19:14:27","15-Feb-2023 19:14:29","00:00:02","https://nsearchives.nseindia.com/corporate/ITC_15022023191427_SE1.pdf"
"ITC","ITC Limited","Loss of Share Certificates","ITC Limited has informed the Exchange about Loss of Share Certificates","10-Feb-2023 17:41:09","2023-02-10 17:41:09","10-Feb-2023 17:41:14","00:00:05","https://nsearchives.nseindia.com/corporate/ITC_10022023174109_NSE_LOSS_10FEB2023_SIGNED.pdf"
"ITC","ITC Limited","Analysts/Institutional Investor Meet/Con. Call Updates","Participation in Investor Conference","10-Feb-2023 10:53:08","2023-02-10 10:53:08","10-Feb-2023 10:53:14","00:00:06","https://nsearchives.nseindia.com/corporate/ITC_10022023105308_SE.pdf"
"ITC","ITC Limited","Updates","ITC Limited has informed the Exchange regarding 'Incorporation of a new step-down subsidiary'.","09-Feb-2023 17:47:10","2023-02-09 17:47:10","09-Feb-2023 17:47:15","00:00:05","https://nsearchives.nseindia.com/corporate/ITC_09022023174710_SE.pdf"
"ITC","ITC Limited","Shareholders meeting","ITC Limited has informed the Exchange regarding Notice of Postal Ballot","09-Feb-2023 17:32:33","2023-02-09 17:32:33","09-Feb-2023 17:32:40","00:00:07","https://nsearchives.nseindia.com/corporate/ITC_09022023173233_SEletter.pdf"
"ITC","ITC Limited","Loss of Share Certificates","ITC Limited has informed the Exchange about Loss of Share Certificates","09-Feb-2023 17:16:42","2023-02-09 17:16:42","09-Feb-2023 17:16:47","00:00:05","https://nsearchives.nseindia.com/corporate/ITC_09022023171642_NSEREISSUE090223_SIGNED.pdf"
"ITC","ITC Limited","Loss of Share Certificates","ITC Limited has informed the Exchange about Loss of Share Certificates","08-Feb-2023 18:06:52","2023-02-08 18:06:52","08-Feb-2023 18:06:55","00:00:03","https://nsearchives.nseindia.com/corporate/ITC_08022023180652_nse_loss_8feb2023_SIGNED.pdf"
"ITC","ITC Limited","Updates","ITC Limited has informed the Exchange regarding 'Incorporation of a new step-down subsidiary'.","04-Feb-2023 13:43:37","2023-02-04 13:43:37","04-Feb-2023 13:43:40","00:00:03","https://nsearchives.nseindia.com/corporate/ITC_04022023134337_SE.pdf"
"ITC","ITC Limited","Updates","ITC Limited has informed the Exchange regarding 'Media Statement and Presentation'.","03-Feb-2023 17:56:40","2023-02-03 17:56:40","03-Feb-2023 17:56:44","00:00:04","https://nsearchives.nseindia.com/corporate/ITC_03022023175640_SEMedia.pdf"
"ITC","ITC Limited","Change in Director(s)","ITC Limited has informed the Exchange regarding Change in Director(s) of the company.","03-Feb-2023 17:29:46","2023-02-03 17:29:46","03-Feb-2023 17:29:50","00:00:04","https://nsearchives.nseindia.com/corporate/ITC_03022023172946_SEAppointment.pdf"
"ITC","ITC Limited","Dividend Updates","ITC Limited has informed the Exchange about Dividend UpdatesThe Board of Directors of the Company at the meeting held today, i.e. 3rd February, 2023  (a) declared Interim Dividend of Rs. 6/- per Ordinary Share of Re. 1/- each for the financial year ending on 31st March, 2023; such Dividend will be paid between Friday, 3rd March, 2023 and Sunday, 5th March, 2023 to those Members entitled thereto.(b) fixed Wednesday, 15th February, 2023 as the Record Date for the purpose of determining entitlement of the Members for such Interim Dividend.","03-Feb-2023 17:15:49","2023-02-03 17:15:49","03-Feb-2023 17:15:54","00:00:05","https://nsearchives.nseindia.com/corporate/ITC_03022023171549_Dividend.pdf"
"ITC","ITC Limited","Record Date","ITC Limited has informed the Exchange that Record date for the purpose of Dividend  is 15-Feb-2023.The Board of Directors of the Company at the meeting held today, i.e. 3rd February, 2023  (a) declared Interim Dividend of Rs. 6/- per Ordinary Share of Re. 1/- each for the financial year ending on 31st March, 2023; such Dividend will be paid between Friday, 3rd March, 2023 and Sunday, 5th March, 2023 to those Members entitled thereto.(b) fixed Wednesday, 15th February, 2023 as the Record Date for the purpose of determining entitlement of the Members for such Interim Dividend.","03-Feb-2023 17:14:50","2023-02-03 17:14:50","03-Feb-2023 17:14:53","00:00:03","https://nsearchives.nseindia.com/corporate/ITC_03022023171450_Dividend.pdf"
"ITC","ITC Limited","Outcome of Board Meeting","ITC Limited has informed the Exchange regarding  Board meeting held on February 03, 2023.Further to our letter dated 20th January, 2023, we enclose, in terms of Regulation 33 of the SEBI (Listing Obligations and Disclosure Requirements) Regulations, 2015, the following, as approved by the Board of Directors of the Company at the meeting held today, i.e. 3rd February, 2023:(i) Unaudited Standalone and Consolidated Financial Results of the Company along with Unaudited Segment-wise Revenue, Results, Assets and Liabilities for the Quarter and Nine Months ended 31st December, 2022; and(ii) Limited Review Reports from the Statutory Auditors on the aforesaid Financial Results. The Board at the said meeting also  (a) declared Interim Dividend of Rs. 6/- per Ordinary Share of Re. 1/- each for the financial year ending on 31st March, 2023; such Dividend will be paid between Friday, 3rd March, 2023 and Sunday, 5th March, 2023 to those Members entitled thereto.(b) fixed Wednesday, 15th February, 2023 as the Record Date for the purpose of Interim Dividend.","03-Feb-2023 17:11:05","2023-02-03 17:11:05","03-Feb-2023 17:11:08","00:00:03","https://nsearchives.nseindia.com/corporate/ITC_03022023171105_Results.pdf"
"ITC","ITC Limited","Financial Result Updates","ITC Limited has submitted to the Exchange, the financial results for the period ended December 31, 2022.","03-Feb-2023 17:09:22","2023-02-03 17:09:22","03-Feb-2023 17:09:27","00:00:05","https://nsearchives.nseindia.com/corporate/Results_03022023170922.pdf"
"ITC","ITC Limited","Loss of Share Certificates","ITC Limited has informed the Exchange about Loss of Share Certificates","03-Feb-2023 12:26:29","2023-02-03 12:26:29","03-Feb-2023 12:26:36","00:00:07","https://nsearchives.nseindia.com/corporate/ITC_03022023122629_NSE_LOSS_3RDFRB_SIGNED.pdf"
"ITC","ITC Limited","Updates","ITC Limited has informed the Exchange regarding 'Certificate under Reg 74(5) SEBI DP Regulations, 2018'.","02-Feb-2023 18:01:16","2023-02-02 18:01:16","02-Feb-2023 18:01:19","00:00:03","https://nsearchives.nseindia.com/corporate/ITC_02022023180116_MonthlydematrematJanuary2023.pdf"
"ITC","ITC Limited","Loss of Share Certificates","ITC Limited has informed the Exchange about Loss of Share Certificates","01-Feb-2023 18:36:56","2023-02-01 18:36:56","01-Feb-2023 18:36:58","00:00:02","https://nsearchives.nseindia.com/corporate/ITC_01022023183656_NSE_LOSS_01022023_SIGNED.pdf"
"ITC","ITC Limited","Resignation","ITC Limited has informed the Exchange regarding Resignation of Mr Navneet Doda  as Non- Executive Director of the company w.e.f. January 20, 2023.","20-Jan-2023 19:51:30","2023-01-20 19:51:30","20-Jan-2023 19:51:33","00:00:03","https://nsearchives.nseindia.com/corporate/ITC_20012023195130_SELetter.pdf"
"ITC","ITC Limited","Loss of Share Certificates","ITC Limited has informed the Exchange about Loss of Share Certificates","20-Jan-2023 17:37:51","2023-01-20 17:37:51","20-Jan-2023 17:37:55","00:00:04","https://nsearchives.nseindia.com/corporate/ITC_20012023173751_nse_loss_20012023_signed.pdf"
"ITC","ITC Limited","Loss of Share Certificates","ITC Limited has informed the Exchange about Loss of Share Certificates","20-Jan-2023 14:36:58","2023-01-20 14:36:58","20-Jan-2023 14:37:04","00:00:06","https://nsearchives.nseindia.com/corporate/ITC_20012023143658_NSEREISSUE200123_SIGNED.pdf"
"ITC","ITC Limited","ESOP/ESOS/ESPS","ITC Limited has informed the Exchange regarding Allotment of 1705960  Shares.","19-Jan-2023 15:16:41","2023-01-19 15:16:41","19-Jan-2023 15:16:50","00:00:09","https://nsearchives.nseindia.com/corporate/ITC_19012023151641_SEIntimation.pdf"
"ITC","ITC Limited","Loss of Share Certificates","ITC Limited has informed the Exchange about Loss of Share Certificates","18-Jan-2023 18:26:15","2023-01-18 18:26:15","18-Jan-2023 18:26:22","00:00:07","https://nsearchives.nseindia.com/corporate/ITC_18012023182615_nse_loss_18012023_SIGNED.pdf"
"ITC","ITC Limited","Acquisition","ITC Limited has informed the Exchange about Acquisition","17-Jan-2023 19:56:17","2023-01-17 19:56:17","17-Jan-2023 19:56:24","00:00:07","https://nsearchives.nseindia.com/corporate/ITC_17012023195617_SE.pdf"
"ITC","ITC Limited","Loss of Share Certificates","ITC Limited has informed the Exchange about Loss of Share Certificates","12-Jan-2023 17:55:53","2023-01-12 17:55:53","12-Jan-2023 17:55:57","00:00:04","https://nsearchives.nseindia.com/corporate/ITC_12012023175553_NSE_LOSS_12012023_SIGNED.pdf"
"ITC","ITC Limited","Updates","ITC Limited has informed the Exchange regarding 'Pursuant to the requirement prescribed under RTI Circular No. 1 (2000-2001) dated 9th May, 2001 of the Securities and Exchange Board of India, please find enclosed reports for the months of October, November and December 2022 in the prescribed format. '.","06-Jan-2023 17:46:35","2023-01-06 17:46:35","06-Jan-2023 17:46:40","00:00:05","https://nsearchives.nseindia.com/corporate/ITC_06012023174635_Dec_2022_Qtrly_signed.pdf"
"ITC","ITC Limited","Loss of Share Certificates","ITC Limited has informed the Exchange about Loss of Share Certificates","06-Jan-2023 17:33:34","2023-01-06 17:33:34","06-Jan-2023 17:33:38","00:00:04","https://nsearchives.nseindia.com/corporate/ITC_06012023173334_nsedup06012023_SIGNED.pdf"
"ITC","ITC Limited","Updates","ITC Limited has informed the Exchange regarding 'Certificate under Reg 74(5) SEBI DP Regulations, 2018'.","03-Jan-2023 17:13:00","2023-01-03 17:13:00","03-Jan-2023 17:13:03","00:00:03","https://nsearchives.nseindia.com/corporate/ITC_03012023171300_MonthlydematrematDecember2022.pdf"
"ITC","ITC Limited","Trading Window","ITC Limited has informed the Exchange regarding the Trading Window closure pursuant to SEBI (Prohibition of Insider Trading) Regulations, 2015","27-Dec-2022 16:23:49","2022-12-27 16:23:49","27-Dec-2022 16:23:52","00:00:03","https://nsearchives.nseindia.com/corporate/ITC_27122022162349_SEintimation.pdf"
"ITC","ITC Limited","Loss of Share Certificates","ITC Limited has informed the Exchange about Loss of Share Certificates","21-Dec-2022 18:25:25","2022-12-21 18:25:25","21-Dec-2022 18:25:30","00:00:05","https://nsearchives.nseindia.com/corporate/ITC_21122022182525_nse_loss_21dec_SIGNED.pdf"
"ITC","ITC Limited","Loss of Share Certificates","ITC Limited has informed the Exchange about Loss of Share Certificates","20-Dec-2022 17:13:44","2022-12-20 17:13:44","20-Dec-2022 17:13:48","00:00:04","https://nsearchives.nseindia.com/corporate/ITC_20122022171344_nsereissue201222_SIGNED.pdf"
"ITC","ITC Limited","ESOP/ESOS/ESPS","ITC Limited has informed the Exchange regarding Allotment of 1988790  Shares.","19-Dec-2022 18:07:01","2022-12-19 18:07:01","19-Dec-2022 18:07:06","00:00:05","https://nsearchives.nseindia.com/corporate/ITC_19122022180701_AllotmentLetter.pdf"
"ITC","ITC Limited","Postal Ballot","ITC Limited has informed the Exchange about Voting results of Postal BallotFurther to our letters dated 20th October, 2022 and 11th November, 2022, we write to advise that the Ordinary Resolution for re-appointment of Mr. Nakul Anand as a Wholetime Director of the Company, as set out in the Postal Ballot Notice dated 20th October, 2022, has been passed by the Members by requisite majority. We enclose as required under Regulation 44(3) of the SEBI (Listing Obligations and Disclosure Requirements) Regulations, 2015, the Voting Results in the prescribed format under the Annexure.","16-Dec-2022 16:49:27","2022-12-16 16:49:27","16-Dec-2022 16:49:31","00:00:04","https://nsearchives.nseindia.com/corporate/ITC_16122022164927_SEletter.pdf"
"ITC","ITC Limited","Loss of share certificate","ITC Limited has informed the Exchange about Loss of share certificates","16-Dec-2022 16:12:24","2022-12-16 16:12:24","16-Dec-2022 16:12:27","00:00:03","https://nsearchives.nseindia.com/corporate/ITC_16122022161224_nse_loss_16dec22_SIGNED.pdf"
"ITC","ITC Limited","Loss of share certificate","ITC Limited has informed the Exchange about Loss of share certificates","14-Dec-2022 18:26:48","2022-12-14 18:26:48","14-Dec-2022 18:26:51","00:00:03","https://nsearchives.nseindia.com/corporate/ITC_14122022182648_nse_loss_14dec_SIGNED.pdf"
"ITC","ITC Limited","Acquisition","Further to our letter dated 13th November, 2019, we write to advise, pursuant to Regulation 30 of the SEBI (Listing Obligations and Disclosure Requirements) Regulations, 2015, that the Company has acquired on 6th December, 2022, in the fourth tranche, 1,967 Compulsorily Convertible Preference Shares of Rs. 10/- each of Delectable Technologies Private Limited ('Delectable').With the aforesaid acquisition, the Company���s shareholding in Delectable aggregates 33.42% of its share capital on a fully diluted basis.","07-Dec-2022 12:34:57","2022-12-07 12:34:57","07-Dec-2022 12:35:09","00:00:12","https://nsearchives.nseindia.com/corporate/ITC_07122022123457_SELetterDelectable.pdf"
"ITC","ITC Limited","General updates","The details of the shares dematerialised by the Company during the month of November 2022 in the enclosed Annexure A. The Company was not required to effect rematerialisation of shares during the month of November 2022.","05-Dec-2022 14:47:42","2022-12-05 14:47:42","05-Dec-2022 14:47:48","00:00:06","https://nsearchives.nseindia.com/corporate/ITC_05122022144742_MonthlydematrematNovember2022.pdf"
"ITC","ITC Limited","Loss of share certificate","ITC Limited has informed the Exchange about Loss of share certificates","03-Dec-2022 12:34:27","2022-12-03 12:34:27","03-Dec-2022 12:34:29","00:00:02","https://nsearchives.nseindia.com/corporate/ITC_03122022123427_nse_loss_2dec22_signed.pdf"
"ITC","ITC Limited","Investor Presentation","We write to advise, pursuant to Regulation 30 of the SEBI (Listing Obligations and Disclosure Requirements) Regulations, 2015, that the Company���s representatives virtually attended the ESG Conference organised by CLSA India Private Limited on 2nd December, 2022, and made a presentation at the said Conference.A copy of the presentation made is enclosed.","03-Dec-2022 12:02:04","2022-12-03 12:02:04","03-Dec-2022 12:02:06","00:00:02","https://nsearchives.nseindia.com/corporate/ITC_03122022120203_SELetter.pdf"
"ITC","ITC Limited","Loss of share certificate","ITC Limited has informed the Exchange about Loss of share certificates","02-Dec-2022 16:41:39","2022-12-02 16:41:39","02-Dec-2022 16:41:43","00:00:04","https://nsearchives.nseindia.com/corporate/ITC_02122022164139_nse_loss_2dec22_SIGNED.pdf"
"ITC","ITC Limited","Loss of share certificate","ITC Limited has informed the Exchange about Loss of share certificates","01-Dec-2022 18:48:06","2022-12-01 18:48:06","01-Dec-2022 18:48:16","00:00:10","https://nsearchives.nseindia.com/corporate/ITC_01122022184806_nse_loss_1dec22_SIGNED.pdf"
"ITC","ITC Limited","Loss of share certificate","ITC Limited has informed the Exchange about Loss of share certificates","30-Nov-2022 12:58:03","2022-11-30 12:58:03","30-Nov-2022 12:58:10","00:00:07","https://nsearchives.nseindia.com/corporate/ITC_30112022125803_nse_loss_30112022_signed.pdf"
"ITC","ITC Limited","Loss of share certificate","ITC Limited has informed the Exchange about Loss of share certificate","30-Nov-2022 12:56:45","2022-11-30 12:56:45","30-Nov-2022 12:56:54","00:00:09","https://nsearchives.nseindia.com/corporate/ITC_30112022125645_NSEREISSUE29112022_SIGNED.pdf"
"ITC","ITC Limited","News Verification","ITC : The Exchange has sought clarification from ITC Limited with respect to recent news item captioned ITC Hotels partners with Jolle Hospitality to expand footprint in south India.  The response from the Company is attached.","30-Nov-2022 12:00:03","2022-11-30 12:00:03","30-Nov-2022 12:00:08","00:00:05","https://nsearchives.nseindia.com/corporate/ITC_30112022120003_SEclarification_NSE_.pdf"
"ITC","ITC Limited","Loss of share certificate","ITC Limited has informed the Exchange about Loss of share certificates","25-Nov-2022 17:16:30","2022-11-25 17:16:30","25-Nov-2022 17:16:34","00:00:04","https://nsearchives.nseindia.com/corporate/ITC_25112022171630_NSE_LOSS_25112022_SIGNED.pdf"
"ITC","ITC Limited","Schedule of Analysts/Institutional Investor Meet/Con. Call","ITC Limited has informed the Exchange about Schedule of Analysts/Institutional Investor Meet/Con. Call We write to advise, pursuant to Regulation 30 of the SEBI (Listing Obligations and Disclosure Requirements) Regulations, 2015, that the Company���s representatives will be attending the 4th Invest India Conference being organised by IIFL Securities Limited on 29th November, 2022. ","24-Nov-2022 17:25:48","2022-11-24 17:25:48","24-Nov-2022 17:25:50","00:00:02","https://nsearchives.nseindia.com/corporate/ITC_24112022172548_SEIntimation.pdf"
"ITC","ITC Limited","News Verification","ITC : The Exchange has sought clarification from ITC Limited with respect to recent news item captioned ITC Hotels partners with Jolle Hospitality to expand footprint in south India.  The response from the Company is awaited.","24-Nov-2022 16:50:06","2022-11-24 16:50:06","24-Nov-2022 16:50:14","00:00:08","-"
"ITC","ITC Limited","Loss of share certificate","ITC Limited has informed the Exchange about Loss of share certificates","18-Nov-2022 17:21:30","2022-11-18 17:21:30","18-Nov-2022 17:21:35","00:00:05","https://nsearchives.nseindia.com/corporate/ITC_18112022172130_NSE_LOSS_18112022_SIGNED.pdf"
"ITC","ITC Limited","Loss of share certificate","ITC Limited has informed the Exchange about Loss of share certificate","18-Nov-2022 10:54:12","2022-11-18 10:54:12","18-Nov-2022 10:54:18","00:00:06","https://nsearchives.nseindia.com/corporate/ITC_18112022105412_NSEREISSUE17112022_SIGNED.pdf"
"ITC","ITC Limited","Newspaper Advertisements","Further to our letter dated 11th November, 2022, we enclose, in terms of Regulation 30 of the SEBI (Listing Obligations and Disclosure Requirements) Regulations, 2015, copies of the newspaper clippings of the advertisement published on 17th November, 2022 re. completion of despatch of the Postal Ballot Notice, in Kolkata editions of the following newspapers:���	 ���Business Standard��� (English), and���	���Aajkal��� (Bengali).The aforesaid advertisement was also published, inter alia, in the Bengaluru, Chennai, Hyderabad, Mumbai and New Delhi editions of Business Standard.","17-Nov-2022 16:53:27","2022-11-17 16:53:27","17-Nov-2022 16:53:30","00:00:03","https://nsearchives.nseindia.com/corporate/ITC_17112022165327_SELetterPressAdvtPostalBallot2022.pdf"
"ITC","ITC Limited","ESOP/ESPS/SBEB Scheme","In terms of the SEBI (Listing Obligations and Disclosure Requirements) Regulations, 2015, we write to advise that the Company on 17th November, 2022 issued and allotted 64,52,830 Ordinary Shares of Re. 1/- each, upon exercise of 6,45,283 Options by Optionees under the Company���s Employee Stock Option Schemes.Consequently, with effect from 17th November, 2022, the Issued and Subscribed Share Capital of the Company stands increased to Rs. 1241,03,20,211/- divided into 1241,03,20,211 Ordinary Shares of Re. 1/- each.","17-Nov-2022 12:18:15","2022-11-17 12:18:15","17-Nov-2022 12:18:25","00:00:10","https://nsearchives.nseindia.com/corporate/ITC_17112022121815_Allotment17112022.pdf"
"ITC","ITC Limited","Schedule of Analysts/Institutional Investor Meet/Con. Call","ITC Limited has informed the Exchange about Schedule of Analysts/Institutional Investor Meet/Con. Call We write to advise, pursuant to Regulation 30 of the SEBI (Listing Obligations and Disclosure Requirements) Regulations, 2015, that the Company���s representatives will be attending the Morgan Stanley 21st Annual Asia Pacific Summit on 18th November, 2022.","16-Nov-2022 15:00:12","2022-11-16 15:00:12","16-Nov-2022 15:00:19","00:00:07","https://nsearchives.nseindia.com/corporate/ITC_16112022150012_SEintimation.pdf"
"ITC","ITC Limited","Loss of share certificate","ITC Limited has informed the Exchange about Loss of share certificates","11-Nov-2022 17:59:15","2022-11-11 17:59:15","11-Nov-2022 17:59:19","00:00:04","https://nsearchives.nseindia.com/corporate/ITC_11112022175915_NSE_LOSS_11NOV2022_SIGNED.pdf"
"ITC","ITC Limited","Postal Ballot","ITC Limited has informed the Exchange about Notice of Postal Ballot.Further to our letter dated 20th October, 2022, we enclose, in terms of Regulation 30 of the SEBI (Listing Obligations and Disclosure Requirements) Regulations, 2015, a copy of the Postal Ballot Notice dated 20th October, 2022 along with the Explanatory Statement thereto, seeking approval of the Members for re-appointment of Mr. Nakul Anand as a Director and also as a Wholetime Director of the Company, as set out in the said Notice.","11-Nov-2022 16:23:24","2022-11-11 16:23:24","11-Nov-2022 16:23:28","00:00:04","https://nsearchives.nseindia.com/corporate/ITC_11112022162324_SEintimation.pdf"
"ITC","ITC Limited","Loss of share certificate","ITC Limited has informed the Exchange about Loss of share certificate","10-Nov-2022 15:55:36","2022-11-10 15:55:36","10-Nov-2022 15:55:39","00:00:03","https://nsearchives.nseindia.com/corporate/ITC_10112022155536_NSE_LOSS_10NOV2022_SIGNED.pdf"
"ITC","ITC Limited","General updates","The details of the shares dematerialised by the Company during the month of October 2022 in the enclosed Annexure A. The Company was not required to effect rematerialisation of shares during the month of October 2022.","03-Nov-2022 18:57:36","2022-11-03 18:57:36","03-Nov-2022 18:57:42","00:00:06","https://nsearchives.nseindia.com/corporate/ITC_03112022185736_MonthlydematrematOctober2022.pdf"
"ITC","ITC Limited","Loss of share certificate","ITC Limited has informed the Exchange about Loss of share certificate","02-Nov-2022 16:09:51","2022-11-02 16:09:51","02-Nov-2022 16:09:55","00:00:04","https://nsearchives.nseindia.com/corporate/ITC_02112022160951_NSEREISSUE02112022.pdf"
"ITC","ITC Limited","Related Party Transaction","ITC Limited has informed the Exchange about related party transaction for the period ended September 2022We enclose, in terms of Regulation 23(9) of the SEBI (Listing Obligations and Disclosure Requirements) Regulations, 2015, the disclosure of Related Party Transactions of the Company for the half year ended 30th September, 2022, in the required format.","02-Nov-2022 14:25:34","2022-11-02 14:25:34","02-Nov-2022 14:25:36","00:00:02","https://nsearchives.nseindia.com/corporate/ITC_02112022142533_SEintimation.pdf"
"ITC","ITC Limited","Acquisition","Further to our letter dated 18th October, 2022, we write to advise, pursuant to Regulation 30 of the SEBI (Listing Obligations and Disclosure Requirements) Regulations, 2015, that the Company has acquired on 27th October, 2022, 1,000 Compulsorily Convertible Preference Shares of Rs. 10/- each of Mother Sparsh. With the aforesaid acquisition, the Company���s shareholding in Mother Sparsh aggregates 22% of its share capital on a fully diluted basis.","28-Oct-2022 11:06:45","2022-10-28 11:06:45","28-Oct-2022 11:07:19","00:00:34","https://nsearchives.nseindia.com/corporate/ITC_28102022110645_SEintimation.pdf"
"ITC","ITC Limited","Loss of share certificate","ITC Limited has informed the Exchange about Loss of share certificates","21-Oct-2022 16:59:45","2022-10-21 16:59:45","21-Oct-2022 16:59:49","00:00:04","https://nsearchives.nseindia.com/corporate/ITC_21102022165945_NSE_LOSS_21OCT_SIGNED.pdf"
"ITC","ITC Limited","General updates","ITC Limited has informed the Exchange about Media Statement and PresentationFurther to our letter dated 20th October, 2022 forwarding the Unaudited Financial Results of the Company for the Quarter and Six Months ended 30th September, 2022, we now enclose a copy of the Media Statement issued by the Company and a presentation on the Company���s financial performance for the aforesaid period for information of the investors.","20-Oct-2022 20:16:45","2022-10-20 20:16:45","20-Oct-2022 20:16:48","00:00:03","https://nsearchives.nseindia.com/corporate/ITC_20102022201645_SEMedia.pdf"
"ITC","ITC Limited","Re-appointment","ITC Limited  has informed the Exchange about re-appointment of Nakul Anand as Executive Director of the companyPursuant to Regulation 30 of the Listing Regulations, we write to advise that the Board at the aforesaid meeting recommended for the approval of the Members, re-appointment of Mr. Nakul Anand as a Director and also as a Wholetime Director of the Company for a period of one year with effect from 3rd January, 2023.","20-Oct-2022 19:51:30","2022-10-20 19:51:30","20-Oct-2022 19:51:33","00:00:03","https://nsearchives.nseindia.com/corporate/ITC_20102022195130_Letter.pdf"
"ITC","ITC Limited","Outcome of Board Meeting","ITC Limited  has informed the Exchange about Board Meeting held on 20-Oct-2022 to consider financial statements for the period ended September 2022Further to our letter dated 6th October, 2022, we enclose, in terms of Regulation 33 of the SEBI (Listing Obligations and Disclosure Requirements) Regulations, 2015 (Listing Regulations), the following, as approved by the Board of Directors of the Company (the Board) at the meeting held today, i.e. 20th October, 2022:(i)	Unaudited Financial Results of the Company;(ii)	Unaudited Segment-wise Revenue, Results, Assets and Liabilities of the Company;(iii)	Unaudited Cash Flow Statement for the half year ended 30th September, 2022;(iv)	Unaudited Balance Sheet as at 30th September, 2022; and(v)	Limited Review Reports from the Statutory Auditors, Messrs. S R B C & CO LLP, Chartered Accountants, on the aforesaid Financial Results.","20-Oct-2022 19:47:25","2022-10-20 19:47:25","20-Oct-2022 19:47:28","00:00:03","https://nsearchives.nseindia.com/corporate/ITC_20102022194724_Results.pdf"
"ITC","ITC Limited","Acquisition","ITC Limited has informed the Exchange about Acquisition.This has reference to our letters dated 26th November, 2021, 18th December, 2021 and 15th March, 2022 in connection with acquisition of 16% of the share capital of Mother Sparsh Baby Care Private Limited (on a fully diluted basis).We write to advise that the Company today has entered into an agreement to acquire further 1000 Compulsorily Convertible Preference Shares of Rs. 10/- each of Mother Sparsh. The said shares, once acquired, will take the Company���s shareholding in Mother Sparsh to 22% (on a fully diluted basis). Enclosed please find the relevant disclosure pursuant to Regulation 30 of the SEBI (Listing Obligations and Disclosure Requirements) Regulations, 2015.","18-Oct-2022 20:12:09","2022-10-18 20:12:09","18-Oct-2022 20:12:12","00:00:03","https://nsearchives.nseindia.com/corporate/ITC_18102022201209_SEintimation.pdf"
"ITC","ITC Limited","ESOP/ESPS/SBEB Scheme","In terms of the SEBI (Listing Obligations and Disclosure Requirements) Regulations, 2015, we write to advise that the Company on 18th October, 2022 issued and allotted 46,88,680 Ordinary Shares of Re. 1/- each, upon exercise of 4,68,868 Options by Optionees under the Company���s Employee Stock Option Schemes.Consequently, with effect from 18th October, 2022, the Issued and Subscribed Share Capital of the Company stands increased to Rs. 1240,38,67,381/- divided into 1240,38,67,381 Ordinary Shares of Re. 1/- each.","18-Oct-2022 18:09:21","2022-10-18 18:09:21","18-Oct-2022 18:09:26","00:00:05","https://nsearchives.nseindia.com/corporate/ITC_18102022180921_SEIntimation.pdf"
"ITC","ITC Limited","Loss of share certificate","ITC Limited has informed the Exchange about Loss of share certificates","14-Oct-2022 18:51:54","2022-10-14 18:51:54","14-Oct-2022 18:51:59","00:00:05","https://nsearchives.nseindia.com/corporate/ITC_14102022185154_NSE_LOSS_14102022_SIGNED.pdf"
"ITC","ITC Limited","Loss of share certificate","ITC Limited has informed the Exchange about Loss of share certificate","13-Oct-2022 15:10:09","2022-10-13 15:10:09","13-Oct-2022 15:10:32","00:00:23","https://nsearchives.nseindia.com/corporate/ITC_13102022151009_NSEREISSUE131022_SIGNED.pdf"
"ITC","ITC Limited","General updates","ITC Limited has informed the Exchange about Incorporation of a new step-down subsidiary.We have been advised by ITC Infotech India Limited (���I3L���), a wholly owned subsidiary (���WOS���), that they have incorporated a WOS in Brazil under the name of ���ITC Infotech Do Brasil LTDA.��� on 10th October, 2022; the registration certificate evidencing incorporation of the said subsidiary has been received by I3L today. ","12-Oct-2022 19:11:00","2022-10-12 19:11:00","12-Oct-2022 19:11:03","00:00:03","https://nsearchives.nseindia.com/corporate/ITC_12102022191100_SEintimation.pdf"
"ITC","ITC Limited","Loss of share certificate","ITC Limited has informed the Exchange about Loss of share certificate","06-Oct-2022 18:00:12","2022-10-06 18:00:12","06-Oct-2022 18:00:18","00:00:06","https://nsearchives.nseindia.com/corporate/ITC_06102022180012_Sept_2022_DUP_qtrly_SIGNED.pdf"
"ITC","ITC Limited","General updates","The details of the shares dematerialised by the Company during the month of September 2022 in the enclosed Annexure A. The Company was not required to effect rematerialisation of shares during the month of September 2022.","06-Oct-2022 15:31:06","2022-10-06 15:31:06","06-Oct-2022 15:31:10","00:00:04","https://nsearchives.nseindia.com/corporate/ITC_06102022153106_MonthlydematrematSept2022.pdf"
"ITC","ITC Limited","Loss of share certificate","ITC Limited has informed the Exchange about Loss of share certificates","30-Sep-2022 17:44:18","2022-09-30 17:44:18","30-Sep-2022 17:44:21","00:00:03","https://nsearchives.nseindia.com/corporate/ITC_30092022174418_NSE_LOSS_30092022_SIGNED.pdf"
"ITC","ITC Limited","Loss of share certificate","ITC Limited has informed the Exchange about Loss of share certificates","29-Sep-2022 18:14:00","2022-09-29 18:14:00","29-Sep-2022 18:14:05","00:00:05","https://nsearchives.nseindia.com/corporate/ITC_29092022181400_nse_loss_29092022_SIGNED.pdf"
"ITC","ITC Limited","Closure of trading window","We write to advise that the Trading Window for purchasing/ selling or dealing in the shares of the Company (other than for exercise of Stock Options under the Company's Employee Stock Option Schemes) will be closed from 1st October, 2022 for Designated Employees (and their Immediate Relatives) in terms of the ITC Code of Conduct for Prevention of Insider Trading - 2019.The Trading Window will open 48 hours from the announcement to the Stock Exchanges of the Unaudited Financial Results of the Company for the Quarter and Half-Year ending on 30th September, 2022.","28-Sep-2022 16:11:57","2022-09-28 16:11:57","28-Sep-2022 16:12:03","00:00:06","https://nsearchives.nseindia.com/corporate/ITC_28092022161157_ClosureofTradingWindow.pdf"
"ITC","ITC Limited","Loss of share certificate","ITC Limited has informed the Exchange about Loss of share certificates","21-Sep-2022 14:51:33","2022-09-21 14:51:33","21-Sep-2022 14:51:45","00:00:12","https://nsearchives.nseindia.com/corporate/ITC_21092022145133_NSE_LOSS_21092022_SIGNED.pdf"
"ITC","ITC Limited","Loss of share certificate","ITC Limited has informed the Exchange about Loss of share certificate","21-Sep-2022 14:48:45","2022-09-21 14:48:45","21-Sep-2022 14:48:58","00:00:13","https://nsearchives.nseindia.com/corporate/ITC_21092022144845_NSEREISSUE210922_SIGNED.pdf"
"ITC","ITC Limited","ESOP/ESPS/SBEB Scheme","In terms of the SEBI (Listing Obligations and Disclosure Requirements) Regulations, 2015, we write to advise that the Company on 20th September, 2022 issued and allotted 35,51,040 Ordinary Shares of Re. 1/- each, upon exercise of 3,55,104 Options by Optionees under the Company���s Employee Stock Option Schemes. Consequently, with effect from 20th September, 2022, the Issued and Subscribed Share Capital of the Company stands increased to Rs. 1239,91,78,701/- divided into 1239,91,78,701 Ordinary Shares of Re. 1/- each.","20-Sep-2022 18:15:06","2022-09-20 18:15:06","20-Sep-2022 18:15:11","00:00:05","https://nsearchives.nseindia.com/corporate/ITC_20092022181506_AllotmentLetter.pdf"
"ITC","ITC Limited","Loss of share certificate","ITC Limited has informed the Exchange about Loss of share certificates","15-Sep-2022 17:19:06","2022-09-15 17:19:06","15-Sep-2022 17:19:11","00:00:05","https://nsearchives.nseindia.com/corporate/ITC_15092022171906_nse_loss_15092022_SIGNED.pdf"
"ITC","ITC Limited","ESOP/ESPS/SBEB Scheme","In terms of the SEBI (Listing Obligations and Disclosure Requirements) Regulations, 2015, we write to advise that the Company on 14th September, 2022 issued and allotted 27,37,720 Ordinary Shares of Re. 1/- each, upon exercise of 2,73,772 Options by Optionees under the Company���s Employee Stock Option Schemes.Consequently, with effect from 14th September, 2022, the Issued and Subscribed Share Capital of the Company stands increased to Rs. 1239,56,27,661/- divided into 1239,56,27,661 Ordinary Shares of Re. 1/- each.","14-Sep-2022 18:12:12","2022-09-14 18:12:12","14-Sep-2022 18:12:17","00:00:05","https://nsearchives.nseindia.com/corporate/ITC_14092022181212_AllotmentLetterSigned.pdf"
"ITC","ITC Limited","Schedule of Analysts/Institutional Investor Meet/Con. Call","ITC Limited has informed the Exchange about Schedule of Analysts/Institutional Investor Meet/Con. Call We write to advise, pursuant to Regulation 30 of the SEBI (Listing Obligations and Disclosure Requirements) Regulations, 2015, that the Company���s representatives will be attending the following Investor Conferences:(a)	���18th Annual Global Investor Conference��� being organised by Motilal Oswal Financial Services Limited on 19th September, 2022; and(b)	���J.P. Morgan India Investor Summit��� on 20th September, 2022.","14-Sep-2022 14:09:42","2022-09-14 14:09:42","14-Sep-2022 14:09:51","00:00:09","https://nsearchives.nseindia.com/corporate/ITC_14092022140942_SEintimation.pdf"
"ITC","ITC Limited","Schedule of Analysts/Institutional Investor Meet/Con. Call","We write to advise, pursuant to Regulation 30 of the SEBI (Listing Obligations and Disclosure Requirements) Regulations, 2015, that the Company���s representatives will be virtually attending the ���29th Annual CITIC CLSA Flagship Investors Forum��� being organised by CLSA Limited on 13th and 14th September, 2022. ","12-Sep-2022 15:52:05","2022-09-12 15:52:05","12-Sep-2022 15:52:30","00:00:25","https://nsearchives.nseindia.com/corporate/ITC_12092022155205_SEintimation.pdf"
"ITC","ITC Limited","Loss of share certificate","ITC Limited has informed the Exchange about Loss of share certificate","12-Sep-2022 09:49:40","2022-09-12 09:49:40","12-Sep-2022 09:49:53","00:00:13","https://nsearchives.nseindia.com/corporate/ITC_12092022094940_ITC_loss.pdf"
"ITC","ITC Limited","Loss of share certificate","ITC Limited has informed the Exchange about Loss of share certificate","08-Sep-2022 18:12:48","2022-09-08 18:12:48","08-Sep-2022 18:12:57","00:00:09","https://nsearchives.nseindia.com/corporate/ITC_08092022181248_NSE_LOSS_08092022_SIGNED.pdf"
"ITC","ITC Limited","Loss of share certificate","ITC Limited has informed the Exchange about Loss of share certificate","08-Sep-2022 17:31:51","2022-09-08 17:31:51","08-Sep-2022 17:31:54","00:00:03","https://nsearchives.nseindia.com/corporate/ITC_08092022173151_NSEREISSUE80922_SIGNED.pdf"
"ITC","ITC Limited","General updates","The details of the shares dematerialised by the Company during the month of August 2022 in the enclosed Annexure A. The Company was not required to effect rematerialisation of shares during the month of August 2022.","05-Sep-2022 16:55:30","2022-09-05 16:55:30","05-Sep-2022 16:55:33","00:00:03","https://nsearchives.nseindia.com/corporate/ITC_05092022165530_MonthlydematrematAugust2022.pdf"
"ITC","ITC Limited","General updates","The details of the shares dematerialised by the Company during the month of August 2022 in the enclosed Annexure A. The Company was not required to effect rematerialisation of shares during the month of August 2022.","05-Sep-2022 14:20:45","2022-09-05 14:20:45","05-Sep-2022 14:20:51","00:00:06","https://nsearchives.nseindia.com/corporate/ITC_05092022142045_MonthlydematrematAugust2022.pdf"
"ITC","ITC Limited","Loss of share certificate","ITC Limited has informed the Exchange about Loss of share certificate","02-Sep-2022 16:00:03","2022-09-02 16:00:03","02-Sep-2022 16:00:12","00:00:09","https://nsearchives.nseindia.com/corporate/ITC_02092022160003_NSEREISSUE02092022.pdf"
"ITC","ITC Limited","Loss of share certificate","ITC Limited has informed the Exchange about Loss of share certificate","26-Aug-2022 19:04:39","2022-08-26 19:04:39","26-Aug-2022 19:04:43","00:00:04","https://nsearchives.nseindia.com/corporate/ITC_26082022190439_NSE_LOSS_26082022.pdf"
"ITC","ITC Limited","Loss of share certificate","ITC Limited has informed the Exchange about Loss of share certificates","24-Aug-2022 17:20:24","2022-08-24 17:20:24","24-Aug-2022 17:20:26","00:00:02","https://nsearchives.nseindia.com/corporate/ITC_24082022172024_NSE_LOSS_24082022.pdf"
"ITC","ITC Limited","Loss of share certificate","ITC Limited has informed the Exchange about Loss of share certificate","24-Aug-2022 14:43:39","2022-08-24 14:43:39","24-Aug-2022 14:43:47","00:00:08","https://nsearchives.nseindia.com/corporate/ITC_24082022144339_NSEREISSUE230822.pdf"
"ITC","ITC Limited","General updates","ITC Limited has informed the Exchange about Issuance of ""Letter of Confirmation"" in lieu of Duplicate Share Certificates","23-Aug-2022 16:55:06","2022-08-23 16:55:06","23-Aug-2022 16:55:10","00:00:04","https://nsearchives.nseindia.com/corporate/ITC_23082022165506_NSEREISSUE230822.pdf"
"ITC","ITC Limited","ESOP/ESPS/SBEB Scheme","In terms of the SEBI (Listing Obligations and Disclosure Requirements) Regulations, 2015, we write to advise that the Company on 22nd August, 2022 issued and allotted 82,97,250 Ordinary Shares of Re. 1/- each, upon exercise of 8,29,725 Options by Optionees under the Company���s Employee Stock Option Schemes.Consequently, with effect from 22nd August, 2022, the Issued and Subscribed Share Capital of the Company stands increased to Re. 1239,28,89,941/- divided into 1239,28,89,941 Ordinary Shares of Re. 1/- each.","22-Aug-2022 16:06:03","2022-08-22 16:06:03","22-Aug-2022 16:06:13","00:00:10","https://nsearchives.nseindia.com/corporate/ITC_22082022160603_AllotmentLetter.pdf"
"ITC","ITC Limited","Schedule of Analysts/Institutional Investor Meet/Con. Call","We write to advise, pursuant to Regulation 30 of the SEBI (Listing Obligations and Disclosure Requirements) Regulations, 2015, that the Company���s representatives will be virtually attending the Investor Conference being organised by Dolat Capital Market Private Limited on 23rd August, 2022.","22-Aug-2022 11:36:24","2022-08-22 11:36:24","22-Aug-2022 11:36:27","00:00:03","https://nsearchives.nseindia.com/corporate/ITC_22082022113624_SEintimation.pdf"
"ITC","ITC Limited","Schedule of Analysts/Institutional Investor Meet/Con. Call","We write to advise, pursuant to Regulation 30 of the SEBI (Listing Obligations and Disclosure Requirements) Regulations, 2015, that the Company���s representatives will be attending the following virtual Investor Conferences:(a)	���Virtual Consumer Corporate Day 2022��� being organised by UBS Securities India Private Limited on 17th August, 2022; and(b)	���Institutional Equity Investor Conference 2022��� being organised by Nirmal Bang Securities Private Limited on 18th August, 2022. ","16-Aug-2022 16:34:18","2022-08-16 16:34:18","16-Aug-2022 16:34:23","00:00:05","https://nsearchives.nseindia.com/corporate/ITC_16082022163418_SEletter.pdf"
"ITC","ITC Limited","Loss of share certificate","ITC Limited has informed the Exchange about Loss of share certificate","12-Aug-2022 18:34:27","2022-08-12 18:34:27","12-Aug-2022 18:34:34","00:00:07","https://nsearchives.nseindia.com/corporate/ITC_12082022183427_ITC_NSE_LOSS_12082022.pdf"
"ITC","ITC Limited","General updates","ITC Limited has informed the Exchange about Intimation regarding Loss of Share Certificate","10-Aug-2022 18:48:21","2022-08-10 18:48:21","10-Aug-2022 18:48:29","00:00:08","https://nsearchives.nseindia.com/corporate/ITC_10082022184821_NSE_LOSS_10082022.pdf"
"ITC","ITC Limited","Loss of share certificate","ITC Limited has informed the Exchange about Loss of share certificate","05-Aug-2022 14:41:21","2022-08-05 14:41:21","05-Aug-2022 14:41:25","00:00:04","https://nsearchives.nseindia.com/corporate/ITC_05082022144121_NSE_LOSS_05082022.pdf"
"ITC","ITC Limited","ESOP/ESPS/SBEB Scheme","In terms of the SEBI (Listing Obligations and Disclosure Requirements) Regulations, 2015, we write to advise that the Company on 5th August, 2022 issued and allotted 53,71,010 Ordinary Shares of Re. 1/- each, upon exercise of 5,37,101 Options by Optionees under the Company���s Employee Stock Option Schemes.Consequently, with effect from 5th August, 2022, the Issued and Subscribed Share Capital of the Company stands increased to Rs. 1238,45,92,691/- divided into 1238,45,92,691 Ordinary Shares of Re. 1/- each.","05-Aug-2022 14:37:03","2022-08-05 14:37:03","05-Aug-2022 14:37:12","00:00:09","https://nsearchives.nseindia.com/corporate/ITC_05082022143703_AllotmentLetter05082022.pdf"
"ITC","ITC Limited","General updates","The details of the shares dematerialised by the Company during the month of July 2022 in the enclosed Annexure A. The Company was not required to effect rematerialisation of shares during the month of July 2022.","03-Aug-2022 16:13:21","2022-08-03 16:13:21","03-Aug-2022 16:13:25","00:00:04","https://nsearchives.nseindia.com/corporate/ITC_03082022161321_MonthlydematrematJuly2022.pdf"
"ITC","ITC Limited","General updates","ITC Limited has informed the Exchange about Lifestyle Retailing BusinessWe write to advise, pursuant to Regulation 30 of the SEBI (Listing Obligations and Disclosure Requirements) Regulations, 2015, that following a strategic review of its business portfolio, the Company has exited the Lifestyle Retailing Business. ","02-Aug-2022 16:42:24","2022-08-02 16:42:24","02-Aug-2022 16:42:28","00:00:04","https://nsearchives.nseindia.com/corporate/ITC_02082022164224_SELRBD.pdf"
"ITC","ITC Limited","ESOP/ESPS/SBEB Scheme","In terms of the SEBI (Listing Obligations and Disclosure Requirements) Regulations, 2015, we write to advise that the Company on 1st August, 2022 issued and allotted 41,36,320 Ordinary Shares of Re.1/- each, upon exercise of 4,13,632 Options by Optionees under the Company���s Employee Stock Option Schemes.Consequently, with effect from 1st August, 2022, the Issued and Subscribed Share Capital of the Company stands increased to Rs. 1237,92,21,681/- divided into 1237,92,21,681 Ordinary Shares of Re.1/- each.","01-Aug-2022 18:12:51","2022-08-01 18:12:51","01-Aug-2022 18:12:55","00:00:04","https://nsearchives.nseindia.com/corporate/ITC_01082022181251_AllotmentLetter01082022.pdf"
"ITC","ITC Limited","General updates","ITC Limited has informed the Exchange about Unaudited Financial Results ��� Media Statement and PresentationFurther to our letter dated 1st August, 2022 forwarding the Unaudited Financial Results of the Company for the Quarter ended 30th June, 2022, we now enclose a copy of the Media Statement issued by the Company and a presentation on the Company���s financial performance for the aforesaid period for information of the investors.","01-Aug-2022 17:50:09","2022-08-01 17:50:09","01-Aug-2022 17:50:20","00:00:11","https://nsearchives.nseindia.com/corporate/ITC_01082022175009_Media.pdf"
"ITC","ITC Limited","Outcome of Board Meeting","ITC Limited  has informed the Exchange about Board Meeting held on 01-Aug-2022 to consider financial results for the period ended June 2022Further to our letter dated 22nd July, 2022, we enclose, in terms of Regulation 33 of the SEBI (Listing Obligations and Disclosure Requirements) Regulations, 2015, the following, as approved by the Board of Directors of the Company at the meeting held today, i.e. 1st August, 2022:-(i)	Unaudited Financial Results of the Company, both Standalone and Consolidated, for the  Quarter ended 30th June, 2022;(ii)	Unaudited Segment-wise Revenue, Results, Assets and Liabilities of the Company, both Standalone and Consolidated, for the Quarter ended 30th June, 2022;(iii)	Limited Review Reports from the Statutory Auditors, Messrs. S R B C & CO LLP,  Chartered Accountants, on the aforesaid Standalone and Consolidated Financial Results. ","01-Aug-2022 17:08:45","2022-08-01 17:08:45","01-Aug-2022 17:08:51","00:00:06","https://nsearchives.nseindia.com/corporate/ITC_01082022170845_Results.pdf"
"ITC","ITC Limited","Loss of share certificate","ITC Limited has informed the Exchange about Loss of share certificates","29-Jul-2022 14:44:00","2022-07-29 14:44:00","29-Jul-2022 14:44:11","00:00:11","https://nsearchives.nseindia.com/corporate/ITC_29072022144400_NSE_LOSS_29072022.pdf"
"ITC","ITC Limited","Loss of share certificate","ITC Limited has informed the Exchange about Loss of share certificate","27-Jul-2022 17:07:39","2022-07-27 17:07:39","27-Jul-2022 17:07:41","00:00:02","https://nsearchives.nseindia.com/corporate/ITC_27072022170739_NSEREISSUE220722.pdf"
"ITC","ITC Limited","Loss of share certificate","ITC Limited has informed the Exchange about Loss of share certificates","27-Jul-2022 17:05:18","2022-07-27 17:05:18","27-Jul-2022 17:05:22","00:00:04","https://nsearchives.nseindia.com/corporate/ITC_27072022170518_NSE_LOSS_27072022.pdf"
"ITC","ITC Limited","ESOP/ESPS/SBEB Scheme","In terms of the SEBI (Listing Obligations and Disclosure Requirements) Regulations, 2015, we write to advise that the Company on 26th July, 2022 issued and allotted 1,90,61,710 Ordinary Shares of Re. 1/- each, upon exercise of 19,06,171 Options by Optionees under the Company���s Employee Stock Option Schemes.Consequently, with effect from 26th July, 2022, the Issued and Subscribed Share Capital of the Company stands increased to Rs. 1237,50,85,361/- divided into 1237,50,85,361 Ordinary Shares of Re. 1/- each.","26-Jul-2022 14:06:33","2022-07-26 14:06:33","26-Jul-2022 14:06:43","00:00:10","https://nsearchives.nseindia.com/corporate/ITC_26072022140633_AllotmentLetter26.07.2022.pdf"
"ITC","ITC Limited","Loss of share certificate","ITC Limited has informed the Exchange about Loss of share certificates","22-Jul-2022 18:21:54","2022-07-22 18:21:54","22-Jul-2022 18:21:58","00:00:04","https://nsearchives.nseindia.com/corporate/ITC_22072022182154_NSE_LOSS_22072022.pdf"
"ITC","ITC Limited","General updates","ITC Limited has informed the Exchange about Materiality Policy - List of Authorised Persons.Please find enclosed updated list (along with contact details) of the persons authorised to determine materiality of an event / information pursuant to the Company���s Policy for determination of materiality of events and information for disclosure to the Stock Exchanges.The contact details of authorised persons have also been posted on the Company���s website www.itcportal.com.","22-Jul-2022 12:59:27","2022-07-22 12:59:27","22-Jul-2022 12:59:29","00:00:02","https://nsearchives.nseindia.com/corporate/ITC_22072022125927_SEMaterialityPolicy.pdf"
"ITC","ITC Limited","Cessation","ITC Limited  has informed the Exchange about cessation of Rajiv Tandon as Executive Director of the company w.e.f. 22-Jul-2022We write to advise, pursuant to Regulation 30 of the SEBI (Listing Obligations and Disclosure Requirements) Regulations, 2015, that Mr. Rajiv Tandon has ceased to be a Wholetime Director of the Company with effect from today i.e., 22nd July, 2022, on completion of his term approved by the shareholders.","22-Jul-2022 12:52:48","2022-07-22 12:52:48","22-Jul-2022 12:52:50","00:00:02","https://nsearchives.nseindia.com/corporate/ITC_22072022125248_SECessation.pdf"
"ITC","ITC Limited","Appointment","ITC Limited  has informed the Exchange about appointment of Supratim Dutta as Executive Director of the company w.e.f. 22-Jul-2022Further to our letter dated 18th May, 2022, we write to advise that the Members of the Company at the 111th Annual General Meeting held today, i.e. 20th July, 2022, approved the appointment of Mr. Supratim Dutta as a Director and also as a Wholetime Director of the Company for a period of three years with effect from 22nd July, 2022. To the best of our knowledge & information, and as also confirmed by Mr. Dutta, he has not been debarred from holding the office of Director by virtue of an order of the SEBI or any other authority.","20-Jul-2022 18:30:54","2022-07-20 18:30:54","20-Jul-2022 18:30:58","00:00:04","https://nsearchives.nseindia.com/corporate/ITC_20072022183054_SE_Appt.pdf"
"ITC","ITC Limited","General updates","ITC Limited has informed the Exchange about Chairman' Speech at the AGMWe enclose a copy of the address by the Chairman on ���ITC: Building a Competitive, Future Tech, Climate Positive and Inclusive Enterprise��� delivered at the 111th Annual General Meeting of the Company held on 20th July, 2022.","20-Jul-2022 18:25:42","2022-07-20 18:25:42","20-Jul-2022 18:25:46","00:00:04","https://nsearchives.nseindia.com/corporate/ITC_20072022182542_SE_Speech.pdf"
"ITC","ITC Limited","Annual General Meeting","ITC Limited has informed the Exchange about Voting results and  Proceedings of Annual General Meeting held on 20-Jul-2022.We enclose, in terms of Regulation 30 of the SEBI (Listing Obligations and Disclosure Requirements) Regulations, 2015 (���Listing Regulations���), a summary of the proceedings of the 111th Annual General Meeting (���AGM���) of the Company held on 20th July, 2022.We would also like to advise that all the Resolutions for consideration at the 111th AGM in respect of the items set out in the Notice dated 18th May, 2022, have been passed by the Members by requisite majority. The Voting Results in the prescribed format in terms of Regulation 44(3) of the Listing Regulations are also enclosed.","20-Jul-2022 18:20:09","2022-07-20 18:20:09","20-Jul-2022 18:20:12","00:00:03","https://nsearchives.nseindia.com/corporate/ITC_20072022182009_SEResults.pdf"
"ITC","ITC Limited","Loss of share certificate","ITC Limited has informed the Exchange about Loss of share certificates","14-Jul-2022 14:43:36","2022-07-14 14:43:36","14-Jul-2022 14:43:40","00:00:04","https://nsearchives.nseindia.com/corporate/ITC_14072022144336_NSE_LOSS_14072022.pdf"
"ITC","ITC Limited","ESOP/ESPS/SBEB Scheme","In terms of the SEBI (Listing Obligations and Disclosure Requirements) Regulations, 2015, we write to advise that the Company on 13th July, 2022 issued and allotted 88,50,130 Ordinary Shares of Re. 1/- each, upon exercise of 8,85,013 Options by Optionees under the Company���s Employee Stock Option Schemes.Consequently, with effect from 13th July, 2022, the Issued and Subscribed Share Capital of the Company stands increased to Rs. 1235,60,23,651/- divided into 1235,60,23,651 Ordinary Shares of Re. 1/- each.","13-Jul-2022 13:50:45","2022-07-13 13:50:45","13-Jul-2022 13:50:53","00:00:08","https://nsearchives.nseindia.com/corporate/ITC_13072022135045_AllotmentLetter13072022.pdf"
"ITC","ITC Limited","Loss of share certificate","ITC Limited has informed the Exchange about Quarterly report on Fake / Forged / Missing / Lost / Stolen / Non-transferable shares as on 30th June, 2022","09-Jul-2022 12:17:30","2022-07-09 12:17:30","09-Jul-2022 12:17:32","00:00:02","https://nsearchives.nseindia.com/corporate/ITC_09072022121730_20220708185739.pdf"
"ITC","ITC Limited","Loss of share certificate","ITC Limited has informed the Exchange about Loss of share certificates","07-Jul-2022 17:05:00","2022-07-07 17:05:00","07-Jul-2022 17:05:03","00:00:03","https://nsearchives.nseindia.com/corporate/ITC_07072022170500_NSE_LOSS_07072022.pdf"
"ITC","ITC Limited","ESOP/ESPS/SBEB Scheme","In terms of the SEBI (Listing Obligations and Disclosure Requirements) Regulations, 2015, we write to advise that the Company on6th July, 2022 issued and allotted 92,31,830 Ordinary Shares of Re. 1/- each, upon exercise of 9,23,183 Options by Optionees underthe Company���s Employee Stock Option Schemes.Consequently, with effect from 6th July, 2022, the Issued and Subscribed Share Capital of the Company stands increased to Rs. 1234,71,73,521/- divided into 1234,71,73,521 Ordinary Shares of Re. 1/- each.","06-Jul-2022 13:35:15","2022-07-06 13:35:15","06-Jul-2022 13:35:17","00:00:02","https://nsearchives.nseindia.com/corporate/ITC_06072022133515_AllotmentLetter.pdf"
"ITC","ITC Limited","General updates","The details of the shares dematerialised by the Company during the month of  June 2022 in the enclosed Annexure A. The Company was not required to effect rematerialisation of shares during the month of June 2022.","01-Jul-2022 17:45:48","2022-07-01 17:45:48","01-Jul-2022 17:45:50","00:00:02","https://nsearchives.nseindia.com/corporate/ITC_01072022174548_MonthlydematrematJune2022.pdf"
"ITC","ITC Limited","Loss of share certificate","ITC Limited has informed the Exchange about Loss of share certificate","01-Jul-2022 17:42:33","2022-07-01 17:42:33","01-Jul-2022 17:42:36","00:00:03","https://nsearchives.nseindia.com/corporate/ITC_01072022174233_nsereissue010722.pdf"
"ITC","ITC Limited","Loss of share certificate","ITC Limited has informed the Exchange about Loss of share certificate","30-Jun-2022 18:04:57","2022-06-30 18:04:57","30-Jun-2022 18:05:02","00:00:05","https://nsearchives.nseindia.com/corporate/ITC_30062022180457_NSELOSS30062022.pdf"
"ITC","ITC Limited","ESOP/ESPS/SBEB Scheme","ITC Limited has informed the Exchange about ESOP/ESPS/SBEB Scheme","30-Jun-2022 14:38:33","2022-06-30 14:38:33","30-Jun-2022 14:38:36","00:00:03","https://nsearchives.nseindia.com/corporate/ITC_30062022143833_AllotmentLetter.pdf"
"ITC","ITC Limited","Newspaper Advertisements","We enclose, in terms of Regulation 30 of the SEBI (Listing Obligations and Disclosure Requirements) Regulations, 2015, copies of the newspaper clippings of the Notice published on the subject matter on 28th June, 2022 in Kolkata editions of the following newspapers:���	 ���Business Standard��� (English), and���	���Aajkal��� (Bengali).The aforesaid Notice was also published, inter alia, in the Bengaluru, Chennai, Hyderabad, Mumbai and New Delhi editions of Business Standard.","28-Jun-2022 16:27:03","2022-06-28 16:27:03","28-Jun-2022 16:27:10","00:00:07","https://nsearchives.nseindia.com/corporate/ITC_28062022162703_SELetterreCompletionofdespatch.pdf"
"ITC","ITC Limited","Closure of trading window","We write to advise that the Trading Window for purchasing/ selling or dealing in the shares of the Company will be closed from 1st July, 2022 for Designated Employees (and their Immediate Relatives) in terms of the ITC Code of Conduct for Prevention of InsiderTrading - 2019.The Trading Window will open 48 hours from the announcement to the Stock Exchanges of the unaudited Financial Results of the Company for the First Quarter ending on 30th June, 2022. ","28-Jun-2022 10:19:54","2022-06-28 10:19:54","28-Jun-2022 10:19:59","00:00:05","https://nsearchives.nseindia.com/corporate/ITC_28062022101954_SELetterClosureofTradingWIndow.pdf"
"ITC","ITC Limited","Loss of share certificate","ITC Limited has informed the Exchange about Loss of share certificates","24-Jun-2022 18:41:23","2022-06-24 18:41:23","24-Jun-2022 18:41:26","00:00:03","https://nsearchives.nseindia.com/corporate/ITC_24062022184122_NSE_LOSS_24062022.pdf"
"ITC","ITC Limited","Business Responsibility & Sustainability Report (BRSR)","ITC Limited has informed the Exchange about Business Responsibility and Sustainability Report (BRSR) for the financial year ended 31st March, 2022.","22-Jun-2022 11:52:59","2022-06-22 11:52:59","22-Jun-2022 11:53:05","00:00:06","https://nsearchives.nseindia.com/corporate/ITC_22062022115259_BRSR.pdf"
"ITC","ITC Limited","Annual General Meeting","ITC Limited has informed the Exchange about Notice of Annual General Meeting to be held on 20-Jul-2022We enclose, in terms of Regulations 30 and 34 of the SEBI (Listing Obligations and Disclosure Requirements) Regulations, 2015, a copy of the Report and Accounts of the Company for the financial year ended 31st March, 2022 together with the Notice dated 18th May, 2022 convening the 111th Annual General Meeting (AGM) of the Company on 20th July, 2022. The aforesaid Report and Accounts and AGM Notice are also being uploaded on the Company���s corporate website www.itcportal.com. ","22-Jun-2022 11:51:03","2022-06-22 11:51:03","22-Jun-2022 11:51:06","00:00:03","https://nsearchives.nseindia.com/corporate/ITC_22062022115103_ITCRAandNotice.pdf"
"ITC","ITC Limited","Loss of share certificate","ITC Limited has informed the Exchange about Loss of share certificates","16-Jun-2022 18:06:26","2022-06-16 18:06:26","16-Jun-2022 18:06:46","00:00:20","https://nsearchives.nseindia.com/corporate/ITC_16062022180625_NSE_LOSS_16062022.pdf"
"ITC","ITC Limited","Loss of share certificate","ITC Limited has informed the Exchange about Loss of share certificate","09-Jun-2022 18:24:51","2022-06-09 18:24:51","09-Jun-2022 18:24:54","00:00:03","https://nsearchives.nseindia.com/corporate/ITC_09062022182450_NSE_LOSS_09062022.pdf"
"ITC","ITC Limited","Loss of share certificate","ITC Limited has informed the Exchange about Loss of share certificate","09-Jun-2022 18:23:49","2022-06-09 18:23:49","09-Jun-2022 18:23:53","00:00:04","https://nsearchives.nseindia.com/corporate/ITC_09062022182349_NSEREISSUE09062022.pdf"
"ITC","ITC Limited","Loss of share certificate","ITC Limited has informed the Exchange about Loss of share certificates","07-Jun-2022 18:54:27","2022-06-07 18:54:27","07-Jun-2022 18:54:30","00:00:03","https://nsearchives.nseindia.com/corporate/ITC_07062022185427_NSE_LOSS_07062022.pdf"
"ITC","ITC Limited","Newspaper Advertisements","We enclose, in terms of Regulation 30 of the SEBI (Listing Obligations and Disclosure Requirements) Regulations, 2015, copies of the newspaper clippings of the Notice published on the subject matter on 6th June, 2022 in Kolkata editions of the following newspapers:���	 ���Business Standard��� (English), and���	���Aajkal��� (Bengali).The aforesaid Notice was also published, inter alia, in the Bengaluru, Chennai, Hyderabad, Mumbai and New Delhi editions of Business Standard.","06-Jun-2022 15:04:36","2022-06-06 15:04:36","06-Jun-2022 15:04:40","00:00:04","https://nsearchives.nseindia.com/corporate/ITC_06062022150436_SELetter111thAGMthroughVCorOAVM.pdf"
"ITC","ITC Limited","Schedule of Analysts/Institutional Investor Meet/Con. Call","We write to advise, pursuant to Regulation 30 of the SEBI (Listing Obligations and Disclosure Requirements) Regulations, 2015, that the Company���s representatives will be attending the following virtual Investor Conferences:(a)     ���Morgan Stanley Virtual India Summit 2022��� from 7th to 9th June, 2022; and(b)     ���Pan-Asia Regional Investor Conference 2022��� being organised by Citigroup Global Markets India Private Limited on 9th and 10th June, 2022.","06-Jun-2022 11:43:48","2022-06-06 11:43:48","06-Jun-2022 11:43:55","00:00:07","https://nsearchives.nseindia.com/corporate/ITC_06062022114348_SEinvestorconference.pdf"
"ITC","ITC Limited","Loss of share certificate","ITC Limited has informed the Exchange about Loss of share certificate","03-Jun-2022 17:43:41","2022-06-03 17:43:41","03-Jun-2022 17:43:45","00:00:04","https://nsearchives.nseindia.com/corporate/ITC_03062022174341_NSE_LOSS_03062022.pdf"
"ITC","ITC Limited","General updates","The details of the shares dematerialised by the Company during the month of  May 2022 in the enclosed Annexure A. The Company was not required to effect rematerialisation of shares during the month of May 2022.","03-Jun-2022 17:17:22","2022-06-03 17:17:22","03-Jun-2022 17:17:26","00:00:04","https://nsearchives.nseindia.com/corporate/ITC_03062022171722_MonthlydematrematMay2022.pdf"
"ITC","ITC Limited","Loss of share certificate","ITC Limited has informed the Exchange about Loss of share certificates","01-Jun-2022 18:31:28","2022-06-01 18:31:28","01-Jun-2022 18:31:30","00:00:02","https://nsearchives.nseindia.com/corporate/ITC_01062022183128_NSE_LOSS_01062022.pdf"
"ITC","ITC Limited","Loss of share certificate","ITC Limited has informed the Exchange about Loss of share certificates","31-May-2022 19:13:39","2022-05-31 19:13:39","31-May-2022 19:13:43","00:00:04","https://nsearchives.nseindia.com/corporate/ITC_31052022191338_NSE_LOSS_31052022.pdf"
"ITC","ITC Limited","Acquisition","Further to our letter dated 21st April, 2022, we write to advise, pursuant to Regulation 30 of the SEBI (Listing Obligations and Disclosure Requirements) Regulations, 2015, that the Company has acquired today, i.e. on 28th May, 2022, 400 Equity Shares of Rs.10/- each and 2,980 Compulsorily Convertible Cumulative Participating Preference Shares of Rs. 100/- each of Blupin Technologies Private Limited, representing 10.07% of its share capital on a fully diluted basis.","28-May-2022 18:39:38","2022-05-28 18:39:38","28-May-2022 18:39:40","00:00:02","https://nsearchives.nseindia.com/corporate/ITC_28052022183937_SELetter.pdf"
"ITC","ITC Limited","Loss of share certificate","ITC Limited has informed the Exchange about Loss of share certificates","27-May-2022 17:59:01","2022-05-27 17:59:01","27-May-2022 17:59:04","00:00:03","https://nsearchives.nseindia.com/corporate/ITC_27052022175858_NSE_LOSS_27052022.pdf"
"ITC","ITC Limited","Loss of share certificate","ITC Limited has informed the Exchange about Loss of share certificates","25-May-2022 17:33:54","2022-05-25 17:33:54","25-May-2022 17:33:59","00:00:05","https://nsearchives.nseindia.com/corporate/ITC_25052022173352_NSE_LOSS_25052022.pdf"
"ITC","ITC Limited","Related Party Transaction","ITC Limited has informed the Exchange about related party transaction for the period ended March 2022We enclose, in terms of Regulation 23(9) of the SEBI (Listing Obligations and Disclosure Requirements) Regulations, 2015, the disclosure of Related Party Transactions of the Company for the half year ended 31st March, 2022, in the required format.","23-May-2022 14:48:05","2022-05-23 14:48:05","23-May-2022 14:48:18","00:00:13","https://nsearchives.nseindia.com/corporate/ITC_23052022144804_SEletter.pdf"
"ITC","ITC Limited","Loss of share certificate","ITC Limited has informed the Exchange about Loss of share certificate","19-May-2022 16:16:52","2022-05-19 16:16:52","19-May-2022 16:16:55","00:00:03","https://nsearchives.nseindia.com/corporate/ITC_19052022161652_NSE_LOSS_19052022.pdf"
"ITC","ITC Limited","General updates","ITC Limited has informed the Exchange about Audited Financial Results ��� Media Statement and PresentationFurther to our letter dated 18th May, 2022 forwarding the Audited Financial Results of the Company for the Quarter and Twelve Months ended 31st March, 2022, we now enclose a copy of the Media Statement issued by the Company and a presentation on the                       Company���s financial performance for the aforesaid period for information of the investors.","18-May-2022 19:07:27","2022-05-18 19:07:27","18-May-2022 19:07:32","00:00:05","https://nsearchives.nseindia.com/corporate/ITC_18052022190727_Media.pdf"
"ITC","ITC Limited","Record Date","ITC Limited has informed the Exchange that Record date for the purpose of Dividend  is 28-May-2022.","18-May-2022 18:39:52","2022-05-18 18:39:52","18-May-2022 18:39:58","00:00:06","https://nsearchives.nseindia.com/corporate/ITC_18052022183949_Dividend.pdf"
"ITC","ITC Limited","General updates","ITC Limited has informed the Exchange about the Board has recommended for the approval of the Members, appointment of Mr. Supratim Dutta as a Director, and also as a Wholetime Director of the Company for a period of three years with effect from 22nd July, 2022.","18-May-2022 18:39:50","2022-05-18 18:39:50","18-May-2022 18:39:53","00:00:03","https://nsearchives.nseindia.com/corporate/ITC_18052022183950_Director.pdf"
"ITC","ITC Limited","Dividend","ITC Limited has informed the Exchange about Final dividend at the rate of 6.25 per share","18-May-2022 18:36:49","2022-05-18 18:36:49","18-May-2022 18:36:58","00:00:09","https://nsearchives.nseindia.com/corporate/ITC_18052022183649_Dividend.pdf"
"ITC","ITC Limited","Financial Result Updates","ITC Limited has submitted to the Exchange, the financial results for the period ended March 31, 2022.","18-May-2022 18:29:30","2022-05-18 18:29:30","18-May-2022 18:31:01","00:01:31","https://nsearchives.nseindia.com/corporate/Results_18052022182930.pdf"
"ITC","ITC Limited","Outcome of Board Meeting","ITC Limited  has informed the Exchange about Board Meeting held on 18-May-2022 to consider financial statements for the period ended March 2022 and Dividend","18-May-2022 18:27:00","2022-05-18 18:27:00","18-May-2022 18:27:04","00:00:04","https://nsearchives.nseindia.com/corporate/ITC_18052022182700_Results.pdf"
"ITC","ITC Limited","Loss of share certificate","ITC Limited has informed the Exchange about Loss of share certificates","17-May-2022 18:15:45","2022-05-17 18:15:45","17-May-2022 18:15:48","00:00:03","https://nsearchives.nseindia.com/corporate/ITC_17052022181521_NSE_LOSS_17052022.pdf"
"ITC","ITC Limited","Loss of share certificate","ITC Limited has informed the Exchange about Loss of share certificates","13-May-2022 17:41:31","2022-05-13 17:41:31","13-May-2022 17:41:32","00:00:01","https://nsearchives.nseindia.com/corporate/ITC_13052022174128_nse_loss_13052022.pdf"
"ITC","ITC Limited","Loss of share certificate","ITC Limited has informed the Exchange about Loss of share certificate","12-May-2022 15:22:49","2022-05-12 15:22:49","12-May-2022 15:23:03","00:00:14","https://nsearchives.nseindia.com/corporate/ITC_12052022152249_REISSUENSEDUP120522.pdf"
"ITC","ITC Limited","Newspaper Advertisements","ITC Limited has informed the Exchange about Newspaper Advertisements","10-May-2022 16:52:51","2022-05-10 16:52:51","10-May-2022 16:52:56","00:00:05","https://nsearchives.nseindia.com/corporate/ITC_10052022165251_StockExchangeLetter.pdf"
"ITC","ITC Limited","Loss of share certificate","ITC Limited has informed the Exchange about Loss of share certificates","06-May-2022 18:42:32","2022-05-06 18:42:32","06-May-2022 18:42:34","00:00:02","https://nsearchives.nseindia.com/corporate/ITC_06052022184231_NSE_LOSS_06052022.pdf"
"ITC","ITC Limited","General updates","The details of the shares dematerialised by the Company during the month of  April 2022 in the enclosed Annexure A. The Company was not required to effect rematerialisation of shares during the month of April 2022.","04-May-2022 15:49:06","2022-05-04 15:49:06","04-May-2022 15:49:11","00:00:05","https://nsearchives.nseindia.com/corporate/ITC_04052022154905_MonthlydematrematApril2022.pdf"
"ITC","ITC Limited","Loss of share certificate","ITC Limited has informed the Exchange about Loss of share certificates","28-Apr-2022 17:44:58","2022-04-28 17:44:58","28-Apr-2022 17:45:02","00:00:04","https://nsearchives.nseindia.com/corporate/ITC_28042022174452_nse_loss_28042022.pdf"
"ITC","ITC Limited","Loss of share certificate","ITC Limited has informed the Exchange about Loss of share certificate","27-Apr-2022 19:04:26","2022-04-27 19:04:26","27-Apr-2022 19:04:29","00:00:03","https://nsearchives.nseindia.com/corporate/ITC_27042022190425_nse_loss_27042022.pdf"
"ITC","ITC Limited","Loss of share certificate","ITC Limited has informed the Exchange about Loss of share certificates","22-Apr-2022 15:57:07","2022-04-22 15:57:07","22-Apr-2022 15:57:11","00:00:04","https://nsearchives.nseindia.com/corporate/ITC_22042022155702_NSE_LOSS_22042022.pdf"
"ITC","ITC Limited","Loss of share certificate","ITC Limited has informed the Exchange about Loss of share certificate","22-Apr-2022 15:21:50","2022-04-22 15:21:50","22-Apr-2022 15:21:57","00:00:07","https://nsearchives.nseindia.com/corporate/ITC_22042022152150_NSEDUP22042022.pdf"
"ITC","ITC Limited","Acquisition","ITC Limited has informed the Exchange about Acquisition - Agreement to acquire up to 10.07% of the share capital of Blupin Technologies Private Limited","21-Apr-2022 11:04:23","2022-04-21 11:04:23","21-Apr-2022 11:04:26","00:00:03","https://nsearchives.nseindia.com/corporate/ITC_21042022110422_SELetter.pdf"
"ITC","ITC Limited","Loss of share certificate","ITC Limited has informed the Exchange about Loss of share certificate","13-Apr-2022 17:53:50","2022-04-13 17:53:50","13-Apr-2022 17:53:54","00:00:04","https://nsearchives.nseindia.com/corporate/ITC_13042022175349_NSE_LOSS_13042022.pdf"
"ITC","ITC Limited","Loss of share certificate","ITC Limited has informed the Exchange about Loss of share certificate","08-Apr-2022 14:01:19","2022-04-08 14:01:19","08-Apr-2022 14:01:24","00:00:05","https://nsearchives.nseindia.com/corporate/ITC_08042022140119_NSELOSS080422.pdf"
"ITC","ITC Limited","Loss of share certificate","ITC Limited has informed the Exchange about Loss of share certificate","05-Apr-2022 15:00:07","2022-04-05 15:00:07","05-Apr-2022 15:00:14","00:00:07","https://nsearchives.nseindia.com/corporate/ITC_05042022150006_NSELOSS05042022.pdf"
"ITC","ITC Limited","Loss of share certificate","ITC Limited has informed the Exchange about Quarterly report on Fake / Forged / Missing / Lost / Stolen / Non-transferable shares as on 31st March, 2022","01-Apr-2022 14:16:13","2022-04-01 14:16:13","01-Apr-2022 14:16:23","00:00:10","https://nsearchives.nseindia.com/corporate/ITC_01042022141611_20220401113617.pdf"
"ITC","ITC Limited","General updates","The details of the shares dematerialised by the Company during the month of  March 2022 in the enclosed Annexure A. The Company was not required to effect rematerialisation of shares during the month of March 2022.","01-Apr-2022 12:33:21","2022-04-01 12:33:21","01-Apr-2022 12:33:26","00:00:05","https://nsearchives.nseindia.com/corporate/ITC_01042022123315_MonthlydematrematMarch2022.pdf"
"ITC","ITC Limited","Loss of share certificate","ITC Limited has informed the Exchange about Loss of share certificate","30-Mar-2022 18:23:33","2022-03-30 18:23:33","30-Mar-2022 18:23:47","00:00:14","https://nsearchives.nseindia.com/corporate/ITC_30032022182331_NSE_LOSS_30032022.pdf"
"ITC","ITC Limited","Loss of share certificate","ITC Limited has informed the Exchange about Loss of share certificate","30-Mar-2022 11:58:02","2022-03-30 11:58:02","30-Mar-2022 11:58:14","00:00:12","https://nsearchives.nseindia.com/corporate/ITC_30032022115802_NSEREISSUE300322.pdf"
"ITC","ITC Limited","Closure of trading window","We write to advise that the Trading Window for purchasing / selling or dealing in the shares of the Company will be closed from 1st April, 2022 for Designated Employees (and their Immediate Relatives) in terms of the ITC Code of Conduct for Prevention of Insider Trading - 2019. The Trading Window will open 48 hours from the announcement to the Stock Exchanges of the Audited Financial Results of the Company for the financial year ending on 31st March, 2022.","29-Mar-2022 17:07:09","2022-03-29 17:07:09","29-Mar-2022 17:07:13","00:00:04","https://nsearchives.nseindia.com/corporate/ITC_29032022170708_SELetterClosureofTradingWindow.pdf"
"ITC","ITC Limited","Loss of share certificate","ITC Limited has informed the Exchange about Loss of share certificate","24-Mar-2022 19:13:04","2022-03-24 19:13:04","24-Mar-2022 19:13:08","00:00:04","https://nsearchives.nseindia.com/corporate/ITC_24032022191257_NSE_LOSS_24032022.pdf"
"ITC","ITC Limited","Loss of share certificate","ITC Limited has informed the Exchange about Loss of share certificate","23-Mar-2022 19:31:12","2022-03-23 19:31:12","23-Mar-2022 19:31:25","00:00:13","https://nsearchives.nseindia.com/corporate/ITC_23032022193109_NSE_LOSS_23032022.pdf"
"ITC","ITC Limited","Loss of share certificate","ITC Limited has informed the Exchange about Loss of share certificate","17-Mar-2022 19:20:22","2022-03-17 19:20:22","17-Mar-2022 19:20:37","00:00:15","https://nsearchives.nseindia.com/corporate/ITC_17032022192017_NSE_LOSS_17032022.pdf"
"ITC","ITC Limited","ESOP/ESPS/SBEB Scheme","In terms of the SEBI (Listing Obligations and Disclosure Requirements) Regulations, 2015, we write to advise that the Company on 17th March, 2022 issued and allotted 3,55,840 Ordinary Shares of Re. 1/- each, upon exercise of 35,584 Options by Optionees under the Company���s Employee Stock Option Schemes.Consequently, with effect from 17th March, 2022, the Issued and Subscribed Share Capital of the Company stands increased to Rs. 1232,32,55,931/- divided into 1232,32,55,931 Ordinary Shares of Re. 1/- each.","17-Mar-2022 15:46:51","2022-03-17 15:46:51","17-Mar-2022 15:46:55","00:00:04","https://nsearchives.nseindia.com/corporate/ITC_17032022154650_AllotmentLetter17032022.pdf"
"ITC","ITC Limited","Loss of share certificate","ITC Limited has informed the Exchange about Loss of share certificate","16-Mar-2022 18:13:13","2022-03-16 18:13:13","16-Mar-2022 18:13:16","00:00:03","https://nsearchives.nseindia.com/corporate/ITC_16032022181310_NSE_LOSS_16032022.pdf"
"ITC","ITC Limited","Acquisition","ITC Limited has informed the Exchange about Acquisition of Compulsorily Convertible Preference Shares of Mother Sparsh Baby Care Private Limited.Further to our letter dated 26th November, 2021, we write to advise, pursuant to Regulation 30 of the SEBI (Listing Obligations and Disclosure Requirements) Regulations, 2015, that the Company has acquired today, in the second tranche, 1,040 Compulsorily Convertible Preference Shares of Rs. 10/- each of Mother Sparsh Baby Care Private Limited (Mother Sparsh). With the aforesaid acquisition, the Company���s shareholding in Mother Sparsh aggregates 16% of its share capital on a fully diluted basis.","15-Mar-2022 17:01:32","2022-03-15 17:01:32","15-Mar-2022 17:01:40","00:00:08","https://nsearchives.nseindia.com/corporate/ITC_15032022170132_SELetter.pdf"
"ITC","ITC Limited","Loss of share certificate","ITC Limited has informed the Exchange about Loss of share certificate","09-Mar-2022 19:04:33","2022-03-09 19:04:33","09-Mar-2022 19:04:43","00:00:10","https://nsearchives.nseindia.com/corporate/ITC_09032022190431_NSE_LOSS_09032022.pdf"
"ITC","ITC Limited","Loss of share certificate","ITC Limited has informed the Exchange about Loss of share certificate","04-Mar-2022 19:40:17","2022-03-04 19:40:17","04-Mar-2022 19:40:26","00:00:09","https://nsearchives.nseindia.com/corporate/ITC_04032022193949_NSEDUP04032022.pdf"
"ITC","ITC Limited","Loss of share certificate","ITC Limited has informed the Exchange about Loss of share certificate","04-Mar-2022 18:43:11","2022-03-04 18:43:11","04-Mar-2022 18:43:22","00:00:11","https://nsearchives.nseindia.com/corporate/ITC_04032022184244_NSE_LOSS_04032022.pdf"
"ITC","ITC Limited","General updates","The details of the shares dematerialised by the Company during the month of  February 2022 in the enclosed Annexure A. The Company was not required to effect rematerialisation of shares during the month of February 2022","03-Mar-2022 19:29:10","2022-03-03 19:29:10","03-Mar-2022 19:29:15","00:00:05","https://nsearchives.nseindia.com/corporate/ITC_03032022192841_MonthlydematrematFebruary2022.pdf"
"ITC","ITC Limited","ESOP/ESPS/SBEB Scheme","In terms of the SEBI (Listing Obligations and Disclosure Requirements) Regulations, 2015, we write to advise that the Company on 3rd March, 2022 issued and allotted 1,63,530 Ordinary Shares of Re. 1/- each, upon exercise of 16,353 Options by Optionees under the Company���s Employee Stock Option Schemes.Consequently, with effect from 3rd March, 2022, the Issued and Subscribed Share Capital of the Company stands increased to Rs. 1232,29,00,091/- divided into 1232,29,00,091 Ordinary Shares of Re. 1/- each.","03-Mar-2022 14:49:16","2022-03-03 14:49:16","03-Mar-2022 14:49:23","00:00:07","https://nsearchives.nseindia.com/corporate/ITC_03032022144845_AllotmentLetter.pdf"
"ITC","ITC Limited","Loss of share certificate","ITC Limited has informed the Exchange about Loss of share certificate","01-Mar-2022 18:52:30","2022-03-01 18:52:30","01-Mar-2022 18:52:34","00:00:04","https://nsearchives.nseindia.com/corporate/ITC_01032022185224_nse_loss_01032022.pdf"
"ITC","ITC Limited","Loss of share certificate","ITC Limited has informed the Exchange about Loss of share certificate","23-Feb-2022 18:45:53","2022-02-23 18:45:53","23-Feb-2022 18:45:59","00:00:06","https://nsearchives.nseindia.com/corporate/ITC_23022022184543_NSE_LOSS_23022022.pdf"
"ITC","ITC Limited","Schedule of Analysts/Institutional Investor Meet/Con. Call","ITC Limited has informed the Exchange about Schedule of Analysts/Institutional Investor Meet/Con. Call We write to advise, pursuant to Regulation 30 of the SEBI (Listing Obligations and Disclosure Requirements) Regulations, 2015, that the Company���s representative(s) will be attending the following virtual Investor Conferences:(a)	���Kotak Chasing Growth 2022��� being organised by Kotak Securities Limited on 23rd and 24th February, 2022; and(b)	���Antique Investor Conference - Build India, New India 2022��� being organised by Antique Stock Broking Limited on 24th February, 2022. ","22-Feb-2022 12:38:42","2022-02-22 12:38:42","22-Feb-2022 12:38:55","00:00:13","https://nsearchives.nseindia.com/corporate/ITC_22022022123841_SELetter.pdf"
"ITC","ITC Limited","Financial Result Updates","ITC Limited has submitted to the Exchange, the financial results for the period ended December 31, 2021.","03-Feb-2022 21:03:00","2022-02-03 21:03:00","03-Feb-2022 21:05:02","00:02:02","https://nsearchives.nseindia.com/corporate/Results_03022022210300.pdf"
"ITC","ITC Limited","Updates","ITC Limited has informed the Exchange regarding 'Unaudited Financial Results - Media Statement and Presentation'.Further to our letter dated 3rd February, 2022 forwarding the Unaudited Standalone and Consolidated Financial Results of the Company along with the Segment-wise Revenue, Results, Assets and Liabilities for the Quarter and Nine Months ended 31st December, 2021, we now enclose copies of the Media Statement issued by the Company and a presentation on the Company's financial performance for the aforesaid period for information of the investors.","03-Feb-2022 20:43:15","2022-02-03 20:43:15","03-Feb-2022 20:43:19","00:00:04","https://nsearchives.nseindia.com/corporate/ITC_03022022204315_MediaandInvestorPPT.pdf"
"ITC","ITC Limited","Dividend Updates","ITC Limited has informed the Exchange about Dividend UpdatesThe Board at the meeting held on 3rd February, 2022 -(i) declared Interim Dividend of Rs. 5.25 (Rupees Five and Paise Twenty Five) per                      Ordinary Share of Re.  1/- each for the financial year ending on 31st March, 2022; such Dividend will be paid on Friday, 4th March, 2022 to those Members entitled thereto.(ii) fixed Tuesday, 15th February, 2022 as the Record Date for the purpose of determining entitlement of the Members for such Interim Dividend.","03-Feb-2022 20:21:58","2022-02-03 20:21:58","03-Feb-2022 20:22:09","00:00:11","https://nsearchives.nseindia.com/corporate/ITC_03022022202158_Dividend.pdf"
"ITC","ITC Limited","Record Date","ITC Limited has informed the Exchange that Record date for the purpose of Dividend  is .15th February, 2022","03-Feb-2022 20:14:35","2022-02-03 20:14:35","03-Feb-2022 20:14:39","00:00:04","https://nsearchives.nseindia.com/corporate/ITC_03022022201435_Dividend.pdf"
"ITC","ITC Limited","Outcome of Board Meeting","ITC Limited has informed the Exchange regarding  Board meeting held on February 03, 2022.Further to our letter dated 20th January, 2022, we enclose, in terms of Regulation 33 of the SEBI (Listing Obligations and Disclosure Requirements) Regulations, 2015, the following, as approved by the Board of Directors of the Company at the meeting held today i.e. 3rd February, 2022:(i) Unaudited Financial Results of the Company, both Standalone and Consolidated, for the Quarter and Nine Months ended 31st December, 2021;(ii) Unaudited Segment-wise Revenue, Results, Assets and Liabilities of the Company, both Standalone and Consolidated, for the Quarter and Nine Months ended 31st December, 2021;(iii) Limited Review Reports from the Statutory Auditors, Messrs. S R B C & CO LLP, on the aforesaid Standalone and Consolidated Financial Results.","03-Feb-2022 20:10:30","2022-02-03 20:10:30","03-Feb-2022 20:10:40","00:00:10","https://nsearchives.nseindia.com/corporate/ITC_03022022201029_Results.pdf"
"ITC","ITC Limited","Loss of Share Certificates","ITC Limited has informed the Exchange about Loss of Share Certificates","02-Feb-2022 20:10:59","2022-02-02 20:10:59","02-Feb-2022 20:11:06","00:00:07","https://nsearchives.nseindia.com/corporate/ITC_02022022201059_NSE_LOSS_02022022.pdf"
"ITC","ITC Limited","Certificate under SEBI (Depositories and Participants) Regulations, 2018","ITC Limited has informed the Exchange about Certificate under SEBI (Depositories and Participants) Regulations, 2018","02-Feb-2022 19:51:17","2022-02-02 19:51:17","02-Feb-2022 19:51:20","00:00:03","https://nsearchives.nseindia.com/corporate/ITC_02022022195117_MonthlydematrematJanuary2022.pdf"
"ITC","ITC Limited","ESOP/ESOS/ESPS","ITC Limited has informed the Exchange regarding Allotment of 98380   Shares.","17-Jan-2022 16:59:29","2022-01-17 16:59:29","17-Jan-2022 16:59:37","00:00:08","https://nsearchives.nseindia.com/corporate/ITC_17012022165929_AllotmentLetter.pdf"
"ITC","ITC Limited","Loss of Share Certificates","ITC Limited has informed the Exchange about Loss of Share Certificates","14-Jan-2022 19:23:43","2022-01-14 19:23:43","14-Jan-2022 19:23:49","00:00:06","https://nsearchives.nseindia.com/corporate/ITC_14012022192343_NSE_LOSS_14012022.pdf"
"ITC","ITC Limited","Updates","ITC Limited has informed the Exchange regarding 'Quarterly report on Fake / Forged / Missing / Lost / Stolen / Non-transferable shares as on 31st December, 2021'.","03-Jan-2022 16:02:46","2022-01-03 16:02:46","03-Jan-2022 16:02:50","00:00:04","https://nsearchives.nseindia.com/corporate/ITC_03012022160246_20220103125556.pdf"
"ITC","ITC Limited","Loss of Share Certificates","ITC Limited has informed the Exchange about Loss of Share Certificates","03-Jan-2022 15:21:58","2022-01-03 15:21:58","03-Jan-2022 15:22:12","00:00:14","https://nsearchives.nseindia.com/corporate/ITC_03012022152158_NSEREISSUE03012022.pdf"
"ITC","ITC Limited","Certificate under SEBI (Depositories and Participants) Regulations, 2018","ITC Limited has informed the Exchange about Certificate under SEBI (Depositories and Participants) Regulations, 2018","03-Jan-2022 15:16:34","2022-01-03 15:16:34","03-Jan-2022 15:16:40","00:00:06","https://nsearchives.nseindia.com/corporate/ITC_03012022151634_MonthlydematrematDecember2021.pdf"
"ITC","ITC Limited","Trading Window","ITC Limited has informed the Exchange regarding the Trading Window closure pursuant to SEBI (Prohibition of Insider Trading) Regulations, 2015","29-Dec-2021 18:05:24","2021-12-29 18:05:24","29-Dec-2021 18:05:37","00:00:13","https://nsearchives.nseindia.com/corporate/ITC_29122021180524_SELetterClosureofTradingWindow.pdf"
"ITC","ITC Limited","Loss of Share Certificates","ITC Limited has informed the Exchange about Loss of Share Certificates","23-Dec-2021 18:16:16","2021-12-23 18:16:16","23-Dec-2021 18:16:22","00:00:06","https://nsearchives.nseindia.com/corporate/ITC_23122021181616_NSE_LOSS_23122021.pdf"
"ITC","ITC Limited","Loss of Share Certificates","ITC Limited has informed the Exchange about Loss of Share Certificates","21-Dec-2021 17:41:52","2021-12-21 17:41:52","21-Dec-2021 17:41:59","00:00:07","https://nsearchives.nseindia.com/corporate/ITC_21122021174152_NSEDUP21122021.pdf"
"ITC","ITC Limited","Acquisition","ITC Limited has informed the Exchange about AcquisitionFurther to our letter dated 13th November, 2019, we write to advise, pursuant to Regulation 30 of the SEBI (Listing Obligations and Disclosure Requirements) Regulations, 2015 that the Company has acquired on 20th December, 2021, in the third tranche, 1,964 Compulsorily Convertible Preference Shares of Rs. 10/- each of Delectable Technologies Private Limited (Delectable). With the aforesaid acquisition, the Company s shareholding in Delectable aggregates 27.34% of its share capital on a fully diluted basis.","21-Dec-2021 10:13:08","2021-12-21 10:13:08","21-Dec-2021 10:13:15","00:00:07","https://nsearchives.nseindia.com/corporate/ITC_21122021101308_SELetter.pdf"
"ITC","ITC Limited","Acquisition","ITC Limited has informed the Exchange about AcquisitionFurther to our letter dated 26th November, 2021, we write to advise, pursuant to Regulation 30 of the SEBI (Listing Obligations and Disclosure Requirements) Regulations, 2015, that the Company has acquired on 17th December, 2021, in the first tranche, 100 Equity Shares of Rs. 10/- each and 940 Compulsorily Convertible Preference Shares of  Rs. 10/- each of Mother Sparsh Baby Care Private Limited, representing 8.70% of its share capital on a fully diluted basis.","18-Dec-2021 13:04:36","2021-12-18 13:04:36","18-Dec-2021 13:04:43","00:00:07","https://nsearchives.nseindia.com/corporate/ITC_18122021130436_SELetter.pdf"
"ITC","ITC Limited","Loss of Share Certificates","ITC Limited has informed the Exchange about Loss of Share Certificates","17-Dec-2021 19:03:40","2021-12-17 19:03:40","17-Dec-2021 19:03:45","00:00:05","https://nsearchives.nseindia.com/corporate/ITC_17122021190340_NSE_LOSS_17122021.pdf"
"ITC","ITC Limited","ESOP/ESOS/ESPS","ITC Limited has informed the Exchange regarding Allotment of 260100  Shares.","17-Dec-2021 17:33:21","2021-12-17 17:33:21","17-Dec-2021 17:33:26","00:00:05","https://nsearchives.nseindia.com/corporate/ITC_17122021173321_Letter.pdf"
"ITC","ITC Limited","Change in Director(s)","ITC Limited has informed the Exchange regarding Change in Director(s) of the company.","16-Dec-2021 16:30:35","2021-12-16 16:30:35","16-Dec-2021 16:30:42","00:00:07","https://nsearchives.nseindia.com/corporate/ITC_16122021163035_SELetter.pdf"
"ITC","ITC Limited","Shareholders meeting","ITC Limited has informed the Exchange regarding voting results of  Postal BallotFurther to our letters dated 27th October, 2021 and 9th November, 2021, we write to advise that the Ordinary Resolutions for appointment of:(a) Messrs. Mukesh Gupta, Sunil Panray and Navneet Doda as Non-Executive Directors of the Company for a period of three years with effect from 20th December, 2021, and(b) Mr. Hemant Bhargava as an Independent Director of the Company for a period of                 five years with effect from 20th December, 2021, have been passed by the Members by requisite majority. We enclose as required under Regulation 44(3) of the Listing Regulations, the Voting Results in the prescribed format under Annexure 5.","16-Dec-2021 16:29:40","2021-12-16 16:29:40","16-Dec-2021 16:29:46","00:00:06","https://nsearchives.nseindia.com/corporate/ITC_16122021162940_SELetter.pdf"
"ITC","ITC Limited","Loss of Share Certificates","ITC Limited has informed the Exchange about Loss of Share Certificates","14-Dec-2021 20:49:38","2021-12-14 20:49:38","14-Dec-2021 20:49:45","00:00:07","https://nsearchives.nseindia.com/corporate/ITC_14122021204938_nse_loss_14122021.pdf"
"ITC","ITC Limited","Analysts/Institutional Investor Meet/Con. Call Updates","ITC Limited has informed the Exchange about PresentationFurther to our letter dated 9th December, 2021 on the subject, we enclose, in terms of                         Regulation 30 of the SEBI (Listing Obligations and Disclosure Requirements) Regulations, 2015, a copy of the presentation made by the Company at the  Institutional Investors and Financial Analysts Day  held today.Copy of the said presentation is also being hosted on the Company s corporate website www.itcportal.com.","14-Dec-2021 17:35:00","2021-12-14 17:35:00","14-Dec-2021 17:35:07","00:00:07","https://nsearchives.nseindia.com/corporate/ITC_14122021173459_SELetter.pdf"
"ITC","ITC Limited","Loss of Share Certificates","ITC Limited has informed the Exchange about Loss of Share Certificates","10-Dec-2021 18:38:27","2021-12-10 18:38:27","10-Dec-2021 18:38:33","00:00:06","https://nsearchives.nseindia.com/corporate/ITC_10122021183827_NSE_LOSS_10122021.pdf"
"ITC","ITC Limited","Analysts/Institutional Investor Meet/Con. Call Updates","ITC Limited has informed the Exchange about Institutional Investors and Financial Analysts Day (REVISED)We write to advise, pursuant to Regulation 30 of the SEBI (Listing Obligations and Disclosure Requirements) Regulations, 2015, that the Company will hold its  Institutional Investors and Financial Analysts Day  on Tuesday, 14th December, 2021 from 10.30 a.m. (IST).The details of the event which will be held virtually are enclosed. The said details will also be hosted on the Company s corporate website www.itcportal.com. The presentation(s) made at the aforesaid event will be submitted to the Stock Exchanges and hosted on the Company s website in due course.","09-Dec-2021 12:33:40","2021-12-09 12:33:40","09-Dec-2021 12:33:47","00:00:07","https://nsearchives.nseindia.com/corporate/ITC_09122021123340_SELetter.pdf"
"ITC","ITC Limited","Analysts/Institutional Investor Meet/Con. Call Updates","ITC Limited has informed the Exchange about Schedule of meet","09-Dec-2021 11:32:12","2021-12-09 11:32:12","09-Dec-2021 11:32:20","00:00:08","https://nsearchives.nseindia.com/corporate/ITC_09122021113212_SELetter.pdf"
"ITC","ITC Limited","Certificate under SEBI (Depositories and Participants) Regulations, 2018","ITC Limited has informed the Exchange about Certificate under SEBI (Depositories and Participants) Regulations, 2018","03-Dec-2021 14:22:47","2021-12-03 14:22:47","03-Dec-2021 14:22:51","00:00:04","https://nsearchives.nseindia.com/corporate/ITC_03122021142247_MonthlydematrematNovember2021.pdf"
"ITC","ITC Limited","Loss of Share Certificates","ITC Limited has informed the Exchange about Loss of Share Certificates","02-Dec-2021 20:25:54","2021-12-02 20:25:54","02-Dec-2021 20:25:58","00:00:04","https://nsearchives.nseindia.com/corporate/ITC_02122021202554_NSE_DUP_02122021.pdf"
"ITC","ITC Limited","Loss of Share Certificates","ITC Limited has informed the Exchange about Loss of Share Certificates","02-Dec-2021 17:56:22","2021-12-02 17:56:22","02-Dec-2021 17:56:31","00:00:09","https://nsearchives.nseindia.com/corporate/ITC_02122021175622_NSE_LOSS_02122021.pdf"
"ITC","ITC Limited","Acquisition","Enclosed please find disclosure on Agreement to acquire 16% of the share capital of Mother Sparsh Baby Care Private Limited, pursuant to Regulation 30 of the SEBI (Listing Obligations and Disclosure Requirements) Regulations, 2015.A copy of the media statement being issued is also enclosed.","26-Nov-2021 14:35:13","2021-11-26 14:35:13","26-Nov-2021 14:35:17","00:00:04","https://nsearchives.nseindia.com/corporate/ITC_26112021143513_SE.pdf"
"ITC","ITC Limited","Loss of Share Certificates","ITC Limited has informed the Exchange about Loss of Share Certificates","24-Nov-2021 19:02:46","2021-11-24 19:02:46","24-Nov-2021 19:02:52","00:00:06","https://nsearchives.nseindia.com/corporate/ITC_24112021190246_nse_loss_24112021.pdf"
"ITC","ITC Limited","Copy of Newspaper Publication","ITC Limited has informed the Exchange about Copy of Newspaper Publication","17-Nov-2021 17:27:03","2021-11-17 17:27:03","17-Nov-2021 17:27:08","00:00:05","https://nsearchives.nseindia.com/corporate/ITC_17112021172703_SELetterPressAdvtPostalBallot2021.pdf"
"ITC","ITC Limited","Loss of Share Certificates","ITC Limited has informed the Exchange about Loss of Share Certificates","17-Nov-2021 16:01:04","2021-11-17 16:01:04","17-Nov-2021 16:01:16","00:00:12","https://nsearchives.nseindia.com/corporate/ITC_17112021160104_NSEREISSUE17112021.pdf"
"ITC","ITC Limited","ESOP/ESOS/ESPS","ITC Limited has informed the Exchange regarding Allotment of 775760  Shares.","16-Nov-2021 17:19:27","2021-11-16 17:19:27","16-Nov-2021 17:19:33","00:00:06","https://nsearchives.nseindia.com/corporate/ITC_16112021171927_Allotment161121SE.pdf"
"ITC","ITC Limited","Loss of Share Certificates","ITC Limited has informed the Exchange about Loss of Share Certificates","12-Nov-2021 17:40:18","2021-11-12 17:40:18","12-Nov-2021 17:40:25","00:00:07","https://nsearchives.nseindia.com/corporate/ITC_12112021174018_NSE_LOSS_12112021.pdf"
"ITC","ITC Limited","Analysts/Institutional Investor Meet/Con. Call Updates","ITC Limited has informed the Exchange about Schedule of meetWe write to advise, pursuant to Regulation 30 of the SEBI (Listing Obligations and Disclosure Requirements) Regulations, 2015, that the Company s representative(s) will be attending the following virtual Investor Conferences between 15th and 19th November, 2021:(a)  24th Annual CITIC CLSA India Forum 2021  organised by CLSA;(b)  India Virtual Conference 2021  organised by UBS Securities India Private Limited; (c) Centrum s Annual Investor Conclave Orion 2021;(d) Morgan Stanley s Twentieth Annual Asia Pacific Summit 2021; and(e) Spark Capital s Annual Champs Conference 2021.","12-Nov-2021 16:13:31","2021-11-12 16:13:31","12-Nov-2021 16:13:35","00:00:04","https://nsearchives.nseindia.com/corporate/ITC_12112021161331_SELetter.pdf"
"ITC","ITC Limited","Loss of Share Certificates","ITC Limited has informed the Exchange about Loss of Share Certificates","11-Nov-2021 19:18:42","2021-11-11 19:18:42","11-Nov-2021 19:18:47","00:00:05","https://nsearchives.nseindia.com/corporate/ITC_11112021191842_NSELOSS11112021.pdf"
"ITC","ITC Limited","Related Party Transactions","ITC Limited has informed the Exchange about related Party TransactionsWe enclose, in terms of Regulation 23(9) of the SEBI (Listing Obligations and Disclosure Requirements) Regulations, 2015, the Statement on Related Party Transactions of the Company for the half year ended 30th September, 2021, on a consolidated basis, in the required format.","10-Nov-2021 14:52:08","2021-11-10 14:52:08","10-Nov-2021 14:52:17","00:00:09","https://nsearchives.nseindia.com/corporate/ITC_10112021145208_SELetter.pdf"
"ITC","ITC Limited","Shareholders meeting","ITC Limited has informed the Exchange regarding Notice of Postal BallotFurther to our letter dated 27th October, 2021, we enclose, in terms of Regulation 30 of the                       SEBI (Listing Obligations and Disclosure Requirements), Regulations, 2015, a copy of the Postal Ballot Notice dated 27th October, 2021 together with the Explanatory Statement thereto, seeking approval of the Members for appointment of Directors of the Company, as set out in the said Notice.","09-Nov-2021 18:48:31","2021-11-09 18:48:31","09-Nov-2021 18:48:34","00:00:03","https://nsearchives.nseindia.com/corporate/ITC_09112021184831_SELetter.pdf"
"ITC","ITC Limited","Loss of Share Certificates","ITC Limited has informed the Exchange about Loss of Share Certificates","03-Nov-2021 18:48:52","2021-11-03 18:48:52","03-Nov-2021 18:48:56","00:00:04","https://nsearchives.nseindia.com/corporate/ITC_03112021184852_NSE_LOSS_03112021.pdf"
"ITC","ITC Limited","Loss of Share Certificates","ITC Limited has informed the Exchange about Loss of Share Certificates","02-Nov-2021 19:34:06","2021-11-02 19:34:06","02-Nov-2021 19:34:12","00:00:06","https://nsearchives.nseindia.com/corporate/ITC_02112021193406_NSE_02112021.pdf"
"ITC","ITC Limited","Certificate under SEBI (Depositories and Participants) Regulations, 2018","ITC Limited has informed the Exchange about Certificate under SEBI (Depositories and Participants) Regulations, 2018","02-Nov-2021 12:48:36","2021-11-02 12:48:36","02-Nov-2021 12:48:45","00:00:09","https://nsearchives.nseindia.com/corporate/ITC_02112021124836_MonthlydematrematOctober2021.pdf"
"ITC","ITC Limited","Loss of Share Certificates","ITC Limited has informed the Exchange about Loss of Share Certificates","29-Oct-2021 18:36:57","2021-10-29 18:36:57","29-Oct-2021 18:37:02","00:00:05","https://nsearchives.nseindia.com/corporate/ITC_29102021183657_NSE_LOSS_29102021.pdf"
"ITC","ITC Limited","Change in Director(s)","ITC Limited has informed the Exchange regarding Change in Director(s) of the company.","27-Oct-2021 20:49:26","2021-10-27 20:49:26","27-Oct-2021 20:49:32","00:00:06","https://nsearchives.nseindia.com/corporate/ITC_27102021204926_Directors.pdf"
"ITC","ITC Limited","Updates","ITC Limited has informed the Exchange regarding 'Unaudited Financial Results   Media Statement and Presentation'.Further to our letter dated 27th October, 2021 forwarding the Unaudited Standalone and Consolidated Financial Results of the Company for the Quarter and Six Months ended                           30th September, 2021, we now enclose copies of the Media Statement issued by the Company and a presentation on the Company s financial performance for the aforesaid period for information of the investors.","27-Oct-2021 20:32:20","2021-10-27 20:32:20","27-Oct-2021 20:32:25","00:00:05","https://nsearchives.nseindia.com/corporate/ITC_27102021203219_MediaQ2.pdf"
"ITC","ITC Limited","Financial Result Updates","ITC Limited has submitted to the Exchange, the financial results for the period ended September 30, 2021.","27-Oct-2021 20:14:30","2021-10-27 20:14:30","27-Oct-2021 20:16:02","00:01:32","https://nsearchives.nseindia.com/corporate/Results_27102021201430.pdf"
"ITC","ITC Limited","Loss of Share Certificates","ITC Limited has informed the Exchange about Loss of Share Certificates","23-Oct-2021 13:15:12","2021-10-23 13:15:12","23-Oct-2021 13:15:15","00:00:03","https://nsearchives.nseindia.com/corporate/ITC_23102021131512_NSE_22102021.pdf"
"ITC","ITC Limited","ESOP/ESOS/ESPS","ITC Limited has informed the Exchange regarding Allotment of 1276020  Shares.","22-Oct-2021 19:03:42","2021-10-22 19:03:42","22-Oct-2021 19:03:48","00:00:06","https://nsearchives.nseindia.com/corporate/ITC_22102021190342_AllotmentSE221021.pdf"
"ITC","ITC Limited","News Verification","The Exchange has sought clarification from ITC Limited with respect to recent news item captioned ITC jumps 11% in four days amid buzz of likely tieup with Amazon.  The response from the Company is attached.","21-Oct-2021 12:49:00","2021-10-21 12:49:00","21-Oct-2021 12:49:46","00:00:46","https://nsearchives.nseindia.com/corporate/ITC_21102021124939_NSEResponse.pdf"
"ITC","ITC Limited","News Verification","The Exchange has sought clarification from ITC Limited with respect to recent news item captioned ITC jumps 11% in four days amid buzz of likely tieup with Amazon.  The response from the Company is awaited.","20-Oct-2021 17:22:00","2021-10-20 17:22:00","20-Oct-2021 17:22:56","00:00:56","-"
"ITC","ITC Limited","Loss of Share Certificates","ITC Limited has informed the Exchange about Loss of Share Certificates","12-Oct-2021 17:52:14","2021-10-12 17:52:14","12-Oct-2021 17:52:19","00:00:05","https://nsearchives.nseindia.com/corporate/ITC_12102021175214_NSE_LOSS_12102021.pdf"
"ITC","ITC Limited","Loss of Share Certificates","ITC Limited has informed the Exchange about Loss of Share Certificates","05-Oct-2021 18:51:55","2021-10-05 18:51:55","05-Oct-2021 18:52:00","00:00:05","https://nsearchives.nseindia.com/corporate/ITC_05102021185155_NSEREISSUE05102021.pdf"
"ITC","ITC Limited","Updates","ITC Limited has informed the Exchange regarding 'Quarterly report on Fake / Forged / Missing / Lost / Stolen / Non-transferable shares as on 30th September, 2021'.","05-Oct-2021 18:16:02","2021-10-05 18:16:02","05-Oct-2021 18:16:08","00:00:06","https://nsearchives.nseindia.com/corporate/ITC_05102021181602_QuarterlySELodgement30092021.pdf"
"ITC","ITC Limited","Certificate under SEBI (Depositories and Participants) Regulations, 2018","ITC Limited has informed the Exchange about Certificate under SEBI (Depositories and Participants) Regulations, 2018","05-Oct-2021 14:42:51","2021-10-05 14:42:51","05-Oct-2021 14:42:55","00:00:04","https://nsearchives.nseindia.com/corporate/ITC_05102021144251_MonthlydematrematSeptember2021.pdf"
"ITC","ITC Limited","Trading Window","ITC Limited has informed the Exchange regarding the Trading Window closure pursuant to SEBI (Prohibition of Insider Trading) Regulations, 2015","28-Sep-2021 17:49:17","2021-09-28 17:49:17","28-Sep-2021 17:49:24","00:00:07","https://nsearchives.nseindia.com/corporate/ITC_28092021174917_SELetterreClosureofTradingWindow.pdf"
"ITC","ITC Limited","Analysts/Institutional Investor Meet/Con. Call Updates","ITC Limited has informed the Exchange about Analysts/Institutional Investor Meet/Con. Call Updates","20-Sep-2021 12:38:06","2021-09-20 12:38:06","20-Sep-2021 12:38:14","00:00:08","https://nsearchives.nseindia.com/corporate/ITC_20092021123806_SELetter.pdf"
"ITC","ITC Limited","Loss of Share Certificates","ITC Limited has informed the Exchange about Loss of Share Certificates","16-Sep-2021 19:26:05","2021-09-16 19:26:05","16-Sep-2021 19:26:11","00:00:06","https://nsearchives.nseindia.com/corporate/ITC_16092021192605_NSE_LOSS_16092021.pdf"
"ITC","ITC Limited","Change in Director(s)","ITC Limited has informed the Exchange regarding Change in Director(s) of the company.","15-Sep-2021 10:36:04","2021-09-15 10:36:04","15-Sep-2021 10:36:16","00:00:12","https://nsearchives.nseindia.com/corporate/ITC_15092021103604_SELetter.pdf"
"ITC","ITC Limited","Analysts/Institutional Investor Meet/Con. Call Updates","ITC Limited has informed the Exchange about Analysts/Institutional Investor Meet/Con. Call Updates","10-Sep-2021 18:03:30","2021-09-10 18:03:30","10-Sep-2021 18:03:33","00:00:03","https://nsearchives.nseindia.com/corporate/ITC_10092021180330_SELetter.pdf"
"ITC","ITC Limited","Loss of Share Certificates","ITC Limited has informed the Exchange about Loss of Share Certificates","07-Sep-2021 17:13:56","2021-09-07 17:13:56","07-Sep-2021 17:14:00","00:00:04","https://nsearchives.nseindia.com/corporate/ITC_07092021171356_NSEDUP07092021.pdf"
"ITC","ITC Limited","ESOP/ESOS/ESPS","ITC Limited has informed the Exchange regarding Allotment of 4744580  Shares.","06-Sep-2021 13:40:46","2021-09-06 13:40:46","06-Sep-2021 13:40:51","00:00:05","https://nsearchives.nseindia.com/corporate/ITC_06092021134046_AllotmentSE06092021.pdf"
"ITC","ITC Limited","Analysts/Institutional Investor Meet/Con. Call Updates","ITC Limited has informed the Exchange about Analysts/Institutional Investor Meet/Con. Call Updates","06-Sep-2021 11:06:32","2021-09-06 11:06:32","06-Sep-2021 11:06:35","00:00:03","https://nsearchives.nseindia.com/corporate/ITC_06092021110632_SELetter.pdf"
"ITC","ITC Limited","Updates","ITC Limited has informed the Exchange regarding 'Details of the shares dematerialised and rematerialised by the Company during the month of August 2021 in the enclosed Annexure A and B respectively.'.","02-Sep-2021 16:05:18","2021-09-02 16:05:18","02-Sep-2021 16:05:23","00:00:05","https://nsearchives.nseindia.com/corporate/ITC_02092021160518_MonthlydematrematAugust2021.pdf"
"ITC","ITC Limited","ESOP/ESOS/ESPS","ITC Limited has informed the Exchange regarding Allotment of 5921650  Shares.","25-Aug-2021 19:50:37","2021-08-25 19:50:37","25-Aug-2021 19:50:42","00:00:05","https://nsearchives.nseindia.com/corporate/ITC_25082021195037_AllotmentSE25082021.pdf"
"ITC","ITC Limited","Loss of Share Certificates","ITC Limited has informed the Exchange about Loss of Share Certificates","25-Aug-2021 19:40:26","2021-08-25 19:40:26","25-Aug-2021 19:40:32","00:00:06","https://nsearchives.nseindia.com/corporate/ITC_25082021194026_NSE_LOSS_24082021.pdf"
"ITC","ITC Limited","Analysts/Institutional Investor Meet/Con. Call Updates","ITC Limited has informed the Exchange about Analysts/Institutional Investor Meet/Con. Call Updates","25-Aug-2021 18:14:08","2021-08-25 18:14:08","25-Aug-2021 18:14:15","00:00:07","https://nsearchives.nseindia.com/corporate/ITC_25082021181408_SELetter.pdf"
"ITC","ITC Limited","Change in Director(s)","ITC Limited has informed the Exchange regarding Change in Director(s) of the company.","24-Aug-2021 11:12:43","2021-08-24 11:12:43","24-Aug-2021 11:12:47","00:00:04","https://nsearchives.nseindia.com/corporate/ITC_24082021111243_SELetter.pdf"
"ITC","ITC Limited","Analysts/Institutional Investor Meet/Con. Call Updates","ITC Limited has informed the Exchange about Analysts/Institutional Investor Meet/Con. Call Updates","16-Aug-2021 15:22:34","2021-08-16 15:22:34","16-Aug-2021 15:22:38","00:00:04","https://nsearchives.nseindia.com/corporate/ITC_16082021152234_SELetter.pdf"
"ITC","ITC Limited","Loss of Share Certificates","ITC Limited has informed the Exchange about Loss of Share Certificates","16-Aug-2021 13:43:59","2021-08-16 13:43:59","16-Aug-2021 13:44:13","00:00:14","https://nsearchives.nseindia.com/corporate/ITC_16082021134359_NSEReissue16082021.pdf"
"ITC","ITC Limited","Analysts/Institutional Investor Meet/Con. Call Updates","ITC Limited has informed the Exchange about Analysts/Institutional Investor Meet/Con. Call Updates","12-Aug-2021 16:50:11","2021-08-12 16:50:11","12-Aug-2021 16:50:16","00:00:05","https://nsearchives.nseindia.com/corporate/ITC_12082021165011_SELetterInvestorConf.pdf"
"ITC","ITC Limited","Amalgamation/Merger","ITC Limited has informed the Exchange about Amalgamation/MergerWe write to advise in terms of Regulation 30 of the SEBI (Listing Obligations and Disclosure Requirements) Regulations, 2015, that the Scheme of amalgamation of Hobbits International Foods Private Limited and Sunrise Sheetgrah Private Limited with the Company (the Scheme) has been sanctioned by the Hon ble National Company Law Tribunal, Allahabad Bench.��Certified copies of the aforesaid Order have been filed today with the Registrar of Companies,�� Kanpur and West Bengal. Consequently, the Scheme has become effective from today,��i.e. 12th August, 2021.��","12-Aug-2021 16:41:30","2021-08-12 16:41:30","12-Aug-2021 16:41:35","00:00:05","https://nsearchives.nseindia.com/corporate/ITC_12082021164130_SELetteramalgamation.pdf"
"ITC","ITC Limited","Updates","ITC Limited has informed the Exchange regarding '110th Annual General Meeting of the Company - 11th August, 2021'.We enclose a copy of the address by the Chairman on  ITC NEXT: Reimagining Businesses for a Redefined Future  delivered at the 110th Annual General Meeting of the Company held on 11th August, 2021.��","11-Aug-2021 19:46:53","2021-08-11 19:46:53","11-Aug-2021 19:46:59","00:00:06","https://nsearchives.nseindia.com/corporate/ITC_11082021194653_SELetterChairmanSpeech.pdf"
"ITC","ITC Limited","Shareholders meeting","ITC Limited has informed the Exchange regarding Proceedings of Annual General Meeting held on August 11, 2021. Further, the company has informed the Exchange regarding voting results.We enclose, in terms of Regulation 30 of the SEBI (Listing Obligations and Disclosure Requirements) Regulations, 2015 ( Listing Regulations ), a summary of the proceedings of the 110th Annual General Meeting ( AGM ) of the Company held on 11th August, 2021.��We would also like to advise that all the Resolutions for consideration at the 110th AGM in respect of the items set out in the Notice dated 1st June, 2021, have been passed by the Members by requisite majority. The Voting Results in the prescribed format in terms of Regulation 44(3) of the Listing Regulations are also enclosed.��","11-Aug-2021 19:35:10","2021-08-11 19:35:10","11-Aug-2021 19:35:16","00:00:06","https://nsearchives.nseindia.com/corporate/ITC_11082021193510_SELetterAGMproceedings.pdf"
"ITC","ITC Limited","Change in Director(s)","ITC Limited has informed the Exchange regarding Change in Director(s) of the company.","11-Aug-2021 19:27:26","2021-08-11 19:27:26","11-Aug-2021 19:27:33","00:00:07","https://nsearchives.nseindia.com/corporate/ITC_11082021192726_SELetterDirectors.pdf"
"ITC","ITC Limited","Loss of Share Certificates","ITC Limited has informed the Exchange about Loss of Share Certificates","06-Aug-2021 18:33:29","2021-08-06 18:33:29","06-Aug-2021 18:33:36","00:00:07","https://nsearchives.nseindia.com/corporate/ITC_06082021183329_NSE_LOSS_06082021.pdf"
"ITC","ITC Limited","Updates","ITC Limited has informed the Exchange regarding 'Details of the shares dematerialised by the Company during the month of July 2021 in the enclosed Annexure A. The Company was not required to effect rematerialisation of shares during the month of July 2021.'.","05-Aug-2021 17:32:44","2021-08-05 17:32:44","05-Aug-2021 17:32:48","00:00:04","https://nsearchives.nseindia.com/corporate/ITC_05082021173244_DmatRematJuly2021.pdf"
"ITC","ITC Limited","Updates","ITC Limited has informed the Exchange regarding 'Wimco Limited - wholly owned subsidiary'.We write to advise in terms of Regulation 30 of the SEBI (Listing Obligations and Disclosure Requirements) Regulations, 2015, that Wimco Limited has become a wholly owned subsidiary of the Company with effect from 29th July, 2021, consequent to reduction of equity share capital of that company becoming effective upon receipt of necessary approvals.��","30-Jul-2021 17:50:28","2021-07-30 17:50:28","30-Jul-2021 17:50:41","00:00:13","https://nsearchives.nseindia.com/corporate/ITC_30072021175028_SELetter.pdf"
"ITC","ITC Limited","ESOP/ESOS/ESPS","ITC Limited has informed the Exchange regarding Allotment of 815840  Shares.","30-Jul-2021 13:08:58","2021-07-30 13:08:58","30-Jul-2021 13:09:06","00:00:08","https://nsearchives.nseindia.com/corporate/ITC_30072021130858_AllotmentSE30072021.pdf"
"ITC","ITC Limited","Updates","ITC Limited has informed the Exchange regarding 'Unaudited Financial Results   Media Statement and Presentation'.Further to our letter dated 24th July, 2021 forwarding the Unaudited Standalone and Consolidated Financial Results of the Company for the Quarter ended 30th��June, 2021, we now enclose a copy of the Media Statement issued by the Company and a presentation on the Company s financial performance for the aforesaid period for information of the investors.","24-Jul-2021 20:10:18","2021-07-24 20:10:18","24-Jul-2021 20:10:25","00:00:07","https://nsearchives.nseindia.com/corporate/ITC_24072021201018_Media.pdf"
"ITC","ITC Limited","Financial Result Updates","ITC Limited has submitted to the Exchange, the financial results for the period ended June 30, 2021.","24-Jul-2021 19:46:37","2021-07-24 19:46:37","24-Jul-2021 19:47:02","00:00:25","https://nsearchives.nseindia.com/corporate/Results_24072021194637.pdf"
"ITC","ITC Limited","Copy of Newspaper Publication","ITC Limited has informed the Exchange about Copy of Newspaper Publication","21-Jul-2021 13:23:05","2021-07-21 13:23:05","21-Jul-2021 13:23:10","00:00:05","https://nsearchives.nseindia.com/corporate/ITC_21072021132305_SELetterreCompletionofdespatch.pdf"
"ITC","ITC Limited","Loss of Share Certificates","ITC Limited has informed the Exchange about Loss of Share Certificates","20-Jul-2021 16:04:25","2021-07-20 16:04:25","20-Jul-2021 16:04:33","00:00:08","https://nsearchives.nseindia.com/corporate/ITC_20072021160425_NSEStExh.pdf"
"ITC","ITC Limited","Shareholders meeting","ITC Limited has informed the Exchange regarding Notice of Annual General Meeting to be held on August 11, 2021We enclose, in terms of Regulations 30 and 34 of the ��SEBI (Listing Obligations and Disclosure Requirements), Regulations, 2015, a copy of the Report and Accounts of the Company for the financial year ended 31st March, 2021 together with the Notice dated 1st June, 2021 convening the 110th Annual General Meeting (AGM) of the Company on 11th August, 2021.��The aforesaid Report and Accounts and AGM Notice are also being uploaded on the Company s corporate website www.itcportal.com.��","13-Jul-2021 23:28:49","2021-07-13 23:28:49","13-Jul-2021 23:28:55","00:00:06","https://nsearchives.nseindia.com/corporate/ITC_13072021232848_ReportandAccounts.pdf"
"ITC","ITC Limited","Updates","ITC Limited has informed the Exchange regarding 'Publication of Notice re:110th Annual General Meeting of the Company to be held on 11th August, 2021 through Video Conferencing / Other Audio Visual Means.'.","10-Jul-2021 22:09:36","2021-07-10 22:09:36","10-Jul-2021 22:09:40","00:00:04","https://nsearchives.nseindia.com/corporate/ITC_10072021220936_SELetterAGMadvertisement.pdf"
"ITC","ITC Limited","Updates","ITC Limited has informed the Exchange regarding 'Quarterly report on Fake I Forged I Missing I Lost I Stolen I Non-transferable shares as on 30th June, 2021'.","06-Jul-2021 19:34:01","2021-07-06 19:34:01","06-Jul-2021 19:34:08","00:00:07","https://nsearchives.nseindia.com/corporate/ITC_06072021193401_June_2021_Qtrly.pdf"
"ITC","ITC Limited","Updates","ITC Limited has informed the Exchange regarding 'Details of the shares dematerialised by the Company during the month of June 2021 in the enclosed Annexure A. The Company was not required to effect rematerialisation of shares during the month of June 2021.'.","05-Jul-2021 11:01:24","2021-07-05 11:01:24","05-Jul-2021 11:01:34","00:00:10","https://nsearchives.nseindia.com/corporate/ITC_05072021110124_DematRematJune2021.pdf"
"ITC","ITC Limited","Loss of Share Certificates","ITC Limited has informed the Exchange about Loss of Share Certificates","01-Jul-2021 16:38:48","2021-07-01 16:38:48","01-Jul-2021 16:38:53","00:00:05","https://nsearchives.nseindia.com/corporate/ITC_01072021163848_NSEMergedsearchable.pdf"
"ITC","ITC Limited","Trading Window","ITC Limited has informed the Exchange regarding the Trading Window closure pursuant to SEBI (Prohibition of Insider Trading) Regulations, 2015","29-Jun-2021 18:54:14","2021-06-29 18:54:14","29-Jun-2021 18:54:22","00:00:08","https://nsearchives.nseindia.com/corporate/ITC_29062021185414_ClosureofTradingWindowSEletter.pdf"
"ITC","ITC Limited","Loss of Share Certificates","ITC Limited has informed the Exchange about Loss of Share Certificates","22-Jun-2021 19:59:04","2021-06-22 19:59:04","22-Jun-2021 19:59:09","00:00:05","https://nsearchives.nseindia.com/corporate/ITC_22062021195904_NSE22062021.pdf"
"ITC","ITC Limited","Analysts/Institutional Investor Meet/Con. Call Updates","ITC Limited has informed the Exchange about Analysts/Institutional Investor Meet/Con. Call Updates","09-Jun-2021 21:20:31","2021-06-09 21:20:31","09-Jun-2021 21:20:40","00:00:09","https://nsearchives.nseindia.com/corporate/ITC_09062021212031_SELetter_PPT_.pdf"
"ITC","ITC Limited","Analysts/Institutional Investor Meet/Con. Call Updates","ITC Limited has informed the Exchange about Analysts/Institutional Investor Meet/Con. Call Updates","07-Jun-2021 13:06:17","2021-06-07 13:06:17","07-Jun-2021 13:06:29","00:00:12","https://nsearchives.nseindia.com/corporate/ITC_07062021130617_SELetter_InvestorConf_.pdf"
"ITC","ITC Limited","Updates","ITC Limited has informed the Exchange regarding 'Details of the shares dematerialised and rematerialised by the Company during the month of May 2021 in the enclosed Annexure A and B respectively.'.","07-Jun-2021 10:59:19","2021-06-07 10:59:19","07-Jun-2021 10:59:26","00:00:07","https://nsearchives.nseindia.com/corporate/ITC_07062021105919_MonthlydematrematMay2021.pdf"
"ITC","ITC Limited","Related Party Transactions","ITC Limited has informed the Exchange about related Party TransactionsWe enclose, in terms of Regulation 23(9) of the SEBI (Listing Obligations and DisclosureRequirements) Regulations, 2015, statement on related party transactions of the Companyfor the half year ended 31st March, 2021, in the required format.","04-Jun-2021 16:51:34","2021-06-04 16:51:34","04-Jun-2021 16:51:39","00:00:05","https://nsearchives.nseindia.com/corporate/ITC_04062021165134_SELetter_RPT_.pdf"
"ITC","ITC Limited","Updates","ITC Limited has informed the Exchange regarding 'Audited Financial Results   Media Statement and Presentation'.Further to our letter dated 1st June, 2021 forwarding the Audited Financial Results of the Company for the Quarter and Twelve Months ended 31st March, 2021, we now enclose a copy of the Media Statement issued by the Company and a presentation on the Company s financial performance for the aforesaid period for information of the investors.","01-Jun-2021 20:04:49","2021-06-01 20:04:49","01-Jun-2021 20:04:55","00:00:06","https://nsearchives.nseindia.com/corporate/ITC_01062021200449_Media.pdf"
"ITC","ITC Limited","Financial Results Updates","Further to our letter dated 1st June, 2021, enclosed please find the Reports from the Statutory Auditors of the Company, Messrs. S R B C & CO LLP, Chartered Accountants, on the Standalone and Consolidated Financial Results of the Company for the Quarter and Twelve Months ended 31st March, 2021.��The Auditors have issued the said Reports with unmodified opinion.","01-Jun-2021 19:14:14","2021-06-01 19:14:14","01-Jun-2021 19:14:18","00:00:04","https://nsearchives.nseindia.com/corporate/ITC_01062021191414_AuditReports.pdf"
"ITC","ITC Limited","Record Date","ITC Limited has informed the Exchange that Record date for the purpose of Dividend  is 11-Jun-2021.","01-Jun-2021 19:05:20","2021-06-01 19:05:20","01-Jun-2021 19:05:39","00:00:19","https://nsearchives.nseindia.com/corporate/ITC_01062021190520_NSERecordDate.pdf"
"ITC","ITC Limited","Dividend Updates","ITC Limited has informed the Exchange about Dividend Updates","01-Jun-2021 19:04:25","2021-06-01 19:04:25","01-Jun-2021 19:04:44","00:00:19","https://nsearchives.nseindia.com/corporate/ITC_01062021190425_Dividend.pdf"
"ITC","ITC Limited","Financial Result Updates","ITC Limited has submitted to the Exchange, the financial results for the period ended March 31, 2021.","01-Jun-2021 18:58:48","2021-06-01 18:58:48","01-Jun-2021 19:00:33","00:01:45","https://nsearchives.nseindia.com/corporate/Results_01062021185848.pdf"
"ITC","ITC Limited","Loss of Share Certificates","ITC Limited has informed the Exchange about Loss of Share Certificates","17-May-2021 15:15:31","2021-05-17 15:15:31","17-May-2021 15:15:37","00:00:06","https://nsearchives.nseindia.com/corporate/ITC_17052021151531_NSEREISSUE17052021.pdf"
"ITC","ITC Limited","Updates","ITC Limited has informed the Exchange regarding 'We enclose, in terms of Regulation 30 of the SEBI (Listing Obligations and Disclosure Requirements) Regulations 2015, copies of the newspaper clippings of the Notice re: Transfer of unclaimed Dividend and Ordinary Shares to the Investor Education and Protection Fund, published on 10th May, 2021 in Kolkata editions of the following newspapers: Business Standard (English) and Aajkal (Bengali).The aforesaid Notice was also published, inter alia, in the Bengaluru, Chennai, Hyderabad, Mumbai and New Delhi editions of Business Standard.","10-May-2021 17:50:34","2021-05-10 17:50:34","10-May-2021 17:50:44","00:00:10","https://nsearchives.nseindia.com/corporate/ITC_10052021175034_StockExchangeLetter.pdf"
"ITC","ITC Limited","Updates","ITC Limited has informed the Exchange regarding 'Details of the shares dematerialised by the Company during the month of April 2021 in the enclosed Annexure A. The Company was not required to effect rematerialisation of shares during the month of April 2021.'.","03-May-2021 15:30:52","2021-05-03 15:30:52","03-May-2021 15:31:06","00:00:14","https://nsearchives.nseindia.com/corporate/ITC_03052021153052_DematRematApril2021.pdf"
"ITC","ITC Limited","Change in Director(s)","ITC Limited has informed the Exchange regarding Change in Director(s) of the company.","01-May-2021 14:09:57","2021-05-01 14:09:57","01-May-2021 14:10:12","00:00:15","https://nsearchives.nseindia.com/corporate/ITC_01052021140957_SELetter.pdf"
"ITC","ITC Limited","Disclosure under SEBI Takeover Regulations","��Promoter/Member of the Promoter Group of the Company has informed the Exchange regarding disclosure under Regulation 30 of SEBI SAST Regulations, 2011��as at March 31, 2021.","20-Apr-2021 18:04:49","2021-04-20 18:04:49","20-Apr-2021 18:04:57","00:00:08","https://nsearchives.nseindia.com/corporate/ITC_20042021180449_ITCLTD.pdf"
"ITC","ITC Limited","Loss of Share Certificates","ITC Limited has informed the Exchange about Loss of Share Certificates","20-Apr-2021 17:38:27","2021-04-20 17:38:27","20-Apr-2021 17:38:31","00:00:04","https://nsearchives.nseindia.com/corporate/ITC_20042021173827_nsedup200421signed.pdf"
"ITC","ITC Limited","Updates","ITC Limited has informed the Exchange regarding 'Confirmation pursuant to SEBI Circular No. SEBI/HO/DDHS/CIR/P/2018/144 dated 26th November, 2018'.We enclose a confirmation for the financial year ended 31st March, 2021, in the prescribed format, pursuant to the SEBI Circular No. SEBI/HO/DDHS/CIR/P/2018/144 dated 26th November, 2018.��","20-Apr-2021 14:31:44","2021-04-20 14:31:44","20-Apr-2021 14:31:49","00:00:05","https://nsearchives.nseindia.com/corporate/ITC_20042021143144_LargeCorporateDisclosure2021.pdf"
"ITC","ITC Limited","Loss of Share Certificates","ITC Limited has informed the Exchange about Loss of Share Certificates","08-Apr-2021 19:53:16","2021-04-08 19:53:16","08-Apr-2021 19:53:21","00:00:05","https://nsearchives.nseindia.com/corporate/ITC_08042021195316_nse_loss_08042021.pdf"
"ITC","ITC Limited","Updates","ITC Limited has informed the Exchange regarding 'Quarterly Report on Fake/ Forged/ Missing/ Lost/Stolen/ Non transferable Shares as on 31st March, 2021'.","06-Apr-2021 16:36:50","2021-04-06 16:36:50","06-Apr-2021 16:36:53","00:00:03","https://nsearchives.nseindia.com/corporate/ITC_06042021163650_QTRLY_LOSS_MARCH2021.pdf"
"ITC","ITC Limited","Loss of Share Certificates","ITC Limited has informed the Exchange about Loss of Share Certificates","02-Apr-2021 17:11:03","2021-04-02 17:11:03","02-Apr-2021 17:11:06","00:00:03","https://nsearchives.nseindia.com/corporate/ITC_02042021171103_NSE02042021.pdf"
"ITC","ITC Limited","Updates","ITC Limited has informed the Exchange regarding 'Details of the shares dematerialised and rematerialised by the Company during the month of March 2021 in the enclosed Annexure A and B respectively.'.","01-Apr-2021 16:13:19","2021-04-01 16:13:19","01-Apr-2021 16:13:25","00:00:06","https://nsearchives.nseindia.com/corporate/ITC_01042021161319_DematRematMarch2021.pdf"
"ITC","ITC Limited","Amalgamation/Merger","ITC Limited has informed the Exchange about Amalgamation/MergerFurther to our letters dated 4th September, 2020 and 30th September, 2020 on the subject, we write to advise in terms of Regulation 30 of the SEBI (Listing Obligations and Disclosure Requirements) Regulations, 2015, that the Scheme of amalgamation of Sunrise Foods Private Limited (Sunrise) with the Company (the Scheme) has been sanctioned by the Hon ble National Company Law Tribunal, Kolkata Bench. Certified copies of the said Order have been filed today with the Registrar of Companies, West Bengal, both by the Company and Sunrise.��Consequent to the above, the Scheme has become effective from today, i.e. 1st April, 2021. Further, the two subsidiaries of Sunrise viz., Hobbits International Foods Private Limited and Sunrise Sheetgrah Private Limited have become direct wholly owned subsidiaries of the Company with effect from the said date.","01-Apr-2021 12:09:54","2021-04-01 12:09:54","01-Apr-2021 12:10:00","00:00:06","https://nsearchives.nseindia.com/corporate/ITC_01042021120954_SELetter.pdf"
"ITC","ITC Limited","Trading Window","ITC Limited has informed the Exchange regarding the Trading Window closure pursuant to SEBI (Prohibition of Insider Trading) Regulations, 2015","26-Mar-2021 18:10:10","2021-03-26 18:10:10","26-Mar-2021 18:10:14","00:00:04","https://nsearchives.nseindia.com/corporate/ITC_26032021181010_SELetterClosureofTradingWindow.pdf"
"ITC","ITC Limited","Loss of Share Certificates","ITC Limited has informed the Exchange about Loss of Share Certificates","24-Mar-2021 20:00:56","2021-03-24 20:00:56","24-Mar-2021 20:01:04","00:00:08","https://nsearchives.nseindia.com/corporate/ITC_24032021200056_DUPLOST_NSE.pdf"
"ITC","ITC Limited","Loss of Share Certificates","ITC Limited has informed the Exchange about Loss of Share Certificates","22-Mar-2021 17:36:00","2021-03-22 17:36:00","22-Mar-2021 17:36:11","00:00:11","https://nsearchives.nseindia.com/corporate/ITC_22032021173600_nsedup22032021.pdf"
"ITC","ITC Limited","ESOP/ESOS/ESPS","ITC Limited has informed the Exchange regarding Allotment of 974460  Shares.","20-Mar-2021 12:46:36","2021-03-20 12:46:36","20-Mar-2021 12:46:39","00:00:03","https://nsearchives.nseindia.com/corporate/ITC_20032021124636_AllotmentSE200321.pdf"
"ITC","ITC Limited","News Verification","The Exchange has sought clarification from ITC Limited with respect to recent news item captioned ITC Share Price: BIG Breakout! Check what market experts say on this rally. Big demerger of ITC is on cards and three companies will be formed after the demerger..  The response from the Company is attached.","18-Mar-2021 10:26:00","2021-03-18 10:26:00","18-Mar-2021 10:26:19","00:00:19","https://nsearchives.nseindia.com/corporate/ITC_18032021102614_ITC_10499_reply.pdf"
"ITC","ITC Limited","News Verification","The Exchange has sought clarification from ITC Limited with respect to recent news item captioned ITC Share Price: BIG Breakout! Check what market experts say on this rally. Big demerger of ITC is on cards and three companies will be formed after the demerger.. The response from the Company is awaited.","17-Mar-2021 15:55:00","2021-03-17 15:55:00","17-Mar-2021 15:55:12","00:00:12","-"
"ITC","ITC Limited","Loss of Share Certificates","ITC Limited has informed the Exchange about Loss of Share Certificates","02-Mar-2021 19:06:38","2021-03-02 19:06:38","02-Mar-2021 19:06:42","00:00:04","https://nsearchives.nseindia.com/corporate/ITC_02032021190638_NSE_LOSS_02032021.pdf"
"ITC","ITC Limited","Updates","ITC Limited has informed the Exchange regarding 'Details of the shares dematerialised and rematerialised by the Company during the month of February 2021 in the enclosed Annexure A and B respectively.'.","02-Mar-2021 15:13:08","2021-03-02 15:13:08","02-Mar-2021 15:13:12","00:00:04","https://nsearchives.nseindia.com/corporate/ITC_02032021151308_ReportDematRematFebruary2021.pdf"
"ITC","ITC Limited","Loss of Share Certificates","ITC Limited has informed the Exchange about Loss of Share Certificates","26-Feb-2021 19:11:23","2021-02-26 19:11:23","26-Feb-2021 19:11:27","00:00:04","https://nsearchives.nseindia.com/corporate/ITC_26022021191123_NSE_LOSS_26022021.pdf"
"ITC","ITC Limited","Loss of Share Certificates","ITC Limited has informed the Exchange about Loss of Share Certificates","26-Feb-2021 17:23:02","2021-02-26 17:23:02","26-Feb-2021 17:23:06","00:00:04","https://nsearchives.nseindia.com/corporate/ITC_26022021172302_NSE_RESISSUE_26022021.pdf"
"ITC","ITC Limited","ESOP/ESOS/ESPS","ITC Limited has informed the Exchange regarding Allotment of 2508020  Shares.","25-Feb-2021 19:17:29","2021-02-25 19:17:29","25-Feb-2021 19:17:36","00:00:07","https://nsearchives.nseindia.com/corporate/ITC_25022021191729_AllotmentletterSE250221.pdf"
"ITC","ITC Limited","Loss of Share Certificates","ITC Limited has informed the Exchange about Loss of Share Certificates","24-Feb-2021 19:22:53","2021-02-24 19:22:53","24-Feb-2021 19:22:59","00:00:06","https://nsearchives.nseindia.com/corporate/ITC_24022021192253_NSE_LOSS_24022021.pdf"
"ITC","ITC Limited","Analysts/Institutional Investor Meet/Con. Call Updates","ITC Limited has informed the Exchange about Analysts/Institutional Investor Meet/Con. Call Updates","22-Feb-2021 22:12:52","2021-02-22 22:12:52","22-Feb-2021 22:12:57","00:00:05","https://nsearchives.nseindia.com/corporate/ITC_22022021221252_SELetter.pdf"
"ITC","ITC Limited","Analysts/Institutional Investor Meet/Con. Call Updates","ITC Limited has informed the Exchange about Analysts/Institutional Investor Meet/Con. Call Updates","22-Feb-2021 20:04:34","2021-02-22 20:04:34","22-Feb-2021 20:04:40","00:00:06","https://nsearchives.nseindia.com/corporate/ITC_22022021200434_SELetter.pdf"
"ITC","ITC Limited","Analysts/Institutional Investor Meet/Con. Call Updates","ITC Limited has informed the Exchange about Analysts/Institutional Investor Meet/Con. Call Updates","16-Feb-2021 19:13:11","2021-02-16 19:13:11","16-Feb-2021 19:13:14","00:00:03","https://nsearchives.nseindia.com/corporate/ITC_16022021191311_SELetter.pdf"
"ITC","ITC Limited","Loss of Share Certificates","ITC Limited has informed the Exchange about Loss of Share Certificates","16-Feb-2021 18:11:26","2021-02-16 18:11:26","16-Feb-2021 18:11:30","00:00:04","https://nsearchives.nseindia.com/corporate/ITC_16022021181126_NSE_LOSS_16022021.pdf"
"ITC","ITC Limited","Loss of Share Certificates","ITC Limited has informed the Exchange about Loss of Share Certificates","12-Feb-2021 18:48:49","2021-02-12 18:48:49","12-Feb-2021 18:48:54","00:00:05","https://nsearchives.nseindia.com/corporate/ITC_12022021184849_NSE_LOSS_12022021.pdf"
"ITC","ITC Limited","Updates","ITC Limited has informed the Exchange regarding 'Unaudited Financial Results   Media Statement and Presentation'.","11-Feb-2021 20:32:05","2021-02-11 20:32:05","11-Feb-2021 20:32:10","00:00:05","https://nsearchives.nseindia.com/corporate/ITC_11022021203205_Mediastatement.pdf"
"ITC","ITC Limited","Dividend","ITC Limited has informed the Exchange that Board of Directors at its meeting held on February 11, 2021, declared Interim Dividend of 5 per equity share.","11-Feb-2021 20:16:30","2021-02-11 20:16:30","11-Feb-2021 20:16:35","00:00:05","https://nsearchives.nseindia.com/corporate/ITC_11022021201630_Dividend.pdf"
"ITC","ITC Limited","Record Date","ITC Limited has informed the Exchange that Record date for the purpose of Dividend  is 23-Feb-2021.","11-Feb-2021 20:15:12","2021-02-11 20:15:12","11-Feb-2021 20:15:18","00:00:06","https://nsearchives.nseindia.com/corporate/ITC_11022021201512_NSERecordDate.pdf"
"ITC","ITC Limited","Financial Result Updates","ITC Limited has submitted to the Exchange, the financial results for the period ended December 31, 2020.","11-Feb-2021 20:12:26","2021-02-11 20:12:26","11-Feb-2021 20:14:02","00:01:36","https://nsearchives.nseindia.com/corporate/Results_11022021201226.zip"
"ITC","ITC Limited","Loss of Share Certificates","ITC Limited has informed the Exchange about Loss of Share Certificates","10-Feb-2021 19:44:08","2021-02-10 19:44:08","10-Feb-2021 19:44:11","00:00:03","https://nsearchives.nseindia.com/corporate/ITC_10022021194408_NSE_LOSS_10022021.pdf"
"ITC","ITC Limited","Loss of Share Certificates","ITC Limited has informed the Exchange about Loss of Share Certificates","09-Feb-2021 17:24:25","2021-02-09 17:24:25","09-Feb-2021 17:24:28","00:00:03","https://nsearchives.nseindia.com/corporate/ITC_09022021172424_nsedup08022021.pdf"
"ITC","ITC Limited","Loss of Share Certificates","ITC Limited has informed the Exchange about Loss of Share Certificates","03-Feb-2021 18:13:24","2021-02-03 18:13:24","03-Feb-2021 18:13:30","00:00:06","https://nsearchives.nseindia.com/corporate/ITC_03022021181324_NSE_LOSS_03022021.pdf"
"ITC","ITC Limited","Updates","ITC Limited has informed the Exchange regarding 'Details of the shares dematerialised and rematerialised by the Company during the month of January 2021 in the enclosed Annexure A and B respectively.'.","02-Feb-2021 10:38:47","2021-02-02 10:38:47","02-Feb-2021 10:38:50","00:00:03","https://nsearchives.nseindia.com/corporate/ITC_02022021103847_ReportDematRematJanuary2021.pdf"
"ITC","ITC Limited","Loss of Share Certificates","ITC Limited has informed the Exchange about Loss of Share Certificates","20-Jan-2021 17:04:50","2021-01-20 17:04:50","20-Jan-2021 17:04:55","00:00:05","https://nsearchives.nseindia.com/corporate/ITC_20012021170450_NSEDUP200121.pdf"
"ITC","ITC Limited","ESOP/ESOS/ESPS","ITC Limited has informed the Exchange regarding Allotment of 247180 Shares.","19-Jan-2021 18:38:47","2021-01-19 18:38:47","19-Jan-2021 18:38:52","00:00:05","https://nsearchives.nseindia.com/corporate/ITC_19012021183847_AllotmentSE19012021.pdf"
"ITC","ITC Limited","Loss of Share Certificates","ITC Limited has informed the Exchange about Loss of Share Certificates","13-Jan-2021 17:54:08","2021-01-13 17:54:08","13-Jan-2021 17:54:11","00:00:03","https://nsearchives.nseindia.com/corporate/ITC_13012021175408_NSE13012020.pdf"
"ITC","ITC Limited","Loss of Share Certificates","ITC Limited has informed the Exchange about Loss of Share Certificates","08-Jan-2021 18:42:56","2021-01-08 18:42:56","08-Jan-2021 18:43:01","00:00:05","https://nsearchives.nseindia.com/corporate/ITC_08012021184256_NSE_LOSS_08012021.pdf"
"ITC","ITC Limited","Updates","ITC Limited has informed the Exchange regarding 'Quarterly report on Fake / Forged / Missing / Lost / Stolen / Non-transferable shares as on 31st December, 2020 '.","06-Jan-2021 19:04:03","2021-01-06 19:04:03","06-Jan-2021 19:04:07","00:00:04","https://nsearchives.nseindia.com/corporate/ITC_06012021190403_QrtrlySElodgement_31122020.pdf"
"ITC","ITC Limited","Updates","ITC Limited has informed the Exchange regarding 'Details of the shares dematerialised and rematerialised by the Company during the month of December 2020 in the enclosed Annexure A and B respectively.'.","06-Jan-2021 11:11:48","2021-01-06 11:11:48","06-Jan-2021 11:11:53","00:00:05","https://nsearchives.nseindia.com/corporate/ITC_06012021111148_ReportDematRematDecember2020.pdf"