"SYMBOL","COMPANY NAME","SUBJECT","DETAILS","BROADCAST DATE/TIME","RECEIPT","DISSEMINATION","DIFFERENCE","ATTACHMENT"
"NESTLEIND","Nestle India Limited","Trading Window","Nestle India Limited has informed the Exchange regarding the Trading Window closure pursuant to SEBI (Prohibition of Insider Trading) Regulations, 2015","25-Sep-2026 19:40:44","2026-09-25 19:40:44","25-Sep-2026 19:40:45","00:00:01","https://nsearchives.nseindia.com/corporate/NESTLEIND1_25092026194029_TradingWindowClosureSEintimationsigned.pdf"
"NESTLEIND","Nestle India Limited","General Updates","Nestle India Limited has informed the Exchange about Update on participation in the investor conference held on 21st September 2026","21-Sep-2026 18:47:45","2026-09-21 18:47:45","21-Sep-2026 18:47:45","00:00:00","https://nsearchives.nseindia.com/corporate/NESTLEIND1_21092026184712_InvestorsMeetOutcome21Sep2026signed.pdf"
"NESTLEIND","Nestle India Limited","News Verification","The Exchange has sought clarification from Nestle India Limited with respect to recent news item captioned FSSAI initiates legal action against Nestle India on baby formula, shares fall 2%.  The response from the Company is attached.","18-Sep-2026 18:41:23","2026-09-18 18:41:23","18-Sep-2026 18:41:25","00:00:02","https://nsearchives.nseindia.com/corporate/NESTLEIND1_18092026184022_BSENSENewsClarification18092026signed.pdf"
"NESTLEIND","Nestle India Limited","News Verification","The Exchange has sought clarification from Nestle India Limited with respect to recent news item captioned FSSAI initiates legal action against Nestle India on baby formula, shares fall 2%.  The response from the Company is awaited.","18-Sep-2026 16:11:26","2026-09-18 16:11:26","18-Sep-2026 16:11:27","00:00:01","-"
"NESTLEIND","Nestle India Limited","General Updates","Nestle India Limited has informed the Exchange about Intimation of participation in investor conference scheduled for 21st September 2026","15-Sep-2026 16:07:36","2026-09-15 16:07:36","15-Sep-2026 16:07:37","00:00:01","https://nsearchives.nseindia.com/corporate/NESTLEIND1_15092026160646_InstitutionalInvestorsMeet21Sep2026signed.pdf"
"NESTLEIND","Nestle India Limited","Action(s) taken or orders passed","Nestle India Limited has informed the Exchange about Intimation regarding receipt of an Order-in-Appeal from GST Department, Tamil Nadu for the tax period 2017-2020","09-Sep-2026 19:25:24","2026-09-09 19:25:24","09-Sep-2026 19:25:25","00:00:01","https://nsearchives.nseindia.com/corporate/NESTLEIND1_09092026192430_STXIntimationGSTOrder09092026signed.pdf"
"NESTLEIND","Nestle India Limited","General Updates","Nestle India Limited has informed the Exchange about Update on a one-on-one meet with an institutional investor held on 31st August 2026","31-Aug-2026 18:46:29","2026-08-31 18:46:29","31-Aug-2026 18:46:31","00:00:02","https://nsearchives.nseindia.com/corporate/NESTLEIND1_31082026184556_InstitutionalInvestorMeetOutcome_31August2026signed.pdf"
"NESTLEIND","Nestle India Limited","Acquisition","Nestle India Limited has informed the Exchange about Execution of Share Subscription and Shareholders  Agreement on 27th August 2026","27-Aug-2026 23:04:02","2026-08-27 23:04:02","27-Aug-2026 23:04:03","00:00:01","https://nsearchives.nseindia.com/corporate/NESTLEIND1_27082026230335_NILDisclosuretotheSTXsigned.pdf"
"NESTLEIND","Nestle India Limited","Action(s) taken or orders passed","Nestle India Limited has informed the Exchange about Intimation regarding receipt of an Order from the Office of the Principal Commissioner of Customs, Mundra Port, Kutch, Gujarat   370 421","26-Aug-2026 18:19:42","2026-08-26 18:19:42","26-Aug-2026 18:19:43","00:00:01","https://nsearchives.nseindia.com/corporate/NESTLEIND1_26082026181858_STXIntimationCustomOrder26082026signed.pdf"
"NESTLEIND","Nestle India Limited","Action(s) taken or orders passed","Nestle India Limited has informed the Exchange about intimation regarding receipt of an Order from the Office of the Principal Commissioner of Customs Air Cargo Complex (Import), New Customs House, Near IGI Airport, New Delhi   110 037","26-Aug-2026 11:41:28","2026-08-26 11:41:28","26-Aug-2026 11:41:29","00:00:01","https://nsearchives.nseindia.com/corporate/NESTLEIND1_26082026113941_STXIntimationVATOrder26082026signed.pdf"
"NESTLEIND","Nestle India Limited","General Updates","Nestle India Limited has informed the Exchange about Intimation of a one-on-one meet with an institutional investor schedule for 31st August 2026","24-Aug-2026 18:06:29","2026-08-24 18:06:29","24-Aug-2026 18:06:30","00:00:01","https://nsearchives.nseindia.com/corporate/NESTLEIND1_24082026180550_InstitutionalInvestorMeet31Aug2026signed.pdf"
"NESTLEIND","Nestle India Limited","Updates","Nestle India Limited has informed the Exchange regarding 'Newspaper advertisement   Public Notice regarding intimation to the shareholders aboutopening of another Special Window by SEBI for Transfer and Dematerialisation of PhysicalSecurities'.","12-Aug-2026 17:18:07","2026-08-12 17:18:07","12-Aug-2026 17:18:08","00:00:01","https://nsearchives.nseindia.com/corporate/NESTLEIND1_12082026171718_NewspaperAdvt12082026signed.pdf"
"NESTLEIND","Nestle India Limited","Analysts/Institutional Investor Meet/Con. Call Updates","Nestle India Limited has informed the Exchange about Transcript of analyst and institutional investors meet (virtual) held on 4th August 2026","07-Aug-2026 17:23:13","2026-08-07 17:23:13","07-Aug-2026 17:23:15","00:00:02","https://nsearchives.nseindia.com/corporate/NESTLEIND1_07082026172157_TranscriptofAnalystandInstitutionalInvestorsMeet04082026signed.pdf"
"NESTLEIND","Nestle India Limited","Analysts/Institutional Investor Meet/Con. Call Updates","Nestle India Limited has informed the Exchange about Update on analyst/ institutional investors meet (virtual) convened on 04.08.2026","04-Aug-2026 19:06:54","2026-08-04 19:06:54","04-Aug-2026 19:06:55","00:00:01","https://nsearchives.nseindia.com/corporate/NESTLEIND1_04082026185533_RecordingofAnalystandInstitutionalInvestorsMeet04082026signed.pdf"
"NESTLEIND","Nestle India Limited","Investor Presentation","Nestle India Limited has informed the Exchange about Investor Presentation","04-Aug-2026 13:23:32","2026-08-04 13:23:32","04-Aug-2026 13:23:33","00:00:01","https://nsearchives.nseindia.com/corporate/NESTLEIND1_04082026132313_PresentationforAnalystandInstitutionalInvestorsMeet04082026signed.pdf"
"NESTLEIND","Nestle India Limited","Shareholders meeting","Nestle India Limited has informed the Exchange with copy of detailed proceedings of the 67th Annual General Meeting ( 67th AGM ) of the Company held on Friday, 3rd July 2026","30-Jul-2026 18:01:53","2026-07-30 18:01:53","30-Jul-2026 18:01:54","00:00:01","https://nsearchives.nseindia.com/corporate/NESTLEIND1_30072026180107_67thAGMminutessigned.pdf"
"NESTLEIND","Nestle India Limited","Updates","Nestle India Limited has informed the Exchange regarding 'Newspaper advertisement   Public Notice regarding loss of share certificate(s)'.","24-Jul-2026 18:00:54","2026-07-24 18:00:54","24-Jul-2026 18:00:54","00:00:00","https://nsearchives.nseindia.com/corporate/NESTLEIND1_24072026180000_NewspaperAdvt24072026signed.pdf"
"NESTLEIND","Nestle India Limited","Analysts/Institutional Investor Meet/Con. Call Updates","Nestle India Limited has informed the Exchange about the Intimation of an analyst/ institutional investors meet (virtual) schedule for 4th August 2026 at 2PM (IST)","23-Jul-2026 18:26:02","2026-07-23 18:26:02","23-Jul-2026 18:26:02","00:00:00","https://nsearchives.nseindia.com/corporate/NESTLEIND1_23072026182359_AnalystsMeet4Aug2026signed.pdf"
"NESTLEIND","Nestle India Limited","Press Release","Nestle India Limited has informed the Exchange regarding a press release dated July 22, 2026, titled ""Nestlé India delivered robust 25.4% sales growth led by strong volume growth - All four product groups recorded strong double-digit growth"".","22-Jul-2026 11:18:41","2026-07-22 11:18:41","22-Jul-2026 11:18:42","00:00:01","https://nsearchives.nseindia.com/corporate/NESTLEIND1_22072026111812_BSENSEUFRs30062026signed.pdf"
"NESTLEIND","Nestle India Limited","Outcome of Board Meeting","Nestle India Limited has submitted to the Exchange, the Unaudited Financial Results (standalone and consolidated) for the first quarter ended 30th June 2026","22-Jul-2026 11:11:18","2026-07-22 11:11:18","22-Jul-2026 11:11:19","00:00:01","https://nsearchives.nseindia.com/corporate/NESTLEIND1_22072026111047_BSENSEUFRs30062026signed.pdf"
"NESTLEIND","Nestle India Limited","Action(s) taken or orders passed","Nestle India Limited has informed the Exchange Intimation regarding receipt of an Order from Superintendent of Taxes Charge-IV, Agartala Kar Bhavan, Palace Compound, West Tripura District, Tripura","15-Jul-2026 17:09:23","2026-07-15 17:09:23","15-Jul-2026 17:09:23","00:00:00","https://nsearchives.nseindia.com/corporate/NESTLEIND1_15072026170846_STXIntimationVATOrder15072026signed.pdf"
"NESTLEIND","Nestle India Limited","Certificate under SEBI (Depositories and Participants) Regulations, 2018","Nestle India Limited has informed the Exchange about Certificate under Regulation 74(5) of the SEBI (Depositories and Participants) Regulations, 2018 for the quarter ended 30th June 2026","06-Jul-2026 17:59:27","2026-07-06 17:59:27","06-Jul-2026 17:59:29","00:00:02","https://nsearchives.nseindia.com/corporate/NESTLEIND1_06072026175841_StxIntimation745FYQ12627signed.pdf"
"NESTLEIND","Nestle India Limited","Shareholders meeting","Nestle India Limited has submitted the Exchange a copy Scrutinizers report of  Annual General Meeting held on July 03, 2026. Further, the company has informed the Exchange regarding voting results.","03-Jul-2026 18:36:55","2026-07-03 18:36:55","03-Jul-2026 18:36:56","00:00:01","https://nsearchives.nseindia.com/corporate/NESTLEIND1_03072026183521_EVotingResultsScrutinizerReport66thAGMNestleIndiasigned.pdf"
"NESTLEIND","Nestle India Limited","Shareholders meeting","Nestle India Limited has informed the Exchange regarding Proceedings of 67th Annual General Meeting convened on 3rd July 2026 through video conferencing/ other audio-visual means ( VC/ OAVM ) facility","03-Jul-2026 16:09:16","2026-07-03 16:09:16","03-Jul-2026 16:09:17","00:00:01","https://nsearchives.nseindia.com/corporate/NESTLEIND1_03072026160831_67thAGMOutcomesigned.pdf"
"NESTLEIND","Nestle India Limited","Record Date","Nestle India Limited has informed the Exchange that Record date for the purpose of Dividend  is 10-Jul-2026.","03-Jul-2026 09:57:25","2026-07-03 09:57:25","03-Jul-2026 09:57:26","00:00:01","https://nsearchives.nseindia.com/corporate/NESTLEIND1_03072026095524_BSENSEOutcomeSD03072026signed.pdf"
"NESTLEIND","Nestle India Limited","Dividend","Nestle India Limited has informed the Exchange that Board of Directors at its meeting held on July 03, 2026, declared Special Dividend 2026 of Rs. 2 per equity share, to be paid out of the retained earnings of the Company.","03-Jul-2026 09:53:48","2026-07-03 09:53:48","03-Jul-2026 09:53:49","00:00:01","https://nsearchives.nseindia.com/corporate/NESTLEIND1_03072026095130_BSENSEOutcomeSD03072026signed.pdf"
"NESTLEIND","Nestle India Limited","Trading Window","Nestle India Limited has informed the Exchange regarding the Trading Window closure pursuant to SEBI (Prohibition of Insider Trading) Regulations, 2015","19-Jun-2026 18:16:40","2026-06-19 18:16:40","19-Jun-2026 18:16:41","00:00:01","https://nsearchives.nseindia.com/corporate/NESTLEIND1_19062026181626_TradingWindowClosureSEintimationsigned.pdf"
"NESTLEIND","Nestle India Limited","Record Date","Nestle India Limited has informed the Exchange that Record Date for determining entitlement of the members to the final dividend for the financial year 2025-26 and special dividend 2026, if any, is 10-Jul-2026","19-Jun-2026 17:31:40","2026-06-19 17:31:40","19-Jun-2026 17:31:41","00:00:01","https://nsearchives.nseindia.com/corporate/NESTLEIND1_19062026172630_TradingWindowClosureSEintimationsigned.pdf"
"NESTLEIND","Nestle India Limited","Updates","Nestle India Limited has informed the Exchange regarding 'Newspaper advertisement published on 18th June 2026   Public Notice regarding loss of share certificate(s)'.","18-Jun-2026 18:13:31","2026-06-18 18:13:31","18-Jun-2026 18:13:32","00:00:01","https://nsearchives.nseindia.com/corporate/NESTLEIND1_18062026181145_NewspaperAdvt18062026signed.pdf"
"NESTLEIND","Nestle India Limited","Updates","Nestle India Limited has informed the Exchange regarding 'Newspaper advertisement   Public Notice regarding intimation to the shareholders about opening of Special Window by SEBI for Transfer and Dematerialisation of Physical Securities'.","17-Jun-2026 16:32:45","2026-06-17 16:32:45","17-Jun-2026 16:32:46","00:00:01","https://nsearchives.nseindia.com/corporate/NESTLEIND1_17062026163130_NewspaperAdvt17062026signed.pdf"
"NESTLEIND","Nestle India Limited","News Verification","The Exchange has sought clarification from Nestle India Limited with respect to recent news item captioned Nestle India declines 3% after FSSAI issues notice over alleged insect detection in Maggi.  The response from the Company is attached.","12-Jun-2026 17:26:29","2026-06-12 17:26:29","12-Jun-2026 17:26:30","00:00:01","https://nsearchives.nseindia.com/corporate/NESTLEIND1_12062026172544_BSENSENewsClarification12062026signed.pdf"
"NESTLEIND","Nestle India Limited","News Verification","The Exchange has sought clarification from Nestle India Limited with respect to recent news item captioned Nestle India declines 3% after FSSAI issues notice over alleged insect detection in Maggi.  The response from the Company is awaited.","12-Jun-2026 15:15:14","2026-06-12 15:15:14","12-Jun-2026 15:15:15","00:00:01","-"
"NESTLEIND","Nestle India Limited","Copy of Newspaper Publication","Nestle India Limited has informed the Exchange about Copy of Newspaper Publication - Notice of 67th Annual General Meeting, Remote e-Voting information, Record Date etc.","06-Jun-2026 13:45:08","2026-06-06 13:45:08","06-Jun-2026 13:45:09","00:00:01","https://nsearchives.nseindia.com/corporate/NESTLEIND1_06062026134430_PostAGMNewspaperAdvt05062026signed.pdf"
"NESTLEIND","Nestle India Limited","General Updates","Nestle India Limited has informed the Exchange about Business Responsibility and Sustainability Report for the financial year ended 31st March 2026","05-Jun-2026 22:06:57","2026-06-05 22:06:57","05-Jun-2026 22:06:57","00:00:00","https://nsearchives.nseindia.com/corporate/NESTLEIND1_05062026220621_Nestle_India_BRSR_2025-26.pdf"
"NESTLEIND","Nestle India Limited","Shareholders meeting","Nestle India Limited has informed the Exchange regarding Notice of 67th Annual General Meeting scheduled to be held on 3rd July 2026 at 10:30 A.M. (IST)","05-Jun-2026 15:57:30","2026-06-05 15:57:30","05-Jun-2026 15:57:31","00:00:01","https://nsearchives.nseindia.com/corporate/NESTLEIND1_05062026155649_Noticeof67thAGM.pdf"
"NESTLEIND","Nestle India Limited","General Updates","Nestle India Limited has informed the Exchange about Update on participation in the investor conference held on 3rd June 2026","03-Jun-2026 19:22:06","2026-06-03 19:22:06","03-Jun-2026 19:22:08","00:00:02","https://nsearchives.nseindia.com/corporate/NESTLEIND1_03062026191946_InvestorsMeetOutcome3June2026signed.pdf"
"NESTLEIND","Nestle India Limited","General Updates","Nestle India Limited has informed the Exchange about Update on participation in the investor conference held on 2nd June 2026","02-Jun-2026 19:05:10","2026-06-02 19:05:10","02-Jun-2026 19:05:11","00:00:01","https://nsearchives.nseindia.com/corporate/NESTLEIND1_02062026190405_InvestorsMeetOutcome2June2026signed.pdf"
"NESTLEIND","Nestle India Limited","Copy of Newspaper Publication","Nestle India Limited has informed the Exchange about Copy of Newspaper Publication - Public Notice before dispatch of Notice for the 67th Annual GeneralMeeting ( AGM ) and Annual Report for financial year ended 31st March 2026","27-May-2026 19:32:52","2026-05-27 19:32:52","27-May-2026 19:32:53","00:00:01","https://nsearchives.nseindia.com/corporate/NESTLEIND1_27052026193220_Prediscpatchintimationsigned.pdf"
"NESTLEIND","Nestle India Limited","General Updates","Nestle India Limited has informed the Exchange about Intimation of participation in investor conference(s) scheduled for 2nd June 2026 and 3rd June 2026","26-May-2026 18:31:27","2026-05-26 18:31:27","26-May-2026 18:31:29","00:00:02","https://nsearchives.nseindia.com/corporate/NESTLEIND1_26052026183053_InstitutionalInvestorsMeetJune2026signed.pdf"
"NESTLEIND","Nestle India Limited","Updates","Nestle India Limited has informed the Exchange regarding 'Newspaper advertisement dated 19th May 2026   Public Notice regarding loss of share certificate(s)'.","19-May-2026 18:33:30","2026-05-19 18:33:30","19-May-2026 18:33:31","00:00:01","https://nsearchives.nseindia.com/corporate/NESTLEIND1_19052026183015_NewspaperAdvt19052026signed.pdf"
"NESTLEIND","Nestle India Limited","General Updates","Nestle India Limited has informed the Exchange about Update on a one-on-one meet with an analyst held on 12th May 2026","12-May-2026 17:20:41","2026-05-12 17:20:41","12-May-2026 17:20:42","00:00:01","https://nsearchives.nseindia.com/corporate/NESTLEIND1_12052026171823_AnalystMeetOutcome12May2026signed.pdf"
"NESTLEIND","Nestle India Limited","Updates","Nestle India Limited has informed the Exchange regarding 'Newspaper advertisement   Public Notice regarding intimation to the shareholders about 100-Days Campaign by IEPFA - Saksham Niveshak '.","08-May-2026 15:21:09","2026-05-08 15:21:09","08-May-2026 15:21:10","00:00:01","https://nsearchives.nseindia.com/corporate/NESTLEIND1_08052026151434_NewspaperAdvt08052026SIGNED.pdf"
"NESTLEIND","Nestle India Limited","General Updates","Nestle India Limited has informed the Exchange about Intimation of a one-on-one meet with an analyst scheduled to be held on 12th May 2026","07-May-2026 17:59:01","2026-05-07 17:59:01","07-May-2026 17:59:03","00:00:02","https://nsearchives.nseindia.com/corporate/NESTLEIND1_07052026175648_AnalystsMeet12May2026signed.pdf"
"NESTLEIND","Nestle India Limited","Updates","Nestle India Limited has informed the Exchange regarding 'Newspaper advertisement dated 24.04.2026   Public Notice regarding loss of share certificate(s)'.","24-Apr-2026 17:36:26","2026-04-24 17:36:26","24-Apr-2026 17:36:27","00:00:01","https://nsearchives.nseindia.com/corporate/NESTLEIND1_24042026173550_NewspaperAdvt24042026signed.pdf"
"NESTLEIND","Nestle India Limited","General Updates","Nestle India Limited has informed the Exchange about Disclosure under Regulation 30(5) of the SEBI (Listing Obligations and Disclosure Requirements) Regulations, 2015","21-Apr-2026 19:52:08","2026-04-21 19:52:08","21-Apr-2026 19:52:09","00:00:01","https://nsearchives.nseindia.com/corporate/NESTLEIND1_21042026195134_Regulation30_5_MaterialityofEventsigned.pdf"
"NESTLEIND","Nestle India Limited","General Updates","Nestle India Limited has informed the Exchange about convening of 67th Annual General Meeting (""AGM"") on Friday, 3rd July 2026 through Video Conferencing/ OtherAudio-Visual Means (VC/ OAVM).","21-Apr-2026 14:29:49","2026-04-21 14:29:49","21-Apr-2026 14:29:50","00:00:01","https://nsearchives.nseindia.com/corporate/NESTLEIND1_21042026142932_AFRs31032026signed.pdf"
"NESTLEIND","Nestle India Limited","Press Release","Nestle India Limited has informed the Exchange regarding a press release dated April 21, 2026, titled ""Consumer First. Brand Strong. Future Ready"".","21-Apr-2026 14:28:04","2026-04-21 14:28:04","21-Apr-2026 14:28:05","00:00:01","https://nsearchives.nseindia.com/corporate/NESTLEIND1_21042026142731_AFRs31032026signed.pdf"
"NESTLEIND","Nestle India Limited","Record Date","Nestle India Limited has informed the Exchange that Record date for the purpose of Final Dividend  is 10-Jul-2026.","21-Apr-2026 14:25:04","2026-04-21 14:25:04","21-Apr-2026 14:25:05","00:00:01","https://nsearchives.nseindia.com/corporate/NESTLEIND1_21042026141833_AFRs31032026signed.pdf"
"NESTLEIND","Nestle India Limited","Dividend","Nestle India Limited has informed the Exchange that Board of Directors at its meeting held on April 21, 2026, recommended Final Dividend of Rs. 5 per equity share.","21-Apr-2026 14:17:13","2026-04-21 14:17:13","21-Apr-2026 14:17:14","00:00:01","https://nsearchives.nseindia.com/corporate/NESTLEIND1_21042026141637_AFRs31032026signed.pdf"
"NESTLEIND","Nestle India Limited","Outcome of Board Meeting","Nestle India Limited has submitted to the Exchange, the financial results for the fourth quarter and financial year ended 31st March 2026.","21-Apr-2026 14:15:02","2026-04-21 14:15:02","21-Apr-2026 14:15:03","00:00:01","https://nsearchives.nseindia.com/corporate/NESTLEIND1_21042026141342_AFRs31032026signed.pdf"
"NESTLEIND","Nestle India Limited","Updates","Nestle India Limited has informed the Exchange regarding 'Newspaper advertisement   Public Notice regarding Intimation to the shareholders about opening of Special Window by SEBI for Transfer and Dematerialisation of Physical Securities'.","14-Apr-2026 22:10:36","2026-04-14 22:10:36","14-Apr-2026 22:10:37","00:00:01","https://nsearchives.nseindia.com/corporate/NESTLEIND1_14042026220941_NewspaperAdvt13042026signed.pdf"
"NESTLEIND","Nestle India Limited","Certificate under SEBI (Depositories and Participants) Regulations, 2018","Nestle India Limited has informed the Exchange about Certificate under Regulation 74 (5) of the SEBI (Depositories and Participants) Regulations, 2018 for the quarter ended 31st March 2026","08-Apr-2026 16:27:12","2026-04-08 16:27:12","08-Apr-2026 16:27:13","00:00:01","https://nsearchives.nseindia.com/corporate/NESTLEIND1_08042026162628_StxIntimation745FYQ42526signed.pdf"
"NESTLEIND","Nestle India Limited","Disclosure under SEBI Takeover Regulations","Nestle S A has Submitted to the Exchange a copy of Disclosure under Regulation 31(4) of the Securities and Exchange Board of India (Substantial Acquisition of Shares and Takeovers) Regulations, 2011.","07-Apr-2026 19:02:14","2026-04-07 19:02:14","07-Apr-2026 19:02:15","00:00:01","https://nsearchives.nseindia.com/corporate/team_bbodade_06042026174926_NESTLEIND.pdf"
"NESTLEIND","Nestle India Limited","Capacity addition","Nestle India Limited has informed the Exchange about intimation regarding an addition of a new Maggi Noodles production line at the Sanand Factory, Gujarat","01-Apr-2026 18:50:29","2026-04-01 18:50:29","01-Apr-2026 18:50:30","00:00:01","https://nsearchives.nseindia.com/corporate/NESTLEIND1_01042026184954_STXIntimation01042026signed.pdf"
"NESTLEIND","Nestle India Limited","Trading Window","Nestle India Limited has informed the Exchange regarding the Trading Window closure pursuant to SEBI (Prohibition of Insider Trading) Regulations, 2015","24-Mar-2026 17:52:08","2026-03-24 17:52:08","24-Mar-2026 17:52:09","00:00:01","https://nsearchives.nseindia.com/corporate/NESTLEIND1_24032026175146_TradingWindowClosureSEintimation24032026signed.pdf"
"NESTLEIND","Nestle India Limited","General Updates","Nestle India Limited has informed the Exchange about Update on a one-on-one meet (virtual) with an institutional investor held on 23rd March 2026","23-Mar-2026 17:20:02","2026-03-23 17:20:02","23-Mar-2026 17:20:03","00:00:01","https://nsearchives.nseindia.com/corporate/NESTLEIND1_23032026171927_Investor_Meet_Outcome_23Mar2026signed.pdf"
"NESTLEIND","Nestle India Limited","Capacity addition","Nestle India Limited has informed the Exchange about  the addition of a new Munch production line at the Sanand Factory, Gujarat","19-Mar-2026 16:07:32","2026-03-19 16:07:32","19-Mar-2026 16:07:33","00:00:01","https://nsearchives.nseindia.com/corporate/NESTLEIND1_19032026160606_BSENSEMunch19032026signed.pdf"
"NESTLEIND","Nestle India Limited","General Updates","Nestle India Limited has informed the Exchange about Update on a one-on-one meet (virtual) with an institutional investor held on 17th March 2026","17-Mar-2026 18:58:24","2026-03-17 18:58:24","17-Mar-2026 18:58:25","00:00:01","https://nsearchives.nseindia.com/corporate/NESTLEIND1_17032026185806_Investor_Meet_Outcome_17Mar2026signed.pdf"
"NESTLEIND","Nestle India Limited","General Updates","Nestle India Limited has informed the Exchange about update on a one-on-one meet (virtual) with an institutional investor","16-Mar-2026 18:15:25","2026-03-16 18:15:25","16-Mar-2026 18:15:25","00:00:00","https://nsearchives.nseindia.com/corporate/NESTLEIND1_16032026181019_Investor_Meet_Outcome_16Mar2026signed.pdf"
"NESTLEIND","Nestle India Limited","Shareholders meeting","Nestle India Limited has submitted the Exchange a copy Srutinizers report of  Postal Ballot. Further, the company has informed the Exchange regarding voting results.","13-Mar-2026 19:53:39","2026-03-13 19:53:39","13-Mar-2026 19:53:40","00:00:01","https://nsearchives.nseindia.com/corporate/NESTLEIND1_13032026195220_IntimationofpostalballotVotingResultssigned.pdf"
"NESTLEIND","Nestle India Limited","General Updates","Nestle India Limited has informed the Exchange about Intimation of one-on-one meet(s) with institutional investor(s)","09-Mar-2026 19:29:15","2026-03-09 19:29:15","09-Mar-2026 19:29:15","00:00:00","https://nsearchives.nseindia.com/corporate/NESTLEIND1_09032026192847_InstitutionalInvestorsMeet16Mar2026signed.pdf"
"NESTLEIND","Nestle India Limited","Change in Management","Nestle India Limited has informed the Exchange about disclosure of changes in the Senior Management of the Company","06-Mar-2026 16:19:41","2026-03-06 16:19:41","06-Mar-2026 16:19:41","00:00:00","https://nsearchives.nseindia.com/corporate/NESTLEIND1_06032026161847_CommunicationChangeinSMP06032026signed.pdf"
"NESTLEIND","Nestle India Limited","Copy of Newspaper Publication","Nestle India Limited has informed the Exchange about Copy of Newspaper Publication - Public Notice regarding loss of share certificates","25-Feb-2026 18:08:06","2026-02-25 18:08:06","25-Feb-2026 18:08:07","00:00:01","https://nsearchives.nseindia.com/corporate/NESTLEIND1_25022026180733_IntimationLossNewspaperAdvt2026signed.pdf"
"NESTLEIND","Nestle India Limited","General Updates","Nestle India Limited has informed the Exchange about Newspaper advertisement regarding dispatch of Notice of Postal Ballot electronically","12-Feb-2026 19:49:01","2026-02-12 19:49:01","12-Feb-2026 19:49:02","00:00:01","https://nsearchives.nseindia.com/corporate/NESTLEIND1_12022026194715_NewspaperadvertisementforPostalBallotsigned.pdf"
"NESTLEIND","Nestle India Limited","Shareholders meeting","Nestle India Limited has informed the Exchange regarding Notice of Postal Ballot","11-Feb-2026 18:11:40","2026-02-11 18:11:40","11-Feb-2026 18:11:40","00:00:00","https://nsearchives.nseindia.com/corporate/NESTLEIND1_11022026180910_NestleIndiaNoticeofPostalBallot30012026signed.pdf"
"NESTLEIND","Nestle India Limited","Press Release","Nestle India Limited has informed the Exchange regarding a press release dated January 30, 2026, titled ""Strong Double-Digit Sales Growth and Record Turnover Mark SuccessfulQuarter for Nestlé India"".","30-Jan-2026 14:32:54","2026-01-30 14:32:54","30-Jan-2026 14:32:55","00:00:01","https://nsearchives.nseindia.com/corporate/NESTLEIND1_30012026143213_BSENSEOutcomeResults30012026signed.pdf"
"NESTLEIND","Nestle India Limited","General Updates","Nestle India Limited has informed the Exchange that Board of Directors approved (in-principle) investments in two special purpose vehicles (SPVs), subject to customary closing conditions, for establishing captive renewable energy power plants","30-Jan-2026 14:30:32","2026-01-30 14:30:32","30-Jan-2026 14:30:33","00:00:01","https://nsearchives.nseindia.com/corporate/NESTLEIND1_30012026143006_BSENSEOutcomeResults30012026signed.pdf"
"NESTLEIND","Nestle India Limited","Change in Management","Nestle India Limited has informed the Exchange about: a) appointment of Mr. Edouard Dominique Jean Mac Nab as an Additional Director and Whole-time Director (KMP); b) recommended to the members the appointment of Mr. Jagdeep Singh Marahar, as a Whole-time Director (KMP) w.e.f. 1st June 2026, and appointment of Mr. Jagdeep Singh Marahar as Head of Technical (KMP) w.e.f. 1st May 2026; and c) recommended to the members the appointment of Mr. Mandeep Singh Chhatwal as Non-Executive Directors w.e.f. 1st January 2026.","30-Jan-2026 14:20:14","2026-01-30 14:20:14","30-Jan-2026 14:20:15","00:00:01","https://nsearchives.nseindia.com/corporate/NESTLEIND1_30012026141052_BSENSEOutcomeResults30012026signed.pdf"
"NESTLEIND","Nestle India Limited","Appointment","Nestle India Limited has informed the Exchange regarding Appointment of Mr Edouard Dominique Jean Mac Nab as Executive Director of the company w.e.f. March 01, 2026.","30-Jan-2026 14:04:57","2026-01-30 14:04:57","30-Jan-2026 14:04:58","00:00:01","https://nsearchives.nseindia.com/corporate/NESTLEIND1_30012026135811_BSENSEOutcomeResults30012026signed.pdf"
"NESTLEIND","Nestle India Limited","Appointment","Nestle India Limited has informed the Exchange regarding Appointment of Mr Edouard Dominique Jean Mac Nab as Chief Financial Officer of the company w.e.f. March 01, 2026.","30-Jan-2026 14:04:57","2026-01-30 14:04:57","30-Jan-2026 14:04:58","00:00:01","https://nsearchives.nseindia.com/corporate/NESTLEIND1_30012026140406_BSENSEOutcomeResults30012026signed.pdf"
"NESTLEIND","Nestle India Limited","Dividend","Nestle India Limited has informed the Exchange that Board of Directors at its meeting held on January 30, 2026, declared Interim Dividend of Rs. 7 per equity share.","30-Jan-2026 13:52:36","2026-01-30 13:52:36","30-Jan-2026 13:52:37","00:00:01","https://nsearchives.nseindia.com/corporate/NESTLEIND1_30012026135218_BSENSEOutcomeResults30012026signed.pdf"
"NESTLEIND","Nestle India Limited","Outcome of Board Meeting","Nestle India Limited has submitted to the Exchange, the unaudited financial results (standalone and consolidated) for third quarter and nine months ended 31st December 2025.","30-Jan-2026 13:50:52","2026-01-30 13:50:52","30-Jan-2026 13:50:53","00:00:01","https://nsearchives.nseindia.com/corporate/NESTLEIND1_30012026134958_BSENSEOutcomeResults30012026signed.pdf"
"NESTLEIND","Nestle India Limited","Copy of Newspaper Publication","Nestle India Limited has informed the Exchange about Copy of Newspaper Publication - Notice to the shareholders for KYC updation","28-Jan-2026 19:32:12","2026-01-28 19:32:12","28-Jan-2026 19:32:13","00:00:01","https://nsearchives.nseindia.com/corporate/NESTLEIND1_28012026193133_NewspaperAdvt28012026signed.pdf"
"NESTLEIND","Nestle India Limited","Updates","Nestle India Limited has informed the Exchange regarding 'Re-Lodgement of transfer requests of physical shares for the period 1st December 2025 to 6th January 2026'.","27-Jan-2026 15:29:07","2026-01-27 15:29:07","27-Jan-2026 15:29:08","00:00:01","https://nsearchives.nseindia.com/corporate/NESTLEIND1_27012026152815_STXIntimation27012026signed.pdf"
"NESTLEIND","Nestle India Limited","Pendency of Litigation(s)/dispute(s) or the outcome impacting the Company","Nestle India Limited has informed the Exchange about Update on material litigations (Income Tax related matters)","21-Jan-2026 21:47:21","2026-01-21 21:47:21","21-Jan-2026 21:47:23","00:00:02","https://nsearchives.nseindia.com/corporate/NESTLEIND1_21012026214411_intimationUpdateonongoinglitigations21012026signed.pdf"
"NESTLEIND","Nestle India Limited","Copy of Newspaper Publication","Nestle India Limited has informed the Exchange about Copy of Newspaper Publication - Public Notice regarding loss of share certificates","21-Jan-2026 19:16:42","2026-01-21 19:16:42","21-Jan-2026 19:16:43","00:00:01","https://nsearchives.nseindia.com/corporate/NESTLEIND1_21012026191555_IntimationLossNewspaperAdvt21012026signed.pdf"
"NESTLEIND","Nestle India Limited","General Updates","Nestle India Limited has informed the Exchange about nomination of Mr. Edouard Mac Nab as Executive Director   Finance & Control and CFO (KMP) w.e.f. 1st March 2026, subject to approvals","16-Jan-2026 18:54:03","2026-01-16 18:54:03","16-Jan-2026 18:54:04","00:00:01","https://nsearchives.nseindia.com/corporate/NESTLEIND1_16012026185239_STX_intimation__WTD-CFOsigned.pdf"
"NESTLEIND","Nestle India Limited","Record Date","Intimation of record date as per the prescribed format, for determining entitlement of the members to the interim dividend for the Financial Year 2025-26, if any, as may be declared by the Board of Directors on 30th January 2026","16-Jan-2026 16:36:02","2026-01-16 16:36:02","16-Jan-2026 16:36:03","00:00:01","https://nsearchives.nseindia.com/corporate/NESTLEIND1_16012026162957_IAMT202526signed.pdf"
"NESTLEIND","Nestle India Limited","Certificate under SEBI (Depositories and Participants) Regulations, 2018","Nestle India Limited has informed the Exchange about Certificate under Regulation 74(5) of SEBI (DP) Regulations, 2018 for the quarter ended 31st December 2025","07-Jan-2026 18:17:05","2026-01-07 18:17:05","07-Jan-2026 18:17:06","00:00:01","https://nsearchives.nseindia.com/corporate/NESTLEIND1_07012026181547_STXintimationDPReg745Q3FY202526signed.pdf"
"NESTLEIND","Nestle India Limited","General Updates","Nestle India Limited has informed the Exchange about intimation under Regulation 30 and Schedule III of the SEBI Listing Regulations 2015: Submission of copy of resignation email of Senior Management Personnel","06-Jan-2026 19:19:38","2026-01-06 19:19:38","06-Jan-2026 19:19:39","00:00:01","https://nsearchives.nseindia.com/corporate/NESTLEIND1_06012026191846_STXCommunicationResignationEmailSMPsigned.pdf"
"NESTLEIND","Nestle India Limited","Trading Window","Nestle India Limited has informed the Exchange regarding the Trading Window closure pursuant to SEBI (Prohibition of Insider Trading) Regulations, 2015","17-Dec-2025 17:14:41","2025-12-17 17:14:41","17-Dec-2025 17:14:43","00:00:02","https://nsearchives.nseindia.com/corporate/NESTLEIND1_17122025171358_TradingWindowClosureSEintimationsigned.pdf"
"NESTLEIND","Nestle India Limited","Action(s) taken or orders passed","Nestle India Limited has informed the Exchange about Action(s) taken or orders passed","12-Dec-2025 17:22:08","2025-12-12 17:22:08","12-Dec-2025 17:22:08","00:00:00","https://nsearchives.nseindia.com/corporate/NESTLEIND1_12122025172025_STXIntimationGSTOrder12122025signed.pdf"
"NESTLEIND","Nestle India Limited","General Updates","Nestle India Limited has informed the Exchange about Update on one-on-one meet(s) with institutional investor(s) held on 10th December 2025","10-Dec-2025 18:52:33","2025-12-10 18:52:33","10-Dec-2025 18:52:34","00:00:01","https://nsearchives.nseindia.com/corporate/NESTLEIND1_10122025185211_InvestorMeetOutcome10thDec2025signed.pdf"
"NESTLEIND","Nestle India Limited","Change in Management","Nestle India Limited has informed the Exchange about changes in the Directors and Senior Management of the Company","10-Dec-2025 17:29:42","2025-12-10 17:29:42","10-Dec-2025 17:29:43","00:00:01","https://nsearchives.nseindia.com/corporate/NESTLEIND1_10122025172903_STXintimation10122025signed.pdf"
"NESTLEIND","Nestle India Limited","Updates","Nestle India Limited has informed the Exchange regarding 'Re-lodgement of Transfer Requests of Physical Shares for the month ended 30th November 2025'.","09-Dec-2025 16:16:26","2025-12-09 16:16:26","09-Dec-2025 16:16:26","00:00:00","https://nsearchives.nseindia.com/corporate/NESTLEIND1_09122025161536_RelodgementofTransferRequestsofPhysicalSharesNov2025signed.pdf"
"NESTLEIND","Nestle India Limited","General Updates","Nestle India Limited has informed the Exchange about update on a one-on-one meet with an analyst held on 5th December 2025","05-Dec-2025 13:14:10","2025-12-05 13:14:10","05-Dec-2025 13:14:11","00:00:01","https://nsearchives.nseindia.com/corporate/NESTLEIND1_05122025131326_InvestorMeetOutcome5thDec2025signed.pdf"
"NESTLEIND","Nestle India Limited","General Updates","Nestle India Limited has informed the Exchange about Intimation of one-on-one meet(s) with institutional investor(s) scheduled on 10th December 2025","04-Dec-2025 18:20:29","2025-12-04 18:20:29","04-Dec-2025 18:20:29","00:00:00","https://nsearchives.nseindia.com/corporate/NESTLEIND1_04122025181421_InstitutionalInvestorsMeet10Dec2025signed.pdf"
"NESTLEIND","Nestle India Limited","General Updates","Nestle India Limited has informed the Exchange about Update on one-on-one meet(s) with analyst(s) held on 4th December 2025","04-Dec-2025 17:57:09","2025-12-04 17:57:09","04-Dec-2025 17:57:10","00:00:01","https://nsearchives.nseindia.com/corporate/NESTLEIND1_04122025175630_InvestorMeetOutcome4thDec2025signed.pdf"
"NESTLEIND","Nestle India Limited","General Updates","Nestle India Limited has informed the Exchange about update on a meet with group of institutional investors and analysts held on 2nd December 2025","02-Dec-2025 22:55:45","2025-12-02 22:55:45","02-Dec-2025 22:55:46","00:00:01","https://nsearchives.nseindia.com/corporate/NESTLEIND1_02122025225248_InvestorMeetOutcome2ndDec2025signed.pdf"
"NESTLEIND","Nestle India Limited","Action(s) taken or orders passed","Nestle India Limited has informed the Exchange about Intimation regarding receipt of an Order from Office of the Commissioner of GST and Central Excise, Chennai for the tax period 2018-23","02-Dec-2025 16:21:41","2025-12-02 16:21:41","02-Dec-2025 16:21:42","00:00:01","https://nsearchives.nseindia.com/corporate/NESTLEIND1_02122025161618_STXIntimationGSTOrder02122025signed.pdf"
"NESTLEIND","Nestle India Limited","General Updates","Nestle India Limited has informed the Exchange about update on Analyst/ Institutional Investor Meet - Virtual participation in a investor conference held on 28th November 2025","28-Nov-2025 17:51:06","2025-11-28 17:51:06","28-Nov-2025 17:51:07","00:00:01","https://nsearchives.nseindia.com/corporate/NESTLEIND1_28112025174758_InvestorsMeetOutcome28Nov2025signed.pdf"
"NESTLEIND","Nestle India Limited","General Updates","Nestle India Limited has informed the Exchange about intimation of one-on-one meet(s) with analyst(s) scheduled on 4th December 2025 and 5th December 2025","28-Nov-2025 14:57:19","2025-11-28 14:57:19","28-Nov-2025 14:57:21","00:00:02","https://nsearchives.nseindia.com/corporate/NESTLEIND1_28112025145607_InstitutionalInvestorsMeet_4thDecember2025signed.pdf"
"NESTLEIND","Nestle India Limited","General Updates","Nestle India Limited has informed the Exchange about intimation of a meet with group of institutional investors and analysts scheduled on 2nd December 2025 in Mumbai, India","26-Nov-2025 18:09:32","2025-11-26 18:09:32","26-Nov-2025 18:09:33","00:00:01","https://nsearchives.nseindia.com/corporate/NESTLEIND1_26112025180852_InstitutionalInvestorsMeet_2Dec2025SIGNED.pdf"
"NESTLEIND","Nestle India Limited","General Updates","Nestle India Limited has informed the Exchange about General Updates","25-Nov-2025 21:52:00","2025-11-25 21:52:00","25-Nov-2025 21:52:00","00:00:00","https://nsearchives.nseindia.com/corporate/NESTLEIND1_25112025215148_Investor_Meet_Outcome_25Nov2025signed.pdf"
"NESTLEIND","Nestle India Limited","General Updates","Nestle India Limited has informed the Exchange about intimation of Analyst/ Institutional Investor Meet - virtual participation in a investor conference on 28th November 2025","24-Nov-2025 17:41:41","2025-11-24 17:41:41","24-Nov-2025 17:41:42","00:00:01","https://nsearchives.nseindia.com/corporate/NESTLEIND1_24112025174116_InstitutionalInvestorsMeet28Nov2025signed.pdf"
"NESTLEIND","Nestle India Limited","General Updates","Nestle India Limited has informed the Exchange about Update on a one-on-one meet with an analyst held on 24th November 2025","24-Nov-2025 13:07:49","2025-11-24 13:07:49","24-Nov-2025 13:07:49","00:00:00","https://nsearchives.nseindia.com/corporate/NESTLEIND1_24112025130715_Investor_Meet_Outcome_24Nov2025signed.pdf"
"NESTLEIND","Nestle India Limited","Appointment","Nestle India Limited has informed the Exchange regarding Appointment of Mr Mandeep Chhatwal as an Additional Director (Non- Executive Director) of the Company w.e.f. January 01, 2026.","20-Nov-2025 23:55:57","2025-11-20 23:55:57","20-Nov-2025 23:55:58","00:00:01","https://nsearchives.nseindia.com/corporate/NESTLEIND1_20112025235412_IntimationAppointmentofNEDsigned.pdf"
"NESTLEIND","Nestle India Limited","General Updates","Nestle India Limited has informed the Exchange about intimation of one-on-one meet(s) with analyst(s) / institutional investor(s) scheduled on 24th November 2025 and 25th November 2025.","19-Nov-2025 16:31:02","2025-11-19 16:31:02","19-Nov-2025 16:31:02","00:00:00","https://nsearchives.nseindia.com/corporate/NESTLEIND1_19112025162935_InstitutionalInvestorsMeet2425Nov2025signed.pdf"
"NESTLEIND","Nestle India Limited","Copy of Newspaper Publication","Nestle India Limited has informed the Exchange about Copy of Newspaper Publication - Public Notice regarding loss of share certificates","14-Nov-2025 04:56:44","2025-11-14 04:56:44","14-Nov-2025 04:56:45","00:00:01","https://nsearchives.nseindia.com/corporate/NESTLEIND1_14112025045545_IntimationLossNewspaperAdvt2025signed.pdf"
"NESTLEIND","Nestle India Limited","Updates","Nestle India Limited has informed the Exchange regarding 'Re-lodgement of Transfer Requests of Physical Shares: RTA Report for the month ended 31.10.2025'.","12-Nov-2025 17:44:55","2025-11-12 17:44:55","12-Nov-2025 17:44:56","00:00:01","https://nsearchives.nseindia.com/corporate/NESTLEIND1_12112025174330_STXRelodgementofTransferRequestsofPhysicalSharesOct2025signed.pdf"
"NESTLEIND","Nestle India Limited","General Updates","Nestle India Limited has informed the Exchange about update on a one-on-one meet with an institutional investor held on 12th November 2025","12-Nov-2025 12:56:53","2025-11-12 12:56:53","12-Nov-2025 12:56:55","00:00:02","https://nsearchives.nseindia.com/corporate/NESTLEIND1_12112025125552_Investor_Meet_Outcome_12Nov2025signed.pdf"
"NESTLEIND","Nestle India Limited","Resignation","Nestle India Limited has informed the Exchange regarding Resignation of Mr Anurag Patnaik as Other of the company w.e.f. December 31, 2025.","10-Nov-2025 18:39:31","2025-11-10 18:39:31","10-Nov-2025 18:39:32","00:00:01","https://nsearchives.nseindia.com/corporate/NESTLEIND1_10112025183816_CommunicationCessationofSMPsigned.pdf"
"NESTLEIND","Nestle India Limited","General Updates","Nestle India Limited has informed the Exchange about Intimation of a one-on-one meet with an institutional investor scheduled on 12th November 2025","06-Nov-2025 18:27:46","2025-11-06 18:27:46","06-Nov-2025 18:27:48","00:00:02","https://nsearchives.nseindia.com/corporate/NESTLEIND1_06112025182551_InstitutionalInvestorsMeet12thNovember2025signed.pdf"
"NESTLEIND","Nestle India Limited","Copy of Newspaper Publication","Nestle India Limited has informed the Exchange about Copy of Newspaper Publication   Public Notice regarding loss of share certificates published on 4th November 2025","04-Nov-2025 18:29:30","2025-11-04 18:29:30","04-Nov-2025 18:29:31","00:00:01","https://nsearchives.nseindia.com/corporate/NESTLEIND1_04112025182831_STXIntLossNewspaperAdvt2025signed.pdf"
"NESTLEIND","Nestle India Limited","Press Release","Nestle India Limited has informed the Exchange regarding a press release dated October 16, 2025 relating to Unaudited Financial Results, titled ""Nestlé India delivers volume led double-digit sales growth""","16-Oct-2025 12:05:15","2025-10-16 12:05:15","16-Oct-2025 12:05:17","00:00:02","https://nsearchives.nseindia.com/corporate/NESTLEIND1_16102025120451_NestleIndiaOutcomeUFRsQ2FY202526signed.pdf"
"NESTLEIND","Nestle India Limited","Outcome of Board Meeting","Nestle India Limited has submitted to the Exchange, the financial results for the period ended September 30, 2025.","16-Oct-2025 11:49:22","2025-10-16 11:49:22","16-Oct-2025 11:49:23","00:00:01","https://nsearchives.nseindia.com/corporate/NESTLEIND1_16102025114753_NestleIndiaOutcomeUFRsQ2FY202526signed.pdf"
"NESTLEIND","Nestle India Limited","Change in Management","Nestle India Limited has informed the Exchange about disclosure of changes in the Senior Management of the Company","10-Oct-2025 16:22:21","2025-10-10 16:22:21","10-Oct-2025 16:22:21","00:00:00","https://nsearchives.nseindia.com/corporate/NESTLEIND1_10102025161958_NestleIndiaIntimationtotheStockExchangesSeniorManagementChangessigned.pdf"
"NESTLEIND","Nestle India Limited","Certificate under SEBI (Depositories and Participants) Regulations, 2018","Nestle India Limited has informed the Exchange about Certificate under Regulation 74 (5) of the SEBI (Depositories and Participants) Regulations, 2018 for the quarter ended 30th September 2025","08-Oct-2025 13:03:23","2025-10-08 13:03:23","08-Oct-2025 13:03:24","00:00:01","https://nsearchives.nseindia.com/corporate/NESTLEIND1_08102025130231_STXintimationCertificate745Q2FY202526signed.pdf"
"NESTLEIND","Nestle India Limited","Updates","Nestle India Limited has informed the Exchange regarding 'Re-lodgement of Transfer Requests of Physical Shares'.","06-Oct-2025 18:20:34","2025-10-06 18:20:34","06-Oct-2025 18:20:34","00:00:00","https://nsearchives.nseindia.com/corporate/NESTLEIND1_06102025181734_STXRelodgementofTransferRequestsofPhysicalSharessept2025signed.pdf"
"NESTLEIND","Nestle India Limited","Copy of Newspaper Publication","Nestle India Limited has informed the Exchange about Copy of Newspaper Publication - Notice to the shareholders for transfer of equity shares of the Company","02-Oct-2025 17:49:19","2025-10-02 17:49:19","02-Oct-2025 17:49:20","00:00:01","https://nsearchives.nseindia.com/corporate/NESTLEIND1_02102025174212_NewspaperAdvSTXsigned.pdf"
"NESTLEIND","Nestle India Limited","Capacity addition","Nestle India Limited has informed the Exchange about addition of a new Maggi Noodles production line at the Sanand Factory, Gujarat","01-Oct-2025 22:33:07","2025-10-01 22:33:07","01-Oct-2025 22:33:08","00:00:01","https://nsearchives.nseindia.com/corporate/NESTLEIND1_01102025223055_NestleIndiaIntimationReCapacityAdditionatSanandFactorysigned.pdf"
"NESTLEIND","Nestle India Limited","Updates","Nestle India Limited has informed the Exchange regarding Press Note titled  Nestle India signs MOU with Ministry of Food Processing Industries at World Food India Summit .","30-Sep-2025 19:14:15","2025-09-30 19:14:15","30-Sep-2025 19:14:16","00:00:01","https://nsearchives.nseindia.com/corporate/NESTLEIND1_30092025190905_PressNoteMOU30thSep2025signed.pdf"
"NESTLEIND","Nestle India Limited","General Updates","Nestle India Limited has informed the Exchange about update on one-on-one meet(s) with institutional investor(s) held on 29th September 2025","29-Sep-2025 15:58:08","2025-09-29 15:58:08","29-Sep-2025 15:58:08","00:00:00","https://nsearchives.nseindia.com/corporate/NESTLEIND1_29092025155732_InvestorMeetOutcome29Sep2025signed.pdf"
"NESTLEIND","Nestle India Limited","General Updates","Nestle India Limited has informed the Exchange about Nomination of Mr. Mandeep Chhatwal as non-executive director w.e.f. 1st January 2026, subject to approvals","26-Sep-2025 21:37:24","2025-09-26 21:37:24","26-Sep-2025 21:37:25","00:00:01","https://nsearchives.nseindia.com/corporate/NESTLEIND1_26092025213446_STXINTIMATION26092025signed.pdf"
"NESTLEIND","Nestle India Limited","General Updates","Nestle India Limited has informed the Exchange about update on a one-on-one meet (virtual) with an institutional investor held on 25th September 2025","25-Sep-2025 13:45:58","2025-09-25 13:45:58","25-Sep-2025 13:45:59","00:00:01","https://nsearchives.nseindia.com/corporate/NESTLEIND1_25092025134541_InvestorMeetOutcome25Sep2025signed.pdf"
"NESTLEIND","Nestle India Limited","Trading Window","Nestle India Limited has informed the Exchange regarding the Trading Window closure pursuant to SEBI (Prohibition of Insider Trading) Regulations, 2015","25-Sep-2025 13:12:03","2025-09-25 13:12:03","25-Sep-2025 13:12:04","00:00:01","https://nsearchives.nseindia.com/corporate/NESTLEIND1_25092025131118_TradingWindowClosureSEintimationsigned.pdf"
"NESTLEIND","Nestle India Limited","General Updates","Nestle India Limited has informed the Exchange about intimation of one-on-one meet(s) with institutional investor(s) scheduled on 29th September 2025","24-Sep-2025 18:43:19","2025-09-24 18:43:19","24-Sep-2025 18:43:21","00:00:02","https://nsearchives.nseindia.com/corporate/NESTLEIND1_24092025184248_InstitutionalInvestorsMeet29Sep2025signed.pdf"
"NESTLEIND","Nestle India Limited","General Updates","Nestle India Limited has informed the Exchange about update on a one-on-one meet (virtual) with an institutional investor held on 23rd September 2025","23-Sep-2025 18:52:58","2025-09-23 18:52:58","23-Sep-2025 18:52:59","00:00:01","https://nsearchives.nseindia.com/corporate/NESTLEIND1_23092025185101_InvestorMeetOutcome23Sep2025signed.pdf"
"NESTLEIND","Nestle India Limited","General Updates","Nestle India Limited has informed the Exchange about update on a one-on-one meet with an analyst held on 23rd September 2025 at 10:00 A.M. (IST)","23-Sep-2025 12:06:41","2025-09-23 12:06:41","23-Sep-2025 12:06:43","00:00:02","https://nsearchives.nseindia.com/corporate/NESTLEIND1_23092025120522_AnalystMeetOutcome23Sep2025signed.pdf"
"NESTLEIND","Nestle India Limited","General Updates","Nestle India Limited has informed the Exchange about intimation of a one-on-one meet (virtual) with an institutional investor on 25th September 2025 at 12:00 P.M. (IST).","22-Sep-2025 15:23:14","2025-09-22 15:23:14","22-Sep-2025 15:23:15","00:00:01","https://nsearchives.nseindia.com/corporate/NESTLEIND1_22092025152218_InstitutionalInvestorsMeet25thSeptember2025signed.pdf"
"NESTLEIND","Nestle India Limited","General Updates","Nestle India Limited has informed the Exchange about Press Note titled  Nestle India rolls-out GST rate reduction benefits for consumers"".","22-Sep-2025 15:12:52","2025-09-22 15:12:52","22-Sep-2025 15:12:53","00:00:01","https://nsearchives.nseindia.com/corporate/NESTLEIND1_22092025151207_STXintiationPressNoteGST22092025signed.pdf"
"NESTLEIND","Nestle India Limited","General Updates","Nestle India Limited has informed the Exchange about intimation of a one-on-one meet with an analyst scheduled on 23rd September 2025 at 10:00 A.M.","17-Sep-2025 18:20:21","2025-09-17 18:20:21","17-Sep-2025 18:20:22","00:00:01","https://nsearchives.nseindia.com/corporate/NESTLEIND1_17092025181757_Analyst_Meet_23rd_September_2025signed.pdf"
"NESTLEIND","Nestle India Limited","General Updates","Nestle India Limited has informed the Exchange about update on a one-on-one meet with an analyst","17-Sep-2025 16:55:43","2025-09-17 16:55:43","17-Sep-2025 16:55:44","00:00:01","https://nsearchives.nseindia.com/corporate/NESTLEIND1_17092025165350_Investor_Meet_Outcome_17Sep2025signed.pdf"
"NESTLEIND","Nestle India Limited","General Updates","Nestle India Limited has informed the Exchange about intimation of a one-on-one meet (virtual) scheduled on 23rd September 2025 with an Institutional Investor","16-Sep-2025 17:09:41","2025-09-16 17:09:41","16-Sep-2025 17:09:41","00:00:00","https://nsearchives.nseindia.com/corporate/NESTLEIND1_16092025170906_Institutional_Investors_Meet_23rd_September_2025signed.pdf"
"NESTLEIND","Nestle India Limited","Copy of Newspaper Publication","Nestle India Limited has informed the Exchange about Copy of Newspaper Publication - Public Notice regarding loss of share certificates","16-Sep-2025 17:04:47","2025-09-16 17:04:47","16-Sep-2025 17:04:48","00:00:01","https://nsearchives.nseindia.com/corporate/NESTLEIND1_16092025170346_NewspaperAdv16092025signed.pdf"
"NESTLEIND","Nestle India Limited","Copy of Newspaper Publication","Nestle India Limited has informed the Exchange about Copy of Newspaper Publication   Public Notice regarding loss of share certificates","12-Sep-2025 23:05:40","2025-09-12 23:05:40","12-Sep-2025 23:05:41","00:00:01","https://nsearchives.nseindia.com/corporate/NESTLEIND1_12092025230448_IntimationLossNewspaperAdvt2025FinalSIGNED.pdf"
"NESTLEIND","Nestle India Limited","General Updates","Nestle India Limited has informed the Exchange about intimation of one-on-one meet scheduled on 17th September 2025 with an analyst","11-Sep-2025 19:36:57","2025-09-11 19:36:57","11-Sep-2025 19:36:58","00:00:01","https://nsearchives.nseindia.com/corporate/NESTLEIND1_11092025193527_Analyst_Meet_17th_September_2025signed.pdf"
"NESTLEIND","Nestle India Limited","Updates","Nestle India Limited has informed the Exchange regarding 'Report on Re-lodgement of Transfer Requests of Physical Shares for the month ended 31st August 2025'.","10-Sep-2025 23:19:32","2025-09-10 23:19:32","10-Sep-2025 23:19:33","00:00:01","https://nsearchives.nseindia.com/corporate/NESTLEIND1_10092025231839_Re-lodgement_of_Transfer_Requests_of_Physical_Shares_sept_2025signed.pdf"
"NESTLEIND","Nestle India Limited","General Updates","Nestle India Limited has informed the Exchange about Update on one-on-one meet with an institutional investor","04-Sep-2025 13:36:32","2025-09-04 13:36:32","04-Sep-2025 13:36:33","00:00:01","https://nsearchives.nseindia.com/corporate/NESTLEIND1_04092025133522_InvestorMeetOutcome4Sep2025Signed.pdf"
"NESTLEIND","Nestle India Limited","General Updates","Nestle India Limited has informed the Exchange about Intimation of one-on-one meet with an institutional investor","29-Aug-2025 18:22:06","2025-08-29 18:22:06","29-Aug-2025 18:22:07","00:00:01","https://nsearchives.nseindia.com/corporate/NESTLEIND1_29082025182017_InstitutionalInvestorsMeet4thSeptember2025signed.pdf"
"NESTLEIND","Nestle India Limited","General Updates","Nestle India Limited has informed the Exchange about Update on one-on-one meet (virtual) with an institutional investor","28-Aug-2025 21:34:54","2025-08-28 21:34:54","28-Aug-2025 21:34:55","00:00:01","https://nsearchives.nseindia.com/corporate/NESTLEIND1_28082025213434_InvestorMeetOutcome28Aug2025signed.pdf"
"NESTLEIND","Nestle India Limited","General Updates","Nestle India Limited has informed the Exchange about Intimation of one-on-one meet (virtual) with an institutional investor","20-Aug-2025 17:49:23","2025-08-20 17:49:23","20-Aug-2025 17:49:24","00:00:01","https://nsearchives.nseindia.com/corporate/NESTLEIND1_20082025174623_Institutional_Investors_Meet_28_August_2025signed.pdf"
"NESTLEIND","Nestle India Limited","Shareholders meeting","Detailed proceedings of the Extraordinary General Meeting of the Company held on Thursday, 24th July 2025","18-Aug-2025 18:46:50","2025-08-18 18:46:50","18-Aug-2025 18:46:51","00:00:01","https://nsearchives.nseindia.com/corporate/NESTLEIND1_18082025184532_DetailedProceedingsOfTheEGMHeld24thJuly2025signed.pdf"
"NESTLEIND","Nestle India Limited","Allotment of Securities","Nestle India Limited has informed the Exchange regarding allotment of 964157160 number of equity shares of face value Re. 1/- each as fully paid-up bonus equity shares, pursuant to bonus issue at its meeting held on August 11, 2025","11-Aug-2025 09:47:07","2025-08-11 09:47:07","11-Aug-2025 09:47:08","00:00:01","https://nsearchives.nseindia.com/corporate/NESTLEIND1_11082025094551_Allotmentofsecuritiessigned.pdf"
"NESTLEIND","Nestle India Limited","Updates","Nestle India Limited has informed the Exchange regarding 'Re-lodgement of Transfer Requests of Physical Shares'.","07-Aug-2025 22:11:32","2025-08-07 22:11:32","07-Aug-2025 22:11:33","00:00:01","https://nsearchives.nseindia.com/corporate/NESTLEIND1_07082025221035_STXIntimation07082025signed.pdf"
"NESTLEIND","Nestle India Limited","Retirement","Nestle India Limited has informed the Exchange about Retirement of Mr. Suresh Narayanan as Chairman and Managing Director of the Company on 31st July 2025","31-Jul-2025 18:39:20","2025-07-31 18:39:20","31-Jul-2025 18:39:21","00:00:01","https://nsearchives.nseindia.com/corporate/NESTLEIND1_31072025183833_SNNretirementIntimationsigned.pdf"
"NESTLEIND","Nestle India Limited","Record Date","Nestle India Limited has informed the Exchange that Record date for the purpose of Bonus  is 08-Aug-2025.","29-Jul-2025 19:14:41","2025-07-29 19:14:41","29-Jul-2025 19:14:42","00:00:01","https://nsearchives.nseindia.com/corporate/NESTLEIND1_29072025190707_Recorddatebonussigned.pdf"
"NESTLEIND","Nestle India Limited","Shareholders meeting","Nestle India Limited has informed the Exchange with copy of detailed proceedings of the 66th Annual General Meeting ( 66th AGM ) of the Company held on Thursday, 26th June 2025","24-Jul-2025 20:22:44","2025-07-24 20:22:44","24-Jul-2025 20:22:45","00:00:01","https://nsearchives.nseindia.com/corporate/NESTLEIND1_24072025202140_STXDetailedProceedings66AGMsigned.pdf"
"NESTLEIND","Nestle India Limited","Shareholders meeting","Nestle India Limited has submitted the Exchange a copy Srutinizers report of  Extraordinary General Meeting held on July 24, 2025. Further, the company has informed the Exchange regarding voting results.","24-Jul-2025 20:06:00","2025-07-24 20:06:00","24-Jul-2025 20:06:01","00:00:01","https://nsearchives.nseindia.com/corporate/NESTLEIND1_24072025200217_ScrutinizersReportVotingResultssigned.pdf"
"NESTLEIND","Nestle India Limited","Shareholders meeting","Nestle India Limited has informed the Exchange regarding summary proceedings of the Extraordinary General Meeting of the Company held on July 24, 2025.","24-Jul-2025 18:59:52","2025-07-24 18:59:52","24-Jul-2025 18:59:53","00:00:01","https://nsearchives.nseindia.com/corporate/NESTLEIND1_24072025185416_SummaryProceedingsoftheEGMsigned.pdf"
"NESTLEIND","Nestle India Limited","General Updates","Nestle India Limited has informed the Exchange about General Updates - Brief profile of Mr. Manish Tiwary (DIN: 02572830), appointed as the Chairman","24-Jul-2025 18:31:38","2025-07-24 18:31:38","24-Jul-2025 18:31:38","00:00:00","https://nsearchives.nseindia.com/corporate/NESTLEIND1_24072025182954_BSENSEAppointmentofTheChairmansigned.pdf"
"NESTLEIND","Nestle India Limited","Press Release","Nestle India Limited has informed the Exchange regarding a press release dated July 24, 2025, relating to the unaudited financial results titled ""Nestle India returns to volume-led growth largely across business categories"".","24-Jul-2025 16:25:46","2025-07-24 16:25:46","24-Jul-2025 16:25:47","00:00:01","https://nsearchives.nseindia.com/corporate/NESTLEIND1_24072025162259_PressRelease.pdf"
"NESTLEIND","Nestle India Limited","Appointment","Nestle India Limited has informed the Exchange regarding Appointment of Mr Manish Tiwary as the Chairman w.e.f. August 01, 2025.","24-Jul-2025 11:51:07","2025-07-24 11:51:07","24-Jul-2025 11:51:08","00:00:01","https://nsearchives.nseindia.com/corporate/NESTLEIND1_24072025115016_AppointmentofChairman.pdf"
"NESTLEIND","Nestle India Limited","General Updates","Nestle India Limited has informed the Exchange about General Updates - Appointment of Mr. Manish Tiwary as the Chairman w.e.f. 1st August 2025","24-Jul-2025 11:47:34","2025-07-24 11:47:34","24-Jul-2025 11:47:35","00:00:01","https://nsearchives.nseindia.com/corporate/NESTLEIND1_24072025114711_AppointmentofChairman.pdf"
"NESTLEIND","Nestle India Limited","Outcome of Board Meeting","Nestle India Limited has submitted to the Exchange, the financial results for the period ended Jun 30, 2025.","24-Jul-2025 11:43:06","2025-07-24 11:43:06","24-Jul-2025 11:43:08","00:00:02","https://nsearchives.nseindia.com/corporate/NESTLEIND1_24072025113331_STXIntimationUFRs24072025signed.pdf"
"NESTLEIND","Nestle India Limited","Outcome of Board Meeting","Nestle India Limited has informed the Exchange regarding  Board meeting held on July 24, 2025.","24-Jul-2025 11:30:41","2025-07-24 11:30:41","24-Jul-2025 11:30:42","00:00:01","https://nsearchives.nseindia.com/corporate/NESTLEIND1_24072025113028_STXIntimationUFRs24072025signed.pdf"
"NESTLEIND","Nestle India Limited","Copy of Newspaper Publication","Nestle India Limited has informed the Exchange about Copy of Newspaper Publication - Public Notice regarding loss of share certificates","21-Jul-2025 22:45:57","2025-07-21 22:45:57","21-Jul-2025 22:45:58","00:00:01","https://nsearchives.nseindia.com/corporate/NESTLEIND1_21072025224302_STXIntimation21072025signed.pdf"
"NESTLEIND","Nestle India Limited","Certificate under SEBI (Depositories and Participants) Regulations, 2018","Nestle India Limited has informed the Exchange about Certificate under SEBI (Depositories and Participants) Regulations, 2018 for the quarter ended 30.06.2025","09-Jul-2025 17:42:49","2025-07-09 17:42:49","09-Jul-2025 17:42:50","00:00:01","https://nsearchives.nseindia.com/corporate/NESTLEIND1_09072025174023_STXintimationCertificate745signed.pdf"
"NESTLEIND","Nestle India Limited","General Updates","Nestle India Limited has informed the Exchange about General Updates - Notice to the members holding shares in physical form","04-Jul-2025 20:05:52","2025-07-04 20:05:52","04-Jul-2025 20:05:54","00:00:02","https://nsearchives.nseindia.com/corporate/NESTLEIND1_04072025200430_STXIntimation04072025signed.pdf"
"NESTLEIND","Nestle India Limited","Capacity addition","Nestle India Limited has informed the Exchange about Capacity addition - Intimation regarding the addition of a new Maggi Noodles production line at the Sanand Factory, Gujarat","02-Jul-2025 17:45:13","2025-07-02 17:45:13","02-Jul-2025 17:45:15","00:00:02","https://nsearchives.nseindia.com/corporate/NESTLEIND1_02072025174028_STXIntimationMaggiSanandsigned.pdf"
"NESTLEIND","Nestle India Limited","Copy of Newspaper Publication","Nestle India Limited has informed the Exchange about Copy of Newspaper Publication - Notice of Extraordinary General Meeting","02-Jul-2025 16:58:07","2025-07-02 16:58:07","02-Jul-2025 16:58:08","00:00:01","https://nsearchives.nseindia.com/corporate/NESTLEIND1_02072025165543_EGMSTXNewspaperadvpostdispatchsigned.pdf"
"NESTLEIND","Nestle India Limited","Shareholders meeting","Nestle India Limited has informed the Exchange regarding Notice of Extraordinary General Meeting to be held on July 24, 2025","01-Jul-2025 18:17:06","2025-07-01 18:17:06","01-Jul-2025 18:17:07","00:00:01","https://nsearchives.nseindia.com/corporate/NESTLEIND1_01072025181642_STXintimationEGMNoticesigned.pdf"
"NESTLEIND","Nestle India Limited","Disclosure under SEBI Takeover Regulations"," Nestlé S.A. and Maggi Enterprises Ltd has Submitted to the Exchange a copy of Disclosure under Regulation 31(4) of the Securities and Exchange Board of India (Substantial Acquisition of Shares and Takeovers) Regulations, 2011.","27-Jun-2025 17:48:49","2025-06-27 17:48:49","27-Jun-2025 17:48:50","00:00:01","https://nsearchives.nseindia.com/corporate/team_bbodade_15052025154755_NEST.pdf"
"NESTLEIND","Nestle India Limited","Shareholders meeting","Nestle India Limited has submitted the Exchange a copy Srutinizers report of  Annual General Meeting held on Jun 26, 2025. Further, the company has informed the Exchange regarding voting results.","26-Jun-2025 20:57:27","2025-06-26 20:57:27","26-Jun-2025 20:57:29","00:00:02","https://nsearchives.nseindia.com/corporate/NESTLEIND1_26062025205537_EVotingResultsScrutinizerReport66thAGMNestleIndiasigned.pdf"
"NESTLEIND","Nestle India Limited","Trading Window","Nestle India Limited has informed the Exchange regarding the Trading Window closure pursuant to SEBI (Prohibition of Insider Trading) Regulations, 2015","26-Jun-2025 18:22:48","2025-06-26 18:22:48","26-Jun-2025 18:22:49","00:00:01","https://nsearchives.nseindia.com/corporate/NESTLEIND1_26062025182057_TradingWindowClosureSEintimationsigned.pdf"
"NESTLEIND","Nestle India Limited","Shareholders meeting","Nestle India Limited has informed the Exchange regarding Summary Proceedings of the 66th Annual General Meeting held on Jun 26, 2025","26-Jun-2025 17:50:22","2025-06-26 17:50:22","26-Jun-2025 17:50:23","00:00:01","https://nsearchives.nseindia.com/corporate/NESTLEIND1_26062025175009_66thAGMOutcomesigned.pdf"
"NESTLEIND","Nestle India Limited","Bonus","Nestle India Limited has informed the Exchange that the Board of Directors at its meeting held on Jun 26, 2025, have considered and approved issue of bonus equity shares in the ratio of 1 : 1, i.e. 1 Equity Share for every 1 Equity Share held.","26-Jun-2025 10:05:01","2025-06-26 10:05:01","26-Jun-2025 10:05:02","00:00:01","https://nsearchives.nseindia.com/corporate/NESTLEIND1_26062025100319_NILOutcomeofboardmeetingBonussigned.pdf"
"NESTLEIND","Nestle India Limited","Trading Window","Nestle India Limited has informed the Exchange regarding the Trading Window closure pursuant to SEBI (Prohibition of Insider Trading) Regulations, 2015","19-Jun-2025 17:08:46","2025-06-19 17:08:46","19-Jun-2025 17:08:46","00:00:00","https://nsearchives.nseindia.com/corporate/NESTLEIND1_19062025170741_PriorIntimationandTradingWindowClosure19062025signed.pdf"
"NESTLEIND","Nestle India Limited","General Updates","Nestle India Limited has informed the Exchange about  Cancellation of one-on-one meet with an institutional investor originally scheduled for 18th June 2025","12-Jun-2025 19:12:10","2025-06-12 19:12:10","12-Jun-2025 19:12:10","00:00:00","https://nsearchives.nseindia.com/corporate/NESTLEIND1_12062025190538_InstitutionalInvestorsMeet18062025signed.pdf"
"NESTLEIND","Nestle India Limited","Copy of Newspaper Publication","Nestle India Limited has informed the Exchange about Public Notice regarding loss of share certificates","12-Jun-2025 18:55:56","2025-06-12 18:55:56","12-Jun-2025 18:55:57","00:00:01","https://nsearchives.nseindia.com/corporate/NESTLEIND1_12062025185452_Newspaperadv12062025signed.pdf"
"NESTLEIND","Nestle India Limited","General Updates","Nestle India Limited has informed the Exchange about schedule of one-on-one meet with an institutional investor","10-Jun-2025 19:17:39","2025-06-10 19:17:39","10-Jun-2025 19:17:40","00:00:01","https://nsearchives.nseindia.com/corporate/NESTLEIND1_10062025191519_InstitutionalInvestorsMeet18062025signed.pdf"
"NESTLEIND","Nestle India Limited","Copy of Newspaper Publication","Nestle India Limited has informed the Exchange about Copy of Newspaper Publication - Notice of 66th Annual General Meeting, Remote e-Voting information, Record Date etc.","04-Jun-2025 19:46:31","2025-06-04 19:46:31","04-Jun-2025 19:46:32","00:00:01","https://nsearchives.nseindia.com/corporate/NESTLEIND1_04062025194231_STXIntimationpostAGMNoticesigned.pdf"
"NESTLEIND","Nestle India Limited","General Updates","Nestle India Limited has informed the Exchange about Update on Analyst/ Institutional Investor Meet","04-Jun-2025 19:15:39","2025-06-04 19:15:39","04-Jun-2025 19:15:40","00:00:01","https://nsearchives.nseindia.com/corporate/NESTLEIND1_04062025191400_Investor_Meet_Outcome_04June2025signed.pdf"
"NESTLEIND","Nestle India Limited","General Updates","Nestle India Limited has informed the Exchange about Update on Analyst/ Institutional Investor Meet","03-Jun-2025 19:16:19","2025-06-03 19:16:19","03-Jun-2025 19:16:20","00:00:01","https://nsearchives.nseindia.com/corporate/NESTLEIND1_03062025191547_InvestorMeetOutcome03June2025signed.pdf"
"NESTLEIND","Nestle India Limited","Updates","Nestle India Limited has informed the Exchange regarding 'Business Responsibility and Sustainability Report for the financial year ended 31st March 2025'.","03-Jun-2025 00:32:52","2025-06-03 00:32:52","03-Jun-2025 00:32:53","00:00:01","https://nsearchives.nseindia.com/corporate/NESTLEIND1_03062025003115_Nestle_India_BRSR.pdf"
"NESTLEIND","Nestle India Limited","Shareholders meeting","Nestle India Limited has informed the Exchange regarding Notice of 66th Annual General Meeting to be held on Jun 26, 2025","03-Jun-2025 00:17:36","2025-06-03 00:17:36","03-Jun-2025 00:17:37","00:00:01","https://nsearchives.nseindia.com/corporate/NESTLEIND1_03062025001441_NestleIndiaNoticeAGMAR202425signed.pdf"
"NESTLEIND","Nestle India Limited","Copy of Newspaper Publication","Nestle India Limited has informed the Exchange about Copy of Newspaper Publication Public Notice before dispatch of Notice for the 66th AGM and Annual Report","30-May-2025 20:44:34","2025-05-30 20:44:34","30-May-2025 20:44:35","00:00:01","https://nsearchives.nseindia.com/corporate/NESTLEIND2_30052025204319_STXPreAGMsigned.pdf"
"NESTLEIND","Nestle India Limited","Copy of Newspaper Publication","Nestle India Limited has informed the Exchange about copy of Newspaper Publication regarding issue of Letter of Confirmation(s)/ Entitlement Letter(s) in lieu share certificate(s) reported lost","28-May-2025 19:59:57","2025-05-28 19:59:57","28-May-2025 19:59:58","00:00:01","https://nsearchives.nseindia.com/corporate/NESTLEIND1_28052025195852_Lossofsharecertsadv28052025signed.pdf"
"NESTLEIND","Nestle India Limited","General Updates","Nestle India Limited has informed the Exchange about update on one-on-one meet with an institutional investor","28-May-2025 19:46:29","2025-05-28 19:46:29","28-May-2025 19:46:30","00:00:01","https://nsearchives.nseindia.com/corporate/NESTLEIND1_28052025194430_Investor_Meet_Outcome_28May2025signed.pdf"
"NESTLEIND","Nestle India Limited","General Updates","Nestle India Limited has informed the Exchange about Intimation of Analyst/ Institutional Investor Meet(s)","27-May-2025 20:18:30","2025-05-27 20:18:30","27-May-2025 20:18:31","00:00:01","https://nsearchives.nseindia.com/corporate/NESTLEIND1_27052025201622_InstitutionalInvestorsMeet3June2025signed.pdf"
"NESTLEIND","Nestle India Limited","General Updates","Nestle India Limited has informed the Exchange about Intimation of one-on-one meet with an institutional investor","22-May-2025 18:45:36","2025-05-22 18:45:36","22-May-2025 18:45:36","00:00:00","https://nsearchives.nseindia.com/corporate/NESTLEIND1_22052025184443_InstitutionalInvestorsMeet28May2025signed.pdf"
"NESTLEIND","Nestle India Limited","General Updates","Nestle India Limited has informed the Exchange regarding appointment of Mr. Manish Tiwary as Key Managerial Personnel of the Company with effect from 24th April 2025.","24-Apr-2025 12:38:27","2025-04-24 12:38:27","24-Apr-2025 12:38:28","00:00:01","https://nsearchives.nseindia.com/corporate/NESTLEIND1_24042025123807_Final_NSEBSEOutcomew.pdf"
"NESTLEIND","Nestle India Limited","Change in Director(s)","Nestle India Limited has informed the Exchange regarding Change in Director(s) of the company.","24-Apr-2025 12:33:22","2025-04-24 12:33:22","24-Apr-2025 12:33:23","00:00:01","https://nsearchives.nseindia.com/corporate/NESTLEIND1_24042025123256_Final_NSEBSEOutcomew.pdf"
"NESTLEIND","Nestle India Limited","Appointment","Nestle India Limited has informed the Exchange regarding Appointment of Ms SNACO  as Secretarial Auditor of the Company for a period of five consecutive years commencing from financial year 2025-26 till financial year 2029-30, subject to approval of members at the ensuing 66th AGM (refer Annexure III).","24-Apr-2025 12:26:13","2025-04-24 12:26:13","24-Apr-2025 12:26:14","00:00:01","https://nsearchives.nseindia.com/corporate/NESTLEIND1_24042025122542_Final_NSEBSEOutcomew.pdf"
"NESTLEIND","Nestle India Limited","General Updates","Nestle India Limited has informed the Exchange about convening of 66th Annual General Meeting ( AGM ) on Thursday, 26th June 2025 through Video Conferencing/ Other Audio-Visual Means (VC/ OAVM). Soft copy of the Annual Report and Notice of the 66th AGM shall be sent in due course.","24-Apr-2025 12:08:39","2025-04-24 12:08:39","24-Apr-2025 12:08:39","00:00:00","https://nsearchives.nseindia.com/corporate/NESTLEIND1_24042025120716_Final_NSEBSEOutcomew.pdf"
"NESTLEIND","Nestle India Limited","Press Release","Nestle India Limited has informed the Exchange regarding a press release dated April 24, 2025, titled ""Advancing amidst volatility - Nestle India delivers highest ever domestic sales this quarter"".","24-Apr-2025 11:49:26","2025-04-24 11:49:26","24-Apr-2025 11:49:26","00:00:00","https://nsearchives.nseindia.com/corporate/NESTLEIND1_24042025114840_Final_NSEBSEOutcomew.pdf"
"NESTLEIND","Nestle India Limited","Record Date","Nestle India Limited has informed the Exchange that Record date for the purpose of Dividend  is 24-Apr-2025.","24-Apr-2025 11:45:18","2025-04-24 11:45:18","24-Apr-2025 11:45:18","00:00:00","https://nsearchives.nseindia.com/corporate/NESTLEIND1_24042025114348_Final_NSEBSEOutcomew.pdf"
"NESTLEIND","Nestle India Limited","Dividend","Nestle India Limited has informed the Exchange that Board of Directors at its meeting held on April 24, 2025, recommended Final Dividend of Rs. 10 per equity share.","24-Apr-2025 11:43:04","2025-04-24 11:43:04","24-Apr-2025 11:43:05","00:00:01","https://nsearchives.nseindia.com/corporate/NESTLEIND1_24042025114226_Final_NSEBSEOutcomew.pdf"
"NESTLEIND","Nestle India Limited","Dividend","Nestle India Limited has informed the Exchange that Board of Directors at its meeting held on April 24, 2025, recommended Final Dividend of 10 per equity share.","24-Apr-2025 11:40:13","2025-04-24 11:40:13","24-Apr-2025 11:40:14","00:00:01","https://nsearchives.nseindia.com/corporate/NESTLEIND1_24042025113958_Final_NSEBSEOutcomew.pdf"
"NESTLEIND","Nestle India Limited","Outcome of Board Meeting","Nestle India Limited has informed the Exchange regarding Outcome of Board Meeting held on April 24, 2025.","24-Apr-2025 11:39:10","2025-04-24 11:39:10","24-Apr-2025 11:39:10","00:00:00","https://nsearchives.nseindia.com/corporate/NESTLEIND1_24042025113809_Final_NSEBSEOutcomew.pdf"
"NESTLEIND","Nestle India Limited","Updates","Nestle India Limited has informed the Exchange regarding 'Regulation 29: Board of Directors of the Company to also consider recommendation of final dividend for the financial year 2024-25, if any, at its meeting scheduled on 24th April 2025'.","17-Apr-2025 17:57:38","2025-04-17 17:57:38","17-Apr-2025 17:57:38","00:00:00","https://nsearchives.nseindia.com/corporate/NESTLEIND1_17042025175719_Reg29BSENSEDividendIntimationsigned.pdf"
"NESTLEIND","Nestle India Limited","Certificate under SEBI (Depositories and Participants) Regulations, 2018","Nestle India Limited has informed the Exchange about Certificate under SEBI (Depositories and Participants) Regulations, 2018, for the quarter ended 31st March 2025.","07-Apr-2025 19:04:45","2025-04-07 19:04:45","07-Apr-2025 19:04:46","00:00:01","https://nsearchives.nseindia.com/corporate/NESTLEIND1_07042025190415_NILCertificateunder74_5_Q4FY2024-25signed.pdf"
"NESTLEIND","Nestle India Limited","Disclosure under SEBI Takeover Regulations","Nestle S.A. and Maggi Enterprises Ltd. has Submitted to the Exchange a copy of Disclosure under Regulation 31(4) of the Securities and Exchange Board of India (Substantial Acquisition of Shares and Takeovers) Regulations, 2011.","04-Apr-2025 12:37:46","2025-04-04 12:37:46","04-Apr-2025 12:37:46","00:00:00","https://nsearchives.nseindia.com/corporate/team_sandeshc_02042025131510_disc7.pdf"
"NESTLEIND","Nestle India Limited","Updates","Nestle India Limited has informed the Exchange regarding Press Release titled - Hon ble CM of Odisha, Shri Mohan Charan Majhi, carries out groundbreaking of Nestle India s upcoming factory in the state.","03-Apr-2025 17:13:33","2025-04-03 17:13:33","03-Apr-2025 17:13:34","00:00:01","https://nsearchives.nseindia.com/corporate/NESTLEIND1_03042025171209_PressreleaseOdishagroundbreakingofupcomingfactorysigned.pdf"
"NESTLEIND","Nestle India Limited","General Updates","Nestle India Limited has informed the Exchange about update on one-on-one meet (virtual) with an institutional investor","27-Mar-2025 18:46:28","2025-03-27 18:46:28","27-Mar-2025 18:46:28","00:00:00","https://nsearchives.nseindia.com/corporate/NESTLEIND1_27032025184516_Investor_Meet_Outcome_27Mar2025signed.pdf"
"NESTLEIND","Nestle India Limited","Action(s) taken or orders passed","Nestle India Limited has informed the Exchange about Action(s) taken or orders passed","26-Mar-2025 15:59:10","2025-03-26 15:59:10","26-Mar-2025 15:59:11","00:00:01","https://nsearchives.nseindia.com/corporate/NESTLEIND1_26032025155813_Regulation_30-SEBI_intimation_25Mar2025signed.pdf"
"NESTLEIND","Nestle India Limited","General Updates","Nestle India Limited has informed the Exchange that one-on-one meet (virtual) has been scheduled with an institutional investor on Thursday, 27th March 2025 at 5:00 P.M. (IST).","21-Mar-2025 16:49:09","2025-03-21 16:49:09","21-Mar-2025 16:49:10","00:00:01","https://nsearchives.nseindia.com/corporate/NESTLEIND1_21032025164840_Institutional_Investors_Meet_27Mar2025signed.pdf"
"NESTLEIND","Nestle India Limited","Trading Window","Nestle India Limited has informed the Exchange regarding the Trading Window closure pursuant to SEBI (Prohibition of Insider Trading) Regulations, 2015","19-Mar-2025 20:27:46","2025-03-19 20:27:46","19-Mar-2025 20:27:47","00:00:01","https://nsearchives.nseindia.com/corporate/NESTLEIND1_19032025202636_BSENSETWCintimationsigned.pdf"
"NESTLEIND","Nestle India Limited","General Updates","Nestle India Limited has informed the Exchange about update on one-on-one meet with an institutional investor","10-Mar-2025 18:50:50","2025-03-10 18:50:50","10-Mar-2025 18:50:51","00:00:01","https://nsearchives.nseindia.com/corporate/NESTLEIND1_10032025184934_InvestorMeetOutcomesigned.pdf"
"NESTLEIND","Nestle India Limited","Action(s) taken or orders passed","Nestle India Limited has informed the Exchange about administrative warning letter issued by Deputy General Manager of SEBI","07-Mar-2025 12:49:08","2025-03-07 12:49:08","07-Mar-2025 12:49:09","00:00:01","https://nsearchives.nseindia.com/corporate/NESTLEIND1_07032025124820_Regulation30intimation07March2025signed.pdf"
"NESTLEIND","Nestle India Limited","Updates","Nestle India Limited has informed the Exchange regarding Press Release titled  The Ultimate Coffee Experience in India: Nespresso s First Boutique Opening in New Delhi .","06-Mar-2025 13:48:05","2025-03-06 13:48:05","06-Mar-2025 13:48:06","00:00:01","https://nsearchives.nseindia.com/corporate/NESTLEIND1_06032025134511_NSEBSESTXintimationNespressosigned.pdf"
"NESTLEIND","Nestle India Limited","Copy of Newspaper Publication","Nestle India Limited has informed the Exchange regarding Newspaper Advertisement   Notice to the shareholders holding shares in physical form for KYC updation to enable payment of dividend(s) electronically","05-Mar-2025 17:09:15","2025-03-05 17:09:15","05-Mar-2025 17:09:16","00:00:01","https://nsearchives.nseindia.com/corporate/NESTLEIND1_05032025170742_STXBSENSE_Newspaper_intimation-Dividendsigned.pdf"
"NESTLEIND","Nestle India Limited","General Updates","Nestle India Limited has informed the Exchange that one-on-one meet has been scheduled with an institutional investor on Monday, 10th March 2025 at 5:00 P.M. (IST) at the Head Office of the Company at  Nestle House , Jacaranda Marg,  M  Block, DLF City, Phase   II, Gurugram   122 002.","04-Mar-2025 18:28:15","2025-03-04 18:28:15","04-Mar-2025 18:28:16","00:00:01","https://nsearchives.nseindia.com/corporate/NESTLEIND1_04032025182708_BSENSEInstitutionalInvestorsMeetsigned.pdf"
"NESTLEIND","Nestle India Limited","General Updates","Nestle India Limited has informed the Exchange about update on one-on-one meet with an analyst","18-Feb-2025 13:05:38","2025-02-18 13:05:38","18-Feb-2025 13:05:38","00:00:00","https://nsearchives.nseindia.com/corporate/NESTLEIND1_18022025130235_BSENSEInvestorMeetOutcome18022025signed.pdf"
"NESTLEIND","Nestle India Limited","General Updates","Nestle India Limited has informed the Exchange that one-on-one meet has been scheduled with an analyst on Tuesday, 18th February 2025 at 10:00 A.M. (IST) at the Head Office of the Company at  Nestle House , Jacaranda Marg,  M  Block, DLF City, Phase   II, Gurugram   122 002.","13-Feb-2025 22:04:47","2025-02-13 22:04:47","13-Feb-2025 22:04:48","00:00:01","https://nsearchives.nseindia.com/corporate/NESTLEIND1_13022025220234_BSENSEInstitutionalInvestorsMeetFEBsigned.pdf"
"NESTLEIND","Nestle India Limited","Analysts/Institutional Investor Meet/Con. Call Updates","Nestle India Limited has informed the Exchange about Transcript","07-Feb-2025 19:00:16","2025-02-07 19:00:16","07-Feb-2025 19:00:16","00:00:00","https://nsearchives.nseindia.com/corporate/NESTLEIND1_07022025185953_BSENSETranscriptInstitutionalInvestorsMeetofQ3FY2425signed.pdf"
"NESTLEIND","Nestle India Limited","Action(s) taken or orders passed","Nestle India Limited has informed the Exchange about Action(s) taken or orders passed","05-Feb-2025 12:47:01","2025-02-05 12:47:01","05-Feb-2025 12:47:01","00:00:00","https://nsearchives.nseindia.com/corporate/NESTLEIND1_05022025124511_BSENSEGSTORDER05022025SIGNED.pdf"
"NESTLEIND","Nestle India Limited","Analysts/Institutional Investor Meet/Con. Call Updates","Nestle India Limited has informed the Exchange about Link of Recording","04-Feb-2025 23:36:39","2025-02-04 23:36:39","04-Feb-2025 23:36:40","00:00:01","https://nsearchives.nseindia.com/corporate/NESTLEIND1_04022025233529_BSENSEVIDEORECORDINGANALYSTMeetofQ3FY24-25signed.pdf"
"NESTLEIND","Nestle India Limited","Analysts/Institutional Investor Meet/Con. Call Updates","Nestle India Limited has informed the Exchange about Presentation","04-Feb-2025 13:52:04","2025-02-04 13:52:04","04-Feb-2025 13:52:05","00:00:01","https://nsearchives.nseindia.com/corporate/NESTLEIND1_04022025135005_BSENSEPPTANALYSTMEET04022025signed.pdf"
"NESTLEIND","Nestle India Limited","Capacity addition","Nestle India Limited has informed the Exchange about Capacity addition","31-Jan-2025 20:16:17","2025-01-31 20:16:17","31-Jan-2025 20:16:18","00:00:01","https://nsearchives.nseindia.com/corporate/NESTLEIND1_31012025201520_BSENSEReg30KitKat31012025signed.pdf"
"NESTLEIND","Nestle India Limited","Integrated Filing- Financial","Pursuant to Securities and Exchange Board of India Circular No. SEBI/HO/CFD/CFD-PoD-2/CIR/P/2024/185 dated 31st December 2024 read with relevent stock exchanges circulars, please find attached the Integrated Filing (Financial) for the quarter and period ended 31st December 2024.","31-Jan-2025 18:09:00","2025-01-31 18:09:00","31-Jan-2025 18:09:00","00:00:00","https://nsearchives.nseindia.com/corporate/NESTLEIND1_31012025180432_BSENSEInt_Financial31Dec2024signed.pdf"
"NESTLEIND","Nestle India Limited","Press Release","Nestle India Limited has informed the Exchange regarding a press release dated January 31, 2025, titled ""Nestle India delivers growth despite challenging external environment Key brands deliver healthy growth"".","31-Jan-2025 12:15:09","2025-01-31 12:15:09","31-Jan-2025 12:15:10","00:00:01","https://nsearchives.nseindia.com/corporate/NESTLEIND1_31012025121417_BSENSEOUTCOME31122024.pdf"
"NESTLEIND","Nestle India Limited","Dividend","Nestle India Limited has informed the Exchange that Board of Directors at its meeting held on January 31, 2025, declared Interim Dividend of 14.25 per equity share.","31-Jan-2025 12:06:37","2025-01-31 12:06:37","31-Jan-2025 12:06:37","00:00:00","https://nsearchives.nseindia.com/corporate/NESTLEIND1_31012025120440_BSENSEOUTCOME31122024.pdf"
"NESTLEIND","Nestle India Limited","Financial Result Updates"," Nestle India Limited has submitted to the Exchange, the financial results for the period ended December 31, 2024.","31-Jan-2025 12:02:43","2025-01-31 12:02:43","31-Jan-2025 12:02:44","00:00:01","https://nsearchives.nseindia.com/corporate/BSENSEOUTCOME31122024_31012025120243.pdf"
"NESTLEIND","Nestle India Limited","Record Date","Nestle India Limited has informed the Exchange that Record date for the purpose of Dividend  is 07-Feb-2025.","24-Jan-2025 13:53:06","2025-01-24 13:53:06","24-Jan-2025 13:53:07","00:00:01","https://nsearchives.nseindia.com/corporate/NESTLEIND1_24012025135250_BSENSEPriorIntimationofDividendsigned.pdf"
"NESTLEIND","Nestle India Limited","Analysts/Institutional Investor Meet/Con. Call Updates","Nestle India Limited has informed the Exchange about Schedule of meet","17-Jan-2025 17:26:41","2025-01-17 17:26:41","17-Jan-2025 17:26:41","00:00:00","https://nsearchives.nseindia.com/corporate/NESTLEIND1_17012025172516_InstitutionalInvestorsMeet17Jan2025signed.pdf"
"NESTLEIND","Nestle India Limited","Action(s) taken or orders passed","Nestle India Limited has informed the Exchange about Action(s) taken or orders passed","15-Jan-2025 12:48:25","2025-01-15 12:48:25","15-Jan-2025 12:48:26","00:00:01","https://nsearchives.nseindia.com/corporate/NESTLEIND1_15012025124639_BSENSEREG3015012025signed.pdf"
"NESTLEIND","Nestle India Limited","Certificate under SEBI (Depositories and Participants) Regulations, 2018","Nestle India Limited has informed the Exchange about Certificate under SEBI (Depositories and Participants) Regulations, 2018 for the quarter ended 31st December 2024","06-Jan-2025 18:43:09","2025-01-06 18:43:09","06-Jan-2025 18:43:10","00:00:01","https://nsearchives.nseindia.com/corporate/NESTLEIND1_06012025184256_Certificate_under_74_5__DP_regulations_Q3FY2024-24_signed.pdf"
"NESTLEIND","Nestle India Limited","Action(s) taken or orders passed","Nestle India Limited has informed the Exchange about Action(s) taken or orders passed","28-Dec-2024 13:46:08","2024-12-28 13:46:08","28-Dec-2024 13:46:09","00:00:01","https://nsearchives.nseindia.com/corporate/NESTLEIND1_28122024134303_Regulation30SEBIintimation28Dec2024signed.pdf"
"NESTLEIND","Nestle India Limited","Copy of Newspaper Publication","Nestle India Limited has informed the Exchange about Copy of Newspaper Publication regarding issue of Entitlement Letter(s) in lieu share certificates reported lost.","24-Dec-2024 15:17:05","2024-12-24 15:17:05","24-Dec-2024 15:17:06","00:00:01","https://nsearchives.nseindia.com/corporate/NESTLEIND2_24122024150823_STXintimationfornewspaperadvtsigned.pdf"
"NESTLEIND","Nestle India Limited","Trading Window","Nestle India Limited has informed the Exchange regarding the Trading Window closure pursuant to SEBI (Prohibition of Insider Trading) Regulations, 2015","20-Dec-2024 16:09:27","2024-12-20 16:09:27","20-Dec-2024 16:09:28","00:00:01","https://nsearchives.nseindia.com/corporate/NESTLEIND_20122024160927_TradingWindowClosureSEintimationsigned.pdf"
"NESTLEIND","Nestle India Limited","Change in Management","Nestle India Limited has informed the Exchange about changes in Senior Management of the Company","11-Dec-2024 15:47:35","2024-12-11 15:47:35","11-Dec-2024 15:47:35","00:00:00","https://nsearchives.nseindia.com/corporate/NESTLEIND_11122024154735_BSENSEIntimationCASigned.pdf"
"NESTLEIND","Nestle India Limited","Loss of Share Certificates","Nestle India Limited has informed the Exchange about Loss of Share Certificates","10-Dec-2024 17:53:00","2024-12-10 17:53:00","10-Dec-2024 17:53:01","00:00:01","https://nsearchives.nseindia.com/corporate/NESTLEIND_10122024175300_STXIntimationSigned.pdf"
"NESTLEIND","Nestle India Limited","Copy of Newspaper Publication","Nestle India Limited has informed the Exchange about Copy of Newspaper Publication regarding loss of share certificates","30-Nov-2024 15:51:23","2024-11-30 15:51:23","30-Nov-2024 15:51:24","00:00:01","https://nsearchives.nseindia.com/corporate/NESTLEIND_30112024155123_STXIntimation30112024Signed.pdf"
"NESTLEIND","Nestle India Limited","Loss of Share Certificates","Nestle India Limited has informed the Exchange about Loss of Share Certificates","28-Nov-2024 19:05:31","2024-11-28 19:05:31","28-Nov-2024 19:05:31","00:00:00","https://nsearchives.nseindia.com/corporate/NESTLEIND_28112024190531_STXLossIntimation28112024.pdf"
"NESTLEIND","Nestle India Limited","Action(s) initiated or orders passed","Nestle India Limited has informed the Exchange about Action(s) initiated or orders passed","21-Nov-2024 13:41:51","2024-11-21 13:41:51","21-Nov-2024 13:41:52","00:00:01","https://nsearchives.nseindia.com/corporate/NESTLEIND_21112024134152_Regulation30SEBIintimation21Nov2024signed.pdf"
"NESTLEIND","Nestle India Limited","Action(s) initiated or orders passed","Nestle India Limited has informed the Exchange about Action(s) initiated or orders passed","07-Nov-2024 15:30:19","2024-11-07 15:30:19","07-Nov-2024 15:30:20","00:00:01","https://nsearchives.nseindia.com/corporate/NESTLEIND_07112024153019_Regulation_30-SEBI_intimation_06Nov2024_GJ_signed.pdf"
"NESTLEIND","Nestle India Limited","Updates","Nestle India Limited has informed the Exchange regarding 'Press Release titled  50 years of CERELAC in India, Announces the introduction of CERELAC no refined sugar recipes '.","22-Oct-2024 11:52:08","2024-10-22 11:52:08","22-Oct-2024 11:52:08","00:00:00","https://nsearchives.nseindia.com/corporate/NESTLEIND_22102024115208_BSENSEPRESSRELEASE22102024signed.pdf"
"NESTLEIND","Nestle India Limited","Updates","Nestle India Limited has informed the Exchange regarding 'Intimation under Regulation 8(2) of the SEBI (Prohibition of Insider Trading) Regulations, 2015: Amended Nestle India - Code of Practices and Procedures for Fair Disclosure of Unpublished Price Sensitive Information, approved by the Board of Directors of the Company on 17th October 2024.","17-Oct-2024 19:25:45","2024-10-17 19:25:45","17-Oct-2024 19:25:46","00:00:01","https://nsearchives.nseindia.com/corporate/NESTLEIND_17102024192545_IntimationNSEBSEFairDisclosureCodesigned.pdf"
"NESTLEIND","Nestle India Limited","Loss of Share Certificates","Nestle India Limited has informed the Exchange about Loss of Share Certificates","17-Oct-2024 18:38:00","2024-10-17 18:38:00","17-Oct-2024 18:38:01","00:00:01","https://nsearchives.nseindia.com/corporate/NESTLEIND_17102024183800_STXIntimation171024.pdf"
"NESTLEIND","Nestle India Limited","Appointment","Nestle India Limited has informed the Exchange regarding Appointment of Mr Manish Tiwary as Managing Director of the company w.e.f. August 01, 2025.","17-Oct-2024 12:30:26","2024-10-17 12:30:26","17-Oct-2024 12:30:27","00:00:01","https://nsearchives.nseindia.com/corporate/NESTLEIND_17102024123026_BSENSEsigned.pdf"
"NESTLEIND","Nestle India Limited","Outcome of Board Meeting","Nestle India Limited has informed the Exchange regarding  Board meeting held on October 17, 2024.","17-Oct-2024 12:12:52","2024-10-17 12:12:52","17-Oct-2024 12:12:53","00:00:01","https://nsearchives.nseindia.com/corporate/NESTLEIND_17102024121253_BSENSEsigned.pdf"
"NESTLEIND","Nestle India Limited","Press Release","Nestle India Limited has informed the Exchange regarding a press release dated October 17, 2024, titled ""Nestle India continues with resilience in a challenging environment RURBAN expansion strengthened through concerted action"".","17-Oct-2024 12:12:35","2024-10-17 12:12:35","17-Oct-2024 12:12:36","00:00:01","https://nsearchives.nseindia.com/corporate/NESTLEIND_17102024121235_BSENSEsigned.pdf"
"NESTLEIND","Nestle India Limited","Financial Result Updates"," Nestle India Limited has submitted to the Exchange, the financial results for the period ended September 30, 2024.","17-Oct-2024 12:04:43","2024-10-17 12:04:43","17-Oct-2024 12:04:44","00:00:01","https://nsearchives.nseindia.com/corporate/BSENSEsigned_17102024120443.pdf"
"NESTLEIND","Nestle India Limited","Action(s) initiated or orders passed","Nestle India Limited has informed the Exchange about Action(s) initiated or orders passed","16-Oct-2024 20:35:25","2024-10-16 20:35:25","16-Oct-2024 20:35:25","00:00:00","https://nsearchives.nseindia.com/corporate/NESTLEIND_16102024203525_Regulation_30_-_Order_received_from_ICD_-_Import_signed.pdf"
"NESTLEIND","Nestle India Limited","Loss of Share Certificates","Nestle India Limited has informed the Exchange about Loss of Share Certificates","16-Oct-2024 18:47:17","2024-10-16 18:47:17","16-Oct-2024 18:47:17","00:00:00","https://nsearchives.nseindia.com/corporate/NESTLEIND_16102024184717_BSENSELossIntimation14102024signed.pdf"
"NESTLEIND","Nestle India Limited","Certificate under SEBI (Depositories and Participants) Regulations, 2018","Nestle India Limited has informed the Exchange about Certificate under SEBI (Depositories and Participants) Regulations, 2018","09-Oct-2024 19:56:58","2024-10-09 19:56:58","09-Oct-2024 19:56:58","00:00:00","https://nsearchives.nseindia.com/corporate/NESTLEIND_09102024195658_Regulation_74_5__certificate___signed.pdf"
"NESTLEIND","Nestle India Limited","Change in Director(s)","Nestle India Limited has informed the Exchange regarding Change in Director(s) of the company.","07-Oct-2024 11:43:11","2024-10-07 11:43:11","07-Oct-2024 11:43:11","00:00:00","https://nsearchives.nseindia.com/corporate/NESTLEIND_07102024114311_STXIntimation_for_change_of_MD_signed.pdf"
"NESTLEIND","Nestle India Limited","Loss of Share Certificates","Nestle India Limited has informed the Exchange about Loss of Share Certificates","01-Oct-2024 17:40:45","2024-10-01 17:40:45","01-Oct-2024 17:40:46","00:00:01","https://nsearchives.nseindia.com/corporate/NESTLEIND_01102024174045_LostIntimation01102024signed.pdf"
"NESTLEIND","Nestle India Limited","Loss of Share Certificates","Nestle India Limited has informed the Exchange about Loss of Share Certificates","01-Oct-2024 17:30:17","2024-10-01 17:30:17","01-Oct-2024 17:30:17","00:00:00","https://nsearchives.nseindia.com/corporate/NESTLEIND_01102024173017_LostIntimation01102024signed.pdf"
"NESTLEIND","Nestle India Limited","Trading Window","Nestle India Limited has informed the Exchange regarding the Trading Window closure pursuant to SEBI (Prohibition of Insider Trading) Regulations, 2015","24-Sep-2024 17:54:05","2024-09-24 17:54:05","24-Sep-2024 17:54:06","00:00:01","https://nsearchives.nseindia.com/corporate/NESTLEIND_24092024175405_Trading_Window_Closure_SE_intimationsigned.pdf"
"NESTLEIND","Nestle India Limited","Updates","Nestle India Limited has informed the Exchange regarding 'Regulation 30 and Schedule III of the SEBI (Listing Obligations and Disclosure Requirements) Regulations, 2015 ( Listing Regulations ): Intimation regarding receipt of an Order from GST Department, Bihar for the tax period 2019-2020'.","31-Aug-2024 20:38:12","2024-08-31 20:38:12","31-Aug-2024 20:38:13","00:00:01","https://nsearchives.nseindia.com/corporate/NESTLEIND_31082024203812_STXIntimation31082024.pdf"
"NESTLEIND","Nestle India Limited","Updates","Nestle India Limited has informed the Exchange regarding 'Regulation 30 and Schedule III of the SEBI (Listing Obligations and Disclosure Requirements) Regulations, 2015: Intimation regarding receipt of the Orders (three in numbers) from the concerned GST Authorities for the tax period 2019-2020'.","30-Aug-2024 19:29:42","2024-08-30 19:29:42","30-Aug-2024 19:29:43","00:00:01","https://nsearchives.nseindia.com/corporate/NESTLEIND_30082024192942_BSENSEINTIMATION30082024signed.pdf"
"NESTLEIND","Nestle India Limited","Change in Management","Nestle India Limited has informed the Exchange about change in the Senior Management of the Company","14-Aug-2024 13:58:21","2024-08-14 13:58:21","14-Aug-2024 13:58:22","00:00:01","https://nsearchives.nseindia.com/corporate/NESTLEIND_14082024135821_BSENSECHANGEINSMP14082024signed.pdf"
"NESTLEIND","Nestle India Limited","Updates","Nestle India Limited has informed the Exchange regarding 'Newspaper Advertisement   Notice to the shareholders holding shares in physical form to complete their KYC to enable the Company to remit their dividend(s) in electronic mode'.","09-Aug-2024 17:08:39","2024-08-09 17:08:39","09-Aug-2024 17:08:40","00:00:01","https://nsearchives.nseindia.com/corporate/NESTLEIND_09082024170839_STXIntimationforKYCanddividendSigned.pdf"
"NESTLEIND","Nestle India Limited","Shareholders meeting","Nestle India Limited has informed the Exchange with copy of detailed proceedings of  the 65th Annual General Meeting held on July 08, 2024","06-Aug-2024 20:43:16","2024-08-06 20:43:16","06-Aug-2024 20:43:17","00:00:01","https://nsearchives.nseindia.com/corporate/NESTLEIND_06082024204316_STXIntimationAGMproceedingssigned.pdf"
"NESTLEIND","Nestle India Limited","Change in Management","Nestle India Limited has informed the Exchange about change in Senior Management","01-Aug-2024 21:22:55","2024-08-01 21:22:55","01-Aug-2024 21:22:56","00:00:01","https://nsearchives.nseindia.com/corporate/NESTLEIND_01082024212255_BSENSEIntimationChangeinSMPMansiKhannaSigned.pdf"
"NESTLEIND","Nestle India Limited","Restructuring","Nestle India Limited has informed the Exchange about Slump sale of existing medical nutrition and nutraceuticals (NHSc) Business of Nestle India to the JV Company","01-Aug-2024 20:39:28","2024-08-01 20:39:28","01-Aug-2024 20:39:28","00:00:00","https://nsearchives.nseindia.com/corporate/NESTLEIND_01082024203928_STXIntimationRightIssueslumpsale01082024Signed.pdf"
"NESTLEIND","Nestle India Limited","Acquisition","Nestle India Limited has informed the Exchange about Acquisition - Update on Acquisition","01-Aug-2024 20:34:15","2024-08-01 20:34:15","01-Aug-2024 20:34:17","00:00:02","https://nsearchives.nseindia.com/corporate/NESTLEIND_01082024203415_STXIntimationRightIssueslumpsale01082024Signed.pdf"
"NESTLEIND","Nestle India Limited","Outcome of Board Meeting","Nestle India Limited has informed the Exchange regarding  Board meeting held on July 25, 2024.","25-Jul-2024 11:34:00","2024-07-25 11:34:00","25-Jul-2024 11:34:01","00:00:01","https://nsearchives.nseindia.com/corporate/NESTLEIND_25072024113401_BSENSEOutcomeResultsQ125072024.pdf"
"NESTLEIND","Nestle India Limited","Press Release","Press Release relating to the Unaudited Financial Results for the first quarter ended 30th June 2024","25-Jul-2024 11:21:50","2024-07-25 11:21:50","25-Jul-2024 11:21:50","00:00:00","https://nsearchives.nseindia.com/corporate/NESTLEIND_25072024112150_BSENSEOutcomeResultsQ125072024.pdf"
"NESTLEIND","Nestle India Limited","Financial Result Updates","Nestle India Limited has submitted to the Exchange, the financial results for the period ended June 30, 2024.","25-Jul-2024 11:10:37","2024-07-25 11:10:37","25-Jul-2024 11:10:44","00:00:07","https://nsearchives.nseindia.com/corporate/BSENSEOutcomeResultsQ125072024_25072024111037.pdf"
"NESTLEIND","Nestle India Limited","Acquisition","Nestle India Limited has informed the Exchange about Acquisition","24-Jul-2024 20:18:33","2024-07-24 20:18:33","24-Jul-2024 20:18:34","00:00:01","https://nsearchives.nseindia.com/corporate/NESTLEIND_24072024201833_STXIntimationonacquisitionofsharesJV24072024signed.pdf"
"NESTLEIND","Nestle India Limited","Certificate under SEBI (Depositories and Participants) Regulations, 2018","Nestle India Limited has informed the Exchange about Certificate under SEBI (Depositories and Participants) Regulations, 2018","08-Jul-2024 20:27:57","2024-07-08 20:27:57","08-Jul-2024 20:27:57","00:00:00","https://nsearchives.nseindia.com/corporate/NESTLEIND_08072024202757_Coverletterfor74_5_certificateFinalsigned.pdf"
"NESTLEIND","Nestle India Limited","Shareholders meeting","Nestle India Limited has submitted the Exchange a copy Srutinizers report of  Annual General Meeting held on July 08, 2024. Further, the company has informed the Exchange regarding voting results.","08-Jul-2024 20:15:39","2024-07-08 20:15:39","08-Jul-2024 20:15:40","00:00:01","https://nsearchives.nseindia.com/corporate/NESTLEIND_08072024201539_BSENSEScrutinizersReport08072024signed.pdf"
"NESTLEIND","Nestle India Limited","Shareholders meeting","Nestle India Limited has informed the Exchange regarding Proceedings of Annual General Meeting held on July 08, 2024","08-Jul-2024 16:54:48","2024-07-08 16:54:48","08-Jul-2024 16:54:49","00:00:01","https://nsearchives.nseindia.com/corporate/NESTLEIND_08072024165448_BSENSEAGMproceedings08072024signed.pdf"
"NESTLEIND","Nestle India Limited","Date of payment of dividend","Nestle India Limited has informed the Exchange about Date of payment of dividend","08-Jul-2024 09:43:17","2024-07-08 09:43:17","08-Jul-2024 09:43:18","00:00:01","https://nsearchives.nseindia.com/corporate/NESTLEIND_08072024094317_BSENSEDIVIDEND0072024signed.pdf"
"NESTLEIND","Nestle India Limited","Record Date","Nestle India Limited has informed the Exchange that Record date for the purpose of Dividend  is 16-Jul-2024.","08-Jul-2024 09:39:12","2024-07-08 09:39:12","08-Jul-2024 09:39:13","00:00:01","https://nsearchives.nseindia.com/corporate/NESTLEIND_08072024093912_BSENSEDIVIDEND0072024signed.pdf"
"NESTLEIND","Nestle India Limited","Dividend Updates","Nestle India Limited has informed the Exchange about Dividend Updates","08-Jul-2024 09:37:05","2024-07-08 09:37:05","08-Jul-2024 09:37:05","00:00:00","https://nsearchives.nseindia.com/corporate/NESTLEIND_08072024093705_BSENSEDIVIDEND0072024signed.pdf"
"NESTLEIND","Nestle India Limited","Dividend","Nestle India Limited has informed the Exchange that Board of Directors at its meeting held on July 08, 2024, declared Interim Dividend of 2.75 per equity share.","08-Jul-2024 09:35:39","2024-07-08 09:35:39","08-Jul-2024 09:35:39","00:00:00","https://nsearchives.nseindia.com/corporate/NESTLEIND_08072024093539_BSENSEDIVIDEND0072024signed.pdf"
"NESTLEIND","Nestle India Limited","Change in Management","Nestle India Limited has informed the Exchange about change in Management","01-Jul-2024 13:57:30","2024-07-01 13:57:30","01-Jul-2024 13:57:32","00:00:02","https://nsearchives.nseindia.com/corporate/NESTLEIND_01072024135730_BSENSESMP01072024signed.pdf"
"NESTLEIND","Nestle India Limited","Updates","Nestle India Limited has informed the Exchange regarding 'Regulation 30 and Schedule III of the SEBI (Listing Obligations and Disclosure Requirements) Regulations, 2015 ( Listing Regulations ): Intimation regarding receipt of an Order from Customs Department Coochbehar in relation to short payment of Customs duty'.","27-Jun-2024 17:26:31","2024-06-27 17:26:31","27-Jun-2024 17:26:32","00:00:01","https://nsearchives.nseindia.com/corporate/NESTLEIND_27062024172631_BSENSEREG3027062024SIGNED.pdf"
"NESTLEIND","Nestle India Limited","Trading Window","Nestle India Limited has informed the Exchange regarding the Trading Window closure pursuant to SEBI (Prohibition of Insider Trading) Regulations, 2015","20-Jun-2024 19:00:04","2024-06-20 19:00:04","20-Jun-2024 19:00:05","00:00:01","https://nsearchives.nseindia.com/corporate/NESTLEIND_20062024190004_BSENSEUFRsDividend20062024Signed.pdf"
"NESTLEIND","Nestle India Limited","Record Date","Nestle India Limited has informed the Exchange that Record date for the purpose of interim dividend  is 16-Jul-2024.","20-Jun-2024 18:57:09","2024-06-20 18:57:09","20-Jun-2024 18:57:10","00:00:01","https://nsearchives.nseindia.com/corporate/NESTLEIND_20062024185710_BSENSEUFRsDividend20062024Signed.pdf"
"NESTLEIND","Nestle India Limited","Corrigendum","Nestle India Limited has informed the Exchange regarding Corrigendum to Notice of Annual General Meeting to be held on July 08, 2024","19-Jun-2024 15:53:44","2024-06-19 15:53:44","19-Jun-2024 15:53:46","00:00:02","https://nsearchives.nseindia.com/corporate/NESTLEIND_19062024155344_BSENSECORRIGENDUM19062024signed.pdf"
"NESTLEIND","Nestle India Limited","Copy of Newspaper Publication","Nestle India Limited has informed the Exchange about Copy of Newspaper Publication regarding its 65th Annual General Meeting","17-Jun-2024 22:24:35","2024-06-17 22:24:35","17-Jun-2024 22:24:36","00:00:01","https://nsearchives.nseindia.com/corporate/NESTLEIND_17062024222435_SignedBSENSEPostAdIntimation.pdf"
"NESTLEIND","Nestle India Limited","Updates","Nestle India Limited has informed the Exchange regarding 'Nestle India Limited has informed the exchange regarding ""Business Responsibility and Sustainability Report for the fifteen months financial year ended 31st March 2024'.","15-Jun-2024 23:40:43","2024-06-15 23:40:43","15-Jun-2024 23:40:43","00:00:00","https://nsearchives.nseindia.com/corporate/NESTLEIND_15062024234043_BRSR.pdf"
"NESTLEIND","Nestle India Limited","Shareholders meeting","Nestle India Limited has informed the Exchange regarding Notice of Annual General Meeting to be held on July 08, 2024","15-Jun-2024 23:28:25","2024-06-15 23:28:25","15-Jun-2024 23:28:26","00:00:01","https://nsearchives.nseindia.com/corporate/NESTLEIND_15062024232825_BSENSE65AGM15062024signed.pdf"
"NESTLEIND","Nestle India Limited","Change in Management","Nestle India Limited has informed the Exchange about change in Management","14-Jun-2024 19:14:36","2024-06-14 19:14:36","14-Jun-2024 19:14:36","00:00:00","https://nsearchives.nseindia.com/corporate/NESTLEIND_14062024191436_BSENSECHANGEINSMP14062024signed.pdf"
"NESTLEIND","Nestle India Limited","Copy of Newspaper Publication","Nestle India Limited has informed the Exchange about Copy of Newspaper Advertisement for 65th Annual General Meeting through Video Conferencing/ Other Audio - Visual Means (""VC/ OAVM"") facility.","13-Jun-2024 17:18:15","2024-06-13 17:18:15","13-Jun-2024 17:18:16","00:00:01","https://nsearchives.nseindia.com/corporate/NESTLEIND_13062024171815_STXIntimationSigned.pdf"
"NESTLEIND","Nestle India Limited","Revised Record date","Nestle India Limited had intimated the 15-Jul-2024 as the record date. The Company has now informed the Exchange that the Record date has been revised to 16-Jul-2024 for the purpose of Dividend.","12-Jun-2024 18:38:38","2024-06-12 18:38:38","12-Jun-2024 18:38:39","00:00:01","https://nsearchives.nseindia.com/corporate/NESTLEIND_12062024183838_BSENSEOutcome12062024signedCopy.pdf"
"NESTLEIND","Nestle India Limited","Updates","Nestle India Limited has informed the Exchange regarding '1. Approved appointment of Mr Sidharth Kumar Birla (DIN: 00004213) as an Additional Director and Independent Non-Executive Director of the Company and recommended to the members of the Company for their approval.2. Approved  continuation of payment of general licence fees (royalty) at the existing rate of 4.5% to Societe des Produits Nestle S.A. ( Licensor ) and recommended to the members of the Company for their approval.3. Revised date of the 65th AGM to Monday, 8th July 2024 through VC/ OAVM.'.","12-Jun-2024 18:35:56","2024-06-12 18:35:56","12-Jun-2024 18:35:57","00:00:01","https://nsearchives.nseindia.com/corporate/NESTLEIND_12062024183556_BSENSEOutcome12062024signedCopy.pdf"
"NESTLEIND","Nestle India Limited","Date of payment of dividend","Nestle India Limited has informed the Exchange about Date of payment of dividend","12-Jun-2024 18:34:27","2024-06-12 18:34:27","12-Jun-2024 18:34:28","00:00:01","https://nsearchives.nseindia.com/corporate/NESTLEIND_12062024183427_BSENSEOutcome12062024signedCopy.pdf"
"NESTLEIND","Nestle India Limited","Appointment","Nestle India Limited has informed the Exchange regarding Appointment of Mr Sidharth Kumar Birla as Non- Executive Independent Director of the company w.e.f. Jun 12, 2024.","12-Jun-2024 18:33:10","2024-06-12 18:33:10","12-Jun-2024 18:33:11","00:00:01","https://nsearchives.nseindia.com/corporate/NESTLEIND_12062024183310_BSENSEOutcome12062024signedCopy.pdf"
"NESTLEIND","Nestle India Limited","Change in Director(s)","Nestle India Limited has informed the Exchange regarding Change in Director(s) of the company.","12-Jun-2024 18:30:07","2024-06-12 18:30:07","12-Jun-2024 18:30:08","00:00:01","https://nsearchives.nseindia.com/corporate/NESTLEIND_12062024183007_BSENSEOutcome12062024signedCopy.pdf"
"NESTLEIND","Nestle India Limited","Outcome of Board Meeting","Nestle India Limited has informed the Exchange regarding Outcome of Board Meeting held on Jun 12, 2024.","12-Jun-2024 18:26:29","2024-06-12 18:26:29","12-Jun-2024 18:26:30","00:00:01","https://nsearchives.nseindia.com/corporate/NESTLEIND_12062024182629_BSENSEOutcome12062024signedCopy.pdf"
"NESTLEIND","Nestle India Limited","Outcome of Board Meeting","Nestle India Limited has informed the Exchange regarding  Board meeting held on Jun 12, 2024.","12-Jun-2024 18:25:56","2024-06-12 18:25:56","12-Jun-2024 18:25:57","00:00:01","https://nsearchives.nseindia.com/corporate/NESTLEIND_12062024182556_BSENSEOutcome12062024signedCopy.pdf"
"NESTLEIND","Nestle India Limited","Shareholders meeting","Nestle India Limited has submitted the Exchange a copy Srutinizers report of  Postal Ballot. Further, the company has informed the Exchange regarding voting results.","17-May-2024 20:24:14","2024-05-17 20:24:14","17-May-2024 20:24:19","00:00:05","https://nsearchives.nseindia.com/corporate/NESTLEIND_17052024202414_BSENSEVOTINGRESULTS17052024signed.pdf"
"NESTLEIND","Nestle India Limited","Disclosure under SEBI Takeover Regulations","Nestl�� S.A. and Maggi Enterprises Ltd. has Submitted to the Exchange a copy of Disclosure under Regulation 31(4) of the Securities and Exchange Board of India (Substantial Acquisition of Shares and Takeovers) Regulations, 2011.","16-May-2024 19:10:14","2024-05-16 19:10:14","16-May-2024 19:10:27","00:00:13","https://nsearchives.nseindia.com/corporate/NESTLEIND_16052024191014_NESTLEIND.pdf"
"NESTLEIND","Nestle India Limited","Retirement","Nestle India Limited has informed the Exchange about Retirement of Mr. Rajya Vardhan Kanoria (DIN: 00003792) as an Independent Non-Executive Director","13-May-2024 09:43:12","2024-05-13 09:43:12","13-May-2024 09:43:17","00:00:05","https://nsearchives.nseindia.com/corporate/NESTLEIND_13052024094312_RETIREMENTOFRVKANORIAsigned.pdf"
"NESTLEIND","Nestle India Limited","Press Release","Nestle India Limited has informed the Exchange regarding a press release dated April 25, 2024, titled ""1. Nestl�� India launches the much-awaited NESPRESSO; and 2. Nestl�� India and Dr. Reddy s to form joint venture to take health science nutraceutical portfolio to consumers across India and other agreed territories. "".","25-Apr-2024 13:36:53","2024-04-25 13:36:53","25-Apr-2024 13:36:59","00:00:06","https://nsearchives.nseindia.com/corporate/NESTLEIND_25042024133653_BSENSEPressRelease2signed.pdf"
"NESTLEIND","Nestle India Limited","Press Release","Nestle India Limited has informed the Exchange regarding a press release dated April 25, 2024, titled ""Press Release relating to the results and other business items"".","25-Apr-2024 13:07:43","2024-04-25 13:07:43","25-Apr-2024 13:07:50","00:00:07","https://nsearchives.nseindia.com/corporate/NESTLEIND_25042024130743_BSENSEPressRelease.pdf"
"NESTLEIND","Nestle India Limited","Updates","Nestle India Limited has informed the Exchange regarding 'Outcome of the Board Meeting:I. Regulation 33 of SEBI (Listing Obligations and Disclosure Requirements) Regulations, 2015 ( Listing Regulations ): Audited Financial Results for the fifteen months financial year ended 31st March 2024;II. Regulation 30 of the Listing Regulations:&#8722; Recommended Final Dividend for the fifteen months financial year ended 31st March 2024;&#8722; Approved execution of a definitive agreement to form a joint venture with Dr. Reddy s Laboratories Limited;&#8722; Convening of 65th Annual General Meeting (AGM) on Friday, 5th July 2024 through Video Conferencing/ Other Audio-Visual Means (VC/ OAVM).III. Launch of Nespresso in India; andIV. Regulation 42 of the Listing Regulations: 65th AGM and Record Date of 15th July 2024 for determining the entitlement of Final Dividend for the fifteen months financial year ended 31st March 2024, if any, and date of payment of the Final Dividend, in case declared by the members, shall be on and from 2nd August 2024.'.","25-Apr-2024 12:52:07","2024-04-25 12:52:07","25-Apr-2024 12:52:14","00:00:07","https://nsearchives.nseindia.com/corporate/NESTLEIND_25042024125207_BSENSEFinallettersigned.pdf"
"NESTLEIND","Nestle India Limited","Dividend Updates","Nestle India Limited has informed the Exchange about Dividend Updates","25-Apr-2024 12:40:52","2024-04-25 12:40:52","25-Apr-2024 12:41:07","00:00:15","https://nsearchives.nseindia.com/corporate/NESTLEIND_25042024124053_BSENSEFinallettersigned.pdf"
"NESTLEIND","Nestle India Limited","Record Date","Nestle India Limited has informed the Exchange that Record date for the purpose of Dividend  is 15-Jul-2024.","25-Apr-2024 12:36:20","2024-04-25 12:36:20","25-Apr-2024 12:36:26","00:00:06","https://nsearchives.nseindia.com/corporate/NESTLEIND_25042024123620_BSENSEFinallettersigned.pdf"
"NESTLEIND","Nestle India Limited","Financial Result Updates","Nestle India Limited has submitted to the Exchange, the financial results for the period ended March 31, 2024.","25-Apr-2024 12:31:37","2024-04-25 12:31:37","25-Apr-2024 12:31:44","00:00:07","https://nsearchives.nseindia.com/corporate/BSENSEFinallettersigned_25042024123137.pdf"
"NESTLEIND","Nestle India Limited","Outcome of Board Meeting","Nestle India Limited has informed the Exchange regarding  Board meeting held on April 25, 2024.","25-Apr-2024 12:30:01","2024-04-25 12:30:01","25-Apr-2024 12:30:13","00:00:12","https://nsearchives.nseindia.com/corporate/NESTLEIND_25042024123001_BSENSEFinallettersigned.pdf"
"NESTLEIND","Nestle India Limited","Dividend","Nestle India Limited has informed the Exchange that Board of Directors at its meeting held on April 25, 2024, recommended Final Dividend of 8.50 per equity share.","25-Apr-2024 12:28:38","2024-04-25 12:28:38","25-Apr-2024 12:28:46","00:00:08","https://nsearchives.nseindia.com/corporate/NESTLEIND_25042024122838_BSENSEFinallettersigned.pdf"
"NESTLEIND","Nestle India Limited","Outcome of Board Meeting","Nestle India Limited has informed the Exchange regarding Outcome of Board Meeting held on April 25, 2024.","25-Apr-2024 12:28:13","2024-04-25 12:28:13","25-Apr-2024 12:28:18","00:00:05","https://nsearchives.nseindia.com/corporate/NESTLEIND_25042024122813_BSENSEFinallettersigned.pdf"
"NESTLEIND","Nestle India Limited","Dividend","Nestle India Limited has informed the Exchange that Board of Directors at its meeting held on April 25, 2024, recommended Final Dividend of Rs. 8.50 per equity share.","25-Apr-2024 12:27:50","2024-04-25 12:27:50","25-Apr-2024 12:27:57","00:00:07","https://nsearchives.nseindia.com/corporate/NESTLEIND_25042024122750_BSENSEFinallettersigned.pdf"
"NESTLEIND","Nestle India Limited","News Verification","The Exchange has sought clarification from Nestle India Limited with respect to recent news item captioned Nestle baby food concerns: Shares drop 5% as Centre vows investigation into sugar addition in infant food.  The response from the Company is attached.","19-Apr-2024 09:47:23","2024-04-19 09:47:23","19-Apr-2024 09:47:30","00:00:07","https://nsearchives.nseindia.com/corporate/NESTLEIND_19042024094723_NewsClarification18042024signed.pdf"
"NESTLEIND","Nestle India Limited","News Verification","The Exchange has sought clarification from Nestle India Limited with respect to recent news item captioned Nestle baby food concerns: Shares drop 5% as Centre vows investigation into sugar addition in infant food.  The response from the Company is awaited.","18-Apr-2024 15:26:36","2024-04-18 15:26:36","18-Apr-2024 15:26:41","00:00:05","-"
"NESTLEIND","Nestle India Limited","Updates","Nestle India Limited has informed the Exchange regarding 'Regulation 30 of SEBI (Listing Obligations and Disclosure Requirements) Regulations, 2015: Update on one-on-one meet with the institutional investors on 17th April 2024'.","17-Apr-2024 13:21:09","2024-04-17 13:21:09","17-Apr-2024 13:21:23","00:00:14","https://nsearchives.nseindia.com/corporate/NESTLEIND_17042024132109_InvestorMeetOutcome17042024signed.pdf"
"NESTLEIND","Nestle India Limited","Copy of Newspaper Publication","Nestle India Limited has informed the Exchange about Copy of Newspaper notice published in the columns of English Daily Financial Express Delhi and Mumbai edition and Hindi Daily Jansatta Delhi edition on 17th April 2024, both newspapers having electronic edition, regarding completion of dispatch of Postal Ballot Notice electronically.","17-Apr-2024 12:47:19","2024-04-17 12:47:19","17-Apr-2024 12:47:27","00:00:08","https://nsearchives.nseindia.com/corporate/NESTLEIND_17042024124720_PostAdvtIntimationPostalBallot17042024signed.pdf"
"NESTLEIND","Nestle India Limited","Shareholders meeting","Nestle India Limited has informed the Exchange regarding Notice of Postal Ballot","16-Apr-2024 20:39:22","2024-04-16 20:39:22","16-Apr-2024 20:39:30","00:00:08","https://nsearchives.nseindia.com/corporate/NESTLEIND_16042024203922_PostalBallotNotice16042024signed.pdf"
"NESTLEIND","Nestle India Limited","Updates","Nestle India Limited has informed the Exchange regarding 'Regulation 30 and Schedule III of the SEBI (Listing Obligations and Disclosure Requirements) Regulations, 2015: Intimation regarding receipt of an Order-in-Appeal from GST Appeal Department, Haryana in relation to transitional credit for the period 2017-18'.","16-Apr-2024 18:33:56","2024-04-16 18:33:56","16-Apr-2024 18:34:04","00:00:08","https://nsearchives.nseindia.com/corporate/NESTLEIND_16042024183356_BSENSEGSTNoticeSTXsigned.pdf"
"NESTLEIND","Nestle India Limited","Updates","Nestle India Limited has informed the Exchange regarding 'Regulation 30 of SEBI (Listing Obligations and Disclosure Requirements) Regulations,2015: Update on one-on-one meet with the institutional investors on 16th April 2024'.","16-Apr-2024 16:52:47","2024-04-16 16:52:47","16-Apr-2024 16:52:55","00:00:08","https://nsearchives.nseindia.com/corporate/NESTLEIND_16042024165247_InvestorMeetOutcome16042024signed.pdf"
"NESTLEIND","Nestle India Limited","Updates","Nestle India Limited has informed the Exchange regarding 'Regulation 30 of SEBI (Listing Obligations and Disclosure Requirements) Regulations,2015: Update on one-on-one meet with the institutional investors on 15th April 2024'.","15-Apr-2024 18:46:11","2024-04-15 18:46:11","15-Apr-2024 18:46:16","00:00:05","https://nsearchives.nseindia.com/corporate/NESTLEIND_15042024184611_InvestorMeetOutcome15042024signed.pdf"
"NESTLEIND","Nestle India Limited","Copy of Newspaper Publication","Nestle India Limited has informed the Exchange about Copy of Newspaper Advertisement for proposed Postal Ballot Notice","13-Apr-2024 19:20:49","2024-04-13 19:20:49","13-Apr-2024 19:20:56","00:00:07","https://nsearchives.nseindia.com/corporate/NESTLEIND_13042024192049_NewspaperPublicationPostalBallotSigned.pdf"
"NESTLEIND","Nestle India Limited","Updates","Nestle India Limited has informed the Exchange regarding 'Regulation 30 of SEBI (Listing Obligations and Disclosure Requirements) Regulations, 2015: Intimation of one-on-one meet with the institutional investors'.","12-Apr-2024 19:53:48","2024-04-12 19:53:48","12-Apr-2024 19:53:56","00:00:08","https://nsearchives.nseindia.com/corporate/NESTLEIND_12042024195348_InvestorMeetIntimation12042024signed.pdf"
"NESTLEIND","Nestle India Limited","Updates","Nestle India Limited has informed the Exchange regarding 'Regulation 30 of SEBI (Listing Obligations and Disclosure Requirements) Regulations, 2015: Update on one-on-one meet (virtual) with the institutional investors on 12th April 2024'.","12-Apr-2024 16:56:22","2024-04-12 16:56:22","12-Apr-2024 16:56:27","00:00:05","https://nsearchives.nseindia.com/corporate/NESTLEIND_12042024165622_InvestorMeetOutcome12042024signed.pdf"
"NESTLEIND","Nestle India Limited","Dividend Updates","Nestle India Limited has informed the Exchange about Dividend Updates","11-Apr-2024 15:21:39","2024-04-11 15:21:39","11-Apr-2024 15:21:45","00:00:06","https://nsearchives.nseindia.com/corporate/NESTLEIND_11042024152139_BSENSEDIVIDENDINTIMATION11042024signed.pdf"
"NESTLEIND","Nestle India Limited","Updates","Nestle India Limited has informed the Exchange regarding 'Regulation 30 of SEBI (Listing Obligations and Disclosure Requirements) Regulations, 2015: Update on one-on-one meet with the institutional investors on 10th April 2024'.","10-Apr-2024 19:48:02","2024-04-10 19:48:02","10-Apr-2024 19:48:07","00:00:05","https://nsearchives.nseindia.com/corporate/NESTLEIND_10042024194802_InvestorMeetOutcome10042024signed.pdf"
"NESTLEIND","Nestle India Limited","Updates","Nestle India Limited has informed the Exchange regarding 'Regulation 30 of SEBI (Listing Obligations and Disclosure Requirements) Regulations, 2015: Intimation of one-on-one meet (virtual) with the institutional investors on 12th April 2024'.","10-Apr-2024 18:51:09","2024-04-10 18:51:09","10-Apr-2024 18:51:23","00:00:14","https://nsearchives.nseindia.com/corporate/NESTLEIND_10042024185109_InvestorMeetIntimation10042024signed.pdf"
"NESTLEIND","Nestle India Limited","Updates","Nestle India Limited has informed the Exchange regarding 'Regulation 30 of SEBI (Listing Obligations and Disclosure Requirements) Regulations, 2015: Update on one-on-one meet with the institutional investors on 9th April 2024'.","09-Apr-2024 20:03:16","2024-04-09 20:03:16","09-Apr-2024 20:03:22","00:00:06","https://nsearchives.nseindia.com/corporate/NESTLEIND_09042024200316_InvestorMeetOutcome09042024signed.pdf"
"NESTLEIND","Nestle India Limited","Updates","Nestle India Limited has informed the Exchange regarding 'Regulation 30 of SEBI (Listing Obligations and Disclosure Requirements) Regulations, 2015: Intimation of one-on-one meet with the institutional investors on 10th April 2024'.","09-Apr-2024 16:51:19","2024-04-09 16:51:19","09-Apr-2024 16:51:26","00:00:07","https://nsearchives.nseindia.com/corporate/NESTLEIND_09042024165119_InvestorMeetIntimationMeeton09042024signed.pdf"
"NESTLEIND","Nestle India Limited","Certificate under SEBI (Depositories and Participants) Regulations, 2018","Nestle India Limited has informed the Exchange about Certificate under SEBI (Depositories and Participants) Regulations, 2018","08-Apr-2024 19:33:39","2024-04-08 19:33:39","08-Apr-2024 19:33:50","00:00:11","https://nsearchives.nseindia.com/corporate/NESTLEIND_08042024193339_NILCertificateunder745Signed.pdf"
"NESTLEIND","Nestle India Limited","Updates","Nestle India Limited has informed the Exchange regarding 'Regulation 30 of SEBI (Listing Obligations and Disclosure Requirements) Regulations, 2015:  Presentation to be made to the institutional investors during one-on-one meet - Reference our letter PKR:SG 29:24 dated 8th April 2024 '.","08-Apr-2024 19:24:28","2024-04-08 19:24:28","08-Apr-2024 19:24:35","00:00:07","https://nsearchives.nseindia.com/corporate/NESTLEIND_08042024192428_InvestorMeetCovering08042024signed.pdf"
"NESTLEIND","Nestle India Limited","Updates","Nestle India Limited has informed the Exchange regarding 'Regulation 30 of SEBI (Listing Obligations and Disclosure Requirements) Regulations, 2015 ( Listing Regulations ): Intimation of one-on-one meet with the institutional investors'.","08-Apr-2024 15:42:14","2024-04-08 15:42:14","08-Apr-2024 15:42:21","00:00:07","https://nsearchives.nseindia.com/corporate/NESTLEIND_08042024154214_InvestorMeetIntimation08042024signed.pdf"
"NESTLEIND","Nestle India Limited","Updates","Nestle India Limited has informed the Exchange regarding 'Regulation 30 of SEBI (Listing Obligations and Disclosure Requirements) Regulations, 2015 - Outcome of the Board Meeting'.","05-Apr-2024 18:47:02","2024-04-05 18:47:02","05-Apr-2024 18:47:13","00:00:11","https://nsearchives.nseindia.com/corporate/NESTLEIND_05042024184702_BSENSEOutcome05042024ROYALTYsigned.pdf"
"NESTLEIND","Nestle India Limited","Change in Director(s)","Nestle India Limited has informed the Exchange regarding Change in Director(s) of the company.","05-Apr-2024 18:40:56","2024-04-05 18:40:56","05-Apr-2024 18:41:09","00:00:13","https://nsearchives.nseindia.com/corporate/NESTLEIND_05042024184056_BSENSEOutcome05042024ROYALTYsigned.pdf"
"NESTLEIND","Nestle India Limited","Appointment","Nestle India Limited has informed the Exchange regarding Appointment of Ms Suneeta Reddy as Non- Executive Independent Director of the company w.e.f. April 05, 2024.","05-Apr-2024 18:37:50","2024-04-05 18:37:50","05-Apr-2024 18:37:55","00:00:05","https://nsearchives.nseindia.com/corporate/NESTLEIND_05042024183751_BSENSEOutcome05042024ROYALTYsigned.pdf"
"NESTLEIND","Nestle India Limited","Outcome of Board Meeting","Nestle India Limited has informed the Exchange regarding Outcome of Board Meeting held on April 05, 2024.","05-Apr-2024 18:33:26","2024-04-05 18:33:26","05-Apr-2024 18:33:33","00:00:07","https://nsearchives.nseindia.com/corporate/NESTLEIND_05042024183326_BSENSEOutcome05042024ROYALTYsigned.pdf"
"NESTLEIND","Nestle India Limited","Updates","Nestle India Limited has informed the Exchange regarding 'Regulation 30 of SEBI (Listing Obligations and Disclosure Requirements) Regulations, 2015 - Regarding development in one of the ongoing litigations'.","04-Apr-2024 16:04:45","2024-04-04 16:04:45","04-Apr-2024 16:04:50","00:00:05","https://nsearchives.nseindia.com/corporate/NESTLEIND_04042024160445_STXIntimationNCDRCmatter04042024signed.pdf"
"NESTLEIND","Nestle India Limited","Updates","Nestle India Limited has informed the Exchange regarding 'Regulation 30 and Schedule III of the SEBI (Listing Obligations and Disclosure Requirements) Regulations, 2015: Intimation regarding receipt of an Order from GST Appeal Department, Rajasthan in relation to the transitional credit for the tax period 2018-19'.","03-Apr-2024 20:57:28","2024-04-03 20:57:28","03-Apr-2024 20:57:35","00:00:07","https://nsearchives.nseindia.com/corporate/NESTLEIND_03042024205729_GSTBSENSE03042024signed.pdf"
"NESTLEIND","Nestle India Limited","Updates","Nestle India Limited has informed the Exchange regarding 'Regulation 30 and Schedule III of the SEBI (Listing Obligations and Disclosure Requirements) Regulations, 2015 ( Listing Regulations ): Intimation regarding receipt of an Order from GST Department, Karnataka for the tax period 2018-19'.","01-Apr-2024 17:18:16","2024-04-01 17:18:16","01-Apr-2024 17:18:29","00:00:13","https://nsearchives.nseindia.com/corporate/NESTLEIND_01042024171816_Regulation30SEBIIntimation01042024signed.pdf"
"NESTLEIND","Nestle India Limited","Retirement","Nestle India Limited has informed the Exchange about Retirement of Dr Swati Ajay Piramal (DIN: 00067125) as an Independent Non-Executive Director of the Company w.e.f. 31st March 2024","28-Mar-2024 19:07:05","2024-03-28 19:07:05","28-Mar-2024 19:07:20","00:00:15","https://nsearchives.nseindia.com/corporate/NESTLEIND_28032024190705_STXIntimationSwatiRetirementSigned.pdf"
"NESTLEIND","Nestle India Limited","Loss of Share Certificates","Nestle India Limited has informed the Exchange about Loss of Share Certificates","28-Mar-2024 12:56:20","2024-03-28 12:56:20","28-Mar-2024 12:56:28","00:00:08","https://nsearchives.nseindia.com/corporate/NESTLEIND_28032024125620_STXuploadSigned.pdf"
"NESTLEIND","Nestle India Limited","Trading Window","Nestle India Limited has informed the Exchange regarding the Trading Window closure pursuant to SEBI (Prohibition of Insider Trading) Regulations, 2015","26-Mar-2024 20:31:49","2024-03-26 20:31:49","26-Mar-2024 20:31:55","00:00:06","https://nsearchives.nseindia.com/corporate/NESTLEIND_26032024203149_IntimationClosureofTradingWindow_1_26032024signed.pdf"
"NESTLEIND","Nestle India Limited","Analysts/Institutional Investor Meet/Con. Call Updates","Nestle India Limited has informed the Exchange about Cancellation of one-on-one institutional investor meet","13-Mar-2024 23:30:00","2024-03-13 23:30:00","13-Mar-2024 23:30:07","00:00:07","https://nsearchives.nseindia.com/corporate/NESTLEIND_13032024233000_BSENSECANCELLATION13032024SIGNED.pdf"
"NESTLEIND","Nestle India Limited","Analysts/Institutional Investor Meet/Con. Call Updates","Nestle India Limited has informed the Exchange about Update on one-on-one institutional investor meet","13-Mar-2024 18:47:10","2024-03-13 18:47:10","13-Mar-2024 18:47:16","00:00:06","https://nsearchives.nseindia.com/corporate/NESTLEIND_13032024184710_BSENSEOUTCOME13032024signed.pdf"
"NESTLEIND","Nestle India Limited","Analysts/Institutional Investor Meet/Con. Call Updates","Nestle India Limited has informed the Exchange about Update on one-on-one institutional investor meet","11-Mar-2024 18:10:08","2024-03-11 18:10:08","11-Mar-2024 18:10:17","00:00:09","https://nsearchives.nseindia.com/corporate/NESTLEIND_11032024181008_InvestorMeetIntimation11032024signed.pdf"
"NESTLEIND","Nestle India Limited","Updates","Nestle India Limited has informed the Exchange regarding 'letter reference no. PKR:SG 17:24 intimating schedule of institutional investor meet submitted with the stock exchanges on 5th March 2024, due to an inadvertent typographical error, the date mentioned on the letter was 5th April 2024 instead of 5th March 2024.The date mentioned be read as 5th March 2024 with no other change in the aforesaid letter'.","06-Mar-2024 18:05:56","2024-03-06 18:05:56","06-Mar-2024 18:06:04","00:00:08","https://nsearchives.nseindia.com/corporate/NESTLEIND_06032024180556_BSENSELETTER06032024signed.pdf"
"NESTLEIND","Nestle India Limited","Analysts/Institutional Investor Meet/Con. Call Updates","Nestle India Limited has informed the Exchange about Schedule of meet","05-Mar-2024 19:22:41","2024-03-05 19:22:41","05-Mar-2024 19:22:47","00:00:06","https://nsearchives.nseindia.com/corporate/NESTLEIND_05032024192241_BSENSE05032024meet.pdf"
"NESTLEIND","Nestle India Limited","Analysts/Institutional Investor Meet/Con. Call Updates","Nestle India Limited has informed the Exchange about Schedule of meet","05-Mar-2024 19:22:41","2024-03-05 19:22:41","05-Mar-2024 19:22:55","00:00:14","https://nsearchives.nseindia.com/corporate/NESTLEIND_05032024192241_BSENSE05032024meet.pdf"
"NESTLEIND","Nestle India Limited","Analysts/Institutional Investor Meet/Con. Call Updates","Nestle India Limited has informed the Exchange about Schedule of meet","05-Mar-2024 19:22:41","2024-03-05 19:22:41","05-Mar-2024 19:23:02","00:00:21","https://nsearchives.nseindia.com/corporate/NESTLEIND_05032024192242_BSENSE05032024meet.pdf"
"NESTLEIND","Nestle India Limited","Updates","Nestle India Limited has informed the Exchange regarding 'Regulation 30 and Schedule III of the SEBI (Listing Obligations and Disclosure Requirements) Regulations, 2015 '.","04-Mar-2024 21:47:02","2024-03-04 21:47:02","04-Mar-2024 21:47:09","00:00:07","https://nsearchives.nseindia.com/corporate/NESTLEIND_04032024214702_BSENSE04032024signed.pdf"
"NESTLEIND","Nestle India Limited","Analysts/Institutional Investor Meet/Con. Call Updates","Nestle India Limited has informed the Exchange about Update on one-on-one institutional investor meet","20-Feb-2024 17:08:59","2024-02-20 17:08:59","20-Feb-2024 17:09:03","00:00:04","https://nsearchives.nseindia.com/corporate/NESTLEIND_20022024170859_BSENSEMEETOUTCOME20022024SIGNED.pdf"
"NESTLEIND","Nestle India Limited","Analysts/Institutional Investor Meet/Con. Call Updates","Nestle India Limited has informed the Exchange about Schedule of meet","19-Feb-2024 13:07:48","2024-02-19 13:07:48","19-Feb-2024 13:07:52","00:00:04","https://nsearchives.nseindia.com/corporate/NESTLEIND_19022024130748_BSENSEMEETINTIMATION19022024signed.pdf"
"NESTLEIND","Nestle India Limited","Record Date","Nestle India Limited has informed the Exchange that Record date for the purpose of Dividend  is 15-Feb-2024.","07-Feb-2024 13:12:01","2024-02-07 13:12:01","07-Feb-2024 13:12:08","00:00:07","https://nsearchives.nseindia.com/corporate/NESTLEIND_07022024131201_BSENSECOVERINGsigned.pdf"
"NESTLEIND","Nestle India Limited","Restructuring","Nestle India Limited has informed the Exchange regarding the sale of Nestl�� Business Services ( NBS ) Division to a related party","07-Feb-2024 12:46:39","2024-02-07 12:46:39","07-Feb-2024 12:46:47","00:00:08","https://nsearchives.nseindia.com/corporate/NESTLEIND_07022024124639_BSENSECOVERINGsigned.pdf"
"NESTLEIND","Nestle India Limited","Press Release","Nestle India Limited has informed the Exchange regarding a press release dated February 07, 2024, titled ""Strong momentum in a challenging environment"".","07-Feb-2024 12:44:51","2024-02-07 12:44:51","07-Feb-2024 12:44:55","00:00:04","https://nsearchives.nseindia.com/corporate/NESTLEIND_07022024124451_BSENSECOVERINGsigned.pdf"
"NESTLEIND","Nestle India Limited","Outcome of Board Meeting","Nestle India Limited has informed the Exchange regarding Outcome of Board Meeting held on February 07, 2024 regarding sale of Nestl�� Business Services ( NBS ) Division to a related party","07-Feb-2024 12:43:43","2024-02-07 12:43:43","07-Feb-2024 12:43:49","00:00:06","https://nsearchives.nseindia.com/corporate/NESTLEIND_07022024124343_BSENSECOVERINGsigned.pdf"
"NESTLEIND","Nestle India Limited","Dividend","Nestle India Limited has informed the Exchange that Board of Directors at its meeting held on February 07, 2024, declared Interim Dividend of 7 per equity share.","07-Feb-2024 12:38:48","2024-02-07 12:38:48","07-Feb-2024 12:38:54","00:00:06","https://nsearchives.nseindia.com/corporate/NESTLEIND_07022024123848_BSENSECOVERINGsigned.pdf"
"NESTLEIND","Nestle India Limited","Financial Result Updates","Nestle India Limited has submitted to the Exchange, the financial results for the period ended December 31, 2023.","07-Feb-2024 12:37:00","2024-02-07 12:37:00","07-Feb-2024 12:37:06","00:00:06","https://nsearchives.nseindia.com/corporate/BSENSECOVERINGsigned_07022024123700.pdf"
"NESTLEIND","Nestle India Limited","Updates","Nestle India Limited has informed the Exchange regarding 'Disclosure of changes in the Senior Management of the Company'.","31-Jan-2024 14:54:59","2024-01-31 14:54:59","31-Jan-2024 14:55:05","00:00:06","https://nsearchives.nseindia.com/corporate/NESTLEIND_31012024145459_BSENSEINTIMATION31012024signed.pdf"
"NESTLEIND","Nestle India Limited","Loss of Share Certificates","Nestle India Limited has informed the Exchange about Loss of Share Certificates","27-Jan-2024 08:59:04","2024-01-27 08:59:04","27-Jan-2024 08:59:11","00:00:07","https://nsearchives.nseindia.com/corporate/NESTLEIND_27012024085904_LetterforuploadSigned.pdf"
"NESTLEIND","Nestle India Limited","Loss of Share Certificates","Nestle India Limited has informed the Exchange about Loss of Share Certificates","11-Jan-2024 19:01:12","2024-01-11 19:01:12","11-Jan-2024 19:01:18","00:00:06","https://nsearchives.nseindia.com/corporate/NESTLEIND_11012024190112_STXForUpload11012024signed.pdf"
"NESTLEIND","Nestle India Limited","Certificate under SEBI (Depositories and Participants) Regulations, 2018","Nestle India Limited has informed the Exchange about Certificate under SEBI (Depositories and Participants) Regulations, 2018","08-Jan-2024 18:55:16","2024-01-08 18:55:16","08-Jan-2024 18:55:21","00:00:05","https://nsearchives.nseindia.com/corporate/NESTLEIND_08012024185516_STXintimationDP74_5_certificateSigned.pdf"
"NESTLEIND","Nestle India Limited","Updates","Nestle India Limited has informed the Exchange regarding 'Regulation 30 and Schedule III of the SEBI (Listing Obligations and Disclosure Requirements) Regulations, 2015 ( Listing Regulations ): Intimation regarding receipt of an Order-in-Original from Customs Department, Chennai '.","08-Jan-2024 18:44:26","2024-01-08 18:44:26","08-Jan-2024 18:44:36","00:00:10","https://nsearchives.nseindia.com/corporate/NESTLEIND_08012024184426_BSENSEINTIMATIONOFORDER08012024signed.pdf"
"NESTLEIND","Nestle India Limited","Loss of Share Certificates","Nestle India Limited has informed the Exchange about Loss of Share Certificates","06-Jan-2024 18:06:12","2024-01-06 18:06:12","06-Jan-2024 18:06:17","00:00:05","https://nsearchives.nseindia.com/corporate/NESTLEIND_06012024180612_STXforfilingSigned.pdf"
"NESTLEIND","Nestle India Limited","Updates","Nestle India Limited has informed the Exchange regarding 'Intimation regarding receipt of an Order-in appeal from GST Department, Goa in relation to transitional credit claimed during August 2017'.","06-Jan-2024 17:49:58","2024-01-06 17:49:58","06-Jan-2024 17:50:05","00:00:07","https://nsearchives.nseindia.com/corporate/NESTLEIND_06012024174958_BSENSEIntimationforreceiptofOrder05Jan2024Signed.pdf"
"NESTLEIND","Nestle India Limited","Updates","Nestle India Limited has informed the Exchange regarding 'Intimation regarding receipt of an Order from Deputy Commissioner of State Tax, Patliputra, Central, Bihar for tax period July 2017- March 2018'.","02-Jan-2024 17:44:15","2024-01-02 17:44:15","02-Jan-2024 17:44:20","00:00:05","https://nsearchives.nseindia.com/corporate/NESTLEIND_02012024174415_STXIntimationGSTOrder02012024signed.pdf"
"NESTLEIND","Nestle India Limited","Updates","Nestle India Limited has informed the Exchange regarding 'Intimation regarding receipt of an Order from GST Department, Chandigarh for tax period 2017-18 to July 2023'.","01-Jan-2024 18:12:00","2024-01-01 18:12:00","01-Jan-2024 18:12:05","00:00:05","https://nsearchives.nseindia.com/corporate/NESTLEIND_01012024181200_BSENSEIntimationforreceiptoforderdated01012024SecondmentIssue_signed.pdf"
"NESTLEIND","Nestle India Limited","Loss of Share Certificates","Nestle India Limited has informed the Exchange about Loss of Share Certificates","28-Dec-2023 17:58:53","2023-12-28 17:58:53","28-Dec-2023 17:58:59","00:00:06","https://nsearchives.nseindia.com/corporate/NESTLEIND_28122023175853_STXLetter28122023signed.pdf"
"NESTLEIND","Nestle India Limited","Updates","Nestle India Limited has informed the Exchange regarding 'Regulation 30 and Schedule III of the SEBI (Listing Obligations and Disclosure Requirements)Regulations, 2015 ( Listing Regulations ): Intimation regarding receipt of an Order from GSTDepartment, Tamil Nadu for the tax period 2017-2020'.","28-Dec-2023 17:54:42","2023-12-28 17:54:42","28-Dec-2023 17:54:47","00:00:05","https://nsearchives.nseindia.com/corporate/NESTLEIND_28122023175442_BSENSEIntimationforreceiptofOrderGST28122023signed.pdf"
"NESTLEIND","Nestle India Limited","Updates","Nestle India Limited has informed the Exchange regarding 'Copy of newspaper advertisement for issue of Letter of Confirmation/ Entitlement Letter in lieu of Duplicate Share Certificates for share certificates reported lost'.","27-Dec-2023 17:24:18","2023-12-27 17:24:18","27-Dec-2023 17:24:25","00:00:07","https://nsearchives.nseindia.com/corporate/NESTLEIND_27122023172418_STXIntimationDec23signed.pdf"
"NESTLEIND","Nestle India Limited","Loss of Share Certificates","Nestle India Limited has informed the Exchange about Loss of Share Certificates","21-Dec-2023 19:40:57","2023-12-21 19:40:57","21-Dec-2023 19:41:03","00:00:06","https://nsearchives.nseindia.com/corporate/NESTLEIND_21122023194057_STXIntimationLossofsharessigned.pdf"
"NESTLEIND","Nestle India Limited","Trading Window","Nestle India Limited has informed the Exchange regarding the Trading Window closure pursuant to SEBI (Prohibition of Insider Trading) Regulations, 2015","19-Dec-2023 19:21:32","2023-12-19 19:21:32","19-Dec-2023 19:21:37","00:00:05","https://nsearchives.nseindia.com/corporate/NESTLEIND_19122023192132_BSENSEINTIMATIONTWCsigned.pdf"
"NESTLEIND","Nestle India Limited","Record Date","Nestle India Limited has informed the Exchange that Record Date for the purpose of Split/Subdivision is 05-Jan-2024.","18-Dec-2023 17:38:40","2023-12-18 17:38:40","18-Dec-2023 17:38:45","00:00:05","https://nsearchives.nseindia.com/corporate/NESTLEIND_18122023173840_BSENSEintimationofrecorddateforsplitsigned.pdf"
"NESTLEIND","Nestle India Limited","Loss of Share Certificates","Nestle India Limited has informed the Exchange about Loss of Share Certificates","17-Dec-2023 17:00:33","2023-12-17 17:00:33","17-Dec-2023 17:00:38","00:00:05","https://nsearchives.nseindia.com/corporate/NESTLEIND_17122023170034_STXIntimationLossofsharessigned.pdf"
"NESTLEIND","Nestle India Limited","Shareholders meeting","Nestle India Limited has submitted the Exchange a copy Srutinizers report of  Postal Ballot. Further, the company has informed the Exchange regarding voting results.","08-Dec-2023 19:18:09","2023-12-08 19:18:09","08-Dec-2023 19:18:21","00:00:12","https://nsearchives.nseindia.com/corporate/NESTLEIND_08122023191809_BSENSEPostalBallotRESULTS08122023signed.pdf"
"NESTLEIND","Nestle India Limited","Updates","Nestle India Limited has informed the Exchange regarding 'Regulation 39(3) of the SEBI (Listing Obligations and Disclosure Requirements) Regulations, 2015 (""Listing Regulations"")   Information regarding issue of Letter of Confirmation in lieu of share certificates reported lost'.","05-Dec-2023 18:24:31","2023-12-05 18:24:31","05-Dec-2023 18:24:35","00:00:04","https://nsearchives.nseindia.com/corporate/NESTLEIND_05122023182431_STXIntimationforLOC5Dec23.pdf"
"NESTLEIND","Nestle India Limited","Updates","Nestle India Limited has informed the Exchange regarding 'Issue of Letter of Confirmation/ Entitlement Letter in lieu of Duplicate ShareCertificates for share certificates reported lost in case no objection received'.","29-Nov-2023 15:51:56","2023-11-29 15:51:56","29-Nov-2023 15:52:01","00:00:05","https://nsearchives.nseindia.com/corporate/NESTLEIND_29112023155156_STXIntimationIssueofLOCNewspaperAdv29112023signed.pdf"
"NESTLEIND","Nestle India Limited","Updates","Nestle India Limited has informed the Exchange regarding 'Issue of Letter of Confirmation / Entitlement Letter in lieu of New Design Share Certificates to be issued for Old Design Share Certificates reported lost'.","24-Nov-2023 18:24:12","2023-11-24 18:24:12","24-Nov-2023 18:24:19","00:00:07","https://nsearchives.nseindia.com/corporate/NESTLEIND_24112023182412_STXIntimation24112023signed.pdf"
"NESTLEIND","Nestle India Limited","Updates","Nestle India Limited has informed the Exchange regarding 'issue of Letter of Confirmation in lieu of duplicate share certificate(s) reported lost'.","20-Nov-2023 18:47:04","2023-11-20 18:47:04","20-Nov-2023 18:47:09","00:00:05","https://nsearchives.nseindia.com/corporate/NESTLEIND_20112023184704_LOCissueSTX20112023Signed.pdf"
"NESTLEIND","Nestle India Limited","Copy of Newspaper Publication","Nestle India Limited has informed the Exchange about Copy of Newspaper Publication published in the columns of English Daily  Financial Express  Delhi and Mumbai edition and Hindi Daily  Jansatta  Delhi edition on 9th November 2023, both newspapers having electronic edition, regarding completion of dispatch of Postal Ballot Notice electronically","09-Nov-2023 14:52:00","2023-11-09 14:52:00","09-Nov-2023 14:52:12","00:00:12","https://nsearchives.nseindia.com/corporate/NESTLEIND_09112023145200_BSENSENEWSPAPERAD09112023Signed.pdf"
"NESTLEIND","Nestle India Limited","Shareholders meeting","Nestle India Limited has informed the Exchange regarding Notice of Postal Ballot","07-Nov-2023 18:59:06","2023-11-07 18:59:06","07-Nov-2023 18:59:13","00:00:07","https://nsearchives.nseindia.com/corporate/NESTLEIND_07112023185906_BseNsePostalBallotNoticeSplit.pdf"
"NESTLEIND","Nestle India Limited","Updates","Nestle India Limited has informed the Exchange regarding 'Issue of Letter of Confirmation / Entitlement Letter in lieu of New Design Share Certificates to be issued for Old Design Share Certificates reported lost'.","07-Nov-2023 16:47:04","2023-11-07 16:47:04","07-Nov-2023 16:47:14","00:00:10","https://nsearchives.nseindia.com/corporate/NESTLEIND_07112023164704_STXIntimationOldDesign.pdf"
"NESTLEIND","Nestle India Limited","Updates","Nestle India Limited has informed the Exchange regarding 'Nestle India Limited has informed the Exchange regarding 'Regulation 39(3) of the SEBI (Listing Obligations and Disclosure Requirements) Regulations, 2015:Information regarding issue of Letter of Confirmation/ Entitlement Letter in lieu of Duplicate ShareCertificates for share certificates reported lost' in case no objection received","31-Oct-2023 19:30:46","2023-10-31 19:30:46","31-Oct-2023 19:31:01","00:00:15","https://nsearchives.nseindia.com/corporate/NESTLEIND_31102023193046_STXintimationLetterfornewspaperadvtsigned.pdf"
"NESTLEIND","Nestle India Limited","Analysts/Institutional Investor Meet/Con. Call Updates","Nestle India Limited has informed the Exchange about Transcript","31-Oct-2023 17:30:40","2023-10-31 17:30:40","31-Oct-2023 17:30:51","00:00:11","https://nsearchives.nseindia.com/corporate/NESTLEIND_31102023173040_BSENSETRANSCRIPTsigned.pdf"
"NESTLEIND","Nestle India Limited","Analysts/Institutional Investor Meet/Con. Call Updates","Nestle India Limited has informed the Exchange about Link of Recording","26-Oct-2023 08:29:36","2023-10-26 08:29:36","26-Oct-2023 08:29:42","00:00:06","https://nsearchives.nseindia.com/corporate/NESTLEIND_26102023082936_BSENSERECORDING25102023signed.pdf"
"NESTLEIND","Nestle India Limited","Investor Presentation","Nestle India Limited has informed the Exchange about Investor Presentation","25-Oct-2023 15:27:01","2023-10-25 15:27:01","25-Oct-2023 15:27:07","00:00:06","https://nsearchives.nseindia.com/corporate/NESTLEIND_25102023152701_BSENSEINVESTORSMEET25102023signed.pdf"
"NESTLEIND","Nestle India Limited","Scheme of Arrangement","Nestle India Limited has informed the Exchange about Scheme of Arrangement","19-Oct-2023 19:04:15","2023-10-19 19:04:15","19-Oct-2023 19:04:22","00:00:07","https://nsearchives.nseindia.com/corporate/NESTLEIND_19102023190415_BSENSESCHEME19102023signed.pdf"
"NESTLEIND","Nestle India Limited","Press Release","Nestle India Limited has informed the Exchange regarding a press release dated October 19, 2023, titled ""Press Release relating to the unaudited financial results"".","19-Oct-2023 11:15:31","2023-10-19 11:15:31","19-Oct-2023 11:15:37","00:00:06","https://nsearchives.nseindia.com/corporate/NESTLEIND_19102023111531_PressReleaseBSENSEsigned.pdf"
"NESTLEIND","Nestle India Limited","Stock split","Nestle India Limited has informed the Exchange that the Board of Directors at its meeting held on October 19, 2023, has considered and approved subdivision of 96415716 equity shares of 10 each into 964157160 equity shares of 1 each.","19-Oct-2023 11:09:12","2023-10-19 11:09:12","19-Oct-2023 11:09:20","00:00:08","https://nsearchives.nseindia.com/corporate/NESTLEIND_19102023110912_BSENSE19102023signed.pdf"
"NESTLEIND","Nestle India Limited","Dividend","Nestle India Limited has informed the Exchange that Board of Directors at its meeting held on October 19, 2023, declared Interim Dividend of 140 per equity share.","19-Oct-2023 11:07:51","2023-10-19 11:07:51","19-Oct-2023 11:08:03","00:00:12","https://nsearchives.nseindia.com/corporate/NESTLEIND_19102023110751_BSENSE19102023signed.pdf"
"NESTLEIND","Nestle India Limited","Record Date","Nestle India Limited has informed the Exchange that Record date for the purpose of Dividend  is 01-Nov-2023.","19-Oct-2023 11:04:58","2023-10-19 11:04:58","19-Oct-2023 11:05:03","00:00:05","https://nsearchives.nseindia.com/corporate/NESTLEIND_19102023110458_BSENSE19102023signed.pdf"
"NESTLEIND","Nestle India Limited","Amendment to AOA/MOA","Nestle India Limited has informed the Exchange regarding the Amendment to AOA/MOA of the company.","19-Oct-2023 11:02:07","2023-10-19 11:02:07","19-Oct-2023 11:02:17","00:00:10","https://nsearchives.nseindia.com/corporate/NESTLEIND_19102023110207_BSENSE19102023signed.pdf"
"NESTLEIND","Nestle India Limited","Stock split","Nestle India Limited has informed the Exchange that the Board of Directors at its meeting held on October 19, 2023, has considered and approved subdivision of 1 equity shares of Rs. 10 each into 964157160 equity shares of Re. 1 each.","19-Oct-2023 11:00:18","2023-10-19 11:00:18","19-Oct-2023 11:00:29","00:00:11","https://nsearchives.nseindia.com/corporate/NESTLEIND_19102023110018_BSENSE19102023signed.pdf"
"NESTLEIND","Nestle India Limited","Dividend","Nestle India Limited has informed the Exchange that Board of Directors at its meeting held on October 19, 2023, declared Interim Dividend of Rs. 140 per equity share.","19-Oct-2023 10:59:04","2023-10-19 10:59:04","19-Oct-2023 10:59:13","00:00:09","https://nsearchives.nseindia.com/corporate/NESTLEIND_19102023105904_BSENSE19102023signed.pdf"
"NESTLEIND","Nestle India Limited","Financial Result Updates","Nestle India Limited has submitted to the Exchange, the financial results for the period ended September 30, 2023.","19-Oct-2023 10:53:01","2023-10-19 10:53:01","19-Oct-2023 10:53:10","00:00:09","https://nsearchives.nseindia.com/corporate/BSENSE19102023signed_19102023105301.pdf"
"NESTLEIND","Nestle India Limited","Updates","Nestle India Limited has informed the Exchange regarding 'Information regarding issue of Letter of Confirmation / Entitlement Letter in lieu of New Design Share Certificates to be issued for Old Design Share Certificates reported lost'.","13-Oct-2023 17:19:17","2023-10-13 17:19:17","13-Oct-2023 17:19:22","00:00:05","https://nsearchives.nseindia.com/corporate/NESTLEIND_13102023171917_DuplicateSTXIntimationSeptemberSigned.pdf"
"NESTLEIND","Nestle India Limited","Updates","Nestle India Limited has informed the Exchange regarding 'Regulation 30 of SEBI (Listing Obligations and Disclosure Requirements) Regulations, 2015( Listing Regulations )   Disclosure of change in the Senior Management of the Company'.","11-Oct-2023 14:53:32","2023-10-11 14:53:32","11-Oct-2023 14:53:37","00:00:05","https://nsearchives.nseindia.com/corporate/NESTLEIND_11102023145332_BSENSEIntimationforchangeinseniormanagement111023signed.pdf"
"NESTLEIND","Nestle India Limited","Analysts/Institutional Investor Meet/Con. Call Updates","Nestle India Limited has informed the Exchange about Schedule of meet","10-Oct-2023 18:32:29","2023-10-10 18:32:29","10-Oct-2023 18:32:34","00:00:05","https://nsearchives.nseindia.com/corporate/NESTLEIND_10102023183229_BSENSEINVESTORSCALL10102023signed.pdf"
"NESTLEIND","Nestle India Limited","Certificate under SEBI (Depositories and Participants) Regulations, 2018","Nestle India Limited has informed the Exchange about Certificate under regulaton 74(5) of SEBI (Depositories and Participants) Regulations, 2018 for the quarter ended 30th September 2023","09-Oct-2023 18:48:31","2023-10-09 18:48:31","09-Oct-2023 18:48:39","00:00:08","https://nsearchives.nseindia.com/corporate/NESTLEIND_09102023184831_Certificate74.pdf"
"NESTLEIND","Nestle India Limited","Updates","Nestle India Limited has informed the Exchange regarding 'Regulation 39(3) of the SEBI (Listing Obligations and Disclosure Requirements) Regulations, 2015(""Listing Regulations"")   Information regarding issue of Letter of Confirmation in lieu of sharecertificates reported lost'.","06-Oct-2023 18:23:57","2023-10-06 18:23:57","06-Oct-2023 18:24:01","00:00:04","https://nsearchives.nseindia.com/corporate/NESTLEIND_06102023182357_BSENSEintimationforissueofLOCSIGNED.pdf"
"NESTLEIND","Nestle India Limited","Updates","Nestle India Limited has informed the Exchange regarding 'Regulation 39(3) of the SEBI (Listing Obligations and Disclosure Requirements) Regulations, 2015:Information regarding issue of Letter of Confirmation/ Entitlement Letter in lieu of Duplicate ShareCertificates for share certificates reported lost'.","06-Oct-2023 18:20:15","2023-10-06 18:20:15","06-Oct-2023 18:20:21","00:00:06","https://nsearchives.nseindia.com/corporate/NESTLEIND_06102023182015_BSENSEintimationLetterfornewspaperadvt05102023signed.pdf"
"NESTLEIND","Nestle India Limited","Record Date","Record Date of 1st November 2023 for determining the entitlement of second interim dividend for the year 2023, if any, and date of payment of second interim dividend for the year 2023, if any, on and from 16th November 2023","03-Oct-2023 20:11:11","2023-10-03 20:11:11","03-Oct-2023 20:11:15","00:00:04","https://nsearchives.nseindia.com/corporate/NESTLEIND_03102023201111_BSENSERECORDDATE03102023signed.pdf"
"NESTLEIND","Nestle India Limited","Trading Window","Nestle India Limited has informed the Exchange regarding the Trading Window closure pursuant to SEBI (Prohibition of Insider Trading) Regulations, 2015","26-Sep-2023 18:11:16","2023-09-26 18:11:16","26-Sep-2023 18:11:20","00:00:04","https://nsearchives.nseindia.com/corporate/NESTLEIND_26092023181116_STXIntimation26sep2023_signed.pdf"
"NESTLEIND","Nestle India Limited","Scheme of Arrangement","Nestle India Limited has informed the Exchange about sanctioning of the Scheme of Arrangement between the Company and its members by the Hon ble National Company Law Tribunal, New Delhi Bench","19-Sep-2023 18:28:49","2023-09-19 18:28:49","19-Sep-2023 18:28:51","00:00:02","https://nsearchives.nseindia.com/corporate/NESTLEIND_19092023182849_FinalIntimationNCLTORDER15092023SchemeofArrnagementSigned.pdf"
"NESTLEIND","Nestle India Limited","Updates","In terms of Regulation 39(3) of the Listing Regulations read with SEBI Master Circular No. SEBI/HO/MIRSD/POD-1/P/CIR/2023/70 dated 17th May 2023, find enclosed details of  Letter of Confirmation  issued on 4th September 2023 in lieu of duplicate share certificate(s) for the share certificate(s) reported lost.","04-Sep-2023 19:23:02","2023-09-04 19:23:02","04-Sep-2023 19:23:13","00:00:11","https://nsearchives.nseindia.com/corporate/NESTLEIND_04092023192302_STXIntimationIssueofLOCsigned.pdf"
"NESTLEIND","Nestle India Limited","Press Release","Nestle India Limited has informed the Exchange regarding a press release dated August 31, 2023, titled ""Regulation 30 of the SEBI (Listing Obligations and Disclosure Requirements) Regulations, 2015 ( Listing Regulations ): Press Release"".","31-Aug-2023 14:06:05","2023-08-31 14:06:05","31-Aug-2023 14:06:19","00:00:14","https://nsearchives.nseindia.com/corporate/NESTLEIND_31082023140605_PressReleaseLaunchofNestleMasalaMilletssigned.pdf"
"NESTLEIND","Nestle India Limited","Updates","Nestle India Limited has informed the Exchange regarding 'Regulation 30 of the SEBI (Listing Obligations and Disclosure Requirements) Regulations, 2015: Disclosure of continuing event or information (i.e. ongoing litigations) of the Company'.","14-Aug-2023 21:47:45","2023-08-14 21:47:45","14-Aug-2023 21:47:59","00:00:14","https://nsearchives.nseindia.com/corporate/NESTLEIND_14082023214745_CommunicationSTX2023Signed.pdf"
"NESTLEIND","Nestle India Limited","Updates","In terms of Regulation 39(3) of the Listing Regulations read with SEBI Master Circular No. SEBI/HO/MIRSD/POD-1/P/CIR/2023/70 dated 17th May 2023, find enclosed details of  Letter of Confirmation  issued on 14th August 2023 in lieu of duplicate share certificate(s) for the share certificate(s) reported lost","14-Aug-2023 20:23:59","2023-08-14 20:23:59","14-Aug-2023 20:24:15","00:00:16","https://nsearchives.nseindia.com/corporate/NESTLEIND_14082023202359_STXCoveringLetterLOCissued140823.pdf"
"NESTLEIND","Nestle India Limited","Updates","Nestle India Limited has informed the Exchange regarding ''.issue of Letter of Confirmation / Entitlement Letter in lieu of New Design Share Certificates to be issued for Old Design Share Certificates reported lost","14-Aug-2023 17:21:23","2023-08-14 17:21:23","14-Aug-2023 17:21:44","00:00:21","https://nsearchives.nseindia.com/corporate/NESTLEIND_14082023172124_STXIntimation.pdf"
"NESTLEIND","Nestle India Limited","Copy of Newspaper Publication","Regulation 39(3) of the SEBI (Listing Obligations and Disclosure Requirements) Regulations, 2015:Newspaper advertisement for Issuing Letter of Confirmation /Entitlement Letter in lieu of Duplicate Share Certificates for share certificates reported lost","06-Aug-2023 17:39:31","2023-08-06 17:39:31","07-Aug-2023 00:45:37","07:06:06","https://nsearchives.nseindia.com/corporate/NESTLEIND_06082023173931_StockExchangeIntimationLetterForNewspaperAdvt2023Signed.pdf"
"NESTLEIND","Nestle India Limited","Updates","Nestle India Limited has informed the Exchange regarding 'In terms of Regulation 39(3) of the Listing Regulations read with SEBI Master Circular No. SEBI/HO/MIRSD/POD-1/P/CIR/2023/70 dated 17th May 2023, find enclosed details of  Letter of Confirmation  issued on 1st August 2023 in lieu of duplicate share certificate(s) for the share certificate(s) reported lost.'.","01-Aug-2023 20:22:42","2023-08-01 20:22:42","01-Aug-2023 20:22:56","00:00:14","https://nsearchives.nseindia.com/corporate/NESTLEIND_01082023202242_STXintimantionforISSUEofLOCsign.pdf"
"NESTLEIND","Nestle India Limited","News Clarification","Nestle India Limited has informed the Exchange regarding a clarification on news item. The Company has clarified that ""This has reference to various news items in the media with regard to compliant filed before the National Consumer Dispute Redressal Commission. In this regard, Company wish to clarify that Company are yet to receive official notice about the complaint filedefore the National Consumer Dispute Redressal Commission (NCDRC). Company's current knowledge on this issue is only basis media reports. Company shall be able to provide substantive response after Company receive the official papers.""","12-Aug-2015 14:02:00","2015-08-12 14:02:00","-","-","https://nsearchives.nseindia.com/corporate/NESTLEIND_12082015140217.zip"
"NESTLEIND","Nestle India Limited","News Verification","News about Nestle India Limited.   The media had reports that ""FSSAI lab gives Maggi clean chit."".   The Exchange, in order to verify the accuracy or otherwise of the information reported in the media and to inform the market place so that the interest of the investors is safeguarded, had written to the company.   Nestle India Limited has vide its letter inter-alia stated, ""Our information on the subject is only through media reports. As per the media reports, FSSAI approved laboratory of Central Food Technological Research Institute (CFTRI) has found Maggi Noodles in compliance with food safety standards on a testing of five samples sent by Goa Food and Drug Administration. We do not have any further information on this except what is reported in media. In case of receipt of any information, we shall revert. We are not aware of any information that has not been announced to the stock exchange, which would explain the aforesaid movement in trading"".","05-Aug-2015 12:45:00","2015-08-05 12:45:00","-","-","-"
"NESTLEIND","Nestle India Limited","News Verification","The Exchange has sought clarification from Nestle India Limited, with respect to recent news item captioned ""FSSAI lab gives Maggi clean chit"". In this regard, the Exchange has advised the company to provide clarification/confirmation on the news item in detail including the following: a) Whether such negotiations were taking place and b) Whether you/company are aware of any information that has not been announced to the Exchanges which could explain the aforesaid movement in the trading. The response from the company is awaited.","05-Aug-2015 11:18:00","2015-08-05 11:18:00","-","-","-"
"NESTLEIND","Nestle India Limited","News Verification","News Verification : The media had reports that ""Maggi in thicker soup as samples fail test in Delhi ."". The Exchange, in order to verify the accuracy or otherwise of the information reported in the media and to inform the market place so that the interest of the investors is safeguarded, had written to the company. Nestle India Limited has vide its letter inter-alia stated,'We wish to inform you that we have not received any official communication from the authorities so far. We wish to state that we have till now not received any orders from any State/Centre FDA authorities to recall MAGGI Noodle products in the market except an order from the Uttar Pradesh FDA dated 30.04.2015 asking us to recall a batch of MAGGI Noodles manufactured in February, 2014 which had already reached the `Best Before date' in November, 2014.""","03-Jun-2015 13:23:00","2015-06-03 13:23:00","-","-","-"
"NESTLEIND","Nestle India Limited","News Clarification","The Exchange has sought clarification from Nestle India Limited with respect to recent news item captioned ""Maggi in thicker soup as samples fail test in Delhi."" In this regard, the Exchange has advised the Company to provide clarification/confirmation on the news item in detail including the following:   a) Whether company is aware of any information that has not been announced to the Exchanges.   The response from the Company is awaited. ","03-Jun-2015 11:38:00","2015-06-03 11:38:00","-","-","-"
"NESTLEIND","Nestle India Limited","News Verification","News Verification : The media had reports that  ""Nestle plunges 6% intraday as UPFDA may file criminal case on Maggi row"" and ""Govt to review MSG content"". The Exchange, in order to verify the accuracy or otherwise of the information reported in the media and to inform the market place so that the interest of the investors is safeguarded, had written to the company. Nestle India Limited has vide its letter inter-alia stated, ""that we are not aware if UP FDA is filing any case against us. We are not aware of any information that has not been announced to the stock exchange, which would explain the aforesaid movement in trading.""","26-May-2015 19:31:00","2015-05-26 19:31:00","-","-","-"
"NESTLEIND","Nestle India Limited","News Verification","News Verification : The media had reports that Nestle India Limited's parent to increase stake in Indian arm. The Exchange, in order to verify the accuracy or otherwise of the information reported in the media and to inform the market place so that the interest of the investors is safeguarded, had written to the company. Nestle India Limited has vide its letter inter-alia stated, ""We wish to clarify as under: 1. No such negotiations are talking place.  2. We are not aware of any such proposal of Nestle S.A. for increase of stake in Nestle India.  We also in this regard wish to draw your attention to the official response of Nestle S.A. (by Meike Schdmidt, their official spokesperson), also contained in the Financial Express news item, which is reproduced hereunder:  ""Currently we have no plans to increase our stake in Nestle India"".","28-Nov-2013 12:51:00","2013-11-28 12:51:00","-","-","-"
"NESTLEIND","Nestle India Limited","Record Date","Nestle India Limited has informed the Exchange that the company has fixed December 13, 2011 as the Record Date for determining entitlement of shareholders to the Second Interim Dividend for the year 2011,if declared by the Board.","28-Nov-2011 13:14:00","2011-11-28 13:14:00","-","-","-"