"SYMBOL","COMPANY NAME","SUBJECT","DETAILS","BROADCAST DATE/TIME","RECEIPT","DISSEMINATION","DIFFERENCE","ATTACHMENT"
"MAXHEALTH","Max Healthcare Institute Limited","Pendency of Litigation(s)/dispute(s) or the outcome impacting the Company","Max Healthcare Institute Limited has informed the Exchange about disclosure under regulation 30 of the SEBI (Listing Obligations and Disclosure Requirements) Regulations, 2015","29-Sep-2026 22:39:15","2026-09-29 22:39:15","29-Sep-2026 22:39:16","00:00:01","https://nsearchives.nseindia.com/corporate/MAXHEALTH_29092026223824_SE_Disclosure.pdf"
"MAXHEALTH","Max Healthcare Institute Limited","Trading Window","Max Healthcare Institute Limited has informed the Exchange regarding the Trading Window closure pursuant to SEBI (Prohibition of Insider Trading) Regulations, 2015","25-Sep-2026 18:38:42","2026-09-25 18:38:42","25-Sep-2026 18:38:42","00:00:00","https://nsearchives.nseindia.com/corporate/MAXHEALTH_25092026183809_SE_Intimation_Closure_of_Trading_Window.pdf"
"MAXHEALTH","Max Healthcare Institute Limited","Copy of Newspaper Publication","Max Healthcare Institute Limited has informed the Exchange about Copy of Newspaper Publication for Postal Ballot Notice","20-Sep-2026 15:37:40","2026-09-20 15:37:40","20-Sep-2026 15:37:41","00:00:01","https://nsearchives.nseindia.com/corporate/MAXHEALTH_20092026153717_SE_Intimation_NP.pdf"
"MAXHEALTH","Max Healthcare Institute Limited","Shareholders meeting","Max Healthcare Institute Limited has informed the Exchange regarding Postal Ballot Notice.","19-Sep-2026 19:45:19","2026-09-19 19:45:19","19-Sep-2026 19:45:19","00:00:00","https://nsearchives.nseindia.com/corporate/MAXHEALTH_19092026194356_SE_Intimation_Postal_Ballot_Notice.pdf"
"MAXHEALTH","Max Healthcare Institute Limited","General Updates","Max Healthcare Institute Limited has informed the Exchange about disclosure under regulation 30 of the SEBI (Listing Obligations and Disclosure Requirements) Regulations, 2015","18-Sep-2026 16:30:48","2026-09-18 16:30:48","18-Sep-2026 16:30:49","00:00:01","https://nsearchives.nseindia.com/corporate/MAXHEALTH_18092026162842_SE_Intimation_Niche99_ESG_Rating.pdf"
"MAXHEALTH","Max Healthcare Institute Limited","Analysts/Institutional Investor Meet/Con. Call Updates","Max Healthcare Institute Limited has informed the Exchange about Schedule of meet","14-Sep-2026 15:10:15","2026-09-14 15:10:15","14-Sep-2026 15:10:16","00:00:01","https://nsearchives.nseindia.com/corporate/MAXHEALTH_14092026150838_SEIntimation2.pdf"
"MAXHEALTH","Max Healthcare Institute Limited","Analysts/Institutional Investor Meet/Con. Call Updates","Max Healthcare Institute Limited has informed the Exchange about Schedule of meet","14-Sep-2026 14:58:25","2026-09-14 14:58:25","14-Sep-2026 14:58:26","00:00:01","https://nsearchives.nseindia.com/corporate/MAXHEALTH_14092026145741_SEIntimation1.pdf"
"MAXHEALTH","Max Healthcare Institute Limited","Pendency of Litigation(s)/dispute(s) or the outcome impacting the Company","Max Healthcare Institute Limited has informed the Exchange about disclosure under regulation 30 of the SEBI (Listing Obligations and Disclosure Requirements) Regulations, 2015","11-Sep-2026 16:02:00","2026-09-11 16:02:00","11-Sep-2026 16:02:01","00:00:01","https://nsearchives.nseindia.com/corporate/MAXHEALTH_11092026160125_SE_Disclosure_Kalinga_Hearing.pdf"
"MAXHEALTH","Max Healthcare Institute Limited","Copy of Newspaper Publication","Max Healthcare Institute Limited has informed the Exchange about newspaper publication in Form INC-26 regarding shifting of Registered office","07-Sep-2026 22:18:41","2026-09-07 22:18:41","07-Sep-2026 22:18:42","00:00:01","https://nsearchives.nseindia.com/corporate/MAXHEALTH_07092026221812_SE_Intimation.pdf"
"MAXHEALTH","Max Healthcare Institute Limited","General Updates","Max Healthcare Institute Limited has informed the Exchange about update on infusion of funds in Kalinga Hospital Ltd.","07-Sep-2026 21:55:46","2026-09-07 21:55:46","07-Sep-2026 21:55:46","00:00:00","https://nsearchives.nseindia.com/corporate/MAXHEALTH_07092026215505_SE_Disclosure_Kalinga_Right_Issue.pdf"
"MAXHEALTH","Max Healthcare Institute Limited","ESOP/ESOS/ESPS","Max Healthcare Institute Limited has informed the Exchange regarding allotment of Equity Shares under Max Healthcare Institute Limited - Employee Stock Option Scheme 2022.","04-Sep-2026 09:06:18","2026-09-04 09:06:18","04-Sep-2026 09:06:19","00:00:01","https://nsearchives.nseindia.com/corporate/MAXHEALTH_04092026090546_SEIntimation.pdf"
"MAXHEALTH","Max Healthcare Institute Limited","Acquisition","Max Healthcare Institute Limited has informed the Exchange about infusion of funds in Kalinga Hospital Ltd.","03-Sep-2026 15:29:51","2026-09-03 15:29:51","03-Sep-2026 15:29:52","00:00:01","https://nsearchives.nseindia.com/corporate/MAXHEALTH_03092026152852_SE_Disclosure.pdf"
"MAXHEALTH","Max Healthcare Institute Limited","Press Release","Max Healthcare Institute Limited has informed the Exchange regarding a press release dated September 03, 2026, titled ""Hon ble Union Home Minister and Cooperation Minister Shri Amit Shah Inaugurates New 400 Beds Tower at Max Smart Super Speciality Hospital, Saket"".","03-Sep-2026 13:43:51","2026-09-03 13:43:51","03-Sep-2026 13:43:52","00:00:01","https://nsearchives.nseindia.com/corporate/MAXHEALTH_03092026134329_SE_Intimation.pdf"
"MAXHEALTH","Max Healthcare Institute Limited","General Updates","Max Healthcare Institute Limited has informed the Exchange about disclosure under regulation 30 of the SEBI (Listing Obligations and Disclosure Requirements) Regulations, 2015","26-Aug-2026 16:33:14","2026-08-26 16:33:14","26-Aug-2026 16:33:15","00:00:01","https://nsearchives.nseindia.com/corporate/MAXHEALTH_26082026163240_SE_Intimation_GST_SCN.pdf"
"MAXHEALTH","Max Healthcare Institute Limited","Analysts/Institutional Investor Meet/Con. Call Updates","Max Healthcare Institute Limited has informed the Exchange about transcript of Earnings Call held on August 14, 2026","20-Aug-2026 22:32:14","2026-08-20 22:32:14","20-Aug-2026 22:32:15","00:00:01","https://nsearchives.nseindia.com/corporate/MAXHEALTH_20082026222821_SE_Intimation_Earnings_Call_Transcript.pdf"
"MAXHEALTH","Max Healthcare Institute Limited","Pendency of Litigation(s)/dispute(s) or the outcome impacting the Company","Max Healthcare Institute Limited has informed the Exchange about disclosure under regulation 30 of the SEBI (Listing Obligations and Disclosure Requirements) Regulations, 2015","19-Aug-2026 22:05:58","2026-08-19 22:05:58","19-Aug-2026 22:05:59","00:00:01","https://nsearchives.nseindia.com/corporate/MAXHEALTH_19082026220424_SE_Disclosure.pdf"
"MAXHEALTH","Max Healthcare Institute Limited","Investor Presentation","Max Healthcare Institute Limited has informed the Exchange about Investor Presentation","17-Aug-2026 22:18:42","2026-08-17 22:18:42","17-Aug-2026 22:18:43","00:00:01","https://nsearchives.nseindia.com/corporate/MAXHEALTH_17082026221805_SE_Intimation_Investor_Presentation.pdf"
"MAXHEALTH","Max Healthcare Institute Limited","Copy of Newspaper Publication","Max Healthcare Institute Limited has informed the Exchange about Copy of Newspaper Publication pertaining to Financial Results for the quarter ended June 30, 2026","14-Aug-2026 21:45:14","2026-08-14 21:45:14","14-Aug-2026 21:45:15","00:00:01","https://nsearchives.nseindia.com/corporate/MAXHEALTH_14082026214329_SE_Intimation_Newspaper_Publication.pdf"
"MAXHEALTH","Max Healthcare Institute Limited","Analysts/Institutional Investor Meet/Con. Call Updates","Max Healthcare Institute Limited has informed the Exchange about Link of Recording","14-Aug-2026 21:31:21","2026-08-14 21:31:21","14-Aug-2026 21:31:21","00:00:00","https://nsearchives.nseindia.com/corporate/MAXHEALTH_14082026213050_SE_Intimation_Audio_Recording_of_Earnings_Call.pdf"
"MAXHEALTH","Max Healthcare Institute Limited","General Updates","Max Healthcare Institute Limited has informed the Exchange about disclosure under regulation 30 of the SEBI (Listing Obligations and Disclosure Requirements) Regulations, 2015","14-Aug-2026 18:37:31","2026-08-14 18:37:31","14-Aug-2026 18:37:31","00:00:00","https://nsearchives.nseindia.com/corporate/MAXHEALTH_14082026183652_SE_Intimation_ESG_Rating.pdf"
"MAXHEALTH","Max Healthcare Institute Limited","Resignation of Director/KMP/SMP","Max Healthcare Institute Limited has informed the Exchange about Resignation of Director/KMP/SMP","13-Aug-2026 20:40:48","2026-08-13 20:40:48","13-Aug-2026 20:40:49","00:00:01","https://nsearchives.nseindia.com/corporate/MAXHEALTH_ROID_96407_KMP_Doc.zip"
"MAXHEALTH","Max Healthcare Institute Limited","Change in Management","Max Healthcare Institute Limited has informed the Exchange about  Change in Senior Management Personnel","13-Aug-2026 14:42:58","2026-08-13 14:42:58","13-Aug-2026 14:43:00","00:00:02","https://nsearchives.nseindia.com/corporate/MAXHEALTH_13082026144101_SE_Intimation.pdf"
"MAXHEALTH","Max Healthcare Institute Limited","General Updates","Max Healthcare Institute Limited has informed the Exchange about Presentation on Earnings Update for the quarter ended June 30, 2026","13-Aug-2026 14:37:22","2026-08-13 14:37:22","13-Aug-2026 14:37:24","00:00:02","https://nsearchives.nseindia.com/corporate/MAXHEALTH_13082026143655_SE_Intimation.pdf"
"MAXHEALTH","Max Healthcare Institute Limited","Press Release","Max Healthcare Institute Limited has informed the Exchange regarding a press release dated August 13, 2026, titled ""Max Healthcare Q1 revenue rises to Rs 2,982 Cr registering growth of 16% YoY Network Operating EBITDA rises to Rs 704 Cr 15% YoY Q1 PAT was Rs 357 Cr"".","13-Aug-2026 14:33:34","2026-08-13 14:33:34","13-Aug-2026 14:33:35","00:00:01","https://nsearchives.nseindia.com/corporate/MAXHEALTH_13082026143249_SE_Intimation.pdf"
"MAXHEALTH","Max Healthcare Institute Limited","Outcome of Board Meeting","Max Healthcare Institute Limited has submitted to the Exchange, the financial results for the period ended Jun 30, 2026.","13-Aug-2026 14:27:18","2026-08-13 14:27:18","13-Aug-2026 14:27:20","00:00:02","https://nsearchives.nseindia.com/corporate/MAXHEALTH_13082026142654_SE_Intimation.pdf"
"MAXHEALTH","Max Healthcare Institute Limited","ESOP/ESOS/ESPS","Max Healthcare Institute Limited has informed the Exchange regarding allotment of Equity Shares under Max Healthcare Institute Limited - Employee Stock Option Scheme 2022","13-Aug-2026 08:41:25","2026-08-13 08:41:25","13-Aug-2026 08:41:26","00:00:01","https://nsearchives.nseindia.com/corporate/MAXHEALTH_13082026084042_SE_Intimation_Allotment_of_Equity_Shares.pdf"
"MAXHEALTH","Max Healthcare Institute Limited","ESOP/ESOS/ESPS","Max Healthcare Institute Limited has informed the Exchange regarding grant of options under Max Healthcare Institute Limited - Employee Stock Option Scheme 2022","13-Aug-2026 08:37:47","2026-08-13 08:37:47","13-Aug-2026 08:37:48","00:00:01","https://nsearchives.nseindia.com/corporate/MAXHEALTH_13082026083657_SE_Intimation_Grant_of_ESOPs.pdf"
"MAXHEALTH","Max Healthcare Institute Limited","Analysts/Institutional Investor Meet/Con. Call Updates","Max Healthcare Institute Limited has informed the Exchange about Schedule of meet","12-Aug-2026 20:28:23","2026-08-12 20:28:23","12-Aug-2026 20:28:24","00:00:01","https://nsearchives.nseindia.com/corporate/MAXHEALTH_12082026202757_SE_Intimation_Schedule_of_Investor_Conference.pdf"
"MAXHEALTH","Max Healthcare Institute Limited","Analysts/Institutional Investor Meet/Con. Call Updates","Max Healthcare Institute Limited has informed the Exchange about Schedule of meet","08-Aug-2026 12:17:49","2026-08-08 12:17:49","08-Aug-2026 12:17:50","00:00:01","https://nsearchives.nseindia.com/corporate/MAXHEALTH_08082026121718_SE_Intimation_Earnings_Conference_Call.pdf"
"MAXHEALTH","Max Healthcare Institute Limited","Pendency of Litigation(s)/dispute(s) or the outcome impacting the Company","Max Healthcare Institute Limited has informed the Exchange about disclosure under regulation 30 of the SEBI (Listing Obligations and Disclosure Requirements) Regulations, 2015","07-Aug-2026 23:21:05","2026-08-07 23:21:05","07-Aug-2026 23:21:06","00:00:01","https://nsearchives.nseindia.com/corporate/MAXHEALTH_07082026232049_SE_Disclosure.pdf"
"MAXHEALTH","Max Healthcare Institute Limited","Shareholders meeting","Max Healthcare Institute Limited has informed the Exchange with copy of minutes of 25th Annual General Meeting held on July 30, 2026","06-Aug-2026 22:43:12","2026-08-06 22:43:12","06-Aug-2026 22:43:13","00:00:01","https://nsearchives.nseindia.com/corporate/MAXHEALTH_06082026224150_SE_Intimation_AGM_Minutes.pdf"
"MAXHEALTH","Max Healthcare Institute Limited","General Updates","Max Healthcare Institute Limited has informed the Exchange about Transcript of 25th Annual General Meeting","05-Aug-2026 22:51:54","2026-08-05 22:51:54","05-Aug-2026 22:51:55","00:00:01","https://nsearchives.nseindia.com/corporate/MAXHEALTH_05082026225129_SE_Intimation_AGM_Transcript.pdf"
"MAXHEALTH","Max Healthcare Institute Limited","Shareholders meeting","Max Healthcare Institute Limited has submitted the Exchange a copy Scrutinizer's report of 25th Annual General Meeting held on July 30, 2026. Further, the Company has informed the Exchange regarding voting results","30-Jul-2026 17:18:31","2026-07-30 17:18:31","30-Jul-2026 17:18:32","00:00:01","https://nsearchives.nseindia.com/corporate/MAXHEALTH_30072026171717_SE_Intimation.pdf"
"MAXHEALTH","Max Healthcare Institute Limited","Shareholders meeting","Max Healthcare Institute Limited has informed the Exchange regarding Proceedings of Annual General Meeting held on July 30, 2026","30-Jul-2026 16:53:23","2026-07-30 16:53:23","30-Jul-2026 16:53:24","00:00:01","https://nsearchives.nseindia.com/corporate/MAXHEALTH_30072026165038_SE_Intimation_Proceedings.pdf"
"MAXHEALTH","Max Healthcare Institute Limited","General Updates","Max Healthcare Institute Limited has informed the Exchange about disclosure under regulation 30 of the SEBI (Listing Obligations and Disclosure Requirements) Regulations, 2015","29-Jul-2026 23:39:12","2026-07-29 23:39:12","29-Jul-2026 23:39:13","00:00:01","https://nsearchives.nseindia.com/corporate/MAXHEALTH_29072026233710_SE_Intimation_VL_MHC_Nigeria.pdf"
"MAXHEALTH","Max Healthcare Institute Limited","Pendency of Litigation(s)/dispute(s) or the outcome impacting the Company","Max Healthcare Institute Limited has informed the Exchange about disclosure under regulation 30 of the SEBI (Listing Obligations and Disclosure Requirements) Regulations, 2015","24-Jul-2026 12:10:22","2026-07-24 12:10:22","24-Jul-2026 12:10:23","00:00:01","https://nsearchives.nseindia.com/corporate/MAXHEALTH_24072026120712_SE_Intimation-Kalinga.pdf"
"MAXHEALTH","Max Healthcare Institute Limited","Certificate under SEBI (Depositories and Participants) Regulations, 2018","Max Healthcare Institute Limited has informed the Exchange about Certificate under SEBI (Depositories and Participants) Regulations, 2018","10-Jul-2026 18:01:12","2026-07-10 18:01:12","10-Jul-2026 18:01:12","00:00:00","https://nsearchives.nseindia.com/corporate/MAXHEALTH_10072026180047_SE_Intimation_Regulation_74_5_.pdf"
"MAXHEALTH","Max Healthcare Institute Limited","Analysts/Institutional Investor Meet/Con. Call Updates","Max Healthcare Institute Limited has informed the Exchange about Schedule of meet","09-Jul-2026 22:14:56","2026-07-09 22:14:56","09-Jul-2026 22:14:57","00:00:01","https://nsearchives.nseindia.com/corporate/MAXHEALTH_09072026221420_SE_Intimation_Investor_Meet.pdf"
"MAXHEALTH","Max Healthcare Institute Limited","Copy of Newspaper Publication","Max Healthcare Institute Limited has informed the Exchange about newspaper publication in relation to Notice of 25th Annual General Meeting and E-Voting Information","09-Jul-2026 22:06:41","2026-07-09 22:06:41","09-Jul-2026 22:06:42","00:00:01","https://nsearchives.nseindia.com/corporate/MAXHEALTH_09072026220550_SE_Intimation_Post_Dispatch_Newspaper_Publication.pdf"
"MAXHEALTH","Max Healthcare Institute Limited","Updates","Max Healthcare Institute Limited has informed the Exchange regarding 'Business Responsibility and Sustainability Report for the financial year 2025-26'.","08-Jul-2026 20:09:23","2026-07-08 20:09:23","08-Jul-2026 20:09:23","00:00:00","https://nsearchives.nseindia.com/corporate/MAXHEALTH_08072026200849_SE_Intimation_BRSR.pdf"
"MAXHEALTH","Max Healthcare Institute Limited","Shareholders meeting","Max Healthcare Institute Limited has informed the Exchange regarding Notice of Annual General Meeting to be held on July 30, 2026","08-Jul-2026 19:36:31","2026-07-08 19:36:31","08-Jul-2026 19:36:32","00:00:01","https://nsearchives.nseindia.com/corporate/MAXHEALTH_08072026193424_SE_Intimation_Notice_IAR_F.pdf"
"MAXHEALTH","Max Healthcare Institute Limited","Pendency of Litigation(s)/dispute(s) or the outcome impacting the Company","Max Healthcare Institute Limited has informed the Exchange about disclosure under regulation 30 of the SEBI (Listing Obligations and Disclosure Requirements) Regulations, 2015","08-Jul-2026 10:49:36","2026-07-08 10:49:36","08-Jul-2026 10:49:37","00:00:01","https://nsearchives.nseindia.com/corporate/MAXHEALTH_08072026104835_SE_Disclosure-Kalinga_Hearing.pdf"
"MAXHEALTH","Max Healthcare Institute Limited","ESOP/ESOS/ESPS","Max Healthcare Institute Limited has informed the Exchange regarding allotment of Equity Shares under Max Healthcare Institute Limited - Employee Stock Option Scheme 2022.","06-Jul-2026 18:11:03","2026-07-06 18:11:03","06-Jul-2026 18:11:04","00:00:01","https://nsearchives.nseindia.com/corporate/MAXHEALTH_06072026181035_SE_Intimation_Allotment_of_Equity_Shares.pdf"
"MAXHEALTH","Max Healthcare Institute Limited","General Updates","Max Healthcare Institute Limited has informed the Exchange about communication to members - Second 100-Days Campaign - Saksham Niveshak","04-Jul-2026 20:38:18","2026-07-04 20:38:18","04-Jul-2026 20:38:18","00:00:00","https://nsearchives.nseindia.com/corporate/MAXHEALTH_04072026203751_SE_Intimation_Saksham_Niveshak.pdf"
"MAXHEALTH","Max Healthcare Institute Limited","Updates","Max Healthcare Institute Limited has informed the Exchange regarding receipt of No-objection letters for re-classification of Radiant Life Care Hospital Foundation from Promoter Group to Public category","01-Jul-2026 23:08:09","2026-07-01 23:08:09","01-Jul-2026 23:08:10","00:00:01","https://nsearchives.nseindia.com/corporate/MAXHEALTH_01072026230728_SE_Intimation_Approval_from_stock_exchange.pdf"
"MAXHEALTH","Max Healthcare Institute Limited","General Updates","Max Healthcare Institute Limited has informed the Exchange about update on Share Purchase Agreement to acquire equity stake in Yerawada Properties Private Limited","30-Jun-2026 21:53:05","2026-06-30 21:53:05","30-Jun-2026 21:53:06","00:00:01","https://nsearchives.nseindia.com/corporate/MAXHEALTH_30062026215237_SE_Intimation.pdf"
"MAXHEALTH","Max Healthcare Institute Limited","General Updates","Max Healthcare Institute Limited has informed the Exchange about disclosure under Regulation 30 of the SEBI (Listing Obligations and Disclosure Requirements) Regulations, 2015","30-Jun-2026 20:30:50","2026-06-30 20:30:50","30-Jun-2026 20:30:52","00:00:02","https://nsearchives.nseindia.com/corporate/MAXHEALTH_30062026203020_SE_Intimation_Income_Tax_Order.pdf"
"MAXHEALTH","Max Healthcare Institute Limited","Copy of Newspaper Publication","Max Healthcare Institute Limited has informed the Exchange about Newspaper Publication for information regarding 25th Annual General Meeting, Dividend and Record Date","29-Jun-2026 22:26:42","2026-06-29 22:26:42","29-Jun-2026 22:26:43","00:00:01","https://nsearchives.nseindia.com/corporate/MAXHEALTH_29062026222621_SE_Intimation_Pre_dispatch_Newspaper_Advertisement.pdf"
"MAXHEALTH","Max Healthcare Institute Limited","Trading Window","Max Healthcare Institute Limited has informed the Exchange regarding the Trading Window closure pursuant to SEBI (Prohibition of Insider Trading) Regulations, 2015","26-Jun-2026 23:00:56","2026-06-26 23:00:56","26-Jun-2026 23:00:57","00:00:01","https://nsearchives.nseindia.com/corporate/MAXHEALTH_26062026230026_SE_Intimation_Closure_of_Trading_Window_Q1_2026-27.pdf"
"MAXHEALTH","Max Healthcare Institute Limited","General Updates","Max Healthcare Institute Limited has informed the Exchange about disclosure under Regulation 30 of the SEBI (Listing Obligations and Disclosure Requirements) Regulations, 2015","26-Jun-2026 22:55:03","2026-06-26 22:55:03","26-Jun-2026 22:55:04","00:00:01","https://nsearchives.nseindia.com/corporate/MAXHEALTH_26062026225439_SE_Intimation_Income_Tax_Order.pdf"
"MAXHEALTH","Max Healthcare Institute Limited","General Updates","Max Healthcare Institute Limited has informed the Exchange about Annual General Meeting, Record Date and Communication to members for deduction of tax at source on final dividend","19-Jun-2026 23:55:38","2026-06-19 23:55:38","19-Jun-2026 23:55:39","00:00:01","https://nsearchives.nseindia.com/corporate/MAXHEALTH_19062026235446_SE_Intimation_AGM_Record_Date_TDS.pdf"
"MAXHEALTH","Max Healthcare Institute Limited","Record Date","Max Healthcare Institute Limited has informed the Exchange that Record date for the purpose of Dividend  is 03-Jul-2026.","19-Jun-2026 23:52:46","2026-06-19 23:52:46","19-Jun-2026 23:52:47","00:00:01","https://nsearchives.nseindia.com/corporate/MAXHEALTH_19062026235206_SE_Intimation_AGM_Record_Date_TDS.pdf"
"MAXHEALTH","Max Healthcare Institute Limited","Analysts/Institutional Investor Meet/Con. Call Updates","Max Healthcare Institute Limited has informed the Exchange about Schedule of meet","17-Jun-2026 22:35:00","2026-06-17 22:35:00","17-Jun-2026 22:35:01","00:00:01","https://nsearchives.nseindia.com/corporate/MAXHEALTH_17062026223420_SE_Intimation_Schedule_of_Investor_Conference.pdf"
"MAXHEALTH","Max Healthcare Institute Limited","Analysts/Institutional Investor Meet/Con. Call Updates","Max Healthcare Institute Limited has informed the Exchange about Schedule of meet","09-Jun-2026 22:45:08","2026-06-09 22:45:08","09-Jun-2026 22:45:09","00:00:01","https://nsearchives.nseindia.com/corporate/MAXHEALTH_09062026224418_SE_Intimation_Schedule_of_Investor_Conference.pdf"
"MAXHEALTH","Max Healthcare Institute Limited","Disclosure under SEBI Takeover Regulations"," Abhay Soi has Submitted to the Exchange a copy of Disclosure under Regulation 31(4) of the Securities and Exchange Board of India (Substantial Acquisition of Shares and Takeovers) Regulations, 2011.","05-Jun-2026 13:01:35","2026-06-05 13:01:35","05-Jun-2026 13:01:36","00:00:01","https://nsearchives.nseindia.com/corporate/team_bbodade_21052026181550_MAXHEALTH.pdf"
"MAXHEALTH","Max Healthcare Institute Limited","Analysts/Institutional Investor Meet/Con. Call Updates","Max Healthcare Institute Limited has informed the Exchange about transcript of Earnings Call held on May 22, 2026","29-May-2026 17:53:54","2026-05-29 17:53:54","29-May-2026 17:53:55","00:00:01","https://nsearchives.nseindia.com/corporate/MAXHEALTH_29052026175302_SE_Intimation_Earnings_Call_Transcript.pdf"
"MAXHEALTH","Max Healthcare Institute Limited","Analysts/Institutional Investor Meet/Con. Call Updates","Max Healthcare Institute Limited has informed the Exchange about Schedule of meet","28-May-2026 17:14:17","2026-05-28 17:14:17","28-May-2026 17:14:18","00:00:01","https://nsearchives.nseindia.com/corporate/MAXHEALTH_28052026171323_SE_Intimation_Schedule_of_Investor_Conference.pdf"
"MAXHEALTH","Max Healthcare Institute Limited","Investor Presentation","Max Healthcare Institute Limited has informed the Exchange about Investor Presentation","26-May-2026 23:07:34","2026-05-26 23:07:34","26-May-2026 23:07:35","00:00:01","https://nsearchives.nseindia.com/corporate/MAXHEALTH_26052026230705_SE_Intimation_Investor_Presentation.pdf"
"MAXHEALTH","Max Healthcare Institute Limited","Updates","Max Healthcare Institute Limited has informed the Exchange regarding update on re-classification of Radiant Life Care Hospital Foundation from  Promoter Group  to  Public  category.","24-May-2026 22:31:28","2026-05-24 22:31:28","24-May-2026 22:31:29","00:00:01","https://nsearchives.nseindia.com/corporate/MAXHEALTH_24052026222924_SE_Intimation_Submission_Reclassification.pdf"
"MAXHEALTH","Max Healthcare Institute Limited","Analysts/Institutional Investor Meet/Con. Call Updates","Max Healthcare Institute Limited has informed the Exchange about Schedule of meet","22-May-2026 22:39:39","2026-05-22 22:39:39","22-May-2026 22:39:40","00:00:01","https://nsearchives.nseindia.com/corporate/MAXHEALTH_22052026223849_SE_Intimation_Schedule_of_Investor_Conference.pdf"
"MAXHEALTH","Max Healthcare Institute Limited","Copy of Newspaper Publication","Max Healthcare Institute Limited has informed the Exchange about copy of Newspaper Publication for standalone and consolidated financial results for the quarter and financial year ended March 31, 2026","22-May-2026 22:21:41","2026-05-22 22:21:41","22-May-2026 22:21:41","00:00:00","https://nsearchives.nseindia.com/corporate/MAXHEALTH_22052026222112_SE_Intimation_Newspaper_Publication.pdf"
"MAXHEALTH","Max Healthcare Institute Limited","Analysts/Institutional Investor Meet/Con. Call Updates","Max Healthcare Institute Limited has informed the Exchange about Link of Recording","22-May-2026 22:12:50","2026-05-22 22:12:50","22-May-2026 22:12:50","00:00:00","https://nsearchives.nseindia.com/corporate/MAXHEALTH_22052026221159_SE_Intimation_Audio_Recording_of_Earnings_Call.pdf"
"MAXHEALTH","Max Healthcare Institute Limited","General Updates","Max Healthcare Institute Limited has informed the Exchange about disclosure under Regulation 30 of the SEBI (Listing Obligations and Disclosure Requirements) Regulations, 2015","22-May-2026 17:08:06","2026-05-22 17:08:06","22-May-2026 17:08:07","00:00:01","https://nsearchives.nseindia.com/corporate/MAXHEALTH_22052026170742_SE_Intimation_CCI_Update.pdf"
"MAXHEALTH","Max Healthcare Institute Limited","Capacity addition","Max Healthcare Institute Limited has informed the Exchange about construction of Phase-I of Max Super Specialty Hospital, Shaheed Path, Lucknow","21-May-2026 16:47:56","2026-05-21 16:47:56","21-May-2026 16:47:57","00:00:01","https://nsearchives.nseindia.com/corporate/MAXHEALTH_21052026164737_SE_Intimation_Board_Meeting_Outcome.pdf"
"MAXHEALTH","Max Healthcare Institute Limited","Updates","Max Healthcare Institute Limited has informed the Exchange regarding ' approval of re-classification of Radiant Life Care Hospital Foundation from  Promoter Group  to  Public  category'.","21-May-2026 16:44:30","2026-05-21 16:44:30","21-May-2026 16:44:32","00:00:02","https://nsearchives.nseindia.com/corporate/MAXHEALTH_21052026164401_SE_Intimation_Board_Meeting_Outcome.pdf"
"MAXHEALTH","Max Healthcare Institute Limited","Change in Director(s)","Max Healthcare Institute Limited has informed the Exchange regarding Change in Director(s) of the company.","21-May-2026 16:42:33","2026-05-21 16:42:33","21-May-2026 16:42:34","00:00:01","https://nsearchives.nseindia.com/corporate/MAXHEALTH_21052026164128_SE_Intimation_Board_Meeting_Outcome.pdf"
"MAXHEALTH","Max Healthcare Institute Limited","Address Change","Max Healthcare Institute Limited has informed the Exchange regarding change in Registered Office of the company from State of Maharashtra to State of Haryana.","21-May-2026 16:39:43","2026-05-21 16:39:43","21-May-2026 16:39:44","00:00:01","https://nsearchives.nseindia.com/corporate/MAXHEALTH_21052026163907_SE_Intimation_Board_Meeting_Outcome.pdf"
"MAXHEALTH","Max Healthcare Institute Limited","Change in Auditors","Max Healthcare Institute Limited has informed the Exchange regarding Change in Auditors of the company.","21-May-2026 16:37:43","2026-05-21 16:37:43","21-May-2026 16:37:44","00:00:01","https://nsearchives.nseindia.com/corporate/MAXHEALTH_21052026163445_SE_Intimation_Board_Meeting_Outcome.pdf"
"MAXHEALTH","Max Healthcare Institute Limited","General Updates","Max Healthcare Institute Limited has informed the Exchange about  Presentation on Earnings Update for the quarter and financial year ended March 31, 2026","21-May-2026 16:33:14","2026-05-21 16:33:14","21-May-2026 16:33:15","00:00:01","https://nsearchives.nseindia.com/corporate/MAXHEALTH_21052026163255_SE_Intimation_Final.pdf"
"MAXHEALTH","Max Healthcare Institute Limited","Press Release","Max Healthcare Institute Limited has informed the Exchange regarding a press release dated May 21, 2026, titled ""Max Healthcare Q4 revenue rises to &#8377; 2,664 Cr, registeringgrowth of +10% YoY; Network Operating EBITDA rises to &#8377; 682 Cr; Q4 PAT grows to &#8377; 387 Cr"".","21-May-2026 16:31:37","2026-05-21 16:31:37","21-May-2026 16:31:37","00:00:00","https://nsearchives.nseindia.com/corporate/MAXHEALTH_21052026163050_SE_Intimation_Final.pdf"
"MAXHEALTH","Max Healthcare Institute Limited","Dividend","Max Healthcare Institute Limited has informed the Exchange that Board of Directors at its meeting held on May 21, 2026, recommended Final Dividend of Rs. 2 per equity share.","21-May-2026 16:28:06","2026-05-21 16:28:06","21-May-2026 16:28:07","00:00:01","https://nsearchives.nseindia.com/corporate/MAXHEALTH_21052026162731_SE_Intimation_Board_Meeting_Outcome.pdf"
"MAXHEALTH","Max Healthcare Institute Limited","Outcome of Board Meeting","Max Healthcare Institute Limited has submitted to the Exchange, the financial results for the period ended March 31, 2026.","21-May-2026 16:25:53","2026-05-21 16:25:53","21-May-2026 16:25:54","00:00:01","https://nsearchives.nseindia.com/corporate/MAXHEALTH_21052026162505_SE_Intimation_Board_Meeting_Outcome.pdf"
"MAXHEALTH","Max Healthcare Institute Limited","ESOP/ESOS/ESPS","Max Healthcare Institute Limited has informed the Exchange regarding grant of options under Max Healthcare Institute Limited - Employee Stock Option Scheme 2022.","20-May-2026 13:13:45","2026-05-20 13:13:45","20-May-2026 13:13:46","00:00:01","https://nsearchives.nseindia.com/corporate/MAXHEALTH_20052026131305_SE_Intimation_Grant_of_ESOPs.pdf"
"MAXHEALTH","Max Healthcare Institute Limited","Pendency of Litigation(s)/dispute(s) or the outcome impacting the Company","Max Healthcare Institute Limited has informed the Exchange about disclosure under regulation 30 of the SEBI (Listing Obligations and Disclosure Requirements) Regulations, 2015","19-May-2026 22:19:11","2026-05-19 22:19:11","19-May-2026 22:19:12","00:00:01","https://nsearchives.nseindia.com/corporate/MAXHEALTH_19052026221841_SE_Intimation.pdf"
"MAXHEALTH","Max Healthcare Institute Limited","General Updates","Max Healthcare Institute Limited has informed the Exchange about update on acquisition of controlling stake in 250 bed Kalinga Hospital Ltd.","18-May-2026 20:19:49","2026-05-18 20:19:49","18-May-2026 20:19:50","00:00:01","https://nsearchives.nseindia.com/corporate/MAXHEALTH_18052026201905_SE_Intimation_Acquisition_of_shares_KHL.pdf"
"MAXHEALTH","Max Healthcare Institute Limited","Analysts/Institutional Investor Meet/Con. Call Updates","Max Healthcare Institute Limited has informed the Exchange about Schedule of meet","15-May-2026 12:08:45","2026-05-15 12:08:45","15-May-2026 12:08:46","00:00:01","https://nsearchives.nseindia.com/corporate/MAXHEALTH_15052026120752_SE_Intimation_Earnings_Call.pdf"
"MAXHEALTH","Max Healthcare Institute Limited","Shareholders meeting","Max Healthcare Institute Limited has informed the Exchange with copy of minutes of Postal Ballot","14-May-2026 21:35:21","2026-05-14 21:35:21","14-May-2026 21:35:22","00:00:01","https://nsearchives.nseindia.com/corporate/MAXHEALTH_14052026213356_SE_Intimation_Minutes_Postal_Ballot.pdf"
"MAXHEALTH","Max Healthcare Institute Limited","Updates","Max Healthcare Institute Limited has informed the Exchange regarding Re-classification of Radiant Life Care Hospital Foundation (formerly known as Radiant Life Care Foundation) from Promoter Group to Public category.","13-May-2026 13:18:14","2026-05-13 13:18:14","13-May-2026 13:18:16","00:00:02","https://nsearchives.nseindia.com/corporate/MAXHEALTH_13052026131731_SE_Intimation_Receipt_of_Request.pdf"
"MAXHEALTH","Max Healthcare Institute Limited","Shareholders meeting","Max Healthcare Institute Limited has submitted the Exchange a copy of Scrutinizers report of Postal Ballot. Further, the company has informed the Exchange regarding voting results","12-May-2026 18:53:51","2026-05-12 18:53:51","12-May-2026 18:53:52","00:00:01","https://nsearchives.nseindia.com/corporate/MAXHEALTH_12052026185122_SE_Intimation.pdf"
"MAXHEALTH","Max Healthcare Institute Limited","ESOP/ESOS/ESPS","Max Healthcare Institute Limited has informed the Exchange regarding allotment of Equity Shares under Max Healthcare Institute Limited - Employee Stock Option Scheme 2022.","01-May-2026 19:15:53","2026-05-01 19:15:53","01-May-2026 19:15:54","00:00:01","https://nsearchives.nseindia.com/corporate/MAXHEALTH_01052026191450_SE_Intimation_Allotment_of_Equity_Shares.pdf"
"MAXHEALTH","Max Healthcare Institute Limited","Pendency of Litigation(s)/dispute(s) or the outcome impacting the Company","Max Healthcare Institute Limited has informed the Exchange about disclosure under Regulation 30 of the SEBI (Listing Obligations and Disclosure Requirements) Regulations, 2015","21-Apr-2026 22:33:51","2026-04-21 22:33:51","21-Apr-2026 22:33:52","00:00:01","https://nsearchives.nseindia.com/corporate/MAXHEALTH_21042026223317_SE_Intimation_GST_Rectification_Order.pdf"
"MAXHEALTH","Max Healthcare Institute Limited","Copy of Newspaper Publication","Max Healthcare Institute Limited has informed the Exchange about Copy of Newspaper Publication for Postal Ballot Notice","12-Apr-2026 17:12:25","2026-04-12 17:12:25","12-Apr-2026 17:12:26","00:00:01","https://nsearchives.nseindia.com/corporate/MAXHEALTH_12042026171206_SE_Intimation_Newspaper_Publication_of_Postal_Ballot_Notice.pdf"
"MAXHEALTH","Max Healthcare Institute Limited","Shareholders meeting","Max Healthcare Institute Limited has informed the Exchange regarding Notice of Postal Ballot","11-Apr-2026 16:12:52","2026-04-11 16:12:52","11-Apr-2026 16:12:52","00:00:00","https://nsearchives.nseindia.com/corporate/MAXHEALTH_11042026161158_SE_Intimation_NKS_Postal_Ballot_Notice.pdf"
"MAXHEALTH","Max Healthcare Institute Limited","Change in Director(s)","Max Healthcare Institute Limited has informed the Exchange regarding Change in Director(s) of the company.","08-Apr-2026 12:22:40","2026-04-08 12:22:40","08-Apr-2026 12:22:41","00:00:01","https://nsearchives.nseindia.com/corporate/MAXHEALTH_08042026122224_SE_Intimation_Board_Meeting_Outcome_VF_.pdf"
"MAXHEALTH","Max Healthcare Institute Limited","Acquisition","Max Healthcare Institute Limited has informed the Exchange about Acquisition of controlling stake in 250 bed Kalinga Hospital Ltd.","08-Apr-2026 12:21:07","2026-04-08 12:21:07","08-Apr-2026 12:21:08","00:00:01","https://nsearchives.nseindia.com/corporate/MAXHEALTH_08042026122057_SE_Intimation_Board_Meeting_Outcome_VF_.pdf"
"MAXHEALTH","Max Healthcare Institute Limited","Press Release","Max Healthcare Institute Limited has informed the Exchange regarding a press release dated April 08, 2026, titled ""Max Healthcare forays in Bhubaneswar, Odisha; to acquire controlling stake in 250 bed Kalinga Hospital"".","08-Apr-2026 12:19:19","2026-04-08 12:19:19","08-Apr-2026 12:19:20","00:00:01","https://nsearchives.nseindia.com/corporate/MAXHEALTH_08042026121910_SE_Intimation_Board_Meeting_Outcome_VF_.pdf"
"MAXHEALTH","Max Healthcare Institute Limited","Outcome of Board Meeting","Max Healthcare Institute Limited has informed the Exchange regarding Outcome of Board Meeting held on April 08, 2026.","08-Apr-2026 12:16:40","2026-04-08 12:16:40","08-Apr-2026 12:16:41","00:00:01","https://nsearchives.nseindia.com/corporate/MAXHEALTH_08042026121553_SE_Intimation_Board_Meeting_Outcome_VF_.pdf"
"MAXHEALTH","Max Healthcare Institute Limited","Certificate under SEBI (Depositories and Participants) Regulations, 2018","Max Healthcare Institute Limited has informed the Exchange about Certificate under SEBI (Depositories and Participants) Regulations, 2018","07-Apr-2026 22:16:44","2026-04-07 22:16:44","07-Apr-2026 22:16:45","00:00:01","https://nsearchives.nseindia.com/corporate/MAXHEALTH_07042026221621_SE_Intimation_Regulation_74_5_.pdf"
"MAXHEALTH","Max Healthcare Institute Limited","ESOP/ESOS/ESPS","Max Healthcare Institute Limited has informed the Exchange regarding allotment of Equity Shares under Max Healthcare Institute Limited - Employee Stock Option Scheme 2022.","01-Apr-2026 09:30:07","2026-04-01 09:30:07","01-Apr-2026 09:30:08","00:00:01","https://nsearchives.nseindia.com/corporate/MAXHEALTH_01042026092651_SE_Intimation_Allotment_of_Equity_Shares.pdf"
"MAXHEALTH","Max Healthcare Institute Limited","Trading Window","Max Healthcare Institute Limited has informed the Exchange regarding the Trading Window closure pursuant to SEBI (Prohibition of Insider Trading) Regulations, 2015","26-Mar-2026 22:54:03","2026-03-26 22:54:03","26-Mar-2026 22:54:04","00:00:01","https://nsearchives.nseindia.com/corporate/MAXHEALTH_26032026225326_SE_Intimation_Closure_of_Trading_Window.pdf"
"MAXHEALTH","Max Healthcare Institute Limited","General Updates","Max Healthcare Institute Limited has informed the Exchange regarding Hon'ble National Company Law Tribunal order for voluntary liquidation of ET Planners Private Limited","25-Mar-2026 22:44:58","2026-03-25 22:44:58","25-Mar-2026 22:44:59","00:00:01","https://nsearchives.nseindia.com/corporate/MAXHEALTH_25032026224421_SE_Intimation_ET_Planners_Liquidation_NCLT.pdf"
"MAXHEALTH","Max Healthcare Institute Limited","ESOP/ESOS/ESPS","Max Healthcare Institute Limited has informed the Exchange regarding allotment of Equity Shares under Max Healthcare Institute Limited - Employee Stock Option Scheme 2022.","17-Mar-2026 10:02:57","2026-03-17 10:02:57","17-Mar-2026 10:02:58","00:00:01","https://nsearchives.nseindia.com/corporate/MAXHEALTH_17032026100136_SE_Intimation_Allotment_of_Equity_Shares.pdf"
"MAXHEALTH","Max Healthcare Institute Limited","ESOP/ESOS/ESPS","Max Healthcare Institute Limited has informed the Exchange regarding grant of options under Max Healthcare Institute Limited - Employee Stock Option Scheme 2022","17-Mar-2026 09:54:54","2026-03-17 09:54:54","17-Mar-2026 09:54:56","00:00:02","https://nsearchives.nseindia.com/corporate/MAXHEALTH_17032026094906_SE_Intimation_Grant_of_ESOPs.pdf"
"MAXHEALTH","Max Healthcare Institute Limited","Analysts/Institutional Investor Meet/Con. Call Updates","Max Healthcare Institute Limited has informed the Exchange about Schedule of meet","02-Mar-2026 16:34:48","2026-03-02 16:34:48","02-Mar-2026 16:34:49","00:00:01","https://nsearchives.nseindia.com/corporate/MAXHEALTH_02032026163308_SE_Intimation_Schedule_of_Investor_Conference.pdf"
"MAXHEALTH","Max Healthcare Institute Limited","General Updates","Max Healthcare Institute Limited has informed the Exchange about disclosure under Regulation 30 of the SEBI (Listing Obligations and Disclosure Requirements) Regulations, 2015","21-Feb-2026 18:11:29","2026-02-21 18:11:29","21-Feb-2026 18:11:30","00:00:01","https://nsearchives.nseindia.com/corporate/MAXHEALTH_21022026181047_SE_Intimation_GST_Appeal_Order.pdf"
"MAXHEALTH","Max Healthcare Institute Limited","Investor Presentation","Max Healthcare Institute Limited has informed the Exchange about Investor Presentation","20-Feb-2026 19:02:25","2026-02-20 19:02:25","20-Feb-2026 19:02:26","00:00:01","https://nsearchives.nseindia.com/corporate/MAXHEALTH_20022026190152_SE_Intimation_Investor_Presentation.pdf"
"MAXHEALTH","Max Healthcare Institute Limited","Analysts/Institutional Investor Meet/Con. Call Updates","Max Healthcare Institute Limited has informed the Exchange about Transcript of Earnings Call held on February 6, 2026","12-Feb-2026 22:29:17","2026-02-12 22:29:17","12-Feb-2026 22:29:18","00:00:01","https://nsearchives.nseindia.com/corporate/MAXHEALTH_12022026222827_SE_Intimation_Earnings_Call_Transcript.pdf"
"MAXHEALTH","Max Healthcare Institute Limited","Investor Presentation","Max Healthcare Institute Limited has informed the Exchange about Investor Presentation","07-Feb-2026 17:17:55","2026-02-07 17:17:55","07-Feb-2026 17:17:56","00:00:01","https://nsearchives.nseindia.com/corporate/MAXHEALTH_07022026171720_SE_Intimation_Investor_Presentation.pdf"
"MAXHEALTH","Max Healthcare Institute Limited","Copy of Newspaper Publication","Max Healthcare Institute Limited has informed the Exchange about copy of Newspaper Publication for standalone and consolidated financial results for the quarter and nine months ended December 31, 2025","06-Feb-2026 22:36:30","2026-02-06 22:36:30","06-Feb-2026 22:36:31","00:00:01","https://nsearchives.nseindia.com/corporate/MAXHEALTH_06022026223600_SE_Intimation_Newspaper_Publication.pdf"
"MAXHEALTH","Max Healthcare Institute Limited","Analysts/Institutional Investor Meet/Con. Call Updates","Max Healthcare Institute Limited has informed the Exchange about Link of Recording","06-Feb-2026 22:25:49","2026-02-06 22:25:49","06-Feb-2026 22:25:50","00:00:01","https://nsearchives.nseindia.com/corporate/MAXHEALTH_06022026222312_SE_Intimation_Audio_Recording_of_Earnings_Call.pdf"
"MAXHEALTH","Max Healthcare Institute Limited","General Updates","Max Healthcare Institute Limited has informed the Exchange regarding Presentation on Earnings Update for the quarter and nine months ended December 31, 2025","05-Feb-2026 13:43:35","2026-02-05 13:43:35","05-Feb-2026 13:43:36","00:00:01","https://nsearchives.nseindia.com/corporate/MAXHEALTH_05022026134246_SE_Intimation_Press_Release_and_Earnings_Update_sd.pdf"
"MAXHEALTH","Max Healthcare Institute Limited","Press Release","Max Healthcare Institute Limited has informed the Exchange regarding a press release dated February 05, 2026, titled ""Max Healthcare Q3 revenue rises to Rs. 2,608 Cr, registering growth of +10% YoY; Network Operating EBITDA grows to Rs. 648 Cr; PAT grows by +9% YoY to Rs. 344 Cr"".","05-Feb-2026 13:40:43","2026-02-05 13:40:43","05-Feb-2026 13:40:44","00:00:01","https://nsearchives.nseindia.com/corporate/MAXHEALTH_05022026133950_SE_Intimation_Press_Release_and_Earnings_Update_sd.pdf"
"MAXHEALTH","Max Healthcare Institute Limited","Outcome of Board Meeting","Max Healthcare Institute Limited has submitted to the Exchange, the financial results for the period ended December 31, 2025.","05-Feb-2026 13:37:46","2026-02-05 13:37:46","05-Feb-2026 13:37:47","00:00:01","https://nsearchives.nseindia.com/corporate/MAXHEALTH_05022026133658_SE_Intimation_Board_Meeting_Outcome_sd.pdf"
"MAXHEALTH","Max Healthcare Institute Limited","ESOP/ESOS/ESPS","Max Healthcare Institute Limited has informed the Exchange regarding allotment of Equity Shares under Max Healthcare Institute Limited - Employee Stock Option Scheme 2022.","04-Feb-2026 10:58:26","2026-02-04 10:58:26","04-Feb-2026 10:58:27","00:00:01","https://nsearchives.nseindia.com/corporate/MAXHEALTH_04022026105727_SE_Intimation_Allotment_of_Equity_Shares.pdf"
"MAXHEALTH","Max Healthcare Institute Limited","ESOP/ESOS/ESPS","Max Healthcare Institute Limited has informed the Exchange regarding grant of options under Max Healthcare Institute Limited - Employee Stock Option Scheme 2022","04-Feb-2026 10:51:47","2026-02-04 10:51:47","04-Feb-2026 10:51:48","00:00:01","https://nsearchives.nseindia.com/corporate/MAXHEALTH_04022026104949_SE_Intimation_Grant_of_ESOPs.pdf"
"MAXHEALTH","Max Healthcare Institute Limited","Analysts/Institutional Investor Meet/Con. Call Updates","Max Healthcare Institute Limited has informed the Exchange about Schedule of meet","29-Jan-2026 22:19:44","2026-01-29 22:19:44","29-Jan-2026 22:19:45","00:00:01","https://nsearchives.nseindia.com/corporate/MAXHEALTH_29012026221903_SE_Intimation_Schedule_of_Investor_Conference.pdf"
"MAXHEALTH","Max Healthcare Institute Limited","General Updates","Max Healthcare Institute Limited has informed the Exchange about disclosure under Regulation 30 of the SEBI (Listing Obligations and Disclosure Requirements) Regulations, 2015","29-Jan-2026 22:11:13","2026-01-29 22:11:13","29-Jan-2026 22:11:15","00:00:02","https://nsearchives.nseindia.com/corporate/MAXHEALTH_29012026221034_SE_Intimation_VL_MHC_Nigeria.pdf"
"MAXHEALTH","Max Healthcare Institute Limited","Analysts/Institutional Investor Meet/Con. Call Updates","Max Healthcare Institute Limited has informed the Exchange about Schedule of meet","28-Jan-2026 19:18:26","2026-01-28 19:18:26","28-Jan-2026 19:18:27","00:00:01","https://nsearchives.nseindia.com/corporate/MAXHEALTH_28012026191747_SE_Intimation_Schedule_of_Earnings_Call.pdf"
"MAXHEALTH","Max Healthcare Institute Limited","Certificate under SEBI (Depositories and Participants) Regulations, 2018","Max Healthcare Institute Limited has informed the Exchange about Certificate under SEBI (Depositories and Participants) Regulations, 2018","06-Jan-2026 16:42:09","2026-01-06 16:42:09","06-Jan-2026 16:42:10","00:00:01","https://nsearchives.nseindia.com/corporate/MAXHEALTH_06012026164144_SE_Intimation_Regulation_74_5_.pdf"
"MAXHEALTH","Max Healthcare Institute Limited","ESOP/ESOS/ESPS","Max Healthcare Institute Limited has informed the Exchange regarding allotment of Equity Shares under Max Healthcare Institute Limited - Employee Stock Option Scheme 2022","02-Jan-2026 10:58:33","2026-01-02 10:58:33","02-Jan-2026 10:58:34","00:00:01","https://nsearchives.nseindia.com/corporate/MAXHEALTH_02012026105802_SE_Intimation_Allotment_of_Equity_Shares.pdf"
"MAXHEALTH","Max Healthcare Institute Limited","General Updates","Max Healthcare Institute Limited has informed the Exchange about disclosure under Regulation 30 of the SEBI (Listing Obligations and Disclosure Requirements) Regulations, 2015","30-Dec-2025 22:41:34","2025-12-30 22:41:34","30-Dec-2025 22:41:35","00:00:01","https://nsearchives.nseindia.com/corporate/MAXHEALTH_30122025224058_SE_Intimation_GST_Order.pdf"
"MAXHEALTH","Max Healthcare Institute Limited","Trading Window","Max Healthcare Institute Limited has informed the Exchange regarding the Trading Window closure pursuant to SEBI (Prohibition of Insider Trading) Regulations, 2015","29-Dec-2025 18:39:36","2025-12-29 18:39:36","29-Dec-2025 18:39:37","00:00:01","https://nsearchives.nseindia.com/corporate/MAXHEALTH_29122025183913_SE_Intimation_Closure_of_Trading_Window.pdf"
"MAXHEALTH","Max Healthcare Institute Limited","General Updates","Max Healthcare Institute Limited has informed the Exchange about General Updates","19-Dec-2025 22:36:15","2025-12-19 22:36:15","19-Dec-2025 22:36:16","00:00:01","https://nsearchives.nseindia.com/corporate/MAXHEALTH_19122025223533_SE_Intimation_GST_Order.pdf"
"MAXHEALTH","Max Healthcare Institute Limited","Press Release","Max Healthcare Institute Limited has informed the Exchange regarding a press release dated December 18, 2025, titled ""Max Healthcare Announces Entry into Pune with a 450-Beds Hospital, Investment of over INR 1000 Cr"".","18-Dec-2025 15:57:45","2025-12-18 15:57:45","18-Dec-2025 15:57:46","00:00:01","https://nsearchives.nseindia.com/corporate/MAXHEALTH_18122025155655_SE_Intimation_Press_Release.pdf"
"MAXHEALTH","Max Healthcare Institute Limited","Acquisition","Max Healthcare Institute Limited has informed the Exchange about Share Purchase Agreement to acquire equity stake in Yerawada Properties Private Limited and matters relating to setting up a approx. 450 bedded super speciality hospital in Pune","18-Dec-2025 11:07:47","2025-12-18 11:07:47","18-Dec-2025 11:07:48","00:00:01","https://nsearchives.nseindia.com/corporate/MAXHEALTH_18122025110646_SE_Intimation_Acquisition_Purchase_of_Land.pdf"
"MAXHEALTH","Max Healthcare Institute Limited","Outcome of Board Meeting","Max Healthcare Institute Limited has informed the Exchange regarding Board meeting held on December 18, 2025.","18-Dec-2025 11:01:33","2025-12-18 11:01:33","18-Dec-2025 11:01:35","00:00:02","https://nsearchives.nseindia.com/corporate/MAXHEALTH_18122025110108_SE_Intimation_Acquisition_Purchase_of_Land.pdf"
"MAXHEALTH","Max Healthcare Institute Limited","General Updates","Max Healthcare Institute Limited has informed the Exchange about disclosure under regulation 30 of the SEBI (Listing Obligations and Disclosure Requirements) Regulations, 2015","09-Dec-2025 21:37:14","2025-12-09 21:37:14","09-Dec-2025 21:37:15","00:00:01","https://nsearchives.nseindia.com/corporate/MAXHEALTH_09122025213649_SE_Intimation_NSE_ESG_Rating.pdf"
"MAXHEALTH","Max Healthcare Institute Limited","ESOP/ESOS/ESPS","Max Healthcare Institute Limited has informed the Exchange regarding allotment of Equity Shares under Max Healthcare Institute Limited - Employee Stock Option Scheme 2022","03-Dec-2025 16:50:09","2025-12-03 16:50:09","03-Dec-2025 16:50:09","00:00:00","https://nsearchives.nseindia.com/corporate/MAXHEALTH_03122025164816_SE_Intimation_Allotment_of_Equity_Shares.pdf"
"MAXHEALTH","Max Healthcare Institute Limited","Analysts/Institutional Investor Meet/Con. Call Updates","Max Healthcare Institute Limited has informed the Exchange about Transcript of Earnings Call held on November 17, 2025","21-Nov-2025 22:10:48","2025-11-21 22:10:48","21-Nov-2025 22:10:49","00:00:01","https://nsearchives.nseindia.com/corporate/MAXHEALTH_21112025221010_SE_Intimation_Earnings_Call_Transcript.pdf"
"MAXHEALTH","Max Healthcare Institute Limited","Investor Presentation","Max Healthcare Institute Limited has informed the Exchange about Investor Presentation","19-Nov-2025 17:20:55","2025-11-19 17:20:55","19-Nov-2025 17:20:56","00:00:01","https://nsearchives.nseindia.com/corporate/MAXHEALTH_19112025171832_SE_Intimation_Investor_Presentation.pdf"
"MAXHEALTH","Max Healthcare Institute Limited","Investor Presentation","Max Healthcare Institute Limited has informed the Exchange about Investor Presentation","17-Nov-2025 22:20:59","2025-11-17 22:20:59","17-Nov-2025 22:21:00","00:00:01","https://nsearchives.nseindia.com/corporate/MAXHEALTH_17112025222029_SE_Intimation_Investor_Presentation.pdf"
"MAXHEALTH","Max Healthcare Institute Limited","Analysts/Institutional Investor Meet/Con. Call Updates","Max Healthcare Institute Limited has informed the Exchange about Link of Recording","17-Nov-2025 22:08:31","2025-11-17 22:08:31","17-Nov-2025 22:08:32","00:00:01","https://nsearchives.nseindia.com/corporate/MAXHEALTH_17112025220741_SE_Intimation_Audio_Recording_of_Earnings_Call.pdf"
"MAXHEALTH","Max Healthcare Institute Limited","Copy of Newspaper Publication","Max Healthcare Institute Limited has informed the Exchange about Copy of Newspaper Publication for standalone and consolidated financial results for the quarter and half year ended September 30, 2025","16-Nov-2025 18:05:53","2025-11-16 18:05:53","16-Nov-2025 18:05:55","00:00:02","https://nsearchives.nseindia.com/corporate/MAXHEALTH_16112025180519_SE_Intimation_Newspaper_Publication.pdf"
"MAXHEALTH","Max Healthcare Institute Limited","General Updates","Max Healthcare Institute Limited has informed the Exchange regarding Presentation on Earnings Update for the quarter and half year ended September 30, 2025","14-Nov-2025 20:51:57","2025-11-14 20:51:57","14-Nov-2025 20:51:58","00:00:01","https://nsearchives.nseindia.com/corporate/MAXHEALTH_14112025205132_SE_Intimation_Press_Release_and_Earnings_Update.pdf"
"MAXHEALTH","Max Healthcare Institute Limited","Press Release","Max Healthcare Institute Limited has informed the Exchange regarding a press release dated November 14, 2025, titled ""Max Healthcare Q2 revenue soars to &#8377; 2,692 Cr, registering growth of +21% YoY; Network Operating EBITDA grows to &#8377; 694 Cr, +23% YoY; PAT grows by +59% YoY to &#8377; 554 Cr"".","14-Nov-2025 20:48:11","2025-11-14 20:48:11","14-Nov-2025 20:48:12","00:00:01","https://nsearchives.nseindia.com/corporate/MAXHEALTH_14112025204747_SE_Intimation_Press_Release_and_Earnings_Update.pdf"
"MAXHEALTH","Max Healthcare Institute Limited","Outcome of Board Meeting","Max Healthcare Institute Limited has submitted to the Exchange, the financial results for the period ended September 30, 2025.","14-Nov-2025 20:33:48","2025-11-14 20:33:48","14-Nov-2025 20:33:48","00:00:00","https://nsearchives.nseindia.com/corporate/MAXHEALTH_14112025203248_SE_Intimation_Board_Meeting_Outcome.pdf"
"MAXHEALTH","Max Healthcare Institute Limited","ESOP/ESOS/ESPS","Max Healthcare Institute Limited has informed the Exchange regarding allotment of Equity Shares under Max Healthcare Institute Limited - Employee Stock Option Scheme 2022","14-Nov-2025 16:54:26","2025-11-14 16:54:26","14-Nov-2025 16:54:27","00:00:01","https://nsearchives.nseindia.com/corporate/MAXHEALTH_14112025165235_SE_Intimation_Allotment_of_Equity_Shares.pdf"
"MAXHEALTH","Max Healthcare Institute Limited","ESOP/ESOS/ESPS","Max Healthcare Institute Limited has informed the Exchange regarding grant of options under Max Healthcare Institute Limited - Employee Stock Option Scheme 2022","14-Nov-2025 16:48:27","2025-11-14 16:48:27","14-Nov-2025 16:48:28","00:00:01","https://nsearchives.nseindia.com/corporate/MAXHEALTH_14112025164646_SE_Intimation_Grant_of_ESOPs.pdf"
"MAXHEALTH","Max Healthcare Institute Limited","Analysts/Institutional Investor Meet/Con. Call Updates","Max Healthcare Institute Limited has informed the Exchange about Schedule of meet","13-Nov-2025 22:06:37","2025-11-13 22:06:37","13-Nov-2025 22:06:38","00:00:01","https://nsearchives.nseindia.com/corporate/MAXHEALTH_13112025220555_SE_Intimation_Schedule_of_Investor_Conference.pdf"
"MAXHEALTH","Max Healthcare Institute Limited","Analysts/Institutional Investor Meet/Con. Call Updates","Max Healthcare Institute Limited has informed the Exchange about Schedule of meet","10-Nov-2025 21:46:03","2025-11-10 21:46:03","10-Nov-2025 21:46:04","00:00:01","https://nsearchives.nseindia.com/corporate/MAXHEALTH_10112025214510_SE_Intimation_Schedule_of_Earnings_Call.pdf"
"MAXHEALTH","Max Healthcare Institute Limited","General Updates","Max Healthcare Institute Limited has informed the Exchange about approval of Scheme of Amalgamation between Crosslay Remedies Limited and Jaypee Healthcare Limited","07-Nov-2025 22:44:15","2025-11-07 22:44:15","07-Nov-2025 22:44:16","00:00:01","https://nsearchives.nseindia.com/corporate/MAXHEALTH_07112025224335_SE_Intimation_CRL_JHL_Merger_NCLT.pdf"
"MAXHEALTH","Max Healthcare Institute Limited","General Updates","Max Healthcare Institute Limited has informed the Exchange about disclosure under regulation 30 of the SEBI (Listing Obligations and Disclosure Requirements) Regulations, 2015","07-Nov-2025 16:03:27","2025-11-07 16:03:27","07-Nov-2025 16:03:28","00:00:01","https://nsearchives.nseindia.com/corporate/MAXHEALTH_07112025160250_SE_Intimation_SES_ESG_Rating.pdf"
"MAXHEALTH","Max Healthcare Institute Limited","General Updates","Max Healthcare Institute Limited has informed the Exchange about disclosure under regulation 30 of the SEBI (Listing Obligations and Disclosure Requirements) Regulations, 2015","22-Oct-2025 23:00:13","2025-10-22 23:00:13","22-Oct-2025 23:00:14","00:00:01","https://nsearchives.nseindia.com/corporate/MAXHEALTH_22102025225746_SE_Intimation_ESG_Rating.pdf"
"MAXHEALTH","Max Healthcare Institute Limited","General Updates","Max Healthcare Institute Limited has informed the Exchange about communication to members - 100 Days Campaign - Saksham Niveshak","09-Oct-2025 19:01:05","2025-10-09 19:01:05","09-Oct-2025 19:01:06","00:00:01","https://nsearchives.nseindia.com/corporate/MAXHEALTH_09102025190028_SE_Intimation_Saksham_Niveshak.pdf"
"MAXHEALTH","Max Healthcare Institute Limited","Certificate under SEBI (Depositories and Participants) Regulations, 2018","Max Healthcare Institute Limited has informed the Exchange about Certificate under SEBI (Depositories and Participants) Regulations, 2018","07-Oct-2025 20:08:22","2025-10-07 20:08:22","07-Oct-2025 20:08:23","00:00:01","https://nsearchives.nseindia.com/corporate/MAXHEALTH_07102025200719_SE_Intimation_Reg_74_5.pdf"
"MAXHEALTH","Max Healthcare Institute Limited","Credit Rating","Max Healthcare Institute Limited has informed the Exchange about Credit Rating","02-Oct-2025 18:51:36","2025-10-02 18:51:36","02-Oct-2025 18:51:37","00:00:01","https://nsearchives.nseindia.com/corporate/MAXHEALTH_02102025184811_SE_Intimation_Credit_Rating.pdf"
"MAXHEALTH","Max Healthcare Institute Limited","General Updates","Max Healthcare Institute Limited has informed the Exchange about disclosure under regulation 30 of the SEBI (Listing Obligations and Disclosure Requirements) Regulations, 2015","29-Sep-2025 18:41:30","2025-09-29 18:41:30","29-Sep-2025 18:41:31","00:00:01","https://nsearchives.nseindia.com/corporate/MAXHEALTH_29092025183910_SEIntimation_MSCI_ESG_Rating.pdf"
"MAXHEALTH","Max Healthcare Institute Limited","Trading Window","Max Healthcare Institute Limited has informed the Exchange regarding the Trading Window closure pursuant to SEBI (Prohibition of Insider Trading) Regulations, 2015","26-Sep-2025 17:48:14","2025-09-26 17:48:14","26-Sep-2025 17:48:16","00:00:02","https://nsearchives.nseindia.com/corporate/MAXHEALTH_26092025174746_SE_Intimation_Closure_of_Trading_Window.pdf"
"MAXHEALTH","Max Healthcare Institute Limited","ESOP/ESOS/ESPS","Max Healthcare Institute Limited has informed the Exchange regarding allotment of Equity Shares under Max Healthcare Institute Limited - Employee Stock Option Scheme 2020","04-Sep-2025 19:45:20","2025-09-04 19:45:20","04-Sep-2025 19:45:21","00:00:01","https://nsearchives.nseindia.com/corporate/MAXHEALTH_04092025194417_SE_Intimation_Allotment_of_Equity_Shares.pdf"
"MAXHEALTH","Max Healthcare Institute Limited","Investor Presentation","Max Healthcare Institute Limited has informed the Exchange about Investor Presentation","29-Aug-2025 14:56:30","2025-08-29 14:56:30","29-Aug-2025 14:56:31","00:00:01","https://nsearchives.nseindia.com/corporate/MAXHEALTH_29082025145604_SE_Intimation_Investor_Presentation.pdf"
"MAXHEALTH","Max Healthcare Institute Limited","Analysts/Institutional Investor Meet/Con. Call Updates","Max Healthcare Institute Limited has informed the Exchange about Schedule of meet","27-Aug-2025 22:34:45","2025-08-27 22:34:45","27-Aug-2025 22:34:46","00:00:01","https://nsearchives.nseindia.com/corporate/MAXHEALTH_27082025223358_SE_Intimation_Schedule_of_Investor_Conference.pdf"
"MAXHEALTH","Max Healthcare Institute Limited","Analysts/Institutional Investor Meet/Con. Call Updates","Max Healthcare Institute Limited has informed the Exchange about Transcript of Earnings Call held on August 14, 2025","21-Aug-2025 21:08:08","2025-08-21 21:08:08","21-Aug-2025 21:08:10","00:00:02","https://nsearchives.nseindia.com/corporate/MAXHEALTH_21082025210729_SE_Intimation_Earnings_Call_Transcript.pdf"
"MAXHEALTH","Max Healthcare Institute Limited","Copy of Newspaper Publication","Max Healthcare Institute Limited has informed the Exchange about Copy of Newspaper Publication for standalone and consolidated financial results for the quarter ended June 30, 2025","14-Aug-2025 21:14:20","2025-08-14 21:14:20","14-Aug-2025 21:14:21","00:00:01","https://nsearchives.nseindia.com/corporate/MAXHEALTH_14082025211357_SE_Intimation_Newspaper_Publication.pdf"
"MAXHEALTH","Max Healthcare Institute Limited","Analysts/Institutional Investor Meet/Con. Call Updates","Max Healthcare Institute Limited has informed the Exchange about Link of Recording","14-Aug-2025 21:09:17","2025-08-14 21:09:17","14-Aug-2025 21:09:18","00:00:01","https://nsearchives.nseindia.com/corporate/MAXHEALTH_14082025210810_SE_Intimation_Audio_Recording_of_Earnings_Call.pdf"
"MAXHEALTH","Max Healthcare Institute Limited","General Updates","Max Healthcare Institute Limited has informed the Exchange about disclosure under regulation 30 of the SEBI (Listing Obligations and Disclosure Requirements) Regulations, 2015","14-Aug-2025 17:23:43","2025-08-14 17:23:43","14-Aug-2025 17:23:44","00:00:01","https://nsearchives.nseindia.com/corporate/MAXHEALTH_14082025172318_SE_Intimation_ESG_Rating.pdf"
"MAXHEALTH","Max Healthcare Institute Limited","Capacity addition","Max Healthcare Institute Limited has informed the Exchange about Capacity addition","13-Aug-2025 12:32:56","2025-08-13 12:32:56","13-Aug-2025 12:32:56","00:00:00","https://nsearchives.nseindia.com/corporate/MAXHEALTH_13082025123224_SE_BM_Final.pdf"
"MAXHEALTH","Max Healthcare Institute Limited","General Updates","Max Healthcare Institute Limited has informed the Exchange regarding Presentation on Earnings Update for the quarter ended June 30, 2025","13-Aug-2025 12:27:21","2025-08-13 12:27:21","13-Aug-2025 12:27:22","00:00:01","https://nsearchives.nseindia.com/corporate/MAXHEALTH_13082025122557_SE_PR_EU.pdf"
"MAXHEALTH","Max Healthcare Institute Limited","Press Release","Max Healthcare Institute Limited has informed the Exchange regarding a press release dated August 13, 2025, titled ""Max Healthcare Q1 revenue soars to &#8377; 2,574 Cr, registering growth of 27% YoY, Network Operating EBITDA grows to &#8377; 613 Cr, +23% YoY; PAT grows by +17% YoY to &#8377; 345 Cr"".","13-Aug-2025 12:24:48","2025-08-13 12:24:48","13-Aug-2025 12:24:49","00:00:01","https://nsearchives.nseindia.com/corporate/MAXHEALTH_13082025122417_SE_PR_EU.pdf"
"MAXHEALTH","Max Healthcare Institute Limited","Outcome of Board Meeting","Max Healthcare Institute Limited has submitted to the Exchange, the financial results for the period ended Jun 30, 2025.","13-Aug-2025 12:16:55","2025-08-13 12:16:55","13-Aug-2025 12:16:56","00:00:01","https://nsearchives.nseindia.com/corporate/MAXHEALTH_13082025121625_SE_BM_Final.pdf"
"MAXHEALTH","Max Healthcare Institute Limited","ESOP/ESOS/ESPS","Max Healthcare Institute Limited has informed the Exchange regarding allotment of Equity Shares under Max Healthcare Institute Limited - Employee Stock Option Scheme 2020.","12-Aug-2025 10:05:58","2025-08-12 10:05:58","12-Aug-2025 10:06:00","00:00:02","https://nsearchives.nseindia.com/corporate/MAXHEALTH_12082025100412_SE_Intimation_Allotment_of_Equity_Shares.pdf"
"MAXHEALTH","Max Healthcare Institute Limited","ESOP/ESOS/ESPS","Max Healthcare Institute Limited has informed the Exchange regarding grant of options under Max Healthcare Institute Limited - Employee Stock Option Scheme 2022","12-Aug-2025 09:59:28","2025-08-12 09:59:28","12-Aug-2025 09:59:30","00:00:02","https://nsearchives.nseindia.com/corporate/MAXHEALTH_12082025095859_SE_Intimation_Grant_of_ESOPs.pdf"
"MAXHEALTH","Max Healthcare Institute Limited","Shareholders meeting","Max Healthcare Institute Limited has informed the Exchange with copy of minutes of 24th Annual General Meeting held on July 30, 2025","07-Aug-2025 22:24:30","2025-08-07 22:24:30","07-Aug-2025 22:24:30","00:00:00","https://nsearchives.nseindia.com/corporate/MAXHEALTH_07082025222337_SE_Intimation_Minutes_of_24th_AGM.pdf"
"MAXHEALTH","Max Healthcare Institute Limited","Analysts/Institutional Investor Meet/Con. Call Updates","Max Healthcare Institute Limited has informed the Exchange about Schedule of meet","06-Aug-2025 19:16:43","2025-08-06 19:16:43","06-Aug-2025 19:16:44","00:00:01","https://nsearchives.nseindia.com/corporate/MAXHEALTH_06082025191604_SE_Intimation_Schedule_of_Earnings_Call.pdf"
"MAXHEALTH","Max Healthcare Institute Limited","General Updates","Max Healthcare Institute Limited has informed the Exchange about Transcript of 24th Annual General Meeting","05-Aug-2025 22:36:52","2025-08-05 22:36:52","05-Aug-2025 22:36:53","00:00:01","https://nsearchives.nseindia.com/corporate/MAXHEALTH_05082025223614_SE_Intimation_Transcript_of_24th_AGM.pdf"
"MAXHEALTH","Max Healthcare Institute Limited","Shareholders meeting","Max Healthcare Institute Limited has submitted the Exchange a copy Srutinizer's report of 24th Annual General Meeting held on July 30, 2025. Further, the company has informed the Exchange regarding voting results.","30-Jul-2025 22:32:18","2025-07-30 22:32:18","30-Jul-2025 22:32:20","00:00:02","https://nsearchives.nseindia.com/corporate/MAXHEALTH_30072025223151_CoverLetter.pdf"
"MAXHEALTH","Max Healthcare Institute Limited","Shareholders meeting","Max Healthcare Institute Limited has informed the Exchange regarding Proceedings of 24th Annual General Meeting held on July 30, 2025","30-Jul-2025 18:01:16","2025-07-30 18:01:16","30-Jul-2025 18:01:16","00:00:00","https://nsearchives.nseindia.com/corporate/MAXHEALTH_30072025175632_SE_Intimation_Proceedings.pdf"
"MAXHEALTH","Max Healthcare Institute Limited","Change in Management","Max Healthcare Institute Limited has informed the Exchange about change in Senior Management Personnel","15-Jul-2025 16:58:36","2025-07-15 16:58:36","15-Jul-2025 16:58:36","00:00:00","https://nsearchives.nseindia.com/corporate/MAXHEALTH_15072025165755_SE_Intimation_SMP_Appointment.pdf"
"MAXHEALTH","Max Healthcare Institute Limited","General Updates","Max Healthcare Institute Limited has informed the Exchange about disclosure under regulation 30 of the SEBI (Listing Obligations and Disclosure Requirements) Regulations, 2015","11-Jul-2025 21:59:55","2025-07-11 21:59:55","11-Jul-2025 21:59:58","00:00:03","https://nsearchives.nseindia.com/corporate/MAXHEALTH_11072025215839_SE_Intimation_Sadhya_Hydro.pdf"
"MAXHEALTH","Max Healthcare Institute Limited","Certificate under SEBI (Depositories and Participants) Regulations, 2018","Max Healthcare Institute Limited has informed the Exchange about Certificate under SEBI (Depositories and Participants) Regulations, 2018","08-Jul-2025 19:05:09","2025-07-08 19:05:09","08-Jul-2025 19:05:11","00:00:02","https://nsearchives.nseindia.com/corporate/MAXHEALTH_08072025190347_SE_Intimation_Regulation_74_5_.pdf"
"MAXHEALTH","Max Healthcare Institute Limited","Copy of Newspaper Publication","Max Healthcare Institute Limited has informed the Exchange about Newspaper Publication in relation to Notice of 24th Annual General Meeting and E-Voting Information","05-Jul-2025 18:33:07","2025-07-05 18:33:07","05-Jul-2025 18:33:07","00:00:00","https://nsearchives.nseindia.com/corporate/MAXHEALTH_05072025183233_SE_Intimation_Post_Dispatch_Newspaper_Publication.pdf"
"MAXHEALTH","Max Healthcare Institute Limited","Shareholders meeting","Max Healthcare Institute Limited has informed the Exchange regarding Notice of Annual General Meeting to be held on July 30, 2025","04-Jul-2025 21:06:47","2025-07-04 21:06:47","04-Jul-2025 21:06:49","00:00:02","https://nsearchives.nseindia.com/corporate/MAXHEALTH_04072025210535_SE_Intimation_AGM_Notice_Annual_Report.pdf"
"MAXHEALTH","Max Healthcare Institute Limited","General Updates","Max Healthcare Institute Limited has informed the Exchange about disclosure under Regulation 30 of the SEBI (Listing Obligations and Disclosure Requirements) Regulations, 2015","01-Jul-2025 10:38:39","2025-07-01 10:38:39","01-Jul-2025 10:38:39","00:00:00","https://nsearchives.nseindia.com/corporate/MAXHEALTH_01072025103812_SE_Intimation_Reg_30.pdf"
"MAXHEALTH","Max Healthcare Institute Limited","Trading Window","Max Healthcare Institute Limited has informed the Exchange regarding the Trading Window closure pursuant to SEBI (Prohibition of Insider Trading) Regulations, 2015","26-Jun-2025 20:17:59","2025-06-26 20:17:59","26-Jun-2025 20:18:00","00:00:01","https://nsearchives.nseindia.com/corporate/MAXHEALTH_26062025201732_SE_Intimation_Closure_of_Trading_Window.pdf"
"MAXHEALTH","Max Healthcare Institute Limited","Copy of Newspaper Publication","Max Healthcare Institute Limited has informed the Exchange about Newspaper Publication for information regarding 24th Annual General Meeting, Dividend and Record Date","26-Jun-2025 20:07:26","2025-06-26 20:07:26","26-Jun-2025 20:07:27","00:00:01","https://nsearchives.nseindia.com/corporate/MAXHEALTH_26062025200642_SE_Intimation_Pre_dispatch_Newspaper_Advertisement.pdf"
"MAXHEALTH","Max Healthcare Institute Limited","General Updates","Max Healthcare Institute Limited has informed the Exchange about Annual General Meeting, Record Date and Communication to members for deduction of tax at source on final dividend","24-Jun-2025 22:44:29","2025-06-24 22:44:29","24-Jun-2025 22:44:31","00:00:02","https://nsearchives.nseindia.com/corporate/MAXHEALTH_24062025224348_SE_Intimation_AGM_Record_Date_TDS.pdf"
"MAXHEALTH","Max Healthcare Institute Limited","Record Date","Max Healthcare Institute Limited has informed the Exchange that Record date for the purpose of Dividend is 04-Jul-2025.","24-Jun-2025 22:40:46","2025-06-24 22:40:46","24-Jun-2025 22:40:47","00:00:01","https://nsearchives.nseindia.com/corporate/MAXHEALTH_24062025224004_SE_Intimation_AGM_Record_Date_TDS.pdf"
"MAXHEALTH","Max Healthcare Institute Limited","Change in Management","Max Healthcare Institute Limited has informed the Exchange about change in Senior Management Personnel","17-Jun-2025 16:50:04","2025-06-17 16:50:04","17-Jun-2025 16:50:05","00:00:01","https://nsearchives.nseindia.com/corporate/MAXHEALTH_17062025164936_SE_Intimation_Reg_30.pdf"
"MAXHEALTH","Max Healthcare Institute Limited","Investor Presentation","Max Healthcare Institute Limited has informed the Exchange about Investor Presentation","31-May-2025 18:59:06","2025-05-31 18:59:06","31-May-2025 18:59:07","00:00:01","https://nsearchives.nseindia.com/corporate/MAXHEALTH_31052025185823_SE_Intimation.pdf"
"MAXHEALTH","Max Healthcare Institute Limited","Analysts/Institutional Investor Meet/Con. Call Updates","Max Healthcare Institute Limited has informed the Exchange about Schedule of meet","27-May-2025 22:25:15","2025-05-27 22:25:15","27-May-2025 22:25:16","00:00:01","https://nsearchives.nseindia.com/corporate/MAXHEALTH_27052025222418_SE_Schedule_of_Investor_Conferences.pdf"
"MAXHEALTH","Max Healthcare Institute Limited","Analysts/Institutional Investor Meet/Con. Call Updates","Max Healthcare Institute Limited has informed the Exchange about Transcript of Earnings Call held on May 21, 2025","27-May-2025 22:15:09","2025-05-27 22:15:09","27-May-2025 22:15:10","00:00:01","https://nsearchives.nseindia.com/corporate/MAXHEALTH_27052025221348_SE_Intimation_Earnings_Call_Transcript.pdf"
"MAXHEALTH","Max Healthcare Institute Limited","Copy of Newspaper Publication","Max Healthcare Institute Limited has informed the Exchange about copy of newspaper publication for standalone and consolidated financial results for the quarter and financial year ended March 31, 2025","21-May-2025 19:12:43","2025-05-21 19:12:43","21-May-2025 19:12:44","00:00:01","https://nsearchives.nseindia.com/corporate/MAXHEALTH_21052025191211_SE_Intimation_Newspaper_Publication.pdf"
"MAXHEALTH","Max Healthcare Institute Limited","Analysts/Institutional Investor Meet/Con. Call Updates","Max Healthcare Institute Limited has informed the Exchange about Link of Recording","21-May-2025 19:06:27","2025-05-21 19:06:27","21-May-2025 19:06:29","00:00:02","https://nsearchives.nseindia.com/corporate/MAXHEALTH_21052025190453_SE_Intimation_Audio_Recording_of_Earnings_Call.pdf"
"MAXHEALTH","Max Healthcare Institute Limited","Change in Auditors","Max Healthcare Institute Limited has informed the Exchange regarding Change in Auditors of the company.","20-May-2025 15:11:11","2025-05-20 15:11:11","20-May-2025 15:11:12","00:00:01","https://nsearchives.nseindia.com/corporate/MAXHEALTH_20052025151011_SE_Inti_Final.pdf"
"MAXHEALTH","Max Healthcare Institute Limited","Change in Auditors","Max Healthcare Institute Limited has informed the Exchange regarding Change in Auditors of the company.","20-May-2025 15:07:34","2025-05-20 15:07:34","20-May-2025 15:07:35","00:00:01","https://nsearchives.nseindia.com/corporate/MAXHEALTH_20052025150641_SE_Inti_Final.pdf"
"MAXHEALTH","Max Healthcare Institute Limited","General Updates","Max Healthcare Institute Limited has informed the Exchange regarding Presentation on Earnings Update for the quarter and financial year ended March 31, 2025","20-May-2025 15:00:33","2025-05-20 15:00:33","20-May-2025 15:00:34","00:00:01","https://nsearchives.nseindia.com/corporate/MAXHEALTH_20052025150023_SE_Intimation_Press_Release_and_Earnings_Update.pdf"
"MAXHEALTH","Max Healthcare Institute Limited","Press Release","Max Healthcare Institute Limited has informed the Exchange regarding a press release dated May 20, 2025, titled ""Max Healthcare Q4 revenue soars by +29% YoY to INR 2,429 Cr; Operating EBITDA rises to INR 632 Cr, +26% YoY; PAT grows by +21% YoY to INR 376 Cr"".","20-May-2025 14:48:38","2025-05-20 14:48:38","20-May-2025 14:48:40","00:00:02","https://nsearchives.nseindia.com/corporate/MAXHEALTH_20052025144828_SE_Intimation_Press_Release_and_Earnings_Update.pdf"
"MAXHEALTH","Max Healthcare Institute Limited","Dividend","Max Healthcare Institute Limited has informed the Exchange that Board of Directors at its meeting held on May 20, 2025, recommended Final Dividend of Rs. 1.5 per equity share.","20-May-2025 14:46:24","2025-05-20 14:46:24","20-May-2025 14:46:25","00:00:01","https://nsearchives.nseindia.com/corporate/MAXHEALTH_20052025144610_SE_Inti_Final.pdf"
"MAXHEALTH","Max Healthcare Institute Limited","Outcome of Board Meeting","Max Healthcare Institute Limited has submitted to the Exchange, the financial results for the period ended March 31, 2025.","20-May-2025 14:43:11","2025-05-20 14:43:11","20-May-2025 14:43:13","00:00:02","https://nsearchives.nseindia.com/corporate/MAXHEALTH_20052025144021_SE_Inti_Final.pdf"
"MAXHEALTH","Max Healthcare Institute Limited","General Updates","Max Healthcare Institute Limited has informed the Exchange about execution of Sale Deed for acquisition of Land and building situated in Uttar Pradesh by Crosslay Remedies Limited","16-May-2025 23:51:59","2025-05-16 23:51:59","16-May-2025 23:51:59","00:00:00","https://nsearchives.nseindia.com/corporate/MAXHEALTH_16052025235123_SE_Intimation_Sale_Deed_Vaishali_Land.pdf"
"MAXHEALTH","Max Healthcare Institute Limited","Analysts/Institutional Investor Meet/Con. Call Updates","Max Healthcare Institute Limited has informed the Exchange about Schedule of meet","13-May-2025 20:57:41","2025-05-13 20:57:41","13-May-2025 20:57:41","00:00:00","https://nsearchives.nseindia.com/corporate/MAXHEALTH_13052025205632_SE_Intimation_Schedule_of_Earnings_Call.pdf"
"MAXHEALTH","Max Healthcare Institute Limited","ESOP/ESOS/ESPS","Max Healthcare Institute Limited has informed the Exchange regarding allotment of Equity Shares under Max Healthcare Institute Limited - Employee Stock Option Scheme 2020.","11-May-2025 13:52:17","2025-05-11 13:52:17","11-May-2025 13:52:18","00:00:01","https://nsearchives.nseindia.com/corporate/MAXHEALTH_11052025135141_SE_Intimation_Allotment_of_Equity_Shares.pdf"
"MAXHEALTH","Max Healthcare Institute Limited","Rumour Verification - Regulation 30(11)","Max Healthcare Institute Limited has informed the Exchange about Rumour Verification - Regulation 30(11)","06-May-2025 17:15:53","2025-05-06 17:15:53","06-May-2025 17:15:53","00:00:00","https://nsearchives.nseindia.com/corporate/MAXHEALTH_06052025171501_SE_Intimation_Market_Rumour_Clarification.pdf"
"MAXHEALTH","Max Healthcare Institute Limited","Disclosure under SEBI Takeover Regulations","Abhay Soi has Submitted to the Exchange a copy of Disclosure under Regulation 31(4) of the Securities and Exchange Board of India (Substantial Acquisition of Shares and Takeovers) Regulations, 2011.","22-Apr-2025 17:50:36","2025-04-22 17:50:36","22-Apr-2025 17:50:37","00:00:01","https://nsearchives.nseindia.com/corporate/team_sandeshc_22042025120359_max.pdf"
"MAXHEALTH","Max Healthcare Institute Limited","Certificate under SEBI (Depositories and Participants) Regulations, 2018","Max Healthcare Institute Limited has informed the Exchange about Certificate under SEBI (Depositories and Participants) Regulations, 2018","07-Apr-2025 19:17:37","2025-04-07 19:17:37","07-Apr-2025 19:17:38","00:00:01","https://nsearchives.nseindia.com/corporate/MAXHEALTH_07042025191713_SE_Intimation_Regulation_74_5_.pdf"
"MAXHEALTH","Max Healthcare Institute Limited","Credit Rating","Max Healthcare Institute Limited has informed the Exchange about Credit Rating","01-Apr-2025 17:22:26","2025-04-01 17:22:26","01-Apr-2025 17:22:27","00:00:01","https://nsearchives.nseindia.com/corporate/MAXHEALTH_01042025172037_Intimation_Credit_Rating.pdf"
"MAXHEALTH","Max Healthcare Institute Limited","Trading Window","Max Healthcare Institute Limited has informed the Exchange regarding the Trading Window closure pursuant to SEBI (Prohibition of Insider Trading) Regulations, 2015","26-Mar-2025 20:33:28","2025-03-26 20:33:28","26-Mar-2025 20:33:28","00:00:00","https://nsearchives.nseindia.com/corporate/MAXHEALTH_26032025202954_SE_Intimation_Trading_Window_Closure.pdf"
"MAXHEALTH","Max Healthcare Institute Limited","General Updates","Max Healthcare Institute Limited has informed the Exchange about disclosure under Regulation 30 of the SEBI (Listing Obligations and Disclosure Requirements) Regulations, 2015","22-Mar-2025 08:29:53","2025-03-22 08:29:53","22-Mar-2025 08:29:53","00:00:00","https://nsearchives.nseindia.com/corporate/MAXHEALTH_22032025082908_SE_Intimation_.pdf"
"MAXHEALTH","Max Healthcare Institute Limited","Pendency of Litigation(s)/dispute(s) or the outcome impacting the Company","Max Healthcare Institute Limited has informed the Exchange about disclosure under Regulation 30 of the SEBI (Listing Obligations and Disclosure Requirements) Regulations, 2015","14-Mar-2025 11:37:46","2025-03-14 11:37:46","14-Mar-2025 11:37:47","00:00:01","https://nsearchives.nseindia.com/corporate/MAXHEALTH_14032025113557_SE_Intimation.pdf"
"MAXHEALTH","Max Healthcare Institute Limited","Outcome of Board Meeting","Max Healthcare Institute Limited has informed the Exchange regarding  Board meeting held on March 12, 2025.","12-Mar-2025 13:41:51","2025-03-12 13:41:51","12-Mar-2025 13:41:52","00:00:01","https://nsearchives.nseindia.com/corporate/MAXHEALTH_12032025134125_SE_Disclosure_Outcome.pdf"
"MAXHEALTH","Max Healthcare Institute Limited","Analysts/Institutional Investor Meet/Con. Call Updates","Max Healthcare Institute Limited has informed the Exchange about Schedule of meet","27-Feb-2025 18:04:03","2025-02-27 18:04:03","27-Feb-2025 18:04:04","00:00:01","https://nsearchives.nseindia.com/corporate/MAXHEALTH_27022025180309_SE_Schedule_of_Investor_Conference.pdf"
"MAXHEALTH","Max Healthcare Institute Limited","General Updates","Max Healthcare Institute Limited has informed the Exchange about approval of Scheme of Amalgamation between ALPS Hospital Limited & Max Hospitals and Allied Services Limited","26-Feb-2025 12:23:36","2025-02-26 12:23:36","26-Feb-2025 12:23:37","00:00:01","https://nsearchives.nseindia.com/corporate/MAXHEALTH_26022025122239_SE_Intimation_-_Alps_and_MHASL_Merger.pdf"
"MAXHEALTH","Max Healthcare Institute Limited","Analysts/Institutional Investor Meet/Con. Call Updates","Max Healthcare Institute Limited has informed the Exchange about Schedule of meet","24-Feb-2025 18:12:40","2025-02-24 18:12:40","24-Feb-2025 18:12:41","00:00:01","https://nsearchives.nseindia.com/corporate/MAXHEALTH_24022025181153_SE_Schedule_of_Investor_Conference.pdf"
"MAXHEALTH","Max Healthcare Institute Limited","Change in Management","Max Healthcare Institute Limited has informed the Exchange about change in Senior Management Personnel","18-Feb-2025 23:26:52","2025-02-18 23:26:52","18-Feb-2025 23:26:53","00:00:01","https://nsearchives.nseindia.com/corporate/MAXHEALTH_18022025232607_SE_Intimation_Change.pdf"
"MAXHEALTH","Max Healthcare Institute Limited","Analysts/Institutional Investor Meet/Con. Call Updates","Max Healthcare Institute Limited has informed the Exchange about Schedule of meet","14-Feb-2025 19:43:37","2025-02-14 19:43:37","14-Feb-2025 19:43:37","00:00:00","https://nsearchives.nseindia.com/corporate/MAXHEALTH_14022025194301_SE_Schedule_of_Investor_Conference.pdf"
"MAXHEALTH","Max Healthcare Institute Limited","Analysts/Institutional Investor Meet/Con. Call Updates","Max Healthcare Institute Limited has informed the Exchange about Presentation for Investor Conference","11-Feb-2025 22:07:00","2025-02-11 22:07:00","11-Feb-2025 22:07:00","00:00:00","https://nsearchives.nseindia.com/corporate/MAXHEALTH_11022025220515_SE_Intimation_Investor_Presentation.pdf"
"MAXHEALTH","Max Healthcare Institute Limited","Analysts/Institutional Investor Meet/Con. Call Updates","Max Healthcare Institute Limited has informed the Exchange about Transcript of Earnings Call held on January 31, 2025","06-Feb-2025 22:16:11","2025-02-06 22:16:11","06-Feb-2025 22:16:13","00:00:02","https://nsearchives.nseindia.com/corporate/MAXHEALTH_06022025221421_SE_Intimation_Earnings_call_Transcript.pdf"
"MAXHEALTH","Max Healthcare Institute Limited","Analysts/Institutional Investor Meet/Con. Call Updates","Max Healthcare Institute Limited has informed the Exchange about Schedule of meet","03-Feb-2025 19:46:46","2025-02-03 19:46:46","03-Feb-2025 19:46:47","00:00:01","https://nsearchives.nseindia.com/corporate/MAXHEALTH_03022025194618_SE_Schedule_of_Investor_Conference.pdf"
"MAXHEALTH","Max Healthcare Institute Limited","General Updates","Max Healthcare Institute Limited has informed the Exchange about update on infusion of funds in Jaypee Healthcare Limited","31-Jan-2025 23:07:18","2025-01-31 23:07:18","31-Jan-2025 23:07:19","00:00:01","https://nsearchives.nseindia.com/corporate/MAXHEALTH_31012025230654_SE_Intimation_JHL_rights_issue.pdf"
"MAXHEALTH","Max Healthcare Institute Limited","Copy of Newspaper Publication","Max Healthcare Institute Limited has informed the Exchange about copy of Newspaper Publication for standalone and consolidated financial results for the quarter and nine months ended December 31, 2024","31-Jan-2025 22:28:28","2025-01-31 22:28:28","31-Jan-2025 22:28:29","00:00:01","https://nsearchives.nseindia.com/corporate/MAXHEALTH_31012025222757_SE_Intimation_Newspaper_Publication.pdf"
"MAXHEALTH","Max Healthcare Institute Limited","Analysts/Institutional Investor Meet/Con. Call Updates","Max Healthcare Institute Limited has informed the Exchange about Link of Recording","31-Jan-2025 21:46:48","2025-01-31 21:46:48","31-Jan-2025 21:46:49","00:00:01","https://nsearchives.nseindia.com/corporate/MAXHEALTH_31012025214545_SE_Intimation_Audio_Recording_of_Earnings_Call.pdf"
"MAXHEALTH","Max Healthcare Institute Limited","Integrated Filing- Financial","Integrated Filing (Financial) for the quarter and nine months ended December 31, 2024","30-Jan-2025 19:34:16","2025-01-30 19:34:16","30-Jan-2025 19:34:16","00:00:00","https://nsearchives.nseindia.com/corporate/MAXHEALTH_30012025193348_SE_Intimation_Integrated_Filing_Financial.pdf"
"MAXHEALTH","Max Healthcare Institute Limited","General Updates","Max Healthcare Institute Limited has informed the Exchange regarding agreement to Lease for setting up a 500 bedded build-to-suit hospital at Thane, Maharashtra","30-Jan-2025 14:26:23","2025-01-30 14:26:23","30-Jan-2025 14:26:24","00:00:01","https://nsearchives.nseindia.com/corporate/MAXHEALTH_30012025142611_BM_Outcome.pdf"
"MAXHEALTH","Max Healthcare Institute Limited","Acquisition","Max Healthcare Institute Limited has informed the Exchange regarding infusion of funds in Jaypee Healthcare Limited","30-Jan-2025 14:20:44","2025-01-30 14:20:44","30-Jan-2025 14:20:46","00:00:02","https://nsearchives.nseindia.com/corporate/MAXHEALTH_30012025141928_BM_Outcome.pdf"
"MAXHEALTH","Max Healthcare Institute Limited","General Updates","Max Healthcare Institute Limited has informed regarding presentation on earnings update for the quarter and nine months ended December 31, 2024","30-Jan-2025 14:20:44","2025-01-30 14:20:44","30-Jan-2025 14:20:45","00:00:01","https://nsearchives.nseindia.com/corporate/MAXHEALTH_30012025141842_SE_Intimation_Press_Release_Earnings_Update.pdf"
"MAXHEALTH","Max Healthcare Institute Limited","Press Release","Max Healthcare Institute Limited has informed the Exchange regarding a press release dated January 30, 2025, titled ""Max Healthcare Q3 revenue soars by 34% YoY to INR 2,381 Cr; Operating EBITDA rises to INR 622 Cr, +32% YoY; PAT* grows by 15% to INR 390 Cr"".","30-Jan-2025 14:20:44","2025-01-30 14:20:44","30-Jan-2025 14:20:45","00:00:01","https://nsearchives.nseindia.com/corporate/MAXHEALTH_30012025141702_SE_Intimation_Press_Release_Earnings_Update.pdf"
"MAXHEALTH","Max Healthcare Institute Limited","Outcome of Board Meeting","Max Healthcare Institute Limited has informed the Exchange regarding  Board meeting held on January 30, 2025.","30-Jan-2025 14:14:44","2025-01-30 14:14:44","30-Jan-2025 14:14:45","00:00:01","https://nsearchives.nseindia.com/corporate/MAXHEALTH_30012025141421_BM_Outcome.pdf"
"MAXHEALTH","Max Healthcare Institute Limited","Financial Result Updates"," Max Healthcare Institute Limited has submitted to the Exchange, the financial results for the period ended December 31, 2024.","30-Jan-2025 14:13:41","2025-01-30 14:13:41","30-Jan-2025 14:13:41","00:00:00","https://nsearchives.nseindia.com/corporate/BM_Outcome_30012025141341.pdf"
"MAXHEALTH","Max Healthcare Institute Limited","ESOP/ESOS/ESPS","Max Healthcare Institute Limited has informed the Exchange regarding allotment of Equity Shares under Max Healthcare Institute Limited - Employee Stock Option Scheme 2020.","29-Jan-2025 10:45:32","2025-01-29 10:45:32","29-Jan-2025 10:45:35","00:00:03","https://nsearchives.nseindia.com/corporate/MAXHEALTH_29012025104356_SE_Intimation_Allotment_of_equity_shares.pdf"
"MAXHEALTH","Max Healthcare Institute Limited","ESOP/ESOS/ESPS","Max Healthcare Institute Limited has informed the Exchange regarding grant of options under Max Healthcare Institute Limited - Employee Stock Option Scheme 2022","29-Jan-2025 10:41:22","2025-01-29 10:41:22","29-Jan-2025 10:41:25","00:00:03","https://nsearchives.nseindia.com/corporate/MAXHEALTH_29012025104035_SE_Intimation_Grant_of_ESOPs.pdf"
"MAXHEALTH","Max Healthcare Institute Limited","General Updates","Max Healthcare Institute Limited has informed the Exchange about update on acquisition of additional equity stake in Starlit Medical Centre Private Limited","27-Jan-2025 21:59:34","2025-01-27 21:59:34","27-Jan-2025 21:59:35","00:00:01","https://nsearchives.nseindia.com/corporate/MAXHEALTH_27012025215847_SE_Intimation_Starlit_rights_issue.pdf"
"MAXHEALTH","Max Healthcare Institute Limited","Analysts/Institutional Investor Meet/Con. Call Updates","Max Healthcare Institute Limited has informed the Exchange about Schedule of meet","24-Jan-2025 19:58:28","2025-01-24 19:58:28","24-Jan-2025 19:58:29","00:00:01","https://nsearchives.nseindia.com/corporate/MAXHEALTH_24012025195743_SE_Intimation_Earnings_Call.pdf"
"MAXHEALTH","Max Healthcare Institute Limited","General Updates","Max Healthcare Institute Limited has informed the Exchange about disclosure under Regulation 30 of the SEBI (Listing Obligations and Disclosure Requirements) Regulations, 2015","23-Jan-2025 14:13:39","2025-01-23 14:13:39","23-Jan-2025 14:13:40","00:00:01","https://nsearchives.nseindia.com/corporate/MAXHEALTH_23012025141233_SE_Intimation_MHIL_GST_Order.pdf"
"MAXHEALTH","Max Healthcare Institute Limited","Certificate under SEBI (Depositories and Participants) Regulations, 2018","Max Healthcare Institute Limited has informed the Exchange about Certificate under SEBI (Depositories and Participants) Regulations, 2018","08-Jan-2025 22:52:42","2025-01-08 22:52:42","08-Jan-2025 22:52:43","00:00:01","https://nsearchives.nseindia.com/corporate/MAXHEALTH_08012025225220_SE_Intimation_Regulation_74_5_.pdf"
"MAXHEALTH","Max Healthcare Institute Limited","Updates","Max Healthcare Institute Limited has informed the Exchange regarding change of name of Registrar and Share Transfer Agent.","01-Jan-2025 14:54:26","2025-01-01 14:54:26","01-Jan-2025 14:54:27","00:00:01","https://nsearchives.nseindia.com/corporate/MAXHEALTH_01012025145340_SE_Intimation_RTA_Name_Change.pdf"
"MAXHEALTH","Max Healthcare Institute Limited","Trading Window","Max Healthcare Institute Limited has informed the Exchange regarding the Trading Window closure pursuant to SEBI (Prohibition of Insider Trading) Regulations, 2015","27-Dec-2024 18:52:54","2024-12-27 18:52:54","27-Dec-2024 18:52:54","00:00:00","https://nsearchives.nseindia.com/corporate/MAXHEALTH_27122024185226_SE_Intimation_Closure_of_Trading_Window.pdf"
"MAXHEALTH","Max Healthcare Institute Limited","General Updates","Max Healthcare Institute Limited has informed the Exchange about approval for reclassification of Kayak Investments Holding Pte. Limited from  Promoter  to  Public  category","20-Dec-2024 14:13:03","2024-12-20 14:13:03","20-Dec-2024 14:13:04","00:00:01","https://nsearchives.nseindia.com/corporate/MAXHEALTH_20122024141303_SE_Intimation_Reclassification_.pdf"
"MAXHEALTH","Max Healthcare Institute Limited","General Updates","Disclosure under Regulation 30 of the SEBI (Listing Obligations and Disclosure Requirements) Regulations, 2015","03-Dec-2024 22:53:32","2024-12-03 22:53:32","03-Dec-2024 22:53:33","00:00:01","https://nsearchives.nseindia.com/corporate/MAXHEALTH_03122024225332_SE_Intimation_Update_on_JHL_F.pdf"
"MAXHEALTH","Max Healthcare Institute Limited","Analysts/Institutional Investor Meet/Con. Call Updates","Max Healthcare Institute Limited has informed the Exchange about Transcript of Earnings Call held on November 7, 2024","13-Nov-2024 20:33:21","2024-11-13 20:33:21","13-Nov-2024 20:33:21","00:00:00","https://nsearchives.nseindia.com/corporate/MAXHEALTH_13112024203321_SE_Intimation_Earnings_call_Transcript.pdf"
"MAXHEALTH","Max Healthcare Institute Limited","Analysts/Institutional Investor Meet/Con. Call Updates","Max Healthcare Institute Limited has informed the Exchange about Schedule of meet","12-Nov-2024 19:40:55","2024-11-12 19:40:55","12-Nov-2024 19:40:56","00:00:01","https://nsearchives.nseindia.com/corporate/MAXHEALTH_12112024194055_SE_Schedule_of_Investor_Conference.pdf"
"MAXHEALTH","Max Healthcare Institute Limited","General Updates","Max Healthcare Institute Limited has informed the Exchange about update on revival and turnaround of Jaypee Healthcare Limited","12-Nov-2024 03:34:06","2024-11-12 03:34:06","12-Nov-2024 03:34:07","00:00:01","https://nsearchives.nseindia.com/corporate/MAXHEALTH_12112024033406_SE_Intimation_Update_on_JHL.pdf"
"MAXHEALTH","Max Healthcare Institute Limited","Analysts/Institutional Investor Meet/Con. Call Updates","Max Healthcare Institute Limited has informed the Exchange about Presentation for Investor Conference","11-Nov-2024 22:49:35","2024-11-11 22:49:35","11-Nov-2024 22:49:36","00:00:01","https://nsearchives.nseindia.com/corporate/MAXHEALTH_11112024224935_SE_Intimation_Investor_Presentation.pdf"
"MAXHEALTH","Max Healthcare Institute Limited","Analysts/Institutional Investor Meet/Con. Call Updates","Max Healthcare Institute Limited has informed the Exchange about Schedule of meet","07-Nov-2024 21:06:07","2024-11-07 21:06:07","07-Nov-2024 21:06:08","00:00:01","https://nsearchives.nseindia.com/corporate/MAXHEALTH_07112024210607_SE_Schedule_of_Investor_Conference.pdf"
"MAXHEALTH","Max Healthcare Institute Limited","Analysts/Institutional Investor Meet/Con. Call Updates","Max Healthcare Institute Limited has informed the Exchange about Link of Recording","07-Nov-2024 20:54:10","2024-11-07 20:54:10","07-Nov-2024 20:54:11","00:00:01","https://nsearchives.nseindia.com/corporate/MAXHEALTH_07112024205410_SE_Intimation_Audio_Recording_of_Earnings_Call.pdf"
"MAXHEALTH","Max Healthcare Institute Limited","Copy of Newspaper Publication","Max Healthcare Institute Limited has informed the Exchange about Copy of Newspaper Publication for standalone and consolidated financial results for the quarter and half year ended September 30, 2024","07-Nov-2024 20:46:03","2024-11-07 20:46:03","07-Nov-2024 20:46:04","00:00:01","https://nsearchives.nseindia.com/corporate/MAXHEALTH_07112024204603_SE_Intimation_Newspaper_Advertisement.pdf"
"MAXHEALTH","Max Healthcare Institute Limited","Press Release","Max Healthcare Institute Limited has informed the Exchange regarding a press release dated November 05, 2024, titled ""Max Healthcare fortifies its position in NCR; Commenced operations at Max Hospital, Dwarka and acquired Jaypee Hospital, Noida"".","05-Nov-2024 21:26:09","2024-11-05 21:26:09","05-Nov-2024 21:26:09","00:00:00","https://nsearchives.nseindia.com/corporate/MAXHEALTH_05112024212609_SE_Intimation_Press_Release_Earnings_Update.pdf"
"MAXHEALTH","Max Healthcare Institute Limited","General Updates","Max Healthcare Institute Limited has informed the Exchange regarding Presentation on Earnings Update for the quarter and half year ended September 30, 2024.","05-Nov-2024 21:26:09","2024-11-05 21:26:09","05-Nov-2024 21:26:10","00:00:01","https://nsearchives.nseindia.com/corporate/MAXHEALTH_05112024212609_SE_Intimation_Press_Release_Earnings_Update.pdf"
"MAXHEALTH","Max Healthcare Institute Limited","Outcome of Board Meeting","MAXHEALTH: Max Healthcare Institute Limited has informed the Exchange regarding Board meeting held on November 5, 2024 where Financial Results for the quarter and half year ended September 30, 2024 are approved","05-Nov-2024 21:19:00","2024-11-05 21:19:00","05-Nov-2024 21:19:01","00:00:01","https://nsearchives.nseindia.com/corporate/MAXHEALTH_05112024211900_SE_BM.pdf"
"MAXHEALTH","Max Healthcare Institute Limited","Financial Result Updates"," Max Healthcare Institute Limited has submitted to the Exchange, the financial results for the period ended September 30, 2024.","05-Nov-2024 21:14:21","2024-11-05 21:14:21","05-Nov-2024 21:14:22","00:00:01","https://nsearchives.nseindia.com/corporate/SE_BM_05112024211421.pdf"
"MAXHEALTH","Max Healthcare Institute Limited","ESOP/ESOS/ESPS","Max Healthcare Institute Limited has informed the Exchange regarding Grant of 140000 options under Max Healthcare Institute Limited - Employee Stock Option Scheme 2022","05-Nov-2024 16:08:53","2024-11-05 16:08:53","05-Nov-2024 16:08:54","00:00:01","https://nsearchives.nseindia.com/corporate/MAXHEALTH_05112024160854_SE_Intimation_Grant_of_ESOPs.pdf"
"MAXHEALTH","Max Healthcare Institute Limited","Analysts/Institutional Investor Meet/Con. Call Updates","Max Healthcare Institute Limited has informed the Exchange about Schedule of meet","30-Oct-2024 18:23:48","2024-10-30 18:23:48","30-Oct-2024 18:23:49","00:00:01","https://nsearchives.nseindia.com/corporate/MAXHEALTH_30102024182348_SE_Intimation_Earnings_Call.pdf"
"MAXHEALTH","Max Healthcare Institute Limited","General Updates","Max Healthcare Institute Limited has informed the Exchange about update on voluntary liquidation of ET Planners Private Limited, a step down wholly-owned subsidiary of the Company.","18-Oct-2024 23:09:42","2024-10-18 23:09:42","18-Oct-2024 23:09:43","00:00:01","https://nsearchives.nseindia.com/corporate/MAXHEALTH_18102024230943_SE_Intimation_VL_ET_Planner.pdf"
"MAXHEALTH","Max Healthcare Institute Limited","General Updates","Max Healthcare Institute Limited has informed the Exchange about update on revival and turnaround of Jaypee Healthcare Limited.","17-Oct-2024 22:42:15","2024-10-17 22:42:15","17-Oct-2024 22:42:15","00:00:00","https://nsearchives.nseindia.com/corporate/MAXHEALTH_17102024224215_SE_Intimation_Update_on_JHL.pdf"
"MAXHEALTH","Max Healthcare Institute Limited","Change in Management","Disclosure under Regulation 30 of the SEBI (Listing Obligations and Disclosure Requirements) Regulations, 2015","14-Oct-2024 21:29:28","2024-10-14 21:29:28","14-Oct-2024 21:29:29","00:00:01","https://nsearchives.nseindia.com/corporate/MAXHEALTH_14102024212928_20241014_SE_Intimation.pdf"
"MAXHEALTH","Max Healthcare Institute Limited","General Updates","Max Healthcare Institute Limited has informed the Exchange about update on acquisition, revival and turnaround of Jaypee Healthcare Limited","04-Oct-2024 21:49:49","2024-10-04 21:49:49","04-Oct-2024 21:49:49","00:00:00","https://nsearchives.nseindia.com/corporate/MAXHEALTH_04102024214949_SE_Intimation_Update_on_JHL.pdf"
"MAXHEALTH","Max Healthcare Institute Limited","Certificate under SEBI (Depositories and Participants) Regulations, 2018","Max Healthcare Institute Limited has informed the Exchange about Certificate under SEBI (Depositories and Participants) Regulations, 2018","04-Oct-2024 19:06:40","2024-10-04 19:06:40","04-Oct-2024 19:06:41","00:00:01","https://nsearchives.nseindia.com/corporate/MAXHEALTH_04102024190640_SE_Intimation_Regulation_74_5_.pdf"
"MAXHEALTH","Max Healthcare Institute Limited","Credit Rating","Max Healthcare Institute Limited has informed the Exchange about Credit Rating","01-Oct-2024 22:56:04","2024-10-01 22:56:04","01-Oct-2024 22:56:05","00:00:01","https://nsearchives.nseindia.com/corporate/MAXHEALTH_01102024225605_SE_Intimation_Credit_Rating_HBPL_CRL.pdf"
"MAXHEALTH","Max Healthcare Institute Limited","Credit Rating","Max Healthcare Institute Limited has informed the Exchange about Credit Rating","30-Sep-2024 22:55:37","2024-09-30 22:55:37","30-Sep-2024 22:55:38","00:00:01","https://nsearchives.nseindia.com/corporate/MAXHEALTH_30092024225538_SE_Intimation_Credit_Rating.pdf"
"MAXHEALTH","Max Healthcare Institute Limited","General Updates","Max Healthcare Institute Limited has informed the Exchange about Transcript of 23rd Annual General Meeting","27-Sep-2024 20:26:22","2024-09-27 20:26:22","27-Sep-2024 20:26:23","00:00:01","https://nsearchives.nseindia.com/corporate/MAXHEALTH_27092024202622_SE_Intimation_AGM_Transcript.pdf"
"MAXHEALTH","Max Healthcare Institute Limited","General Updates","Max Healthcare Institute Limited has informed the Exchange about update on acquisition, revival and turnaround of Jaypee Healthcare Limited","26-Sep-2024 23:13:31","2024-09-26 23:13:31","26-Sep-2024 23:13:31","00:00:00","https://nsearchives.nseindia.com/corporate/MAXHEALTH_26092024231331_SE_Intimation.pdf"
"MAXHEALTH","Max Healthcare Institute Limited","Shareholders meeting","Max Healthcare Institute Limited has informed the Exchange with copy of minutes of 23rd Annual General Meeting held on September 20, 2024","26-Sep-2024 23:01:38","2024-09-26 23:01:38","26-Sep-2024 23:01:39","00:00:01","https://nsearchives.nseindia.com/corporate/MAXHEALTH_26092024230138_SE_Intimation_-_AGM_Minutes.pdf"
"MAXHEALTH","Max Healthcare Institute Limited","Trading Window","Max Healthcare Institute Limited has informed the Exchange regarding the Trading Window closure pursuant to SEBI (Prohibition of Insider Trading) Regulations, 2015","26-Sep-2024 18:29:32","2024-09-26 18:29:32","26-Sep-2024 18:29:33","00:00:01","https://nsearchives.nseindia.com/corporate/MAXHEALTH_26092024182932_SE_Intimation_Trading_Window_Closure.pdf"
"MAXHEALTH","Max Healthcare Institute Limited","Change in Director(s)","Max Healthcare Institute Limited has informed the Exchange regarding Change in Director(s) of the company.","26-Sep-2024 08:06:54","2024-09-26 08:06:54","26-Sep-2024 08:06:54","00:00:00","https://nsearchives.nseindia.com/corporate/MAXHEALTH_26092024080654_SE_Intimation_Completion_of_Tenure.pdf"
"MAXHEALTH","Max Healthcare Institute Limited","Shareholders meeting","Max Healthcare Institute Limited has submitted the Exchange a copy of Srutinizer's report of  23rd Annual General Meeting held on September 20, 2024. Further, the company has informed the Exchange regarding voting results.","20-Sep-2024 23:29:43","2024-09-20 23:29:43","20-Sep-2024 23:29:44","00:00:01","https://nsearchives.nseindia.com/corporate/MAXHEALTH_20092024232943_SEIntimation_Results.pdf"
"MAXHEALTH","Max Healthcare Institute Limited","Shareholders meeting","Max Healthcare Institute Limited has informed the Exchange regarding Proceedings of 23rd Annual General Meeting held on September 20, 2024","20-Sep-2024 19:04:16","2024-09-20 19:04:16","20-Sep-2024 19:04:17","00:00:01","https://nsearchives.nseindia.com/corporate/MAXHEALTH_20092024190416_SE_Intimation_Proceedings_of_23rd_AGM.pdf"
"MAXHEALTH","Max Healthcare Institute Limited","Press Release","Max Healthcare Institute Limited has informed the Exchange regarding a press release dated September 13, 2024, titled ""Max Healthcare enters into Strategic Collaboration with Lakshdeep Group for turnaround and acquisition of controlling stake in Jaypee Healthcare Ltd"".","13-Sep-2024 13:14:33","2024-09-13 13:14:33","13-Sep-2024 13:14:33","00:00:00","https://nsearchives.nseindia.com/corporate/MAXHEALTH_13092024131433_SE_Intimation.pdf"
"MAXHEALTH","Max Healthcare Institute Limited","Change in Management","Max Healthcare Institute Limited has informed the Exchange about appointment of Mr. Gagan Palta as Director & General Counsel identified as Senior Management Personnel","13-Sep-2024 13:08:21","2024-09-13 13:08:21","13-Sep-2024 13:08:22","00:00:01","https://nsearchives.nseindia.com/corporate/MAXHEALTH_13092024130821_SE_Intimation.pdf"
"MAXHEALTH","Max Healthcare Institute Limited","Acquisition","Max Healthcare Institute Limited has informed the Exchange about Strategic Collaboration with Lakshdeep Group for revival and turnaround of Jaypee Healthcare Ltd","13-Sep-2024 13:05:26","2024-09-13 13:05:26","13-Sep-2024 13:05:27","00:00:01","https://nsearchives.nseindia.com/corporate/MAXHEALTH_13092024130526_SE_Intimation.pdf"
"MAXHEALTH","Max Healthcare Institute Limited","Outcome of Board Meeting","Max Healthcare Institute Limited has informed the Exchange regarding  Board meeting held on September 13, 2024.","13-Sep-2024 13:01:51","2024-09-13 13:01:51","13-Sep-2024 13:01:52","00:00:01","https://nsearchives.nseindia.com/corporate/MAXHEALTH_13092024130151_SE_Intimation.pdf"
"MAXHEALTH","Max Healthcare Institute Limited","Allotment of Securities","Max Healthcare Institute Limited has informed the Exchange regarding allotment of 206091 securities pursuant to ESOP/ESPS at its meeting held on September 13, 2024","13-Sep-2024 12:15:20","2024-09-13 12:15:20","13-Sep-2024 12:15:21","00:00:01","https://nsearchives.nseindia.com/corporate/MAXHEALTH_13092024121520_SE_Intimation_Allotment.pdf"
"MAXHEALTH","Max Healthcare Institute Limited","ESOP/ESOS/ESPS","Max Healthcare Institute Limited has informed the Exchange regarding Grant of 100000  Options under Max Healthcare Institute Limited - Employee Stock Option Scheme 2022.","13-Sep-2024 12:11:40","2024-09-13 12:11:40","13-Sep-2024 12:11:41","00:00:01","https://nsearchives.nseindia.com/corporate/MAXHEALTH_13092024121140_SE_Intimation_Grant_of_ESOPs.pdf"
"MAXHEALTH","Max Healthcare Institute Limited","Analysts/Institutional Investor Meet/Con. Call Updates","Max Healthcare Institute Limited has informed the Exchange about Schedule of meet","12-Sep-2024 22:45:33","2024-09-12 22:45:33","12-Sep-2024 22:45:34","00:00:01","https://nsearchives.nseindia.com/corporate/MAXHEALTH_12092024224533_SE_Schedule_of_Investor_Conference.pdf"
"MAXHEALTH","Max Healthcare Institute Limited","Updates","Max Healthcare Institute Limited has informed the Exchange regarding Intimation for voluntary liquidation of ET Planners Private Limited, a step down wholly-owned subsidiary of the Company.","11-Sep-2024 18:17:22","2024-09-11 18:17:22","11-Sep-2024 18:17:23","00:00:01","https://nsearchives.nseindia.com/corporate/MAXHEALTH_11092024181722_SE_Intimation_Voluntry_Liquidation_ET_Planners.pdf"
"MAXHEALTH","Max Healthcare Institute Limited","Updates","Max Healthcare Institute Limited has informed the Exchange regarding Disclosure under Regulation 30 of the SEBI (Listing Obligations and Disclosure Requirements) Regulations, 2015.","06-Sep-2024 21:38:52","2024-09-06 21:38:52","06-Sep-2024 21:38:53","00:00:01","https://nsearchives.nseindia.com/corporate/MAXHEALTH_06092024213852_SE_Intimation_Voluntry_Liquidation_ET_Planner.pdf"
"MAXHEALTH","Max Healthcare Institute Limited","Copy of Newspaper Publication","Max Healthcare Institute Limited has informed the Exchange about Copy of Newspaper Publication regarding Notice of 23rd Annual General Meeting and E-Voting Information","29-Aug-2024 18:21:41","2024-08-29 18:21:41","29-Aug-2024 18:21:42","00:00:01","https://nsearchives.nseindia.com/corporate/MAXHEALTH_29082024182141_SE_Intimation_Newspaper_Advertisement.pdf"
"MAXHEALTH","Max Healthcare Institute Limited","Copy of Newspaper Publication","Max Healthcare Institute Limited has informed the Exchange about Copy of Newspaper Publication for Notice of 23rd Annual General Meeting and E-Voting Information","27-Aug-2024 19:46:50","2024-08-27 19:46:50","27-Aug-2024 19:46:51","00:00:01","https://nsearchives.nseindia.com/corporate/MAXHEALTH_27082024194651_SE_Intimation_Newspaper_Advertisement.pdf"
"MAXHEALTH","Max Healthcare Institute Limited","Shareholders meeting","Max Healthcare Institute Limited has informed the Exchange regarding Notice of Annual General Meeting to be held on September 20, 2024","26-Aug-2024 23:44:43","2024-08-26 23:44:43","26-Aug-2024 23:44:44","00:00:01","https://nsearchives.nseindia.com/corporate/MAXHEALTH_26082024234443_SE_Intimation_Annual_Report.pdf"
"MAXHEALTH","Max Healthcare Institute Limited","Appointment","Max Healthcare Institute Limited has informed the Exchange regarding Appointment of Dr. Pranav C. Mehta  as Independent Director of the company w.e.f. August 26, 2024.","24-Aug-2024 21:53:30","2024-08-24 21:53:30","24-Aug-2024 21:53:31","00:00:01","https://nsearchives.nseindia.com/corporate/MAXHEALTH_24082024215330_SE_Appointment_ID.pdf"
"MAXHEALTH","Max Healthcare Institute Limited","Copy of Newspaper Publication","Max Healthcare Institute Limited has informed the Exchange about Copy of Newspaper Publication for information regarding 23rd Annual General Meeting, Dividend and Record Date","17-Aug-2024 19:35:34","2024-08-17 19:35:34","17-Aug-2024 19:35:35","00:00:01","https://nsearchives.nseindia.com/corporate/MAXHEALTH_17082024193534_SE_Intimation_Newspaper_Advertisement.pdf"
"MAXHEALTH","Max Healthcare Institute Limited","Updates","Max Healthcare Institute Limited has informed the Exchange regarding Communication to members - Deduction of tax at source on final dividend.","14-Aug-2024 22:37:36","2024-08-14 22:37:36","14-Aug-2024 22:37:37","00:00:01","https://nsearchives.nseindia.com/corporate/MAXHEALTH_14082024223736_SE_Intimation_Communication_TDS.pdf"
"MAXHEALTH","Max Healthcare Institute Limited","Investor Presentation","Max Healthcare Institute Limited has informed the Exchange about Investor Presentation","14-Aug-2024 22:28:21","2024-08-14 22:28:21","14-Aug-2024 22:28:22","00:00:01","https://nsearchives.nseindia.com/corporate/MAXHEALTH_14082024222821_SE_Schedule_of_Investor_Presentation.pdf"
"MAXHEALTH","Max Healthcare Institute Limited","Analysts/Institutional Investor Meet/Con. Call Updates","Max Healthcare Institute Limited has informed the Exchange about Schedule of meet","12-Aug-2024 19:48:35","2024-08-12 19:48:35","12-Aug-2024 19:48:35","00:00:00","https://nsearchives.nseindia.com/corporate/MAXHEALTH_12082024194835_SE_Schedule_of_Investor_Conference.pdf"
"MAXHEALTH","Max Healthcare Institute Limited","Record Date","Max Healthcare Institute Limited has informed the Exchange that Record date for the purpose of Dividend is 23-Aug-2024.","11-Aug-2024 13:13:54","2024-08-11 13:13:54","11-Aug-2024 13:13:55","00:00:01","https://nsearchives.nseindia.com/corporate/MAXHEALTH_11082024131355_SE_Intimation_AGM_Record_Date.pdf"
"MAXHEALTH","Max Healthcare Institute Limited","Updates","Max Healthcare Institute Limited has informed the Exchange regarding Intimation of Annual General Meeting and Record Date.","11-Aug-2024 13:07:57","2024-08-11 13:07:57","11-Aug-2024 13:07:58","00:00:01","https://nsearchives.nseindia.com/corporate/MAXHEALTH_11082024130757_SE_Intimation_AGM_Record_Date.pdf"
"MAXHEALTH","Max Healthcare Institute Limited","Analysts/Institutional Investor Meet/Con. Call Updates","Max Healthcare Institute Limited has informed the Exchange about Transcript of earnings call held on August 2, 2024","08-Aug-2024 23:11:36","2024-08-08 23:11:36","08-Aug-2024 23:11:37","00:00:01","https://nsearchives.nseindia.com/corporate/MAXHEALTH_08082024231136_SE_Intimation_Earnings_call_Transcript.pdf"
"MAXHEALTH","Max Healthcare Institute Limited","Analysts/Institutional Investor Meet/Con. Call Updates","Max Healthcare Institute Limited has informed the Exchange about Link of Recording","02-Aug-2024 17:36:58","2024-08-02 17:36:58","02-Aug-2024 17:36:59","00:00:01","https://nsearchives.nseindia.com/corporate/MAXHEALTH_02082024173658_SE_Intimation_Audio_Recording.pdf"
"MAXHEALTH","Max Healthcare Institute Limited","Copy of Newspaper Publication","Max Healthcare Institute Limited has informed the Exchange about Copy of Newspaper Publication for standalone and consolidated financial results for the quarter ended June 30, 2024","02-Aug-2024 17:26:47","2024-08-02 17:26:47","02-Aug-2024 17:26:48","00:00:01","https://nsearchives.nseindia.com/corporate/MAXHEALTH_02082024172647_SE_Intimation_Newspaper_Advertisement.pdf"
"MAXHEALTH","Max Healthcare Institute Limited","Acquisition","Max Healthcare Institute Limited has informed the Exchange about Acquisition","01-Aug-2024 14:38:49","2024-08-01 14:38:49","01-Aug-2024 14:38:50","00:00:01","https://nsearchives.nseindia.com/corporate/MAXHEALTH_01082024143849_SEIntimation_Additional_Equity.pdf"
"MAXHEALTH","Max Healthcare Institute Limited","Updates","Max Healthcare Institute Limited has informed the Exchange regarding 'Agreement to Lease for setting up a 250+ bedded build-to-suit hospital at Zirakpur, Punjab'.","01-Aug-2024 14:21:02","2024-08-01 14:21:02","01-Aug-2024 14:21:03","00:00:01","https://nsearchives.nseindia.com/corporate/MAXHEALTH_01082024142102_SEIntimation_BM.pdf"
"MAXHEALTH","Max Healthcare Institute Limited","Updates","Max Healthcare Institute Limited has informed the Exchange regarding 'Presentation on Earnings Update for the quarter ended June 30, 2024'.","01-Aug-2024 14:15:15","2024-08-01 14:15:15","01-Aug-2024 14:15:17","00:00:02","https://nsearchives.nseindia.com/corporate/MAXHEALTH_01082024141515_SE_PR_EU.pdf"
"MAXHEALTH","Max Healthcare Institute Limited","Press Release","Max Healthcare Institute Limited has informed the Exchange regarding a press release dated August 01, 2024, titled ""Max Healthcare accelerates its growth momentum in Q1; Successfully launches 303-bed hospital in NCR & integrates 600+ beds acquired in Q4 and executes an agreement to lease for built-to-suit 250 bed hospital in Mohali"".","01-Aug-2024 14:15:15","2024-08-01 14:15:15","01-Aug-2024 14:15:16","00:00:01","https://nsearchives.nseindia.com/corporate/MAXHEALTH_01082024141515_SE_PR_EU.pdf"
"MAXHEALTH","Max Healthcare Institute Limited","Outcome of Board Meeting","Max Healthcare Institute Limited has informed the Exchange regarding  Board meeting held on August 01, 2024.","01-Aug-2024 14:04:26","2024-08-01 14:04:26","01-Aug-2024 14:04:26","00:00:00","https://nsearchives.nseindia.com/corporate/MAXHEALTH_01082024140426_SEIntimation_BM.pdf"
"MAXHEALTH","Max Healthcare Institute Limited","Financial Result Updates"," Max Healthcare Institute Limited has submitted to the Exchange, the financial results for the period ended June 30, 2024.","01-Aug-2024 14:02:42","2024-08-01 14:02:42","01-Aug-2024 14:02:42","00:00:00","https://nsearchives.nseindia.com/corporate/SEIntimation_BM_01082024140242.pdf"
"MAXHEALTH","Max Healthcare Institute Limited","ESOP/ESOS/ESPS","Max Healthcare Institute Limited has informed the Exchange regarding Allotment of Equity Shares under Max Healthcare Institute Limited - Employee Stock Option Scheme 2020","31-Jul-2024 11:11:22","2024-07-31 11:11:22","31-Jul-2024 11:11:23","00:00:01","https://nsearchives.nseindia.com/corporate/MAXHEALTH_31072024111122_SE_Intimation_Allotment_of_equity_shares.pdf"
"MAXHEALTH","Max Healthcare Institute Limited","Updates","Max Healthcare Institute Limited has informed the Exchange regarding Change in Appointed Date of Scheme of Amalgamation between Alps Hospital Limited and Max Hospitals and Allied Services Limited.","30-Jul-2024 18:59:15","2024-07-30 18:59:15","30-Jul-2024 18:59:16","00:00:01","https://nsearchives.nseindia.com/corporate/MAXHEALTH_30072024185915_SE_Intimation_Change_in_Appointed_Date.pdf"
"MAXHEALTH","Max Healthcare Institute Limited","Analysts/Institutional Investor Meet/Con. Call Updates","Max Healthcare Institute Limited has informed the Exchange about Schedule of meet","24-Jul-2024 13:03:32","2024-07-24 13:03:32","24-Jul-2024 13:03:34","00:00:02","https://nsearchives.nseindia.com/corporate/MAXHEALTH_24072024130332_SE_Intimation_Schedule_Earnings_Call.pdf"
"MAXHEALTH","Max Healthcare Institute Limited","Updates","Max Healthcare Institute Limited has informed the Exchange regarding Disclosure under Regulation 30 of the SEBI (Listing Obligations and Disclosure Requirements) Regulations, 2015 .","16-Jul-2024 13:37:45","2024-07-16 13:37:45","16-Jul-2024 13:37:46","00:00:01","https://nsearchives.nseindia.com/corporate/MAXHEALTH_16072024133745_SE_Intimation.pdf"
"MAXHEALTH","Max Healthcare Institute Limited","Certificate under SEBI (Depositories and Participants) Regulations, 2018","Max Healthcare Institute Limited has informed the Exchange about Certificate under SEBI (Depositories and Participants) Regulations, 2018","08-Jul-2024 18:10:53","2024-07-08 18:10:53","08-Jul-2024 18:10:54","00:00:01","https://nsearchives.nseindia.com/corporate/MAXHEALTH_08072024181053_SE_Intimation_Regulation_74_5_.pdf"
"MAXHEALTH","Max Healthcare Institute Limited","Updates","Max Healthcare Institute Limited has informed the Exchange regarding Commencement of operations of Max Super Speciality Hospital, Dwarka.","02-Jul-2024 13:59:10","2024-07-02 13:59:10","02-Jul-2024 13:59:12","00:00:02","https://nsearchives.nseindia.com/corporate/MAXHEALTH_02072024135911_SE_Intimation_Muthoot_Commencement.pdf"
"MAXHEALTH","Max Healthcare Institute Limited","Trading Window","Max Healthcare Institute Limited has informed the Exchange regarding the Trading Window closure pursuant to SEBI (Prohibition of Insider Trading) Regulations, 2015","26-Jun-2024 20:03:25","2024-06-26 20:03:25","26-Jun-2024 20:03:26","00:00:01","https://nsearchives.nseindia.com/corporate/MAXHEALTH_26062024200325_SE_Intimation_Closure_of_Trading_Window.pdf"
"MAXHEALTH","Max Healthcare Institute Limited","Analysts/Institutional Investor Meet/Con. Call Updates","Max Healthcare Institute Limited has informed the Exchange about Schedule of meet","12-Jun-2024 18:32:59","2024-06-12 18:32:59","12-Jun-2024 18:33:00","00:00:01","https://nsearchives.nseindia.com/corporate/MAXHEALTH_12062024183300_SE_Schedule_of_Investor_Conference.pdf"
"MAXHEALTH","Max Healthcare Institute Limited","Analysts/Institutional Investor Meet/Con. Call Updates","Max Healthcare Institute Limited has informed the Exchange about Schedule of meet","05-Jun-2024 18:53:51","2024-06-05 18:53:51","05-Jun-2024 18:53:51","00:00:00","https://nsearchives.nseindia.com/corporate/MAXHEALTH_05062024185351_SE_Schedule_of_Investor_Conference.pdf"
"MAXHEALTH","Max Healthcare Institute Limited","Analysts/Institutional Investor Meet/Con. Call Updates","Max Healthcare Institute Limited has informed the Exchange about Transcript of  earnings call held on May 23, 2024","29-May-2024 21:13:31","2024-05-29 21:13:31","29-May-2024 21:13:33","00:00:02","https://nsearchives.nseindia.com/corporate/MAXHEALTH_29052024211331_SE_Intimation_Earnings_call_Transcript.pdf"
"MAXHEALTH","Max Healthcare Institute Limited","Analysts/Institutional Investor Meet/Con. Call Updates","Max Healthcare Institute Limited has informed the Exchange about Schedule of meet and Presentation","28-May-2024 20:35:52","2024-05-28 20:35:52","28-May-2024 20:35:53","00:00:01","https://nsearchives.nseindia.com/corporate/MAXHEALTH_28052024203552_SE_Schedule_of_Investor_Conference.pdf"
"MAXHEALTH","Max Healthcare Institute Limited","Analysts/Institutional Investor Meet/Con. Call Updates","Max Healthcare Institute Limited has informed the Exchange about Link of Recording","23-May-2024 22:02:47","2024-05-23 22:02:47","23-May-2024 22:02:48","00:00:01","https://nsearchives.nseindia.com/corporate/MAXHEALTH_23052024220247_SE_Intimation_Audio_Recording_of_Earnings_Call.pdf"
"MAXHEALTH","Max Healthcare Institute Limited","Copy of Newspaper Publication","Max Healthcare Institute Limited has informed the Exchange about Copy of Newspaper Publication for standalone and consolidated financial results for the quarter and financial year ended March 31, 2024","23-May-2024 17:18:21","2024-05-23 17:18:21","23-May-2024 17:18:22","00:00:01","https://nsearchives.nseindia.com/corporate/MAXHEALTH_23052024171821_SE_Intimation_Newspaper_Advertisement.pdf"
"MAXHEALTH","Max Healthcare Institute Limited","Statement of deviation(s) or variation(s) under Reg. 32","Max Healthcare Institute Limited has informed the Exchange about statement of deviation(s) or variation(s) under Reg. 32","22-May-2024 15:18:30","2024-05-22 15:18:30","22-May-2024 15:18:31","00:00:01","https://nsearchives.nseindia.com/corporate/MAXHEALTH_22052024151830_SE_Intimation_SOD_F.pdf"
"MAXHEALTH","Max Healthcare Institute Limited","Updates","Max Healthcare Institute Limited has informed the Exchange regarding 'Max Healthcare Institute Limited has informed the Exchange regarding Presentation on Earnings Update'.","22-May-2024 15:14:00","2024-05-22 15:14:00","22-May-2024 15:14:02","00:00:02","https://nsearchives.nseindia.com/corporate/MAXHEALTH_22052024151400_SE_Intimation_Press_Release_Earnings_Update.pdf"
"MAXHEALTH","Max Healthcare Institute Limited","Press Release","Max Healthcare Institute Limited has informed the Exchange regarding a press release dated May 22, 2024, titled ""Max Healthcare reports highest quarterly revenue and operating EBITDA, consummates two M&A transactions adding 750 beds to capacity"".","22-May-2024 15:10:52","2024-05-22 15:10:52","22-May-2024 15:10:53","00:00:01","https://nsearchives.nseindia.com/corporate/MAXHEALTH_22052024151052_SE_Intimation_Press_Release_Earnings_Update.pdf"
"MAXHEALTH","Max Healthcare Institute Limited","Outcome of Board Meeting","Max Healthcare Institute Limited has informed the Exchange regarding  Board meeting held on May 22, 2024.","22-May-2024 15:08:23","2024-05-22 15:08:23","22-May-2024 15:08:25","00:00:02","https://nsearchives.nseindia.com/corporate/MAXHEALTH_22052024150823_MHIL.pdf"
"MAXHEALTH","Max Healthcare Institute Limited","Dividend","Max Healthcare Institute Limited has informed the Exchange that Board of Directors at its meeting held on May 22, 2024, recommended Final Dividend of 1.50 per equity share.","22-May-2024 15:07:11","2024-05-22 15:07:11","22-May-2024 15:07:12","00:00:01","https://nsearchives.nseindia.com/corporate/MAXHEALTH_22052024150711_MHIL.pdf"
"MAXHEALTH","Max Healthcare Institute Limited","Financial Result Updates","Max Healthcare Institute Limited has submitted to the Exchange, the financial results for the period ended March 31, 2024.","22-May-2024 15:05:41","2024-05-22 15:05:41","22-May-2024 15:05:48","00:00:07","https://nsearchives.nseindia.com/corporate/MHIL_22052024150541.pdf"
"MAXHEALTH","Max Healthcare Institute Limited","Analysts/Institutional Investor Meet/Con. Call Updates","Max Healthcare Institute Limited has informed the Exchange about Schedule of meet","16-May-2024 19:18:01","2024-05-16 19:18:01","16-May-2024 19:19:04","00:01:03","https://nsearchives.nseindia.com/corporate/MAXHEALTH_16052024191801_SE_Intimation_Earnings_Call.pdf"
"MAXHEALTH","Max Healthcare Institute Limited","Disclosure under SEBI Takeover Regulations","��Abhay Soi��has Submitted to the Exchange a copy of Disclosure under Regulation 31(4) of the Securities and Exchange Board of India��(Substantial Acquisition of Shares and Takeovers) Regulations, 2011.","15-May-2024 15:32:21","2024-05-15 15:32:21","15-May-2024 15:32:30","00:00:09","https://nsearchives.nseindia.com/corporate/MAXHEALTH_15052024153221_MAXHEALTH.pdf"
"MAXHEALTH","Max Healthcare Institute Limited","Shareholders meeting","Max Healthcare Institute Limited has informed the Exchange with copy of minutes of  Postal Ballot","09-May-2024 20:07:24","2024-05-09 20:07:24","09-May-2024 20:07:36","00:00:12","https://nsearchives.nseindia.com/corporate/MAXHEALTH_09052024200724_SE_Intimation_PB_Minutes.pdf"
"MAXHEALTH","Max Healthcare Institute Limited","Shareholders meeting","Max Healthcare Institute Limited has submitted the Exchange a copy Srutinizers report of  Postal Ballot. Further, the company has informed the Exchange regarding voting results.","06-May-2024 20:35:42","2024-05-06 20:35:42","06-May-2024 20:35:46","00:00:04","https://nsearchives.nseindia.com/corporate/MAXHEALTH_06052024203542_SE_Intimation_Voting_Results.pdf"
"MAXHEALTH","Max Healthcare Institute Limited","Updates","Max Healthcare Institute Limited has informed the Exchange regarding Honble National Company Law Tribunal order for voluntary liquidation of Saket City Hospitals Limited","25-Apr-2024 21:46:48","2024-04-25 21:46:48","25-Apr-2024 21:46:56","00:00:08","https://nsearchives.nseindia.com/corporate/MAXHEALTH_25042024214648_SE_Intimation_NCLT_Order_SCHL.pdf"
"MAXHEALTH","Max Healthcare Institute Limited","Acquisition","Max Healthcare Institute Limited has informed the Exchange about update on acquisition of additional equity stake in Sandhya Hydro Power Projects Balargha Private Limited","22-Apr-2024 21:20:13","2024-04-22 21:20:13","22-Apr-2024 21:20:22","00:00:09","https://nsearchives.nseindia.com/corporate/MAXHEALTH_22042024212013_SE_Intimation_Sandhya_Completion.pdf"
"MAXHEALTH","Max Healthcare Institute Limited","Updates","' Max Healthcare Institute Limited has informed the Exchange regarding disclosure under Regulation 30 of the SEBI (Listing Obligations and Disclosure Requirements) Regulations, 2015'.","19-Apr-2024 14:08:03","2024-04-19 14:08:03","19-Apr-2024 14:08:10","00:00:07","https://nsearchives.nseindia.com/corporate/MAXHEALTH_19042024140803_SE_Intimation.pdf"
"MAXHEALTH","Max Healthcare Institute Limited","Updates","Max Healthcare Institute Limited has informed the Exchange regarding disclosure under Regulation 30 of the SEBI (Listing Obligations and Disclosure Requirements) Regulations, 2015","16-Apr-2024 18:17:14","2024-04-16 18:17:14","16-Apr-2024 18:17:20","00:00:06","https://nsearchives.nseindia.com/corporate/MAXHEALTH_16042024181715_SE_Intimation.pdf"
"MAXHEALTH","Max Healthcare Institute Limited","Certificate under SEBI (Depositories and Participants) Regulations, 2018","Max Healthcare Institute Limited has informed the Exchange about Certificate under SEBI (Depositories and Participants) Regulations, 2018","06-Apr-2024 18:34:42","2024-04-06 18:34:42","06-Apr-2024 18:34:48","00:00:06","https://nsearchives.nseindia.com/corporate/MAXHEALTH_06042024183442_SE_Intimation_Regulation_74_5_.pdf"
"MAXHEALTH","Max Healthcare Institute Limited","Copy of Newspaper Publication","Max Healthcare Institute Limited has informed the Exchange about Copy of Newspaper Publication for Postal Ballot Notice.","06-Apr-2024 18:12:42","2024-04-06 18:12:42","06-Apr-2024 18:12:49","00:00:07","https://nsearchives.nseindia.com/corporate/MAXHEALTH_06042024181242_SE_Intimation_Newspaper_Adv.pdf"
"MAXHEALTH","Max Healthcare Institute Limited","Shareholders meeting","Max Healthcare Institute Limited has informed the Exchange regarding Notice of Postal Ballot","05-Apr-2024 19:13:20","2024-04-05 19:13:20","05-Apr-2024 19:13:27","00:00:07","https://nsearchives.nseindia.com/corporate/MAXHEALTH_05042024191320_SE_intimation_Postal_Ballot_Notice.pdf"
"MAXHEALTH","Max Healthcare Institute Limited","Updates","Max Healthcare Institute Limited has informed the Exchange regarding update on acquisition of Land Parcel allotted through e-auction for setting up of 500+ bedded Hospital in Lucknow.","30-Mar-2024 22:32:14","2024-03-30 22:32:14","30-Mar-2024 22:32:19","00:00:05","https://nsearchives.nseindia.com/corporate/MAXHEALTH_30032024223214_SE_Intimation_Lucknow_Land.pdf"
"MAXHEALTH","Max Healthcare Institute Limited","Updates","Max Healthcare Institute Limited has informed the Exchange regarding disclosure under Regulation 30 of the SEBI (Listing Obligations and Disclosure Requirements) Regulations, 2015.","29-Mar-2024 16:10:15","2024-03-29 16:10:15","29-Mar-2024 16:10:21","00:00:06","https://nsearchives.nseindia.com/corporate/MAXHEALTH_29032024161015_SE_Intimation.pdf"
"MAXHEALTH","Max Healthcare Institute Limited","Trading Window","Max Healthcare Institute Limited has informed the Exchange regarding the Trading Window closure pursuant to SEBI (Prohibition of Insider Trading) Regulations, 2015","28-Mar-2024 19:08:38","2024-03-28 19:08:38","28-Mar-2024 19:08:45","00:00:07","https://nsearchives.nseindia.com/corporate/MAXHEALTH_28032024190838_SE_Intimation_Window_Closure.pdf"
"MAXHEALTH","Max Healthcare Institute Limited","Outcome of Board Meeting","Max Healthcare Institute Limited has informed the Exchange regarding  Board meeting held on March 19, 2024, wherein Board has inter-alia approved re-appointment of Independent Directors, subject to approval of members.","19-Mar-2024 13:30:15","2024-03-19 13:30:15","19-Mar-2024 13:30:22","00:00:07","https://nsearchives.nseindia.com/corporate/MAXHEALTH_19032024133015_SE_Intimation_Reappointment_of_IDs.pdf"
"MAXHEALTH","Max Healthcare Institute Limited","Allotment of Securities","Max Healthcare Institute Limited has informed the Exchange regarding allotment of 54000 securities pursuant to ESOP/ESPS at its meeting held on March 18, 2024","18-Mar-2024 11:33:18","2024-03-18 11:33:18","18-Mar-2024 11:33:23","00:00:05","https://nsearchives.nseindia.com/corporate/MAXHEALTH_18032024113318_SE_Intimation_Allotment_of_equity_shares.pdf"
"MAXHEALTH","Max Healthcare Institute Limited","ESOP/ESOS/ESPS","Max Healthcare Institute Limited has informed the Exchange regarding Grant of 280670  Options.","18-Mar-2024 11:33:18","2024-03-18 11:33:18","18-Mar-2024 11:33:31","00:00:13","https://nsearchives.nseindia.com/corporate/MAXHEALTH_18032024113319_SE_Intimation_Grant_of_ESOPs.pdf"
"MAXHEALTH","Max Healthcare Institute Limited","Updates","Max Healthcare Institute Limited has informed the Exchange regarding Agreement between the Company and Touch Healthcare Private Limited & Others in respect of the ongoing arbitration proceedings.","12-Mar-2024 20:57:51","2024-03-12 20:57:51","12-Mar-2024 20:57:57","00:00:06","https://nsearchives.nseindia.com/corporate/MAXHEALTH_12032024205751_SE_Intimation.pdf"
"MAXHEALTH","Max Healthcare Institute Limited","Updates","Max Healthcare Institute Limited has informed the Exchange regarding Issuance of Corporate Guarantee by Crosslay Remedies Limited, a wholly-owned subsidiary","09-Mar-2024 20:12:16","2024-03-09 20:12:16","09-Mar-2024 20:12:21","00:00:05","https://nsearchives.nseindia.com/corporate/MAXHEALTH_09032024201216_SE_Intimation_Corproate_Guarantee.pdf"
"MAXHEALTH","Max Healthcare Institute Limited","Updates","Max Healthcare Institute Limited has informed the Exchange regarding disclosure under Regulation 30 of the SEBI (Listing Obligations and Disclosure Requirements) Regulation, 2015.","07-Mar-2024 20:12:45","2024-03-07 20:12:45","07-Mar-2024 20:12:51","00:00:06","https://nsearchives.nseindia.com/corporate/MAXHEALTH_07032024201245_SE_Intimation_Completion_of_Acquisition_Starlit.pdf"
"MAXHEALTH","Max Healthcare Institute Limited","Updates","Max Healthcare Institute Limited has informed the Exchange regarding Schedule of Investor Conference.","05-Mar-2024 20:00:31","2024-03-05 20:00:31","05-Mar-2024 20:01:01","00:00:30","https://nsearchives.nseindia.com/corporate/MAXHEALTH_05032024200031_SE_Schedule_of_Investor_Conference.pdf"
"MAXHEALTH","Max Healthcare Institute Limited","Outcome of Board Meeting","Max Healthcare Institute Limited has informed the Exchange regarding Acquisition of Land Parcel allotted through e-auction for setting up of 500+ bedded Hospital in Lucknow.","24-Feb-2024 12:17:45","2024-02-24 12:17:45","24-Feb-2024 12:17:52","00:00:07","https://nsearchives.nseindia.com/corporate/MAXHEALTH_24022024121745_SE_Intimation_Land_Acquisition.pdf"
"MAXHEALTH","Max Healthcare Institute Limited","Updates","Max Healthcare Institute Limited has informed the Exchange regarding completion of Acquisition of 100% equity stake in Alexis Multi-Speciality Hospital Private Limited.","20-Feb-2024 20:13:40","2024-02-20 20:13:40","20-Feb-2024 20:13:53","00:00:13","https://nsearchives.nseindia.com/corporate/MAXHEALTH_20022024201340_SE_Intimation_Alexis_Acquisition_Completion.pdf"
"MAXHEALTH","Max Healthcare Institute Limited","Investor Presentation","Max Healthcare Institute Limited has informed the Exchange about Investor Presentation","14-Feb-2024 09:22:27","2024-02-14 09:22:27","14-Feb-2024 09:22:33","00:00:06","https://nsearchives.nseindia.com/corporate/MAXHEALTH_14022024092227_SE_Intimation_Investor_Presentation.pdf"
"MAXHEALTH","Max Healthcare Institute Limited","Updates","Max Healthcare Institute Limited has informed the Exchange regarding update on acquisition of equity stake in Alexis Multi-Speciality Hospital Private Limited.","09-Feb-2024 23:18:33","2024-02-09 23:18:33","09-Feb-2024 23:18:38","00:00:05","https://nsearchives.nseindia.com/corporate/MAXHEALTH_09022024231834_SE_Intimation_Update_on_Alexis_acquisition.pdf"
"MAXHEALTH","Max Healthcare Institute Limited","Press Release","Max Healthcare Institute Limited has informed the Exchange regarding a press release dated February 09, 2024, titled ""Max Healthcare to expand its footprint in Maharashtra; Announces acquisition of JCI-Accredited 200 bedded Alexis Hospital, Nagpur"".","09-Feb-2024 10:36:09","2024-02-09 10:36:09","09-Feb-2024 10:36:16","00:00:07","https://nsearchives.nseindia.com/corporate/MAXHEALTH_09022024103609_SE_Intimation_Acquisition.pdf"
"MAXHEALTH","Max Healthcare Institute Limited","Acquisition","Max Healthcare Institute Limited has informed the Exchange about acquisition of 100% equity stake in Alexis Multi-Speciality Hospital Private Limited","09-Feb-2024 10:33:31","2024-02-09 10:33:31","09-Feb-2024 10:33:36","00:00:05","https://nsearchives.nseindia.com/corporate/MAXHEALTH_09022024103331_SE_Intimation_Acquisition.pdf"
"MAXHEALTH","Max Healthcare Institute Limited","Updates","Max Healthcare Institute Limited has informed the Exchange regarding 'Disclosure under Regulation 30 of the SEBI (Listing Obligations and Disclosure Requirements) Regulations, 2015 '.","08-Feb-2024 12:49:40","2024-02-08 12:49:40","08-Feb-2024 12:49:45","00:00:05","https://nsearchives.nseindia.com/corporate/MAXHEALTH_08022024124940_SE_Intimation_Penalty_u_s_271C_Crosslay.pdf"
"MAXHEALTH","Max Healthcare Institute Limited","Analysts/Institutional Investor Meet/Con. Call Updates","Max Healthcare Institute Limited has informed the Exchange about Transcript of earnings call held on February 1, 2024","07-Feb-2024 22:51:43","2024-02-07 22:51:43","07-Feb-2024 22:51:50","00:00:07","https://nsearchives.nseindia.com/corporate/MAXHEALTH_07022024225143_SE_Intimation_Earnings_Call_Transcript.pdf"
"MAXHEALTH","Max Healthcare Institute Limited","Updates","Max Healthcare Institute Limited has informed the Exchange regarding Schedule of Investor Conference.","04-Feb-2024 18:52:54","2024-02-04 18:52:54","04-Feb-2024 18:53:01","00:00:07","https://nsearchives.nseindia.com/corporate/MAXHEALTH_04022024185254_SE_Intimation_Schedule_Investor_Conference.pdf"
"MAXHEALTH","Max Healthcare Institute Limited","Copy of Newspaper Publication","Max Healthcare Institute Limited has informed the Exchange about copy of Newspaper Publication for standalone and consolidated financial results for the quarter and nine months ended December 31, 2023","01-Feb-2024 19:18:30","2024-02-01 19:18:30","01-Feb-2024 19:18:37","00:00:07","https://nsearchives.nseindia.com/corporate/MAXHEALTH_01022024191830_SE_Intimation_Newspaper_Advertisement.pdf"
"MAXHEALTH","Max Healthcare Institute Limited","Analysts/Institutional Investor Meet/Con. Call Updates","Max Healthcare Institute Limited has informed the Exchange about Link of Recording","01-Feb-2024 19:03:57","2024-02-01 19:03:57","01-Feb-2024 19:04:03","00:00:06","https://nsearchives.nseindia.com/corporate/MAXHEALTH_01022024190357_SE_Intimation_Audio_Recording_of_Earnings_Call.pdf"
"MAXHEALTH","Max Healthcare Institute Limited","Statement of deviation(s) or variation(s) under Reg. 32","Max Healthcare Institute Limited has informed the Exchange about statement of deviation(s) or variation(s) under Reg. 32","31-Jan-2024 13:49:09","2024-01-31 13:49:09","31-Jan-2024 13:49:13","00:00:04","https://nsearchives.nseindia.com/corporate/MAXHEALTH_31012024134909_SE_Intimation_Statementofdeviation.pdf"
"MAXHEALTH","Max Healthcare Institute Limited","Updates","Max Healthcare Institute Limited has informed the Exchange regarding 'Presentation on Earnings Update'.","31-Jan-2024 13:17:35","2024-01-31 13:17:35","31-Jan-2024 13:17:48","00:00:13","https://nsearchives.nseindia.com/corporate/MAXHEALTH_31012024131735_SEIntimation_Press_Release.pdf"
"MAXHEALTH","Max Healthcare Institute Limited","Press Release","Max Healthcare Institute Limited has informed the Exchange regarding a press release dated January 31, 2024, titled ""Max Healthcare reports yet another quarter of stellar performance"".","31-Jan-2024 13:13:32","2024-01-31 13:13:32","31-Jan-2024 13:13:36","00:00:04","https://nsearchives.nseindia.com/corporate/MAXHEALTH_31012024131332_SEIntimation_Press_Release.pdf"
"MAXHEALTH","Max Healthcare Institute Limited","Outcome of Board Meeting","Max Healthcare Institute Limited has informed the Exchange regarding  Board meeting held on January 31, 2024.","31-Jan-2024 13:09:23","2024-01-31 13:09:23","31-Jan-2024 13:09:28","00:00:05","https://nsearchives.nseindia.com/corporate/MAXHEALTH_31012024130923_SE_Outcome.pdf"
"MAXHEALTH","Max Healthcare Institute Limited","Financial Result Updates","Max Healthcare Institute Limited has submitted to the Exchange, the financial results for the period ended December 31, 2023.","31-Jan-2024 13:06:34","2024-01-31 13:06:34","31-Jan-2024 13:06:40","00:00:06","https://nsearchives.nseindia.com/corporate/SE_Outcome_31012024130634.pdf"
"MAXHEALTH","Max Healthcare Institute Limited","Allotment of Securities","Max Healthcare Institute Limited has informed the Exchange regarding allotment of 32,373 securities pursuant to ESOP on January 30, 2024","30-Jan-2024 13:08:30","2024-01-30 13:08:30","30-Jan-2024 13:08:34","00:00:04","https://nsearchives.nseindia.com/corporate/MAXHEALTH_30012024130830_SE_Intimation_Allotment_of_equity_shares.pdf"
"MAXHEALTH","Max Healthcare Institute Limited","Analysts/Institutional Investor Meet/Con. Call Updates","Max Healthcare Institute Limited has informed the Exchange about Schedule of meet","19-Jan-2024 20:21:20","2024-01-19 20:21:20","19-Jan-2024 20:21:27","00:00:07","https://nsearchives.nseindia.com/corporate/MAXHEALTH_19012024202120_SE_Intimation_Earnings_Call.pdf"
"MAXHEALTH","Max Healthcare Institute Limited","Updates","Max Healthcare Institute Limited has informed the Exchange regarding Incorporation of Max Healthcare Foundation.","11-Jan-2024 22:46:51","2024-01-11 22:46:51","11-Jan-2024 22:46:58","00:00:07","https://nsearchives.nseindia.com/corporate/MAXHEALTH_11012024224651_SE_Intimation_Max_Healthcare_Foundation.pdf"
"MAXHEALTH","Max Healthcare Institute Limited","Certificate under SEBI (Depositories and Participants) Regulations, 2018","Max Healthcare Institute Limited has informed the Exchange about Certificate under SEBI (Depositories and Participants) Regulations, 2018","05-Jan-2024 18:14:28","2024-01-05 18:14:28","05-Jan-2024 18:14:34","00:00:06","https://nsearchives.nseindia.com/corporate/MAXHEALTH_05012024181428_SE_Intimation_Reg_74.pdf"
"MAXHEALTH","Max Healthcare Institute Limited","Trading Window","Max Healthcare Institute Limited has informed the Exchange regarding the Trading Window closure pursuant to SEBI (Prohibition of Insider Trading) Regulations, 2015","27-Dec-2023 20:16:05","2023-12-27 20:16:05","27-Dec-2023 20:16:10","00:00:05","https://nsearchives.nseindia.com/corporate/MAXHEALTH_27122023201605_SE_Intimation_Window_Closure.pdf"
"MAXHEALTH","Max Healthcare Institute Limited","Updates","Max Healthcare Institute Limited has informed the Exchange regarding update on Petition filed by the Company against Touch Healthcare Private Limited and Others.","19-Dec-2023 17:55:54","2023-12-19 17:55:54","19-Dec-2023 17:55:59","00:00:05","https://nsearchives.nseindia.com/corporate/MAXHEALTH_19122023175554_SE_Intimation_Litigation_Update.pdf"
"MAXHEALTH","Max Healthcare Institute Limited","Press Release","Max Healthcare Institute Limited has informed the Exchange regarding a press release dated December 8, 2023, titled Max Healthcare enters into a share purchase agreement for acquisition of 550 bedded Sahara Hospital, Lucknow.","08-Dec-2023 15:26:45","2023-12-08 15:26:45","08-Dec-2023 15:26:51","00:00:06","https://nsearchives.nseindia.com/corporate/MAXHEALTH_08122023152645_SE_Intimation_SPA.pdf"
"MAXHEALTH","Max Healthcare Institute Limited","Acquisition","Max Healthcare Institute Limited has informed the Exchange about Share Purchase Agreement to Acquire 100% stake in Starlit Medical Centre Private Limited and incidental matters","08-Dec-2023 15:20:52","2023-12-08 15:20:52","08-Dec-2023 15:20:57","00:00:05","https://nsearchives.nseindia.com/corporate/MAXHEALTH_08122023152052_SE_Intimation_SPA.pdf"
"MAXHEALTH","Max Healthcare Institute Limited","Updates","Max Healthcare Institute Limited has informed the Exchange regarding disclosure under regulation 30 of the SEBI (Listing Obligations and Disclosure Requirements) Regulations, 2015.","22-Nov-2023 17:19:29","2023-11-22 17:19:29","22-Nov-2023 17:19:34","00:00:05","https://nsearchives.nseindia.com/corporate/MAXHEALTH_22112023171930_SE_Intimation_Levy_of_Fine.pdf"
"MAXHEALTH","Max Healthcare Institute Limited","Updates","Max Healthcare Institute Limited has informed the Exchange regarding Schedule of Investor Conference.","16-Nov-2023 20:12:56","2023-11-16 20:12:56","16-Nov-2023 20:13:06","00:00:10","https://nsearchives.nseindia.com/corporate/MAXHEALTH_16112023201256_SE_Schedule_of_Investor_Conference.pdf"
"MAXHEALTH","Max Healthcare Institute Limited","Analysts/Institutional Investor Meet/Con. Call Updates","Max Healthcare Institute Limited has informed the Exchange about Transcript of Earnings Call held on November 7, 2023","13-Nov-2023 15:11:33","2023-11-13 15:11:33","13-Nov-2023 15:11:40","00:00:07","https://nsearchives.nseindia.com/corporate/MAXHEALTH_13112023151133_SE_Intimation_Transcript_of_Earnings_Call.pdf"
"MAXHEALTH","Max Healthcare Institute Limited","Updates","Max Healthcare Institute Limited has informed the Exchange regarding disclosure with respect to inter-se transfer within the Promoter and Promoter Group.","10-Nov-2023 18:35:45","2023-11-10 18:35:45","10-Nov-2023 18:36:13","00:00:28","https://nsearchives.nseindia.com/corporate/MAXHEALTH_10112023183545_SE_Intimation_Inter_se_Transfer.pdf"
"MAXHEALTH","Max Healthcare Institute Limited","Updates","Max Healthcare Institute Limited has informed the Exchange regarding presentation for Investor Conference","07-Nov-2023 21:04:24","2023-11-07 21:04:24","07-Nov-2023 21:04:29","00:00:05","https://nsearchives.nseindia.com/corporate/MAXHEALTH_07112023210424_SE_Intimation_Investor_Presentation.pdf"
"MAXHEALTH","Max Healthcare Institute Limited","Copy of Newspaper Publication","Max Healthcare Institute Limited has informed the Exchange about copy of newspaper publication for standalone and consolidated financial results for the quarter and half year ended September 30, 2023","07-Nov-2023 18:26:41","2023-11-07 18:26:41","07-Nov-2023 18:26:47","00:00:06","https://nsearchives.nseindia.com/corporate/MAXHEALTH_07112023182641_SE_Intimation_Newspaper_Advertisement.pdf"
"MAXHEALTH","Max Healthcare Institute Limited","Analysts/Institutional Investor Meet/Con. Call Updates","Max Healthcare Institute Limited has informed the Exchange about Link of audio recording of Earnings Call held on November 7, 2023","07-Nov-2023 18:15:42","2023-11-07 18:15:42","07-Nov-2023 18:15:53","00:00:11","https://nsearchives.nseindia.com/corporate/MAXHEALTH_07112023181542_SE_Intimation_Audio_Recording.pdf"
"MAXHEALTH","Max Healthcare Institute Limited","Updates","Max Healthcare Institute Limited has informed the Exchange regarding update on Petition filed by the Company against Touch Healthcare Private Limited and Others.","06-Nov-2023 23:10:17","2023-11-06 23:10:17","06-Nov-2023 23:10:22","00:00:05","https://nsearchives.nseindia.com/corporate/MAXHEALTH_06112023231017_SE_Intimation_Care_Litigation_Update.pdf"
"MAXHEALTH","Max Healthcare Institute Limited","Statement of deviation(s) or variation(s) under Reg. 32","Max Healthcare Institute Limited has informed the Exchange about statement of deviation(s) or variation(s) under Reg. 32","06-Nov-2023 17:03:11","2023-11-06 17:03:11","06-Nov-2023 17:03:16","00:00:05","https://nsearchives.nseindia.com/corporate/MAXHEALTH_06112023170311_SE_Intimation_Statement_of_deviation.pdf"
"MAXHEALTH","Max Healthcare Institute Limited","Updates","Max Healthcare Institute Limited has informed the Exchange regarding 'Presentation on Earnings Update'.","06-Nov-2023 15:08:08","2023-11-06 15:08:08","06-Nov-2023 15:08:21","00:00:13","https://nsearchives.nseindia.com/corporate/MAXHEALTH_06112023150808_SE_PR.pdf"
"MAXHEALTH","Max Healthcare Institute Limited","Outcome of Board Meeting","Max Healthcare Institute Limited has informed the Exchange regarding Outcome of Board Meeting held on November 06, 2023.","06-Nov-2023 15:05:07","2023-11-06 15:05:07","06-Nov-2023 15:05:18","00:00:11","https://nsearchives.nseindia.com/corporate/MAXHEALTH_06112023150507_SE_Out.pdf"
"MAXHEALTH","Max Healthcare Institute Limited","Press Release","Max Healthcare Institute Limited has informed the Exchange regarding a press release dated November 06, 2023, titled ""Max Healthcare reports robust quarterly financial performance"".","06-Nov-2023 14:58:52","2023-11-06 14:58:52","06-Nov-2023 14:58:59","00:00:07","https://nsearchives.nseindia.com/corporate/MAXHEALTH_06112023145852_SE_PR.pdf"
"MAXHEALTH","Max Healthcare Institute Limited","Financial Result Updates","Max Healthcare Institute Limited has submitted to the Exchange, the financial results for the period ended September 30, 2023.","06-Nov-2023 14:55:40","2023-11-06 14:55:40","06-Nov-2023 14:55:48","00:00:08","https://nsearchives.nseindia.com/corporate/SE_FR_06112023145540.pdf"
"MAXHEALTH","Max Healthcare Institute Limited","Allotment of Securities","Max Healthcare Institute Limited has informed the Exchange regarding allotment of 245715 securities pursuant to ESOP on November 6, 2023","06-Nov-2023 10:49:27","2023-11-06 10:49:27","06-Nov-2023 10:49:33","00:00:06","https://nsearchives.nseindia.com/corporate/MAXHEALTH_06112023104927_SE_Intimation_Allotment_of_equity_shares.pdf"
"MAXHEALTH","Max Healthcare Institute Limited","Updates","Max Healthcare Institute Limited has informed the Exchange regarding Schedule of Investor Conference.","31-Oct-2023 20:24:40","2023-10-31 20:24:40","31-Oct-2023 20:24:47","00:00:07","https://nsearchives.nseindia.com/corporate/MAXHEALTH_31102023202440_SE_Schedule_of_Investor_Conference.pdf"
"MAXHEALTH","Max Healthcare Institute Limited","Analysts/Institutional Investor Meet/Con. Call Updates","Max Healthcare Institute Limited has informed the Exchange about Schedule of meet","27-Oct-2023 20:39:33","2023-10-27 20:39:33","27-Oct-2023 20:39:40","00:00:07","https://nsearchives.nseindia.com/corporate/MAXHEALTH_27102023203934_SE_Intimation_EarningsCall.pdf"
"MAXHEALTH","Max Healthcare Institute Limited","Updates","Max Healthcare Institute Limited has informed the Exchange regarding update on petition filed by the Company against Touch Healthcare Private Limited and Others.","25-Oct-2023 21:19:15","2023-10-25 21:19:15","25-Oct-2023 21:19:22","00:00:07","https://nsearchives.nseindia.com/corporate/MAXHEALTH_25102023211915_SE_Intimation_Litigation_Update.pdf"
"MAXHEALTH","Max Healthcare Institute Limited","Updates","Max Healthcare Institute Limited has informed the Exchange regarding update on petition filed by the Company against Touch Healthcare Private Limited and Others.","19-Oct-2023 20:14:50","2023-10-19 20:14:50","19-Oct-2023 20:14:55","00:00:05","https://nsearchives.nseindia.com/corporate/MAXHEALTH_19102023201450_SE_Intimation_Litigation_Update.pdf"
"MAXHEALTH","Max Healthcare Institute Limited","Updates","Max Healthcare Institute Limited has informed the Exchange regarding update on petition filed by the Company against Touch Healthcare Private Limited and Others.","17-Oct-2023 20:30:27","2023-10-17 20:30:27","17-Oct-2023 20:30:33","00:00:06","https://nsearchives.nseindia.com/corporate/MAXHEALTH_17102023203027_SE_Intimation_Litigation_Update.pdf"
"MAXHEALTH","Max Healthcare Institute Limited","Updates","Max Healthcare Institute Limited has informed the Exchange regarding update on petition filed by the Company against Touch Healthcare Private Limited and Others.","16-Oct-2023 20:18:55","2023-10-16 20:18:55","16-Oct-2023 20:19:00","00:00:05","https://nsearchives.nseindia.com/corporate/MAXHEALTH_16102023201855_SE_Intimation_Litigation_Update.pdf"
"MAXHEALTH","Max Healthcare Institute Limited","Certificate under SEBI (Depositories and Participants) Regulations, 2018","Max Healthcare Institute Limited has informed the Exchange about Certificate under SEBI (Depositories and Participants) Regulations, 2018","05-Oct-2023 19:24:17","2023-10-05 19:24:17","05-Oct-2023 19:24:24","00:00:07","https://nsearchives.nseindia.com/corporate/MAXHEALTH_05102023192417_SEIntimation_Reg_74.pdf"
"MAXHEALTH","Max Healthcare Institute Limited","Updates","Max Healthcare Institute Limited has informed the Exchange regarding update on petition filed by the Company against Touch Healthcare Private Limited and Others.","04-Oct-2023 21:14:04","2023-10-04 21:14:04","04-Oct-2023 21:14:09","00:00:05","https://nsearchives.nseindia.com/corporate/MAXHEALTH_04102023211404_SE_Intimation_Litigation_Update.pdf"
"MAXHEALTH","Max Healthcare Institute Limited","Updates","Max Healthcare Institute Limited has informed the Exchange regarding Transcript of Annual General Meeting.","04-Oct-2023 21:04:13","2023-10-04 21:04:13","04-Oct-2023 21:04:20","00:00:07","https://nsearchives.nseindia.com/corporate/MAXHEALTH_04102023210413_SE_Intimation_AGM_Transcript.pdf"
"MAXHEALTH","Max Healthcare Institute Limited","Updates","Max Healthcare Institute Limited has informed the Exchange regarding Minutes of Annual General Meeting.","04-Oct-2023 21:01:12","2023-10-04 21:01:12","04-Oct-2023 21:01:20","00:00:08","https://nsearchives.nseindia.com/corporate/MAXHEALTH_04102023210112_SE_Intimation_AGM_Minutes.pdf"
"MAXHEALTH","Max Healthcare Institute Limited","Credit Rating","Max Healthcare Institute Limited has informed the Exchange about Credit Rating","03-Oct-2023 21:00:12","2023-10-03 21:00:12","03-Oct-2023 21:00:32","00:00:20","https://nsearchives.nseindia.com/corporate/MAXHEALTH_03102023210012_SE_Intimation_Credit_Rating.pdf"
"MAXHEALTH","Max Healthcare Institute Limited","Trading Window","Max Healthcare Institute Limited has informed the Exchange regarding the Trading Window closure pursuant to SEBI (Prohibition of Insider Trading) Regulations, 2015","28-Sep-2023 17:15:08","2023-09-28 17:15:08","28-Sep-2023 17:15:14","00:00:06","https://nsearchives.nseindia.com/corporate/MAXHEALTH_28092023171508_SE_Intimation_Window_Closure.pdf"
"MAXHEALTH","Max Healthcare Institute Limited","Amendment to AOA/MOA","Max Healthcare Institute Limited has informed the Exchange regarding the Amendment to AOA/MOA of the company.","28-Sep-2023 16:29:02","2023-09-28 16:29:02","28-Sep-2023 16:29:05","00:00:03","https://nsearchives.nseindia.com/corporate/MAXHEALTH_28092023162902_SE_Intimation_Alteration.pdf"
"MAXHEALTH","Max Healthcare Institute Limited","Shareholders meeting","Max Healthcare Institute Limited has submitted the Exchange a copy Srutinizer's Report of  22nd Annual General Meeting held on September 27, 2023. Further, the Company has informed the Exchange regarding voting results.","28-Sep-2023 15:32:40","2023-09-28 15:32:40","28-Sep-2023 15:32:43","00:00:03","https://nsearchives.nseindia.com/corporate/MAXHEALTH_28092023153240_SE_Intimation_Voting_Results_Scrutinizers_Report.pdf"
"MAXHEALTH","Max Healthcare Institute Limited","Shareholders meeting","Max Healthcare Institute Limited has informed the Exchange regarding Summary of Proceedings of 22nd Annual General Meeting held on September 27, 2023","27-Sep-2023 20:47:38","2023-09-27 20:47:38","27-Sep-2023 20:47:43","00:00:05","https://nsearchives.nseindia.com/corporate/MAXHEALTH_27092023204738_SE_Intimation_Proceedings.pdf"
"MAXHEALTH","Max Healthcare Institute Limited","Updates","Max Healthcare Institute Limited has informed the Exchange regarding Schedule of Investor Conference.","20-Sep-2023 18:48:38","2023-09-20 18:48:38","20-Sep-2023 18:48:42","00:00:04","https://nsearchives.nseindia.com/corporate/MAXHEALTH_20092023184838_SE_Schedule_of_Investor_Conference.pdf"
"MAXHEALTH","Max Healthcare Institute Limited","Change in Management","Max Healthcare Institute Limited has informed the Exchange about change in Senior Management Personnel.","13-Sep-2023 17:11:23","2023-09-13 17:11:23","13-Sep-2023 17:11:35","00:00:12","https://nsearchives.nseindia.com/corporate/MAXHEALTH_13092023171123_SE_Intimation_Change_in_SMP.pdf"
"MAXHEALTH","Max Healthcare Institute Limited","ESOP/ESOS/ESPS","Max Healthcare Institute Limited has informed the Exchange regarding Allotment of 150724 equity shares pursuant to Max Healthcare Institute Limited - Employee Stock Option Plan 2020.","13-Sep-2023 11:55:55","2023-09-13 11:55:55","13-Sep-2023 11:56:00","00:00:05","https://nsearchives.nseindia.com/corporate/MAXHEALTH_13092023115555_SE_Intimation_Allotment_of_Shares.pdf"
"MAXHEALTH","Max Healthcare Institute Limited","Updates","Max Healthcare Institute Limited has informed the Exchange regarding Update on petition filed by the Company against Touch Healthcare Private Limited and Others.","11-Sep-2023 22:45:13","2023-09-11 22:45:13","11-Sep-2023 22:45:19","00:00:06","https://nsearchives.nseindia.com/corporate/MAXHEALTH_11092023224513_SE_Intimation_Litigation_Update.pdf"
"MAXHEALTH","Max Healthcare Institute Limited","Copy of Newspaper Publication","Max Healthcare Institute Limited has informed the Exchange about Copy of Newspaper Publication in relation to Notice of 22nd Annual General Meeting and E-voting information","06-Sep-2023 11:36:03","2023-09-06 11:36:03","06-Sep-2023 11:36:10","00:00:07","https://nsearchives.nseindia.com/corporate/MAXHEALTH_06092023113603_SE_Intimation_Newspaper.pdf"
"MAXHEALTH","Max Healthcare Institute Limited","Updates","Max Healthcare Institute Limited has informed the Exchange regarding Business Responsibility and Sustainability Report for the financial year 2022-23.","05-Sep-2023 00:29:29","2023-09-05 00:29:29","05-Sep-2023 00:29:40","00:00:11","https://nsearchives.nseindia.com/corporate/MAXHEALTH_05092023002929_SE_Intimation_BRSR.pdf"
"MAXHEALTH","Max Healthcare Institute Limited","Shareholders meeting","Max Healthcare Institute Limited has informed the Exchange regarding Notice of Annual General Meeting to be held on September 27, 2023","04-Sep-2023 23:52:50","2023-09-04 23:52:50","04-Sep-2023 23:52:55","00:00:05","https://nsearchives.nseindia.com/corporate/MAXHEALTH_04092023235250_SE_Intimation_Annual_Report_Final_signed.pdf"
"MAXHEALTH","Max Healthcare Institute Limited","Updates","Max Healthcare Institute Limited has informed the Exchange regarding Writ petition filed by the Company against State of Punjab and Others.","02-Sep-2023 11:35:06","2023-09-02 11:35:06","02-Sep-2023 11:35:09","00:00:03","https://nsearchives.nseindia.com/corporate/MAXHEALTH_02092023113506_SE_Intimation_GMADA_WritPetition.pdf"
"MAXHEALTH","Max Healthcare Institute Limited","Updates","Max Healthcare Institute Limited has informed the Exchange regarding update on petition filed by the Company against Touch Healthcare Private Limited and Others.","01-Sep-2023 20:16:03","2023-09-01 20:16:03","01-Sep-2023 20:16:10","00:00:07","https://nsearchives.nseindia.com/corporate/MAXHEALTH_01092023201604_SE_Intimation_Litigation_Update.pdf"
"MAXHEALTH","Max Healthcare Institute Limited","Copy of Newspaper Publication","Max Healthcare Institute Limited has informed the Exchange about Copy of Newspaper Publication for information regarding 22nd Annual General Meeting and Record Date.","28-Aug-2023 16:20:27","2023-08-28 16:20:27","28-Aug-2023 16:20:30","00:00:03","https://nsearchives.nseindia.com/corporate/MAXHEALTH_28082023162027_SE_Intimation_Newspaper.pdf"
"MAXHEALTH","Max Healthcare Institute Limited","Updates","Max Healthcare Institute Limited has informed the Exchange regarding communication to members - Deduction of tax at source on final dividend.","28-Aug-2023 16:09:05","2023-08-28 16:09:05","28-Aug-2023 16:09:10","00:00:05","https://nsearchives.nseindia.com/corporate/MAXHEALTH_28082023160905_SE_Intimation_Communication_TDS.pdf"
"MAXHEALTH","Max Healthcare Institute Limited","Record Date","Max Healthcare Institute Limited has informed the Exchange that Record date for the purpose of Dividend  is 08-Sep-2023.","26-Aug-2023 16:15:18","2023-08-26 16:15:18","26-Aug-2023 16:15:21","00:00:03","https://nsearchives.nseindia.com/corporate/MAXHEALTH_26082023161518_SE_Intimation_AGM_Record_date.pdf"
"MAXHEALTH","Max Healthcare Institute Limited","Updates","Max Healthcare Institute Limited has informed the Exchange regarding intimation of Annual General Meeting and Record Date","26-Aug-2023 16:06:43","2023-08-26 16:06:43","26-Aug-2023 16:06:47","00:00:04","https://nsearchives.nseindia.com/corporate/MAXHEALTH_26082023160643_SE_Intimation_AGM_Record_date.pdf"
"MAXHEALTH","Max Healthcare Institute Limited","Appointment","Max Healthcare Institute Limited has informed the Exchange regarding Appointment of Ms Amrita Gangotra as Non- Executive Independent Director of the company w.e.f. August 23, 2023.","23-Aug-2023 18:21:54","2023-08-23 18:21:54","23-Aug-2023 18:22:04","00:00:10","https://nsearchives.nseindia.com/corporate/MAXHEALTH_23082023182154_SE_Intimation_Appointment_of_Woman_ID.pdf"
"MAXHEALTH","Max Healthcare Institute Limited","Investor Presentation","Max Healthcare Institute Limited has informed the Exchange about Investor Presentation","21-Aug-2023 22:15:44","2023-08-21 22:15:44","21-Aug-2023 22:15:51","00:00:07","https://nsearchives.nseindia.com/corporate/MAXHEALTH_21082023221544_SEIntimation_Investor_Presentation.pdf"
"MAXHEALTH","Max Healthcare Institute Limited","Updates","Max Healthcare Institute Limited has informed the Exchange regarding Minutes of Postal Ballot.","21-Aug-2023 21:25:35","2023-08-21 21:25:35","21-Aug-2023 21:26:01","00:00:26","https://nsearchives.nseindia.com/corporate/MAXHEALTH_21082023212535_SEInt_PB_Minutes.pdf"
"MAXHEALTH","Max Healthcare Institute Limited","Shareholders meeting","Max Healthcare Institute Limited has submitted the Exchange a copy Scrutinizer's Report of Postal Ballot. Further, the Company has informed the Exchange regarding voting results.","16-Aug-2023 17:38:47","2023-08-16 17:38:47","16-Aug-2023 17:39:00","00:00:13","https://nsearchives.nseindia.com/corporate/MAXHEALTH_16082023173847_SE_Intimation_Postal_Ballot_Results.pdf"
"MAXHEALTH","Max Healthcare Institute Limited","Updates","Max Healthcare Institute Limited has informed the Exchange regarding disclosure pursuant to regulation 30 of the SEBI (Listing Obligations and Disclosure Requirements) Regulations, 2015.","14-Aug-2023 23:37:27","2023-08-14 23:37:27","14-Aug-2023 23:37:55","00:00:28","https://nsearchives.nseindia.com/corporate/MAXHEALTH_14082023233727_SEIntimation_Continuing_Events.pdf"
"MAXHEALTH","Max Healthcare Institute Limited","Analysts/Institutional Investor Meet/Con. Call Updates","Max Healthcare Institute Limited has informed the Exchange about Transcript of Earnings Call held on August 8, 2023","14-Aug-2023 16:48:25","2023-08-14 16:48:25","14-Aug-2023 16:48:46","00:00:21","https://nsearchives.nseindia.com/corporate/MAXHEALTH_14082023164825_SEInt_EarningscallTranscript.pdf"
"MAXHEALTH","Max Healthcare Institute Limited","Updates","Max Healthcare Institute Limited has informed the Exchange regarding Schedule of Investor Conference.","11-Aug-2023 17:18:50","2023-08-11 17:18:50","11-Aug-2023 17:19:02","00:00:12","https://nsearchives.nseindia.com/corporate/MAXHEALTH_11082023171850_SE_Intimation_Schedule_Investor_meet.pdf"
"MAXHEALTH","Max Healthcare Institute Limited","Analysts/Institutional Investor Meet/Con. Call Updates","Max Healthcare Institute Limited has informed the Exchange about link of audio recording of Earnings Call held on August 8, 2023","08-Aug-2023 17:56:03","2023-08-08 17:56:03","08-Aug-2023 17:56:18","00:00:15","https://nsearchives.nseindia.com/corporate/MAXHEALTH_08082023175603_SE_Intimation_Audio_Recording.pdf"
"MAXHEALTH","Max Healthcare Institute Limited","Copy of Newspaper Publication","Max Healthcare Institute Limited has informed the Exchange about copy of Newspaper Publication for standalone and consolidated financial results for the quarter ended June 30, 2023","08-Aug-2023 17:43:24","2023-08-08 17:43:24","08-Aug-2023 17:43:38","00:00:14","https://nsearchives.nseindia.com/corporate/MAXHEALTH_08082023174324_SE_Intimation_Newspaper_Publication.pdf"
"MAXHEALTH","Max Healthcare Institute Limited","Statement of deviation(s) or variation(s) under Reg. 32","Max Healthcare Institute Limited has informed the Exchange about statement of deviation(s) or variation(s) under Reg. 32","07-Aug-2023 19:04:57","2023-08-07 19:04:57","07-Aug-2023 19:05:10","00:00:13","https://nsearchives.nseindia.com/corporate/MAXHEALTH_07082023190457_SE_Intimation_SOD.pdf"
"MAXHEALTH","Max Healthcare Institute Limited","Updates","Max Healthcare Institute Limited has informed the Exchange regarding 'Presentation on Earnings Update'.","07-Aug-2023 15:56:40","2023-08-07 15:56:40","07-Aug-2023 15:56:53","00:00:13","https://nsearchives.nseindia.com/corporate/MAXHEALTH_07082023155640_23PR_Earning.pdf"
"MAXHEALTH","Max Healthcare Institute Limited","Outcome of Board Meeting","Max Healthcare Institute Limited has informed the Exchange regarding  Board meeting held on August 07, 2023.","07-Aug-2023 15:52:34","2023-08-07 15:52:34","07-Aug-2023 15:52:47","00:00:13","https://nsearchives.nseindia.com/corporate/MAXHEALTH_07082023155234_outcome.pdf"
"MAXHEALTH","Max Healthcare Institute Limited","Press Release","Max Healthcare Institute Limited has informed the Exchange regarding a press release dated August 07, 2023, titled ""Max Healthcare posts strong growth in revenue and profitability"".","07-Aug-2023 15:47:28","2023-08-07 15:47:28","07-Aug-2023 15:47:41","00:00:13","https://nsearchives.nseindia.com/corporate/MAXHEALTH_07082023154728_23PR_Earning.pdf"
"MAXHEALTH","Max Healthcare Institute Limited","Financial Result Updates","Max Healthcare Institute Limited has submitted to the Exchange, the financial results for the period ended June 30, 2023.","07-Aug-2023 15:40:03","2023-08-07 15:40:03","07-Aug-2023 15:40:11","00:00:08","https://nsearchives.nseindia.com/corporate/FRQ1_07082023154004.pdf"
"MAXHEALTH","Max Healthcare Institute Limited","Allotment of Securities","Max Healthcare Institute Limited has informed the Exchange regarding allotment of 12363 securities pursuant to ESOP on August 7, 2023","07-Aug-2023 10:51:13","2023-08-07 10:51:13","07-Aug-2023 10:51:27","00:00:14","https://nsearchives.nseindia.com/corporate/MAXHEALTH_07082023105113_SE_allotment.pdf"
"MAXHEALTH","Max Healthcare Institute Limited","Analysts/Institutional Investor Meet/Con. Call Updates","Max Healthcare Institute Limited has informed the Exchange about Schedule of meet","28-Jul-2023 12:28:48","2023-07-28 12:28:48","28-Jul-2023 12:29:02","00:00:14","https://nsearchives.nseindia.com/corporate/MAXHEALTH_28072023122848_SE_Intimation_Earnings_Call.pdf"
"MAXHEALTH","Max Healthcare Institute Limited","Updates","Max Healthcare Institute Limited has informed the Exchange regarding update on petition filed by the Company against Touch Healthcare Private Limited and Others","27-Jul-2023 09:08:49","2023-07-27 09:08:49","27-Jul-2023 09:08:56","00:00:07","https://nsearchives.nseindia.com/corporate/MAXHEALTH_27072023090849_SEInt_Litigation_Appeal.pdf"
"MAXHEALTH","Max Healthcare Institute Limited","Updates","Max Healthcare Institute Limited has informed the Exchange regarding update on petition filed by the Company against Touch Healthcare Private Limited and Others.","20-Jul-2023 19:49:00","2023-07-20 19:49:00","20-Jul-2023 19:49:07","00:00:07","https://nsearchives.nseindia.com/corporate/MAXHEALTH_20072023194900_SE_Intimation_Litigation_Update.pdf"
"MAXHEALTH","Max Healthcare Institute Limited","Copy of Newspaper Publication","Max Healthcare Institute Limited has informed the Exchange about Copy of Newspaper Publication","16-Jul-2023 12:55:09","2023-07-16 12:55:09","16-Jul-2023 12:55:17","00:00:08","https://nsearchives.nseindia.com/corporate/MAXHEALTH_16072023125510_SE_Intimation_Newspaper_Publication.pdf"
"MAXHEALTH","Max Healthcare Institute Limited","Shareholders meeting","Max Healthcare Institute Limited has informed the Exchange regarding Notice of Postal Ballot","15-Jul-2023 17:47:15","2023-07-15 17:47:15","15-Jul-2023 17:47:24","00:00:09","https://nsearchives.nseindia.com/corporate/MAXHEALTH_15072023174715_SE_intimation_.pdf"
"MAXHEALTH","Max Healthcare Institute Limited","Certificate under SEBI (Depositories and Participants) Regulations, 2018","Max Healthcare Institute Limited has informed the Exchange about Certificate under SEBI (Depositories and Participants) Regulations, 2018","04-Jul-2023 18:36:58","2023-07-04 18:36:58","04-Jul-2023 18:37:06","00:00:08","https://nsearchives.nseindia.com/corporate/MAXHEALTH_04072023183658_SEIntimation_Regulation_74_5.pdf"
"MAXHEALTH","Max Healthcare Institute Limited","Trading Window","Max Healthcare Institute Limited has informed the Exchange regarding the Trading Window closure pursuant to SEBI (Prohibition of Insider Trading) Regulations, 2015","28-Jun-2023 16:41:35","2023-06-28 16:41:35","28-Jun-2023 16:41:38","00:00:03","https://nsearchives.nseindia.com/corporate/MAXHEALTH_28062023164135_SEIntimation_WindowClosure.pdf"
"MAXHEALTH","Max Healthcare Institute Limited","Updates","Max Healthcare Institute Limited has informed the Exchange regarding Schedule of Investor Conference.","14-Jun-2023 16:30:55","2023-06-14 16:30:55","14-Jun-2023 16:31:17","00:00:22","https://nsearchives.nseindia.com/corporate/MAXHEALTH_14062023163055_SE_Schedule_of_Investor_Conference_London.pdf"
"MAXHEALTH","Max Healthcare Institute Limited","Updates","Max Healthcare Institute Limited has informed the Exchange regarding 'Meeting with various Institutional Investors in Europe'.","09-Jun-2023 17:16:51","2023-06-09 17:16:51","09-Jun-2023 17:16:55","00:00:04","https://nsearchives.nseindia.com/corporate/MAXHEALTH_09062023171651_SE_Intimation.pdf"
"MAXHEALTH","Max Healthcare Institute Limited","Updates","Max Healthcare Institute Limited has informed the Exchange regarding 'Meeting with various Institutional Investors in USA'.","05-Jun-2023 19:47:48","2023-06-05 19:47:48","05-Jun-2023 19:47:51","00:00:03","https://nsearchives.nseindia.com/corporate/MAXHEALTH_05062023194748_SEInv.pdf"
"MAXHEALTH","Max Healthcare Institute Limited","Updates","Max Healthcare Institute Limited has informed the Exchange regarding 'Update on petition filed by the Company against Touch Healthcare Private Limited and Others'.","02-Jun-2023 20:06:30","2023-06-02 20:06:30","02-Jun-2023 20:06:36","00:00:06","https://nsearchives.nseindia.com/corporate/MAXHEALTH_02062023200630_SEIntimationLitigationUpdates.pdf"
"MAXHEALTH","Max Healthcare Institute Limited","Analysts/Institutional Investor Meet/Con. Call Updates","Max Healthcare Institute Limited has informed the Exchange about Transcript of Earnings Call held on May 17, 2023","24-May-2023 10:51:19","2023-05-24 10:51:19","24-May-2023 10:51:25","00:00:06","https://nsearchives.nseindia.com/corporate/MAXHEALTH_24052023105120_SEIntimation_Earnings_call_Transcript.pdf"
"MAXHEALTH","Max Healthcare Institute Limited","Analysts/Institutional Investor Meet/Con. Call Updates","Max Healthcare Institute Limited has informed the Exchange about Schedule of Investor Meet","20-May-2023 13:31:52","2023-05-20 13:31:52","20-May-2023 13:31:56","00:00:04","https://nsearchives.nseindia.com/corporate/MAXHEALTH_20052023133152_ScheduleInvestorMeet.pdf"
"MAXHEALTH","Max Healthcare Institute Limited","Copy of Newspaper Publication","Max Healthcare Institute Limited has informed the Exchange about Copy of Newspaper Publication for standalone and consolidated financial results  for the quarter and financial year ended March 31, 2023","17-May-2023 19:28:01","2023-05-17 19:28:01","17-May-2023 19:28:11","00:00:10","https://nsearchives.nseindia.com/corporate/MAXHEALTH_17052023192802_FRNewspaper.pdf"
"MAXHEALTH","Max Healthcare Institute Limited","Analysts/Institutional Investor Meet/Con. Call Updates","Max Healthcare Institute Limited has informed the Exchange about link of audio recording of Earnings Call held on May 17, 2023","17-May-2023 16:01:22","2023-05-17 16:01:22","17-May-2023 16:01:26","00:00:04","https://nsearchives.nseindia.com/corporate/MAXHEALTH_17052023160122_Audioearningscall.pdf"
"MAXHEALTH","Max Healthcare Institute Limited","Appointment","Max Healthcare Institute Limited has informed the Exchange regarding Appointment of Mr Narayan K. Seshadri as Non- Executive Director of the company w.e.f. May 16, 2023.","17-May-2023 14:09:47","2023-05-17 14:09:47","17-May-2023 14:09:51","00:00:04","https://nsearchives.nseindia.com/corporate/MAXHEALTH_17052023140947_IntimationAppointmentofNED.pdf"
"MAXHEALTH","Max Healthcare Institute Limited","Annual Secretarial Compliance Report","Annual Secretarial Compliance Report for the financial year ended on March 31, 2023","16-May-2023 19:23:15","2023-05-16 19:23:15","16-May-2023 19:23:21","00:00:06","https://nsearchives.nseindia.com/corporate/MAXHEALTH_16052023192315_SEIntimationAnnualSecretarialComplianceReport.pdf"
"MAXHEALTH","Max Healthcare Institute Limited","ESOP/ESOS/ESPS","Max Healthcare Institute Limited has informed the Exchange regarding grant of 377333 stock options under ESOP scheme by Nomination and Remuneration Committee at its meeting held on May 16, 2023","16-May-2023 18:52:26","2023-05-16 18:52:26","16-May-2023 18:52:28","00:00:02","https://nsearchives.nseindia.com/corporate/MAXHEALTH_16052023185226_SEIntimationGrantofESOPs.pdf"
"MAXHEALTH","Max Healthcare Institute Limited","Allotment of Securities","Max Healthcare Institute Limited has informed the Exchange regarding allotment of 326095 equity shares under ESOP Scheme by Nomination and Remuneration Committee at its meeting held on May 16, 2023","16-May-2023 18:44:20","2023-05-16 18:44:20","16-May-2023 18:44:31","00:00:11","https://nsearchives.nseindia.com/corporate/MAXHEALTH_16052023184420_Allotment.pdf"
"MAXHEALTH","Max Healthcare Institute Limited","Related Party Transactions","Disclosure of Related Party Transactions for the half year ended March 31, 2023","16-May-2023 17:55:05","2023-05-16 17:55:05","16-May-2023 17:55:11","00:00:06","https://nsearchives.nseindia.com/corporate/MAXHEALTH_16052023175505_RPTH22023.pdf"
"MAXHEALTH","Max Healthcare Institute Limited","Statement of deviation(s) or variation(s) under Reg. 32","Max Healthcare Institute Limited has informed the Exchange about statement of deviation(s) or variation(s) under Reg. 32","16-May-2023 14:56:07","2023-05-16 14:56:07","16-May-2023 14:56:13","00:00:06","https://nsearchives.nseindia.com/corporate/MAXHEALTH_16052023145607_SOD.pdf"
"MAXHEALTH","Max Healthcare Institute Limited","Updates","Max Healthcare Institute Limited has informed the Exchange regarding 'Presentation on Earnings Update'.","16-May-2023 14:37:33","2023-05-16 14:37:33","16-May-2023 14:37:38","00:00:05","https://nsearchives.nseindia.com/corporate/MAXHEALTH_16052023143733_Pressrelease.pdf"
"MAXHEALTH","Max Healthcare Institute Limited","Press Release","Max Healthcare Institute Limited has informed the Exchange regarding a press release dated May 16, 2023, titled ""Max Healthcare reports highest ever revenue and profitability"".","16-May-2023 14:34:59","2023-05-16 14:34:59","16-May-2023 14:35:03","00:00:04","https://nsearchives.nseindia.com/corporate/MAXHEALTH_16052023143459_Pressrelease.pdf"
"MAXHEALTH","Max Healthcare Institute Limited","Outcome of Board Meeting","Max Healthcare Institute Limited has informed the Exchange regarding  Board meeting held on May 16, 2023 where Financial Results for the quarter and year ended March 31, 2023 are approved.","16-May-2023 14:32:55","2023-05-16 14:32:55","16-May-2023 14:33:00","00:00:05","https://nsearchives.nseindia.com/corporate/MAXHEALTH_16052023143255_FRs_outcome.pdf"
"MAXHEALTH","Max Healthcare Institute Limited","Dividend","Max Healthcare Institute Limited has informed the Exchange that Board of Directors at its meeting held on May 16, 2023, recommended Final Dividend of Rs. 1 per equity share.","16-May-2023 14:29:03","2023-05-16 14:29:03","16-May-2023 14:29:06","00:00:03","https://nsearchives.nseindia.com/corporate/MAXHEALTH_16052023142903_FRs_outcome.pdf"
"MAXHEALTH","Max Healthcare Institute Limited","Financial Result Updates","Max Healthcare Institute Limited has submitted to the Exchange, the financial results for the period ended March 31, 2023.","16-May-2023 14:25:15","2023-05-16 14:25:15","16-May-2023 14:25:23","00:00:08","https://nsearchives.nseindia.com/corporate/FRs_outcome_16052023142515.pdf"
"MAXHEALTH","Max Healthcare Institute Limited","Updates","Max Healthcare Institute Limited has informed the Exchange regarding agreement to sell for acquisition of land and building situated in Uttar Pradesh by Crosslay Remedies Limited, wholly-owned subsidiary of the Company.","13-May-2023 16:02:17","2023-05-13 16:02:17","13-May-2023 16:02:22","00:00:05","https://nsearchives.nseindia.com/corporate/MAXHEALTH_13052023160217_SEIntimationVaishaliLandBuilding.pdf"
"MAXHEALTH","Max Healthcare Institute Limited","Analysts/Institutional Investor Meet/Con. Call Updates","Max Healthcare Institute Limited has informed the Exchange about Schedule of meet","12-May-2023 14:48:39","2023-05-12 14:48:39","12-May-2023 14:48:48","00:00:09","https://nsearchives.nseindia.com/corporate/MAXHEALTH_12052023144839_SEIntimationInvestorsCall.pdf"
"MAXHEALTH","Max Healthcare Institute Limited","Disclosure under SEBI Takeover Regulations","Abhay Soi has Submitted to the Exchange a copy of Disclosure under Regulation 31(4) of the Securities and Exchange Board of India (Substantial Acquisition of Shares and Takeovers) Regulations, 2011.","10-May-2023 12:35:47","2023-05-10 12:35:47","10-May-2023 12:37:27","00:01:40","https://nsearchives.nseindia.com/corporate/MAXHEALTH_10052023123547_Disclosure33.pdf"
"MAXHEALTH","Max Healthcare Institute Limited","Updates","Max Healthcare Institute Limited has informed the Exchange regarding update on petition filed by the Company against Touch Healthcare Private Limited and Others.","04-May-2023 13:01:45","2023-05-04 13:01:45","04-May-2023 13:02:07","00:00:22","https://nsearchives.nseindia.com/corporate/MAXHEALTH_04052023130145_SEIntimationLitigation.pdf"
"MAXHEALTH","Max Healthcare Institute Limited","Updates","Max Healthcare Institute Limited has informed the Exchange regarding petition filed by the Company against Touch Healthcare Private Limited and Others''.","27-Apr-2023 18:59:07","2023-04-27 18:59:07","27-Apr-2023 18:59:09","00:00:02","https://nsearchives.nseindia.com/corporate/MAXHEALTH_27042023185907_SEIntimationLitigation.pdf"
"MAXHEALTH","Max Healthcare Institute Limited","Allotment of Securities","Max Healthcare Institute Limited has informed the Exchange regarding allotment of 168313 securities pursuant to ESOP/ESPS at its meeting held on April 18, 2023","18-Apr-2023 19:28:44","2023-04-18 19:28:44","18-Apr-2023 19:28:47","00:00:03","https://nsearchives.nseindia.com/corporate/MAXHEALTH_18042023192844_Allotmentofshares18042023.pdf"
"MAXHEALTH","Max Healthcare Institute Limited","Resignation of Independent director","MAX HEALTHCARE INSTITUTE LIMITED has informed the Exchange about Resignation of Independent director.","18-Apr-2023 17:46:08","2023-04-18 17:46:08","18-Apr-2023 17:46:11","00:00:03","https://nsearchives.nseindia.com/corporate/MAXHEALTH_18042023174608_MAXHEALTH_ROID_2894_KMP_Doc_18042023174608.zip"
"MAXHEALTH","Max Healthcare Institute Limited","Resignation of Independent director","Max Healthcare Institute Limited has informed the Exchange regarding resignation of Ms. Harmeen Mehta as an Independent Woman Director","18-Apr-2023 17:12:23","2023-04-18 17:12:23","18-Apr-2023 17:12:28","00:00:05","https://nsearchives.nseindia.com/corporate/MAXHEALTH_18042023171223_Intimation.pdf"
"MAXHEALTH","Max Healthcare Institute Limited","Acquisition","Max Healthcare Institute Limited has informed the Exchange about acquisition of additional equity stake in Eqova Healthcare Private Limited.","13-Apr-2023 19:09:23","2023-04-13 19:09:23","13-Apr-2023 19:09:26","00:00:03","https://nsearchives.nseindia.com/corporate/MAXHEALTH_13042023190923_SEIntimationEqovaTransaction.pdf"
"MAXHEALTH","Max Healthcare Institute Limited","Certificate under SEBI (Depositories and Participants) Regulations, 2018","Max Healthcare Institute Limited has informed the Exchange about Certificate under SEBI (Depositories and Participants) Regulations, 2018","05-Apr-2023 21:59:11","2023-04-05 21:59:11","05-Apr-2023 21:59:15","00:00:04","https://nsearchives.nseindia.com/corporate/MAXHEALTH_05042023215911_SEInti74_5.pdf"
"MAXHEALTH","Max Healthcare Institute Limited","Trading Window","Max Healthcare Institute Limited has informed the Exchange regarding the Trading Window closure pursuant to SEBI (Prohibition of Insider Trading) Regulations, 2015","31-Mar-2023 19:13:43","2023-03-31 19:13:43","31-Mar-2023 19:13:47","00:00:04","https://nsearchives.nseindia.com/corporate/MAXHEALTH_31032023191343_TradingWin.pdf"
"MAXHEALTH","Max Healthcare Institute Limited","Allotment of Securities","Max Healthcare Institute Limited has informed the Exchange regarding allotment of 61916 securities pursuant to ESOP","16-Mar-2023 18:18:49","2023-03-16 18:18:49","16-Mar-2023 18:18:54","00:00:05","https://nsearchives.nseindia.com/corporate/MAXHEALTH_16032023181849_ESOPAllotment.pdf"
"MAXHEALTH","Max Healthcare Institute Limited","Analysts/Institutional Investor Meet/Con. Call Updates","Max Healthcare Institute Limited has informed the Exchange about Schedule of investor meet","26-Feb-2023 15:37:55","2023-02-26 15:37:55","26-Feb-2023 15:37:58","00:00:03","https://nsearchives.nseindia.com/corporate/MAXHEALTH_26022023153755_Intimation.pdf"
"MAXHEALTH","Max Healthcare Institute Limited","Analysts/Institutional Investor Meet/Con. Call Updates","Max Healthcare Institute Limited has informed the Exchange about Schedule of meet","21-Feb-2023 12:33:38","2023-02-21 12:33:38","21-Feb-2023 12:33:49","00:00:11","https://nsearchives.nseindia.com/corporate/MAXHEALTH_21022023123338_InvestorConferenceIntimationFeb21_2023.pdf"
"MAXHEALTH","Max Healthcare Institute Limited","Analysts/Institutional Investor Meet/Con. Call Updates","Max Healthcare Institute Limited has informed the Exchange about Transcript of the Earnings Call held on February 3, 2023","08-Feb-2023 18:59:18","2023-02-08 18:59:18","08-Feb-2023 18:59:34","00:00:16","https://nsearchives.nseindia.com/corporate/MAXHEALTH_08022023185918_STXTrans.pdf"
"MAXHEALTH","Max Healthcare Institute Limited","Analysts/Institutional Investor Meet/Con. Call Updates","Max Healthcare Institute Limited has informed the Exchange about Transcript of the Earnings Call held on February 3, 2023","08-Feb-2023 18:44:12","2023-02-08 18:44:12","08-Feb-2023 18:44:17","00:00:05","https://nsearchives.nseindia.com/corporate/MAXHEALTH_08022023184412_STXEarningsTrans.pdf"
"MAXHEALTH","Max Healthcare Institute Limited","Analysts/Institutional Investor Meet/Con. Call Updates","Max Healthcare Institute Limited has informed the Exchange about Schedule of Investor Conference and Presentation","06-Feb-2023 18:06:50","2023-02-06 18:06:50","06-Feb-2023 18:06:54","00:00:04","https://nsearchives.nseindia.com/corporate/MAXHEALTH_06022023180650_Investormeet622023.pdf"
"MAXHEALTH","Max Healthcare Institute Limited","Updates","Max Healthcare Institute Limited has informed the Exchange regarding 'disclosure under regulation 30(5) of the SEBI (Listing Obligations & Disclosure Requirements) Regulations, 2015'.","06-Feb-2023 15:44:37","2023-02-06 15:44:37","06-Feb-2023 15:44:41","00:00:04","https://nsearchives.nseindia.com/corporate/MAXHEALTH_06022023154437_STXLetter30.pdf"
"MAXHEALTH","Max Healthcare Institute Limited","Copy of Newspaper Publication","Max Healthcare Institute Limited has informed the Exchange about Copy of Newspaper Publication of Financial Results for the quarter and nine months ended December 31, 2022","04-Feb-2023 17:36:51","2023-02-04 17:36:51","04-Feb-2023 17:36:56","00:00:05","https://nsearchives.nseindia.com/corporate/MAXHEALTH_04022023173651_NewspaperPublications040223.pdf"
"MAXHEALTH","Max Healthcare Institute Limited","Analysts/Institutional Investor Meet/Con. Call Updates","Max Healthcare Institute Limited has informed the Exchange about Audio Recording of Earnings Call held on February 3, 2023","03-Feb-2023 21:27:58","2023-02-03 21:27:58","03-Feb-2023 21:28:01","00:00:03","https://nsearchives.nseindia.com/corporate/MAXHEALTH_03022023212758_Call_Audio_Recording.pdf"
"MAXHEALTH","Max Healthcare Institute Limited","Appointment","Max Healthcare Institute Limited has informed the Exchange regarding Appointment of Mr Dhiraj Aroraa as Company Secretary & Compliance Officer of the company w.e.f. February 03, 2023.","02-Feb-2023 17:01:32","2023-02-02 17:01:32","02-Feb-2023 17:01:35","00:00:03","https://nsearchives.nseindia.com/corporate/MAXHEALTH_02022023170132_CS_Appointment.pdf"
"MAXHEALTH","Max Healthcare Institute Limited","Allotment of Securities","Max Healthcare Institute Limited has informed the Exchange regarding allotment of 25456 equity shares pursuant to ESOP at Nomination & Remuneration Committee meeting held on February 02, 2023","02-Feb-2023 17:01:32","2023-02-02 17:01:32","02-Feb-2023 17:01:36","00:00:04","https://nsearchives.nseindia.com/corporate/MAXHEALTH_02022023170132_ESOP_Allot.pdf"
"MAXHEALTH","Max Healthcare Institute Limited","Investor Presentation","Max Healthcare Institute Limited has informed the Exchange about Investor Presentation","02-Feb-2023 14:21:33","2023-02-02 14:21:33","02-Feb-2023 14:21:44","00:00:11","https://nsearchives.nseindia.com/corporate/MAXHEALTH_02022023142132_EarningsRelease.pdf"
"MAXHEALTH","Max Healthcare Institute Limited","Press Release","Max Healthcare Institute Limited has informed the Exchange regarding a press release dated February 02, 2023, titled ""Press Release"".","02-Feb-2023 14:21:32","2023-02-02 14:21:32","02-Feb-2023 14:21:44","00:00:12","https://nsearchives.nseindia.com/corporate/MAXHEALTH_02022023142132_PressRelease.pdf"
"MAXHEALTH","Max Healthcare Institute Limited","Outcome of Board Meeting","Max Healthcare Institute Limited has informed the Exchange regarding  Board meeting held on February 02, 2023.","02-Feb-2023 14:07:15","2023-02-02 14:07:15","02-Feb-2023 14:07:19","00:00:04","https://nsearchives.nseindia.com/corporate/MAXHEALTH_02022023140715_Outcome.pdf"
"MAXHEALTH","Max Healthcare Institute Limited","Financial Result Updates","Max Healthcare Institute Limited has submitted to the Exchange, the financial results for the period ended December 31, 2022.","02-Feb-2023 14:01:30","2023-02-02 14:01:30","02-Feb-2023 14:01:35","00:00:05","https://nsearchives.nseindia.com/corporate/Outcome_02022023140130.pdf"
"MAXHEALTH","Max Healthcare Institute Limited","Outcome of Board Meeting","Max Healthcare Institute Limited has informed the Exchange about Board Meeting held on 02-Feb-2023 to consider financial results for the period ended December 31, 2022 and Other business matters","02-Feb-2023 13:45:08","2023-02-02 13:45:08","02-Feb-2023 13:45:27","00:00:19","https://nsearchives.nseindia.com/corporate/MAXHEALTH_02022023134508_Outcome.pdf"
"MAXHEALTH","Max Healthcare Institute Limited","Analysts/Institutional Investor Meet/Con. Call Updates","Max Healthcare Institute Limited has informed the Exchange about Schedule of meet","27-Jan-2023 14:54:25","2023-01-27 14:54:25","27-Jan-2023 14:54:29","00:00:04","https://nsearchives.nseindia.com/corporate/MAXHEALTH_27012023145425_MHIL_Earning_call_Intimation_Q3FY2023.pdf"
"MAXHEALTH","Max Healthcare Institute Limited","Certificate under SEBI (Depositories and Participants) Regulations, 2018","Max Healthcare Institute Limited has informed the Exchange about Certificate under Regulation 76 of SEBI (Depositories and Participants) Regulations, 2018","27-Jan-2023 13:32:33","2023-01-27 13:32:33","27-Jan-2023 13:32:42","00:00:09","https://nsearchives.nseindia.com/corporate/MAXHEALTH_27012023133233_Reconciliation_SGA_MHIL.pdf"
"MAXHEALTH","Max Healthcare Institute Limited","Certificate under SEBI (Depositories and Participants) Regulations, 2018","Max Healthcare Institute Limited has informed the Exchange about Certificate under Regulation 74(5) of SEBI (Depositories and Participants) Regulations, 2018","19-Jan-2023 17:21:47","2023-01-19 17:21:47","19-Jan-2023 17:21:50","00:00:03","https://nsearchives.nseindia.com/corporate/MAXHEALTH_19012023172147_Regulation74_5_Certificate_Dec312022_MHIl.pdf"
"MAXHEALTH","Max Healthcare Institute Limited","Allotment of Securities","Max Healthcare Institute Limited has informed the Exchange regarding allotment of 111926 securities pursuant to ESOP/ESPS at its meeting held on January 18, 2023. The resolution was passed by way of circulation on January 18, 2023","19-Jan-2023 09:16:31","2023-01-19 09:16:31","19-Jan-2023 09:16:38","00:00:07","https://nsearchives.nseindia.com/corporate/MAXHEALTH_19012023091631_ESOP_Allotment_SE_IntimationS.pdf"
"MAXHEALTH","Max Healthcare Institute Limited","Trading Window","Max Healthcare Institute Limited has informed the Exchange regarding the Trading Window closure pursuant to SEBI (Prohibition of Insider Trading) Regulations, 2015","29-Dec-2022 17:34:58","2022-12-29 17:34:58","29-Dec-2022 17:35:04","00:00:06","https://nsearchives.nseindia.com/corporate/MAXHEALTH_29122022173458_Trading_Window_Closure_Intimation_Dec_2022_S.pdf"
"MAXHEALTH","Max Healthcare Institute Limited","ESOP/ESPS/SBEB Scheme","Allotment of equity shares against exercise of stock options under ���Max Healthcare Institute Limited ��� Employee Stock Option Plan 2020��� (���MHIL ESOP-2020���)","16-Dec-2022 14:20:57","2022-12-16 14:20:57","16-Dec-2022 14:21:03","00:00:06","https://nsearchives.nseindia.com/corporate/MAXHEALTH_16122022142057_ESOPAllotment_SEIntimation_S.pdf"
"MAXHEALTH","Max Healthcare Institute Limited","General updates","Max Healthcare Institute Limited has informed the Exchange about Corrigendum to the intimation submitted subsequent to the Board Meeting held on December 15, 2022 under Regulation 30 of the Securities and Exchange Board of India (Listing Obligations and Disclosure Requirements) Regulations, 2015","16-Dec-2022 13:54:42","2022-12-16 13:54:42","16-Dec-2022 13:54:46","00:00:04","https://nsearchives.nseindia.com/corporate/MAXHEALTH_16122022135442_CorrigendumBoardOutcome_15.12.2022_MHIL_Final.pdf"
"MAXHEALTH","Max Healthcare Institute Limited","General updates","Max Healthcare Institute Limited has informed the Exchange about approval to partly finance the cost of Phase-1 expansion of bed capacity at Dr. Balabhai Nanavati Hospital, a managed healthcare facility (���BNH���) and other maters.","15-Dec-2022 14:41:39","2022-12-15 14:41:39","15-Dec-2022 14:41:54","00:00:15","https://nsearchives.nseindia.com/corporate/MAXHEALTH_15122022144139_BoardOutcome_15.12.2022_MHIL_S.pdf"
"MAXHEALTH","Max Healthcare Institute Limited","Schedule of Analysts/Institutional Investor Meet/Con. Call","Intimation of participation by Max Healthcare Institute Limited in investor meet organised by Motilal Oswal Financial Services","15-Dec-2022 12:33:54","2022-12-15 12:33:54","15-Dec-2022 12:33:58","00:00:04","https://nsearchives.nseindia.com/corporate/MAXHEALTH_15122022123354_Investor_Meet_15122022_S.pdf"
"MAXHEALTH","Max Healthcare Institute Limited","ESOP/ESPS/SBEB Scheme","Max Healthcare Institute Limited has informed the Exchange about Allotment of equity shares against exercise of stock options under ���Max Healthcare Institute Limited ��� Employee Stock Option Plan 2020��� (���MHIL ESOP-2020���)","30-Nov-2022 16:48:42","2022-11-30 16:48:42","30-Nov-2022 16:48:47","00:00:05","https://nsearchives.nseindia.com/corporate/MAXHEALTH_30112022164842_ESOPAllotment_SEIntimation_S.pdf"
"MAXHEALTH","Max Healthcare Institute Limited","General updates","Max Healthcare Institute Limited has informed the Exchange about Intimation under Regulation 31A of SEBI (Listing Obligations and Disclosure Requirements) Regulations, 2015 (���SEBI LODR���)- Submission of application to stock exchanges for seeking approval on re-classification of Kayak Investments Holding Pte. Ltd. (one of the promoter) (���Kayak���) from ���Promoter��� to ���Public��� Category.","29-Nov-2022 13:26:45","2022-11-29 13:26:45","29-Nov-2022 13:26:55","00:00:10","https://nsearchives.nseindia.com/corporate/MAXHEALTH_29112022132645_Intimation_SubmissionofApplication_CommonforBSENSE_S.pdf"
"MAXHEALTH","Max Healthcare Institute Limited","Schedule of Analysts/Institutional Investor Meet/Con. Call","Intimation of participation by Max Healthcare Institute Limited (���the Company���) in IIFL���s Invest India Conference scheduled to be held  on Tuesday, November 29, 2022 and Wednesday, November 30, 2022","28-Nov-2022 17:37:08","2022-11-28 17:37:08","28-Nov-2022 17:37:13","00:00:05","https://nsearchives.nseindia.com/corporate/MAXHEALTH_28112022173708_ConferencecallIntimation_S.pdf"
"MAXHEALTH","Max Healthcare Institute Limited","Credit Rating","Max Healthcare Institute Limited has informed the Exchange about Affirmation of Credit Rating.","17-Nov-2022 19:00:06","2022-11-17 19:00:06","17-Nov-2022 19:00:13","00:00:07","https://nsearchives.nseindia.com/corporate/MAXHEALTH_17112022190006_MHILSECreditratingNov162022_Signed.pdf"
"MAXHEALTH","Max Healthcare Institute Limited","Related Party Transaction","Max Healthcare Institute Limited has informed the Exchange about related party transaction for the period ended September 2022","15-Nov-2022 11:04:09","2022-11-15 11:04:09","15-Nov-2022 11:04:17","00:00:08","https://nsearchives.nseindia.com/corporate/MAXHEALTH_15112022110409_RPT_Sep2022_Signed.pdf"
"MAXHEALTH","Max Healthcare Institute Limited","Investor Presentation","Presentation for investors / analysts��� meet under Regulation 30 of Securities and  Exchange Board of India (Listing Obligations and Disclosure Requirements)  Regulations, 2015","08-Nov-2022 19:27:12","2022-11-08 19:27:12","08-Nov-2022 19:27:20","00:00:08","https://nsearchives.nseindia.com/corporate/MAXHEALTH_08112022192712_Invertor_Presentation_MHIL_S.pdf"
"MAXHEALTH","Max Healthcare Institute Limited","Transcript of Analysts/Institutional Investor Meet/Con. Call","Transcript of the earnings call on financial results of Q2 and H1 FY23 of Max Healthcare Institute Limited (���the Company���) held on November 02, 2022","08-Nov-2022 14:56:18","2022-11-08 14:56:18","08-Nov-2022 14:56:22","00:00:04","https://nsearchives.nseindia.com/corporate/MAXHEALTH_08112022145618_Transcript_Intimation_MHIL_S.pdf"
"MAXHEALTH","Max Healthcare Institute Limited","Schedule of Analysts/Institutional Investor Meet/Con. Call","Max Healthcare Institute Limited has informed the Exchange about its participation in UBS' Flagship India Conference 2022 scheduled to be held on Wednesday, November 09, 2022. ","07-Nov-2022 18:11:48","2022-11-07 18:11:48","07-Nov-2022 18:11:58","00:00:10","https://nsearchives.nseindia.com/corporate/MAXHEALTH_07112022181148_ConferencecallIntimation_S.pdf"
"MAXHEALTH","Max Healthcare Institute Limited","Newspaper Advertisements","Max Healthcare Institute Limited has informed the Exchange about Newspaper Advertisement pertaining to unaudited financial results for the quarter and six months ended September 30, 2022.","03-Nov-2022 15:44:08","2022-11-03 15:44:08","03-Nov-2022 15:44:13","00:00:05","https://nsearchives.nseindia.com/corporate/MAXHEALTH_03112022154408_FinancialResults_NewspaperAdvt_Nov03_2022_S.pdf"
"MAXHEALTH","Max Healthcare Institute Limited","Recording of Analysts/Institutional Investor Meet/Con. Call","Max Healthcare Institute Limited has informed the Exchange about Audio recording of the earnings call held today i.e. November 02, 2022 on the Q2 FY23 financial results of Max Healthcare Institute Limited (���the Company���)","02-Nov-2022 18:44:39","2022-11-02 18:44:39","02-Nov-2022 18:44:41","00:00:02","https://nsearchives.nseindia.com/corporate/MAXHEALTH_02112022184439_Earningcallaudiorecording_S.pdf"
"MAXHEALTH","Max Healthcare Institute Limited","Disclosure of other UPSI/material event","Max Healthcare Institute Limited has informed the Exchange about Disclosure of other UPSI/material event - Board Meeting minutes for approval of request of re-classification of promoter to public category","01-Nov-2022 17:18:30","2022-11-01 17:18:30","01-Nov-2022 17:18:35","00:00:05","https://nsearchives.nseindia.com/corporate/MAXHEALTH_01112022171830_Intimation_ExtractofBMMinutes_ReclassificationofKayak_S.pdf"
"MAXHEALTH","Max Healthcare Institute Limited","ESOP/ESPS/SBEB Scheme","Max Healthcare Institute Limited has informed the Exchange about Intimation of Grant of Employee Stock Options (���ESOPs���) under the ���Max Healthcare Institute Limited ��� Employee Stock Option Plan 2022��� (���MHIL ESOP-2022���)","01-Nov-2022 17:02:51","2022-11-01 17:02:51","01-Nov-2022 17:02:54","00:00:03","https://nsearchives.nseindia.com/corporate/MAXHEALTH_01112022170251_SEIntimation_ESOPGrant_2022_final.pdf"
"MAXHEALTH","Max Healthcare Institute Limited","Investor Presentation","Max Healthcare Institute Limited has informed the Exchange about Investor Presentation","01-Nov-2022 14:04:09","2022-11-01 14:04:09","01-Nov-2022 14:04:14","00:00:05","https://nsearchives.nseindia.com/corporate/MAXHEALTH_01112022140409_MHCEarningsupdate_Q2FY23_1Nov.pdf"
"MAXHEALTH","Max Healthcare Institute Limited","Press Release","Max Healthcare Institute Limited has informed the Exchange about press release dated 01-Nov-2022 titled Press Release","01-Nov-2022 13:59:30","2022-11-01 13:59:30","01-Nov-2022 13:59:43","00:00:13","https://nsearchives.nseindia.com/corporate/MAXHEALTH_01112022135930_Q2FY23PressRelease_Nov1.pdf"
"MAXHEALTH","Max Healthcare Institute Limited","Outcome of Board Meeting","Max Healthcare Institute Limited  has informed the Exchange about Board Meeting held on 01-Nov-2022 to consider financial statements for the period ended September 2022 and Other business matters","01-Nov-2022 13:50:39","2022-11-01 13:50:39","01-Nov-2022 13:50:48","00:00:09","https://nsearchives.nseindia.com/corporate/MAXHEALTH_01112022135039_BoardOutcome_Nov01,2022F.pdf"
"MAXHEALTH","Max Healthcare Institute Limited","ESOP/ESPS/SBEB Scheme","Max Healthcare Institute Limited has informed the Exchange about Allotment of equity shares against exercise of stock options under ���Max Healthcare Institute Limited ��� Employee Stock Option Plan 2020��� (���MHIL ESOP-2020���)","31-Oct-2022 18:31:15","2022-10-31 18:31:15","31-Oct-2022 18:31:19","00:00:04","https://nsearchives.nseindia.com/corporate/MAXHEALTH_31102022183115_SEIntimation_Allotment_Final_S.pdf"
"MAXHEALTH","Max Healthcare Institute Limited","Schedule of Analysts/Institutional Investor Meet/Con. Call","Max Healthcare Institute Limited has informed the Exchange about Schedule of Earning Call on financial results for the second quarter and half year ended on September 30, 2022, for investors and analysts, is being organized on Wednesday, November 02, 2022 at 11:00 a.m. IST","26-Oct-2022 20:30:48","2022-10-26 20:30:48","26-Oct-2022 20:30:53","00:00:05","https://nsearchives.nseindia.com/corporate/MAXHEALTH_26102022203048_Earningcallschdule02.11.2022MHIL_Final_S.pdf"
"MAXHEALTH","Max Healthcare Institute Limited","General updates","Max Healthcare Institute Limited has informed the Exchange about Compliances under the Regulation 74(5) Of SEBI (Depositories and Participants) Regulations, 2018","18-Oct-2022 12:11:48","2022-10-18 12:11:48","18-Oct-2022 12:11:51","00:00:03","https://nsearchives.nseindia.com/corporate/MAXHEALTH_18102022121148_Regulation745Certificate_September2022S.pdf"
"MAXHEALTH","Max Healthcare Institute Limited","Resignation","Max Healthcare Institute Limited  has informed the Exchange about resignation of Ruchi Mahajan as Company Secretary of the Company ","01-Oct-2022 18:11:18","2022-10-01 18:11:18","01-Oct-2022 18:11:20","00:00:02","https://nsearchives.nseindia.com/corporate/MAXHEALTH_01102022181118_20220930SEIntimationResignationofCS.pdf"
"MAXHEALTH","Max Healthcare Institute Limited","General updates","Max Healthcare Institute Limited has informed the Exchange about Intimation of receiving request for reclassification from 'Promoter ' to 'Public' category under Regulation 31A of SEBI (Listing Obligations and Disclosure Requirements) Regulations, 2015 (""Listing Regulations"")","30-Sep-2022 20:00:27","2022-09-30 20:00:27","30-Sep-2022 20:00:32","00:00:05","https://nsearchives.nseindia.com/corporate/MAXHEALTH_30092022200027_ReclassifactionIntimation.pdf"
"MAXHEALTH","Max Healthcare Institute Limited","Closure of trading window","Max Healthcare Institute Limited has informed the Exchange about Closure of trading window","29-Sep-2022 16:26:39","2022-09-29 16:26:39","29-Sep-2022 16:26:42","00:00:03","https://nsearchives.nseindia.com/corporate/MAXHEALTH_29092022162639_TradingWindowClosureIntimation_Sep2022_Signed.pdf"
"MAXHEALTH","Max Healthcare Institute Limited","Schedule of Analysts/Institutional Investor Meet/Con. Call","Max Healthcare Institute Limited has informed the Exchange about Schedule of Analysts/Institutional Investor Meet/Con. Call ","28-Sep-2022 18:56:18","2022-09-28 18:56:18","28-Sep-2022 18:56:23","00:00:05","https://nsearchives.nseindia.com/corporate/MAXHEALTH_28092022185618_InvestorCallIntimation29.09.22_Signed.pdf"
"MAXHEALTH","Max Healthcare Institute Limited","Annual General Meeting","Max Healthcare Institute Limited has informed the Exchange about Voting results and  Scrutinizer report of Annual General Meeting held on 26-Sep-2022","28-Sep-2022 18:55:21","2022-09-28 18:55:21","28-Sep-2022 18:55:24","00:00:03","https://nsearchives.nseindia.com/corporate/MAXHEALTH_28092022185521_FINALFILEUPLOADINGMHIL.pdf"
"MAXHEALTH","Max Healthcare Institute Limited","Annual General Meeting","Max Healthcare Institute Limited has informed the Exchange about  Proceedings of Annual General Meeting held on 26-Sep-2022","27-Sep-2022 12:39:15","2022-09-27 12:39:15","27-Sep-2022 12:39:21","00:00:06","https://nsearchives.nseindia.com/corporate/MAXHEALTH_27092022123915_ProceedingofAGM_Final_Sep27,2022.pdf"
"MAXHEALTH","Max Healthcare Institute Limited","Resignation","Max Healthcare Institute Limited  has informed the Exchange about resignation of Prashant Kumar  as Non Executive - Non Independent Director of the company w.e.f. 26-Sep-2022","27-Sep-2022 11:56:30","2022-09-27 11:56:30","27-Sep-2022 11:56:35","00:00:05","https://nsearchives.nseindia.com/corporate/MAXHEALTH_27092022115630_PrashantCessation.pdf"
"MAXHEALTH","Max Healthcare Institute Limited","Schedule of Analysts/Institutional Investor Meet/Con. Call","Max Healthcare Institute Limited has informed the Exchange about Schedule of Analysts/Institutional Investor Meet/Con. Call scheduled for today i.e. Wednesday, September 21, 2022","21-Sep-2022 09:23:48","2022-09-21 09:23:48","21-Sep-2022 09:24:02","00:00:14","https://nsearchives.nseindia.com/corporate/MAXHEALTH_21092022092348_InvestorCallIntimation21.09.22S.pdf"
"MAXHEALTH","Max Healthcare Institute Limited","Schedule of Analysts/Institutional Investor Meet/Con. Call","Intimation of participation by Max Healthcare Institute Limited in Motilal Oswal Annual Global Investor Conference","16-Sep-2022 17:30:42","2022-09-16 17:30:42","16-Sep-2022 17:30:47","00:00:05","https://nsearchives.nseindia.com/corporate/MAXHEALTH_16092022173042_InvestorCallIntimation190922S.pdf"
"MAXHEALTH","Max Healthcare Institute Limited","ESOP/ESPS/SBEB Scheme","Max Healthcare Institute Limited has informed the Exchange about allotment of equity shares against exercise of stock options under Max Healthcare Institute Limited ��� Employee Stock Option Plan 2020","15-Sep-2022 13:46:39","2022-09-15 13:46:39","15-Sep-2022 13:46:49","00:00:10","https://nsearchives.nseindia.com/corporate/MAXHEALTH_15092022134639_MHILSEAllotmnetIntimationS.pdf"
"MAXHEALTH","Max Healthcare Institute Limited","Schedule of Analysts/Institutional Investor Meet/Con. Call","Max Healthcare Institute Limited has informed the Exchange about Schedule of Analysts/Institutional Investor Meet/Con. Call ","07-Sep-2022 16:40:30","2022-09-07 16:40:30","07-Sep-2022 16:40:39","00:00:09","https://nsearchives.nseindia.com/corporate/MAXHEALTH_07092022164030_Conferenceintimation08.pdf"
"MAXHEALTH","Max Healthcare Institute Limited","Schedule of Analysts/Institutional Investor Meet/Con. Call","Max Healthcare Institute Limited has informed the Exchange about Schedule for participation in Spark Capital Investor Conference","06-Sep-2022 18:48:30","2022-09-06 18:48:30","06-Sep-2022 18:48:33","00:00:03","https://nsearchives.nseindia.com/corporate/MAXHEALTH_06092022184830_InvestorcallintimationS.pdf"
"MAXHEALTH","Max Healthcare Institute Limited","Newspaper Advertisements","Max Healthcare Institute Limited has informed the Exchange about Newspaper Advertisements published on September 04, 2022 in the columns of English daily ���Financial Express���, all editions and Marathi daily ���Navshakti���, Mumbai edition, regarding circulation of notice of 21st AGM through Video Conferencing / Other Audio Visual Means (VC/OAVM), remote e- voting information etc. ","04-Sep-2022 14:26:48","2022-09-04 14:26:48","04-Sep-2022 14:26:57","00:00:09","https://nsearchives.nseindia.com/corporate/MAXHEALTH_04092022142648_Newspaperad2022.pdf"
"MAXHEALTH","Max Healthcare Institute Limited","Annual General Meeting","Max Healthcare Institute Limited has informed the Exchange about Notice of Annual General Meeting to be held on 26-Sep-2022","03-Sep-2022 19:13:15","2022-09-03 19:13:15","03-Sep-2022 19:13:19","00:00:04","https://nsearchives.nseindia.com/corporate/MAXHEALTH_03092022191315_MHILAnnualReport2122.pdf"
"MAXHEALTH","Max Healthcare Institute Limited","Credit Rating","Intimation regarding Revision in Rating(s) under Regulation 30 of the Securities and Exchange Board of India (Listing Obligations and Disclosure Requirements) Regulations, 2015- Credit Rating","01-Sep-2022 18:49:27","2022-09-01 18:49:27","01-Sep-2022 18:49:31","00:00:04","https://nsearchives.nseindia.com/corporate/MAXHEALTH_01092022184927_STXCreditRating.pdf"
"MAXHEALTH","Max Healthcare Institute Limited","General updates","Max Healthcare Institute Limited has informed the Exchange about Intimation regarding distribution of business undertaking of wholly owned subsidiary of the Company viz. Saket City Hospitals Limited (under voluntary liquidation)","01-Sep-2022 17:08:51","2022-09-01 17:08:51","01-Sep-2022 17:08:53","00:00:02","https://nsearchives.nseindia.com/corporate/MAXHEALTH_01092022170851_SEIntimationDistributionofBusinessUndertaking.pdf"
"MAXHEALTH","Max Healthcare Institute Limited","Appointment","Max Healthcare Institute Limited  has informed the Exchange about appointment of Anil Bhatnagar as Non Executive - Non Independent Director of the company w.e.f. 31-Aug-2022","31-Aug-2022 18:28:36","2022-08-31 18:28:36","31-Aug-2022 18:28:38","00:00:02","https://nsearchives.nseindia.com/corporate/MAXHEALTH_31082022182836_Disclosureur30.pdf"
"MAXHEALTH","Max Healthcare Institute Limited","Newspaper Advertisements","Max Healthcare Institute Limited has informed the Exchange about Newspaper Advertisements","31-Aug-2022 18:24:15","2022-08-31 18:24:15","31-Aug-2022 18:24:18","00:00:03","https://nsearchives.nseindia.com/corporate/MAXHEALTH_31082022182415_AGMNewspaperpublicationMHIL.pdf"
"MAXHEALTH","Max Healthcare Institute Limited","Resignation","Max Healthcare Institute Limited  has informed the Exchange about resignation of Gaurav Trehan as Non Executive - Non Independent Director of the company w.e.f. 24-Aug-2022","25-Aug-2022 12:16:18","2022-08-25 12:16:18","25-Aug-2022 12:16:26","00:00:08","https://nsearchives.nseindia.com/corporate/MAXHEALTH_25082022121618_SEs_Intimation_GauravTrehan_Resignation.pdf"
"MAXHEALTH","Max Healthcare Institute Limited","News Verification","MAXHEALTH : The Exchange has sought clarification from Max Healthcare Institute Limited with respect to recent news item captioned 27% Stake In Max Healthcare Put On Block Amid KKR Exit Reports.  The response from the Company is attached.","18-Aug-2022 10:33:54","2022-08-18 10:33:54","18-Aug-2022 10:34:12","00:00:18","https://nsearchives.nseindia.com/corporate/MAXHEALTH_18082022103354_Reply.pdf"
"MAXHEALTH","Max Healthcare Institute Limited","Transcript of Analysts/Institutional Investor Meet/Con. Call","Max Healthcare Institute Limited has informed the Exchange about Transcript of Analysts/Institutional Investor Meet/Con. Call ","17-Aug-2022 16:40:57","2022-08-17 16:40:57","17-Aug-2022 16:41:01","00:00:04","https://nsearchives.nseindia.com/corporate/MAXHEALTH_17082022164057_MHILearningcallQ1FY23.pdf"
"MAXHEALTH","Max Healthcare Institute Limited","News Verification","MAXHEALTH : The Exchange has sought clarification from Max Healthcare Institute Limited with respect to recent news item captioned 27% Stake In Max Healthcare Put On Block Amid KKR Exit Reports.  The response from the Company is awaited.","16-Aug-2022 16:46:54","2022-08-16 16:46:54","16-Aug-2022 16:46:59","00:00:05","-"
"MAXHEALTH","Max Healthcare Institute Limited","Newspaper Advertisements","Newspaper Advertisements pertaining to Extract of Financial Results for the quarter ended June 30, 2022","12-Aug-2022 15:50:14","2022-08-12 15:50:14","12-Aug-2022 15:50:25","00:00:11","https://nsearchives.nseindia.com/corporate/MAXHEALTH_12082022155014_NewspaperAdvertisement.pdf"
"MAXHEALTH","Max Healthcare Institute Limited","Recording of Analysts/Institutional Investor Meet/Con. Call","Audio recording of the earnings call held on Thursday, August 11, 2022 on financial results for the quarter ended June 30, 2022 of Max Healthcare Institute Limited (���the Company���)","11-Aug-2022 18:54:30","2022-08-11 18:54:30","11-Aug-2022 18:54:32","00:00:02","https://nsearchives.nseindia.com/corporate/MAXHEALTH_11082022185430_EarningcallaudiorecordingMHILQ1FY23.pdf"
"MAXHEALTH","Max Healthcare Institute Limited","General updates","Max Healthcare Institute Limited has informed the Exchange about Grant of stock options under Max Healthcare Institute Limited ESOP-2020 Scheme (ESOP-2020 scheme)","10-Aug-2022 15:25:00","2022-08-10 15:25:00","10-Aug-2022 15:25:11","00:00:11","https://nsearchives.nseindia.com/corporate/MAXHEALTH_10082022152500_ESOPdisclosure.pdf"
"MAXHEALTH","Max Healthcare Institute Limited","General updates","Max Healthcare Institute Limited has informed the Exchange about Comments of Board of Directors on penalty levied by the stock exchanges on the Company for delay filing of disclosure of related party transactions u/r 23(9) of SEBI LODR","10-Aug-2022 15:23:18","2022-08-10 15:23:18","10-Aug-2022 15:23:31","00:00:13","https://nsearchives.nseindia.com/corporate/MAXHEALTH_10082022152318_CommentsofBoard_MHIL.pdf"
"MAXHEALTH","Max Healthcare Institute Limited","Investor Presentation","Max Healthcare Institute Limited has informed the Exchange about Investor Presentation","10-Aug-2022 12:57:42","2022-08-10 12:57:42","10-Aug-2022 12:57:49","00:00:07","https://nsearchives.nseindia.com/corporate/MAXHEALTH_10082022125742_EarningsUpdate_Q1FY23.pdf"
"MAXHEALTH","Max Healthcare Institute Limited","Press Release","Max Healthcare Institute Limited has informed the Exchange about press release dated 10-Aug-2022 titled Press release Q1 FY23","10-Aug-2022 12:55:58","2022-08-10 12:55:58","10-Aug-2022 12:56:15","00:00:17","https://nsearchives.nseindia.com/corporate/MAXHEALTH_10082022125558_PressRelease_Q1FY23_FinalAug10.pdf"
"MAXHEALTH","Max Healthcare Institute Limited","Outcome of Board Meeting","Max Healthcare Institute Limited  has informed the Exchange about Board Meeting held on 10-Aug-2022 to consider financial statements for the period ended June 2022 and Other business matters","10-Aug-2022 12:54:30","2022-08-10 12:54:30","10-Aug-2022 12:54:35","00:00:05","https://nsearchives.nseindia.com/corporate/MAXHEALTH_10082022125430_BoardOutcome1.pdf"
"MAXHEALTH","Max Healthcare Institute Limited","Insider Trading - Others","Max Healthcare Institute Limited has informed the Exchange about compliance certificate of structured digital database for the quarter ended June 30, 2022","09-Aug-2022 22:59:51","2022-08-09 22:59:51","09-Aug-2022 22:59:54","00:00:03","https://nsearchives.nseindia.com/corporate/MAXHEALTH_09082022225951_SDD.pdf"
"MAXHEALTH","Max Healthcare Institute Limited","Schedule of Analysts/Institutional Investor Meet/Con. Call","Intimation of earnings call for investors and analysts on Q1 FY23 Results","01-Aug-2022 16:57:09","2022-08-01 16:57:09","01-Aug-2022 16:57:12","00:00:03","https://nsearchives.nseindia.com/corporate/MAXHEALTH_01082022165709_Earningcall_11.08.2022_MHIL_S.pdf"
"MAXHEALTH","Max Healthcare Institute Limited","Communication to shareholders as per Reg 30","Max Healthcare Institute Limited has informed the Exchange about communication to shareholders as per Regulation 30 of SEBI (Listing Obligations and Disclosure Requirements) Regulations, 2015 that clarification by the Company (i.e. Max Healthcare Institute Limited) w.r.t the article published in Livemint on July 15, 2022 and other subsequent media publication(s)","18-Jul-2022 14:33:51","2022-07-18 14:33:51","18-Jul-2022 14:33:54","00:00:03","https://nsearchives.nseindia.com/corporate/MAXHEALTH_18072022143351_MHIL.pdf"
"MAXHEALTH","Max Healthcare Institute Limited","General updates","Max Healthcare Institute Limited has informed the Exchange about Compliances under the Regulation 74(5) Of SEBI (Depositories and Participants) Regulations, 2018","07-Jul-2022 17:17:03","2022-07-07 17:17:03","07-Jul-2022 17:17:05","00:00:02","https://nsearchives.nseindia.com/corporate/MAXHEALTH_07072022171703_745June2022MHIL.pdf"
"MAXHEALTH","Max Healthcare Institute Limited","Closure of trading window","Max Healthcare Institute Limited has informed the Exchange about Closure of trading window","29-Jun-2022 18:38:12","2022-06-29 18:38:12","29-Jun-2022 18:38:16","00:00:04","https://nsearchives.nseindia.com/corporate/MAXHEALTH_29062022183812_Closureoftradingwindow.pdf"
"MAXHEALTH","Max Healthcare Institute Limited","Communication to shareholders as per Reg 30","Max Healthcare Institute Limited has informed the Exchange about communication to shareholders as per Regulation 30 of SEBI (Listing Obligations and Disclosure Requirements) Regulations, 2015 that the shareholders of SCHL at their Extra-Ordinary General Meeting held today i.e. June 20, 2022 have accorded approval for undertaking voluntary liquidation of SCHL.","20-Jun-2022 16:24:00","2022-06-20 16:24:00","20-Jun-2022 16:24:12","00:00:12","https://nsearchives.nseindia.com/corporate/MAXHEALTH_20062022162400_VoluntaryLiquidationofSaket.pdf"
"MAXHEALTH","Max Healthcare Institute Limited","Related Party Transaction","Max Healthcare Institute Limited has informed the Exchange about related party transaction for the period ended March 2022","10-Jun-2022 16:15:39","2022-06-10 16:15:39","10-Jun-2022 16:15:42","00:00:03","https://nsearchives.nseindia.com/corporate/MAXHEALTH_10062022161539_MHILRPTDISCLOSURE31032022.pdf"
"MAXHEALTH","Max Healthcare Institute Limited","General updates","Max Healthcare Institute Limited has informed the Exchange about Intimation  of becoming Crosslay Remedies Limted as Wholly owned subsidiary of the Company","03-Jun-2022 18:41:27","2022-06-03 18:41:27","03-Jun-2022 18:41:29","00:00:02","https://nsearchives.nseindia.com/corporate/MAXHEALTH_03062022184126_SEsIntimationCRLWOS.pdf"
"MAXHEALTH","Max Healthcare Institute Limited","Transcript of Analysts/Institutional Investor Meet/Con. Call","Max Healthcare Institute Limited has informed the Exchange about Transcript of Earnings Call on financial results of Q4 and FY22 ","01-Jun-2022 15:16:18","2022-06-01 15:16:18","01-Jun-2022 15:16:26","00:00:08","https://nsearchives.nseindia.com/corporate/MAXHEALTH_01062022151618_SEsTranscriptQ4FY22.pdf"
"MAXHEALTH","Max Healthcare Institute Limited","Newspaper Advertisements","Newspaper Advertisement pertaining to Extract of Financial Results for the quarter and financial year ended March 31, 2022","27-May-2022 17:53:21","2022-05-27 17:53:21","27-May-2022 17:53:25","00:00:04","https://nsearchives.nseindia.com/corporate/MAXHEALTH_27052022175304_NewspaperAdvertisement.pdf"
"MAXHEALTH","Max Healthcare Institute Limited","Recording of Analysts/Institutional Investor Meet/Con. Call","Audio recording of the Earnings Call on financial results of Q4 and FY22 of Max Healthcare Institute Limited","26-May-2022 23:27:27","2022-05-26 23:27:27","26-May-2022 23:27:29","00:00:02","https://nsearchives.nseindia.com/corporate/MAXHEALTH_26052022232719_RecordingofEarningcall.pdf"
"MAXHEALTH","Max Healthcare Institute Limited","Press Release","Max Healthcare Institute Limited has informed the Exchange about press release dated 25-May-2022 titled Press Release on Annual Financial Results","25-May-2022 15:19:39","2022-05-25 15:19:39","25-May-2022 15:19:52","00:00:13","https://nsearchives.nseindia.com/corporate/MAXHEALTH_25052022151939_PressRelease_Q4FY22_final00000002.pdf"
"MAXHEALTH","Max Healthcare Institute Limited","Financial Result Updates","Max Healthcare Institute Limited has submitted to the Exchange, the financial results for the period ended March 31, 2022.","25-May-2022 15:03:38","2022-05-25 15:03:38","25-May-2022 15:05:06","00:01:28","https://nsearchives.nseindia.com/corporate/OutcomeofBMMay2022_25052022150338.pdf"
"MAXHEALTH","Max Healthcare Institute Limited","Outcome of Board Meeting","Max Healthcare Institute Limited  has informed the Exchange about Board Meeting held on 25-May-2022 to consider and approved the Audited financial results (consolidated and standalone) of the Company for the financial year ended March 31, 2022 and Un-audited financial results (consolidated and standalone) for the quarter ended March 31, 2022","25-May-2022 14:57:35","2022-05-25 14:57:35","25-May-2022 14:57:46","00:00:11","https://nsearchives.nseindia.com/corporate/MAXHEALTH_25052022145734_OutcomeofBMMay2022Final.pdf"
"MAXHEALTH","Max Healthcare Institute Limited","Schedule of Analysts/Institutional Investor Meet/Con. Call","Intimation of earnings call for investors and analysts on Q4 and FY22 Results.","24-May-2022 19:09:23","2022-05-24 19:09:23","24-May-2022 19:09:25","00:00:02","https://nsearchives.nseindia.com/corporate/MAXHEALTH_24052022190905_EarningCall.pdf"
"MAXHEALTH","Max Healthcare Institute Limited","Disclosure of other UPSI/material event","Pursuant To Regulation 30 Of SEBI LODR, 2015, We Wish To Inform You That The Board Of Directors Of Alps Hospital Limited (���ALPS���) And Max Hospitals And Allied Services Limited (���MHASL���) At Their Respective Meetings Held Today I.E. May 16, 2022 Have Approved The Scheme Of Amalgamation Under The Provisions Of Sections 230 To 232 Of The Companies Act, 2013 And Relevant Rules Made Thereunder, For The Merger Of ALPS With MHASL","16-May-2022 19:09:56","2022-05-16 19:09:56","16-May-2022 19:09:59","00:00:03","https://nsearchives.nseindia.com/corporate/MAXHEALTH_16052022190948_SEMERGERINTIMATIONALPSRADIANTMUMBAI.pdf.docx.pdf"
"MAXHEALTH","Max Healthcare Institute Limited","Postal Ballot","Max Healthcare Institute Limited has informed the Exchange about  Scrutinizer report of Postal Ballot","06-May-2022 16:26:05","2022-05-06 16:26:05","06-May-2022 16:26:12","00:00:07","https://nsearchives.nseindia.com/corporate/MAXHEALTH_06052022162602_MHIL.pdf"
"MAXHEALTH","Max Healthcare Institute Limited","General updates","Max Healthcare Submit the disclosure of non-applicability of SEBI Circular No. SEBI/HO/DDHS/CIR/P/2018/144 (���SEBI Circular���) dated November 26, 2018 issued with respect Fund Raising by Issuance of Debt Securities of Large Entities","26-Apr-2022 22:08:04","2022-04-26 22:08:04","26-Apr-2022 22:08:08","00:00:04","https://nsearchives.nseindia.com/corporate/MAXHEALTH_26042022220804_LargeCorporateEntityDisclosureFY22.pdf"
"MAXHEALTH","Max Healthcare Institute Limited","General updates","Pursuant to Regulation 40(9) of SEBI (Listing Obligations & Disclosure Requirements) Regulations, 2015 the Certificate from Practicing Company Secretary for the financial year endedMarch 31, 2022 is enclosed herewith.","18-Apr-2022 21:24:06","2022-04-18 21:24:06","18-Apr-2022 21:24:10","00:00:04","https://nsearchives.nseindia.com/corporate/MAXHEALTH_18042022212405_MHIL40LODR.pdf"
"MAXHEALTH","Max Healthcare Institute Limited","General updates","Max Healthcare Institute Limited has informed the Exchange about Regulation 76 of SEBI (Depositories and Participants) Regulations, 2018","13-Apr-2022 19:02:38","2022-04-13 19:02:38","13-Apr-2022 19:02:42","00:00:04","https://nsearchives.nseindia.com/corporate/MAXHEALTH_13042022190225_MHIL76.pdf"
"MAXHEALTH","Max Healthcare Institute Limited","Issuance/changes in Capital-Others","Max Healthcare Institute Limited has informed the Exchange about allotment of equity shares against exercise of stock options under ���Max Healthcare Institute Limited ��� Employee Stock Option Plan 2020��� ","12-Apr-2022 13:49:05","2022-04-12 13:49:05","12-Apr-2022 13:49:13","00:00:08","https://nsearchives.nseindia.com/corporate/MAXHEALTH_12042022134903_SEsInitmationReg10cApril112022.pdf"
"MAXHEALTH","Max Healthcare Institute Limited","Disclosure under SEBI Takeover Regulations","Promoter/Promoter Group of Max Healthcare Institute Limited has submitted a disclosure under Regulation 31(4) of SEBI Takeover Regulations for the year ended 31-Mar-2022","11-Apr-2022 22:23:13","2022-04-11 22:23:13","11-Apr-2022 22:23:18","00:00:05","https://nsearchives.nseindia.com/corporate/AN_O11042022222313.xlsx"
"MAXHEALTH","Max Healthcare Institute Limited","Disclosure under SEBI Takeover Regulations","Promoter/Promoter Group of Max Healthcare Institute Limited has submitted a disclosure under Regulation 31(4) of SEBI Takeover Regulations for the year ended 31-Mar-2022","11-Apr-2022 16:52:08","2022-04-11 16:52:08","11-Apr-2022 16:52:20","00:00:12","https://nsearchives.nseindia.com/corporate/AN_O11042022165208.xlsx"
"MAXHEALTH","Max Healthcare Institute Limited","General updates","Pursuant to Regulation 7(3) of SEBI (Listing Obligations & Disclosure Requirements) Regulations, 2015, the Compliance Certificate for the financial year ended March 31, 2022","08-Apr-2022 17:48:11","2022-04-08 17:48:11","08-Apr-2022 17:48:20","00:00:09","https://nsearchives.nseindia.com/corporate/MAXHEALTH_08042022174808_MHIL7LODR.pdf"
"MAXHEALTH","Max Healthcare Institute Limited","General updates","Max Healthcare Institute Limited has informed the Exchange about Regulation 74(5) of Securities and Exchange Board of India (Depositories and Participants) Regulations, 2018.","07-Apr-2022 19:31:09","2022-04-07 19:31:09","07-Apr-2022 19:35:36","00:04:27","https://nsearchives.nseindia.com/corporate/MAXHEALTH_07042022193108_MHIL74DP.pdf"
"MAXHEALTH","Max Healthcare Institute Limited","Newspaper Advertisements","Max Healthcare Institute Limited has informed the Exchange about Newspaper Advertisements","05-Apr-2022 15:48:13","2022-04-05 15:48:13","05-Apr-2022 15:48:24","00:00:11","https://nsearchives.nseindia.com/corporate/MAXHEALTH_05042022154805_PostalBallotNoticeDispatch.pdf"
"MAXHEALTH","Max Healthcare Institute Limited","Postal Ballot","Max Healthcare Institute Limited has informed the Exchange about Notice of Postal Ballot","04-Apr-2022 18:36:53","2022-04-04 18:36:53","04-Apr-2022 18:37:01","00:00:08","https://nsearchives.nseindia.com/corporate/MAXHEALTH_04042022183650_MHILNoticeofpostalballot04042022.pdf"
"MAXHEALTH","Max Healthcare Institute Limited","General updates","Max Healthcare Institute Limited has informed the Exchange about Nomination of Independent Director on the Board of material subsidiary","01-Apr-2022 14:34:58","2022-04-01 14:34:58","01-Apr-2022 14:35:00","00:00:02","https://nsearchives.nseindia.com/corporate/MAXHEALTH_01042022143453_MHILIDApptinCRL.pdf"
"MAXHEALTH","Max Healthcare Institute Limited","Closure of trading window","Max Healthcare Institute Limited has informed the Exchange about Closure of trading window","01-Apr-2022 14:33:34","2022-04-01 14:33:34","01-Apr-2022 14:33:37","00:00:03","https://nsearchives.nseindia.com/corporate/MAXHEALTH_01042022143328_MHIDTradingwindowclosure.pdf"
"MAXHEALTH","Max Healthcare Institute Limited","Resignation","Max Healthcare Institute Limited  has informed the Exchange about resignation of Ananya Tripathi  as Non Executive - Non Independent Director of the company w.e.f. 14-Mar-2022","15-Mar-2022 17:59:20","2022-03-15 17:59:20","15-Mar-2022 17:59:28","00:00:08","https://nsearchives.nseindia.com/corporate/MAXHEALTH_15032022175915_SEsIntimationATResignGTAppt.pdf"
"MAXHEALTH","Max Healthcare Institute Limited","Schedule of Analysts/Institutional Investor Meet/Con. Call","We would like to inform you that Management interaction (one to one virtual meeting) with the following investors have been scheduled as per the letter attached.               ","03-Mar-2022 12:48:21","2022-03-03 12:48:21","03-Mar-2022 12:48:30","00:00:09","https://nsearchives.nseindia.com/corporate/MAXHEALTH_03032022124752_InvestorMeet03.pdf"
"MAXHEALTH","Max Healthcare Institute Limited","Schedule of Analysts/Institutional Investor Meet/Con. Call","Max Healthcare Institute Limited has informed the Exchange about Schedule of Analysts/Institutional Investor Meet/Con. Call ","24-Feb-2022 12:50:23","2022-02-24 12:50:23","24-Feb-2022 12:50:41","00:00:18","https://nsearchives.nseindia.com/corporate/MAXHEALTH_24022022125023_InvestorMeetFeb242022.pdf"
"MAXHEALTH","Max Healthcare Institute Limited","Schedule of Analysts/Institutional Investor Meet/Con. Call","Max Healthcare Institute Limited has informed the Exchange about Schedule of Analysts/Institutional Investor Meet/Con. Call ","24-Feb-2022 11:26:35","2022-02-24 11:26:35","24-Feb-2022 11:26:52","00:00:17","https://nsearchives.nseindia.com/corporate/MAXHEALTH_24022022112634_InvestorCallIntimationFeb242022.pdf"
"MAXHEALTH","Max Healthcare Institute Limited","Analysts/Institutional Investor Meet/Con. Call Updates","Max Healthcare Institute Limited has informed the Exchange about Schedule of meet","16-Feb-2022 11:17:00","2022-02-16 11:17:00","16-Feb-2022 11:17:15","00:00:15","https://nsearchives.nseindia.com/corporate/MAXHEALTH_16022022111700_InvestorMeetFeb162022.pdf"
"MAXHEALTH","Max Healthcare Institute Limited","Copy of Newspaper Publication","Max Healthcare Institute Limited has informed the Exchange about Copy of Newspaper Publication","14-Feb-2022 13:37:32","2022-02-14 13:37:32","14-Feb-2022 13:37:40","00:00:08","https://nsearchives.nseindia.com/corporate/MAXHEALTH_14022022133732_NewspaperAdvertisementFeb142022.pdf"
"MAXHEALTH","Max Healthcare Institute Limited","ESOP/ESOS/ESPS","Max Healthcare Institute Limited has informed the Exchange regarding Allotment of 24931  Shares.","12-Feb-2022 16:06:12","2022-02-12 16:06:12","12-Feb-2022 16:06:24","00:00:12","https://nsearchives.nseindia.com/corporate/MAXHEALTH_12022022160612_SEsintimationallotment.pdf"
"MAXHEALTH","Max Healthcare Institute Limited","Press Release","Max Healthcare Institute Limited has informed the Exchange regarding a press release dated February 12, 2022, titled ""PRESS RELEASE"".","12-Feb-2022 13:58:57","2022-02-12 13:58:57","12-Feb-2022 13:59:02","00:00:05","https://nsearchives.nseindia.com/corporate/MAXHEALTH_12022022135857_PressReleaseQ3FY22.pdf"
"MAXHEALTH","Max Healthcare Institute Limited","Financial Result Updates","Max Healthcare Institute Limited has submitted to the Exchange, the financial results for the period ended December 31, 2021.","12-Feb-2022 13:54:08","2022-02-12 13:54:08","12-Feb-2022 13:56:01","00:01:53","https://nsearchives.nseindia.com/corporate/OutcomeofBMFEB12022022_12022022135408.pdf"
"MAXHEALTH","Max Healthcare Institute Limited","Outcome of Board Meeting","Max Healthcare Institute Limited has informed the Exchange regarding  Board meeting held on February 12, 2022.","12-Feb-2022 13:51:35","2022-02-12 13:51:35","12-Feb-2022 13:51:42","00:00:07","https://nsearchives.nseindia.com/corporate/MAXHEALTH_12022022135135_OutcomeofBMFEB12022022.pdf"
"MAXHEALTH","Max Healthcare Institute Limited","Press Release","Max Healthcare Institute Limited has informed the Exchange regarding a press release dated February 11, 2022, titled ""Acquisition of equity stake in Eqova Healthcare Private Limited"".","11-Feb-2022 08:34:21","2022-02-11 08:34:21","11-Feb-2022 08:34:27","00:00:06","https://nsearchives.nseindia.com/corporate/MAXHEALTH_11022022083421_PressRelease.pdf"
"MAXHEALTH","Max Healthcare Institute Limited","Acquisition","Max Healthcare Institute Limited has informed the Exchange about Acquisition of equity stake in Eqova Healthcare Private Limited","11-Feb-2022 08:32:13","2022-02-11 08:32:13","11-Feb-2022 08:32:18","00:00:05","https://nsearchives.nseindia.com/corporate/MAXHEALTH_11022022083213_SEINTIMATIONNIROGI1.pdf"
"MAXHEALTH","Max Healthcare Institute Limited","Analysts/Institutional Investor Meet/Con. Call Updates","Max Healthcare Institute Limited has informed the Exchange about Schedule of meet","09-Feb-2022 14:02:06","2022-02-09 14:02:06","09-Feb-2022 14:02:23","00:00:17","https://nsearchives.nseindia.com/corporate/MAXHEALTH_09022022140206_MHILQ3EarningCall.pdf"
"MAXHEALTH","Max Healthcare Institute Limited","Analysts/Institutional Investor Meet/Con. Call Updates","Max Healthcare Institute Limited has informed the Exchange about Schedule of meet","07-Feb-2022 14:23:18","2022-02-07 14:23:18","07-Feb-2022 14:23:26","00:00:08","https://nsearchives.nseindia.com/corporate/MAXHEALTH_07022022142317_InvestorCall.pdf"
"MAXHEALTH","Max Healthcare Institute Limited","Analysts/Institutional Investor Meet/Con. Call Updates","Max Healthcare Institute Limited has informed the Exchange about Schedule of meet","07-Feb-2022 14:23:17","2022-02-07 14:23:17","07-Feb-2022 14:23:23","00:00:06","https://nsearchives.nseindia.com/corporate/MAXHEALTH_07022022142317_InvestorCall.pdf"
"MAXHEALTH","Max Healthcare Institute Limited","Investor Presentation","Max Healthcare Institute Limited has informed the Exchange about Investor Presentation","07-Feb-2022 08:37:17","2022-02-07 08:37:17","07-Feb-2022 08:37:22","00:00:05","https://nsearchives.nseindia.com/corporate/MAXHEALTH_07022022083717_MHIL_InvestrorsPPTFEb2022.pdf"
"MAXHEALTH","Max Healthcare Institute Limited","Analysts/Institutional Investor Meet/Con. Call Updates","Max Healthcare Institute Limited has informed the Exchange about Schedule of meet","04-Feb-2022 18:58:30","2022-02-04 18:58:30","04-Feb-2022 18:58:42","00:00:12","https://nsearchives.nseindia.com/corporate/MAXHEALTH_04022022185825_InvestorCall.pdf"
"MAXHEALTH","Max Healthcare Institute Limited","Analysts/Institutional Investor Meet/Con. Call Updates","Max Healthcare Institute Limited has informed the Exchange about Schedule of meet","04-Feb-2022 18:58:29","2022-02-04 18:58:29","04-Feb-2022 18:58:39","00:00:10","https://nsearchives.nseindia.com/corporate/MAXHEALTH_04022022185825_InvestorCall.pdf"
"MAXHEALTH","Max Healthcare Institute Limited","Analysts/Institutional Investor Meet/Con. Call Updates","Max Healthcare Institute Limited has informed the Exchange about Schedule of meet","04-Feb-2022 18:58:27","2022-02-04 18:58:27","04-Feb-2022 18:58:37","00:00:10","https://nsearchives.nseindia.com/corporate/MAXHEALTH_04022022185825_InvestorCall.pdf"
"MAXHEALTH","Max Healthcare Institute Limited","Analysts/Institutional Investor Meet/Con. Call Updates","Max Healthcare Institute Limited has informed the Exchange about Schedule of meet","04-Feb-2022 18:58:26","2022-02-04 18:58:26","04-Feb-2022 18:58:36","00:00:10","https://nsearchives.nseindia.com/corporate/MAXHEALTH_04022022185825_InvestorCall.pdf"
"MAXHEALTH","Max Healthcare Institute Limited","Analysts/Institutional Investor Meet/Con. Call Updates","Max Healthcare Institute Limited has informed the Exchange about Schedule of meet","04-Feb-2022 18:58:25","2022-02-04 18:58:25","04-Feb-2022 18:58:31","00:00:06","https://nsearchives.nseindia.com/corporate/MAXHEALTH_04022022185825_InvestorCall.pdf"
"MAXHEALTH","Max Healthcare Institute Limited","Press Release","Max Healthcare Institute Limited has informed the Exchange regarding a press release dated January 20, 2022, titled ""Long Term Services Agreement With Muthoot Hospitals Private Limited"".","20-Jan-2022 13:26:28","2022-01-20 13:26:28","20-Jan-2022 13:26:34","00:00:06","https://nsearchives.nseindia.com/corporate/MAXHEALTH_20012022132628_PressRelease.pdf"
"MAXHEALTH","Max Healthcare Institute Limited","Updates","Max Healthcare Institute Limited has informed the Exchange regarding 'Announcement Under Regulation 30 - Long Term Services Agreement With Muthoot Hospitals Private Limited'.","20-Jan-2022 13:23:55","2022-01-20 13:23:55","20-Jan-2022 13:24:15","00:00:20","https://nsearchives.nseindia.com/corporate/MAXHEALTH_20012022132355_MHILSEsIntimationMuthootHospital20012022.pdf"
"MAXHEALTH","Max Healthcare Institute Limited","Certificate under SEBI (Depositories and Participants) Regulations, 2018","Max Healthcare Institute Limited has informed the Exchange about Certificate under Regulation 76 SEBI (Depositories and Participants) Regulations, 2018","18-Jan-2022 19:02:11","2022-01-18 19:02:11","18-Jan-2022 19:02:18","00:00:07","https://nsearchives.nseindia.com/corporate/MAXHEALTH_18012022190211_MHIL76DP.pdf"
"MAXHEALTH","Max Healthcare Institute Limited","Updates","Max Healthcare Institute Limited has informed the Exchange regarding 'Announcement Under Regulation 30 (LODR) - Financial Impact Of Voluntary Retirement Scheme'.","18-Jan-2022 15:54:32","2022-01-18 15:54:32","18-Jan-2022 15:54:38","00:00:06","https://nsearchives.nseindia.com/corporate/MAXHEALTH_18012022155432_MHILSEsIntimationVRSImpact.pdf"
"MAXHEALTH","Max Healthcare Institute Limited","Analysts/Institutional Investor Meet/Con. Call Updates","Max Healthcare Institute Limited has informed the Exchange about Schedule of meet","18-Jan-2022 13:36:15","2022-01-18 13:36:15","18-Jan-2022 13:36:25","00:00:10","https://nsearchives.nseindia.com/corporate/MAXHEALTH_18012022133615_InvestorConferenceJan182022.pdf"
"MAXHEALTH","Max Healthcare Institute Limited","Analysts/Institutional Investor Meet/Con. Call Updates","Max Healthcare Institute Limited has informed the Exchange about participation by the Company in Global Healthcare Conference","10-Jan-2022 18:56:21","2022-01-10 18:56:21","10-Jan-2022 18:56:27","00:00:06","https://nsearchives.nseindia.com/corporate/MAXHEALTH_10012022185621_InvestorConferenceJan122022.pdf"
"MAXHEALTH","Max Healthcare Institute Limited","Certificate under SEBI (Depositories and Participants) Regulations, 2018","Max Healthcare Institute Limited has informed the Exchange about Certificate under Regulation 74(5) of SEBI (Depositories and Participants) Regulations, 2018","10-Jan-2022 18:50:36","2022-01-10 18:50:36","10-Jan-2022 18:50:45","00:00:09","https://nsearchives.nseindia.com/corporate/MAXHEALTH_10012022185036_RTA74DP.pdf"
"MAXHEALTH","Max Healthcare Institute Limited","Trading Window","Max Healthcare Institute Limited has informed the Exchange regarding the Trading Window closure pursuant to SEBI (Prohibition of Insider Trading) Regulations, 2015","01-Jan-2022 11:17:12","2022-01-01 11:17:12","01-Jan-2022 11:17:17","00:00:05","https://nsearchives.nseindia.com/corporate/MAXHEALTH_01012022111712_ClosureofTradingWindow.pdf"
"MAXHEALTH","Max Healthcare Institute Limited","Updates","Max Healthcare Institute Limited has informed the Exchange regarding 'Intimation Of Depositing The Penalty Amount Received From Designated Person To SEBI - IPEF Account'.","29-Dec-2021 12:03:11","2021-12-29 12:03:11","29-Dec-2021 12:03:18","00:00:07","https://nsearchives.nseindia.com/corporate/MAXHEALTH_29122021120310_LettertoSEIntimationforSEBIIPEFAmount.pdf"
"MAXHEALTH","Max Healthcare Institute Limited","Analysts/Institutional Investor Meet/Con. Call Updates","Max Healthcare Institute Limited has informed the Exchange about Schedule of meet","22-Dec-2021 22:18:18","2021-12-22 22:18:18","22-Dec-2021 22:18:24","00:00:06","https://nsearchives.nseindia.com/corporate/MAXHEALTH_22122021221818_InvestorMeetCanara23122021.pdf"
"MAXHEALTH","Max Healthcare Institute Limited","Analysts/Institutional Investor Meet/Con. Call Updates","Max Healthcare Institute Limited has informed the Exchange about Schedule of meet","22-Dec-2021 17:09:11","2021-12-22 17:09:11","22-Dec-2021 17:09:18","00:00:07","https://nsearchives.nseindia.com/corporate/MAXHEALTH_22122021170911_InvestorMeetDec232021.pdf"
"MAXHEALTH","Max Healthcare Institute Limited","Analysts/Institutional Investor Meet/Con. Call Updates","Max Healthcare Institute Limited has informed the Exchange about Schedule of meet","22-Dec-2021 15:03:29","2021-12-22 15:03:29","22-Dec-2021 15:03:35","00:00:06","https://nsearchives.nseindia.com/corporate/MAXHEALTH_22122021150329_InvestorCallDec232021.pdf"
"MAXHEALTH","Max Healthcare Institute Limited","Updates","Max Healthcare Institute Limited has informed the Exchange regarding 'the In-principle approval for Voluntary liquidation of WOS i.e. Saket City Hospitals Limited, subject  to applicable laws and also making Radiant Mumbai, a WOS of the Company'.","18-Dec-2021 14:48:47","2021-12-18 14:48:47","18-Dec-2021 14:48:54","00:00:07","https://nsearchives.nseindia.com/corporate/MAXHEALTH_18122021144847_DEC14INTIMATIONBOARDMEETING.pdf"
"MAXHEALTH","Max Healthcare Institute Limited","Analysts/Institutional Investor Meet/Con. Call Updates","Max Healthcare Institute Limited has informed the Exchange about Schedule of meet","15-Dec-2021 10:29:11","2021-12-15 10:29:11","15-Dec-2021 10:29:15","00:00:04","https://nsearchives.nseindia.com/corporate/MAXHEALTH_15122021102911_InvestorCallIntimationDec1521.pdf"
"MAXHEALTH","Max Healthcare Institute Limited","Analysts/Institutional Investor Meet/Con. Call Updates","Max Healthcare Institute Limited has informed the Exchange about Schedule of meet","08-Dec-2021 20:30:52","2021-12-08 20:30:52","08-Dec-2021 20:30:56","00:00:04","https://nsearchives.nseindia.com/corporate/MAXHEALTH_08122021203052_InvestorCallIntimationDec092021.pdf"
"MAXHEALTH","Max Healthcare Institute Limited","Updates","Max Healthcare Institute Limited has informed the Exchange regarding 'Intimation regarding submission of application for reclassification of certain persons/ entity from Promoter to Public under Regulation 31A(10)'.","08-Dec-2021 20:19:43","2021-12-08 20:19:43","08-Dec-2021 20:19:46","00:00:03","https://nsearchives.nseindia.com/corporate/MAXHEALTH_08122021201943_SEINTIMATIONAPPLICATIONINTIMATION.pdf"
"MAXHEALTH","Max Healthcare Institute Limited","Analysts/Institutional Investor Meet/Con. Call Updates","Max Healthcare Institute Limited has informed the Exchange about Schedule of meet","07-Dec-2021 11:36:11","2021-12-07 11:36:11","07-Dec-2021 11:36:22","00:00:11","https://nsearchives.nseindia.com/corporate/MAXHEALTH_07122021113611_InvestorCallIntimationDec072021.pdf"
"MAXHEALTH","Max Healthcare Institute Limited","Updates","Max Healthcare Institute Limited has informed the Exchange regarding 'Re-Classification of certain Promoters of the Company to  PUBLIC  category From  PROMOTER  category'.","03-Dec-2021 18:24:54","2021-12-03 18:24:54","03-Dec-2021 18:25:04","00:00:10","https://nsearchives.nseindia.com/corporate/MAXHEALTH_03122021182454_SEINTIMATIONRECLASSIFICATIONOFPROMOTERS.pdf"
"MAXHEALTH","Max Healthcare Institute Limited","ESOP/ESOS/ESPS","Max Healthcare Institute Limited has informed the Exchange regarding Allotment of 193225  Shares.","01-Dec-2021 17:02:56","2021-12-01 17:02:56","01-Dec-2021 17:03:00","00:00:04","https://nsearchives.nseindia.com/corporate/MAXHEALTH_01122021170256_SEsintimationallotmentDec012021.pdf"
"MAXHEALTH","Max Healthcare Institute Limited","Updates","Max Healthcare Institute Limited has informed the Exchange regarding 'Intimation under Regulation 30 of the SEBI (Listing Obligations and Disclosure Requirements) Regulations, 2015( Listing regulations )'.","29-Nov-2021 16:20:51","2021-11-29 16:20:51","29-Nov-2021 16:20:55","00:00:04","https://nsearchives.nseindia.com/corporate/MAXHEALTH_29112021162051_IntimationtoStockExchangeWithdrawalofMerger.pdf"
"MAXHEALTH","Max Healthcare Institute Limited","Analysts/Institutional Investor Meet/Con. Call Updates","Max Healthcare Institute Limited has informed the Exchange about Schedule of meet","26-Nov-2021 19:03:33","2021-11-26 19:03:33","26-Nov-2021 19:03:39","00:00:06","https://nsearchives.nseindia.com/corporate/MAXHEALTH_26112021190333_InvestorCallIntimationNovember302021.pdf"
"MAXHEALTH","Max Healthcare Institute Limited","Analysts/Institutional Investor Meet/Con. Call Updates","Max Healthcare Institute Limited has informed the Exchange about Schedule of meet","24-Nov-2021 17:52:13","2021-11-24 17:52:13","24-Nov-2021 17:52:17","00:00:04","https://nsearchives.nseindia.com/corporate/MAXHEALTH_24112021175213_MHILInvestorsMeetIntimation.pdf"
"MAXHEALTH","Max Healthcare Institute Limited","Analysts/Institutional Investor Meet/Con. Call Updates","Max Healthcare Institute Limited has informed the Exchange about Schedule of meet","22-Nov-2021 18:28:42","2021-11-22 18:28:42","22-Nov-2021 18:28:52","00:00:10","https://nsearchives.nseindia.com/corporate/MAXHEALTH_22112021182838_InvestorCallIntimationNov262021.pdf"
"MAXHEALTH","Max Healthcare Institute Limited","Analysts/Institutional Investor Meet/Con. Call Updates","Max Healthcare Institute Limited has informed the Exchange about Schedule of meet","22-Nov-2021 18:28:41","2021-11-22 18:28:41","22-Nov-2021 18:28:48","00:00:07","https://nsearchives.nseindia.com/corporate/MAXHEALTH_22112021182838_InvestorCallIntimationNov252021.pdf"
"MAXHEALTH","Max Healthcare Institute Limited","Analysts/Institutional Investor Meet/Con. Call Updates","Max Healthcare Institute Limited has informed the Exchange about Schedule of meet","22-Nov-2021 18:28:40","2021-11-22 18:28:40","22-Nov-2021 18:28:46","00:00:06","https://nsearchives.nseindia.com/corporate/MAXHEALTH_22112021182838_InvestorCallIntimationNov242021.pdf"
"MAXHEALTH","Max Healthcare Institute Limited","Analysts/Institutional Investor Meet/Con. Call Updates","Max Healthcare Institute Limited has informed the Exchange about Schedule of meet","22-Nov-2021 18:28:39","2021-11-22 18:28:39","22-Nov-2021 18:28:45","00:00:06","https://nsearchives.nseindia.com/corporate/MAXHEALTH_22112021182838_InvestorCallIntimationNov232021.pdf"
"MAXHEALTH","Max Healthcare Institute Limited","Analysts/Institutional Investor Meet/Con. Call Updates","Max Healthcare Institute Limited has informed the Exchange about Schedule of meet","16-Nov-2021 15:15:15","2021-11-16 15:15:15","16-Nov-2021 15:15:21","00:00:06","https://nsearchives.nseindia.com/corporate/MAXHEALTH_16112021151515_InvestorCallIntimationNovember162021.pdf"
"MAXHEALTH","Max Healthcare Institute Limited","Analysts/Institutional Investor Meet/Con. Call Updates","Max Healthcare Institute Limited has informed the Exchange about Schedule of meet","15-Nov-2021 17:31:07","2021-11-15 17:31:07","15-Nov-2021 17:31:20","00:00:13","https://nsearchives.nseindia.com/corporate/MAXHEALTH_15112021173106_InvestorCallIntimationNovember16182021.pdf"
"MAXHEALTH","Max Healthcare Institute Limited","Analysts/Institutional Investor Meet/Con. Call Updates","Max Healthcare Institute Limited has informed the Exchange about Schedule of meet","15-Nov-2021 17:31:06","2021-11-15 17:31:06","15-Nov-2021 17:31:09","00:00:03","https://nsearchives.nseindia.com/corporate/MAXHEALTH_15112021173106_InvestorCallIntimationNovember16182021.pdf"
"MAXHEALTH","Max Healthcare Institute Limited","Investor Presentation","Max Healthcare Institute Limited has informed the Exchange about Investor Presentation","15-Nov-2021 14:03:25","2021-11-15 14:03:25","15-Nov-2021 14:03:31","00:00:06","https://nsearchives.nseindia.com/corporate/MAXHEALTH_15112021140324_InvestorpresentationNov2021.pdf"
"MAXHEALTH","Max Healthcare Institute Limited","Analysts/Institutional Investor Meet/Con. Call Updates","Max Healthcare Institute Limited has informed the Exchange about Schedule of meet","15-Nov-2021 12:33:09","2021-11-15 12:33:09","15-Nov-2021 12:33:14","00:00:05","https://nsearchives.nseindia.com/corporate/MAXHEALTH_15112021123309_InvestorCallIntimationNovember152021.pdf"
"MAXHEALTH","Max Healthcare Institute Limited","Analysts/Institutional Investor Meet/Con. Call Updates","Max Healthcare Institute Limited has informed the Exchange about Participation in  Investor Conference Calls","14-Nov-2021 16:36:05","2021-11-14 16:36:05","14-Nov-2021 16:36:10","00:00:05","https://nsearchives.nseindia.com/corporate/MAXHEALTH_14112021163605_MHILInvestorCallParticipating.pdf"
"MAXHEALTH","Max Healthcare Institute Limited","Copy of Newspaper Publication","Max Healthcare Institute Limited has informed the Exchange about Copy of Newspaper Publication","14-Nov-2021 16:33:56","2021-11-14 16:33:56","14-Nov-2021 16:34:01","00:00:05","https://nsearchives.nseindia.com/corporate/MAXHEALTH_14112021163356_NewspaperAdvertisement14Nov2021.pdf"
"MAXHEALTH","Max Healthcare Institute Limited","ESOP/ESOS/ESPS","Max Healthcare Institute Limited has informed the Exchange regarding Allotment of 667005  Shares. to 26 eligible grantees .","12-Nov-2021 17:51:35","2021-11-12 17:51:35","12-Nov-2021 17:51:43","00:00:08","https://nsearchives.nseindia.com/corporate/MAXHEALTH_12112021175135_SEAllotment2021.pdf"
"MAXHEALTH","Max Healthcare Institute Limited","ESOP/ESOS/ESPS","Max Healthcare Institute Limited has informed the Exchange regarding Grant of 375924  Options.","12-Nov-2021 17:25:36","2021-11-12 17:25:36","12-Nov-2021 17:25:49","00:00:13","https://nsearchives.nseindia.com/corporate/MAXHEALTH_12112021172536_MHILSTXIntimationESOPGrant2021.pdf"
"MAXHEALTH","Max Healthcare Institute Limited","Financial Result Updates","Max Healthcare Institute Limited has submitted to the Exchange, the financial results for the period ended September 30, 2021.","12-Nov-2021 13:25:18","2021-11-12 13:25:18","12-Nov-2021 13:27:01","00:01:43","https://nsearchives.nseindia.com/corporate/OutcomeofBMnov122021_12112021132518.pdf"
"MAXHEALTH","Max Healthcare Institute Limited","Outcome of Board Meeting","Max Healthcare Institute Limited has informed the Exchange regarding  Board meeting held on November 12, 2021.","12-Nov-2021 13:16:57","2021-11-12 13:16:57","12-Nov-2021 13:17:01","00:00:04","https://nsearchives.nseindia.com/corporate/MAXHEALTH_12112021131656_OutcomeofBMnov122021.pdf"
"MAXHEALTH","Max Healthcare Institute Limited","Shareholders meeting","Max Healthcare Institute Limited has submitted the Exchange a copy Srutinizers report of  Postal Ballot. Further, the company has informed the Exchange regarding voting results.","11-Nov-2021 18:59:37","2021-11-11 18:59:37","11-Nov-2021 18:59:41","00:00:04","https://nsearchives.nseindia.com/corporate/MAXHEALTH_11112021185937_SEintimationscrutizerreport_s.pdf"
"MAXHEALTH","Max Healthcare Institute Limited","Analysts/Institutional Investor Meet/Con. Call Updates","Max Healthcare Institute Limited has informed the Exchange about Schedule of meet on financial results of Max Healthcare Institute Limited for the second quarter and half year ended on September 30, 2021","09-Nov-2021 14:09:44","2021-11-09 14:09:44","09-Nov-2021 14:09:49","00:00:05","https://nsearchives.nseindia.com/corporate/MAXHEALTH_09112021140944_Earningcallnov152021.pdf"
"MAXHEALTH","Max Healthcare Institute Limited","ESOP/ESOS/ESPS","Max Healthcare Institute Limited has informed the Exchange regarding Allotment of 2783288  Shares under ESOP","26-Oct-2021 18:33:50","2021-10-26 18:33:50","26-Oct-2021 18:33:53","00:00:03","https://nsearchives.nseindia.com/corporate/MAXHEALTH_26102021183350_SEINTIMATIONESOPALLOTMENT26OCT.pdf"
"MAXHEALTH","Max Healthcare Institute Limited","Shareholders meeting","Max Healthcare Institute Limited has informed the Exchange regarding Notice of Postal Ballot","12-Oct-2021 16:45:36","2021-10-12 16:45:36","12-Oct-2021 16:45:40","00:00:04","https://nsearchives.nseindia.com/corporate/MAXHEALTH_12102021164536_STxinitmationMHIL.pdf"
"MAXHEALTH","Max Healthcare Institute Limited","Updates","Max Healthcare Institute Limited has informed the Exchange regarding 'Board Approval For Amendment In AOA And Conducting Postal Ballot '.","10-Oct-2021 18:33:46","2021-10-10 18:33:46","10-Oct-2021 18:33:52","00:00:06","https://nsearchives.nseindia.com/corporate/MAXHEALTH_10102021183346_SECoveringLetter.pdf"
"MAXHEALTH","Max Healthcare Institute Limited","Disclosure under SEBI Takeover Regulations","Kayak InvestmentsHolding Pte. Ltd and Kayak Topco Holding Pte. Ltd has informed the Exchange regarding disclosure of reasons for encumbrance.","08-Oct-2021 18:39:15","2021-10-08 18:39:15","08-Oct-2021 18:39:20","00:00:05","https://nsearchives.nseindia.com/corporate/MAXHEALTH_08102021183915_Kayak_Investments_Holding_Pte_Ltd_-_Disclosure_of_Encumbrances_(S.pdf"
"MAXHEALTH","Max Healthcare Institute Limited","Disclosure under SEBI Takeover Regulations","Axis Bank Trustee Services Limited has submitted to the Exchange a Copy of Disclosure Regulation 29 (1) of SEBI (Substantial Acquisition of Shares and Takeovers)regulations 2011","08-Oct-2021 17:27:42","2021-10-08 17:27:42","08-Oct-2021 17:27:49","00:00:07","https://nsearchives.nseindia.com/corporate/MAXHEALTH_08102021172741_Project_Kayak_Regulation_29_1__Disclosure_and_Cover_Letter.pdf"
"MAXHEALTH","Max Healthcare Institute Limited","Certificate under SEBI (Depositories and Participants) Regulations, 2018","Max Healthcare Institute Limited has informed the Exchange about Certificate under Regulation 76 of  SEBI (Depositories and Participants) Regulations, 2018","06-Oct-2021 18:45:21","2021-10-06 18:45:21","06-Oct-2021 18:45:25","00:00:04","https://nsearchives.nseindia.com/corporate/MAXHEALTH_06102021184521_MHIL76ReconcillitionShareCapitalAuditReport.pdf"
"MAXHEALTH","Max Healthcare Institute Limited","Certificate under SEBI (Depositories and Participants) Regulations, 2018","Max Healthcare Institute Limited has informed the Exchange about Certificate under Regulation 74(5) of SEBI (Depositories and Participants) Regulations, 2018","06-Oct-2021 18:42:17","2021-10-06 18:42:17","06-Oct-2021 18:42:22","00:00:05","https://nsearchives.nseindia.com/corporate/MAXHEALTH_06102021184217_REG74_5_FILE.pdf"
"MAXHEALTH","Max Healthcare Institute Limited","Press Release","Max Healthcare Institute Limited has informed the Exchange regarding a press release dated October 04, 2021, titled ""Max Healthcare to Set up 1000+ Hospital Beds in Gurugram"".","04-Oct-2021 12:46:45","2021-10-04 12:46:45","04-Oct-2021 12:46:49","00:00:04","https://nsearchives.nseindia.com/corporate/MAXHEALTH_04102021124645_Pressrelease.pdf"
"MAXHEALTH","Max Healthcare Institute Limited","Updates","Max Healthcare Institute Limited has informed the Exchange regarding 'Max Healthcare to Set up 1000+ Hospital Beds in Gurugram'.","04-Oct-2021 12:45:26","2021-10-04 12:45:26","04-Oct-2021 12:45:30","00:00:04","https://nsearchives.nseindia.com/corporate/MAXHEALTH_04102021124526_Boardmeetingupdate.pdf"
"MAXHEALTH","Max Healthcare Institute Limited","Shareholders meeting","Max Healthcare Institute Limited has submitted the Exchange a copy Srutinizers report of  Annual General Meeting held on September 29, 2021. Further, the company has informed the Exchange regarding voting results.","01-Oct-2021 17:58:40","2021-10-01 17:58:40","01-Oct-2021 17:58:45","00:00:05","https://nsearchives.nseindia.com/corporate/MAXHEALTH_01102021175840_ScrutnizerReportMHIL.pdf"
"MAXHEALTH","Max Healthcare Institute Limited","Trading Window","Max Healthcare Institute Limited has informed the Exchange regarding the Trading Window closure pursuant to SEBI (Prohibition of Insider Trading) Regulations, 2015","30-Sep-2021 17:40:16","2021-09-30 17:40:16","30-Sep-2021 17:40:24","00:00:08","https://nsearchives.nseindia.com/corporate/MAXHEALTH_30092021174016_Closureoftradingwindow.pdf"
"MAXHEALTH","Max Healthcare Institute Limited","Shareholders meeting","Max Healthcare Institute Limited has informed the Exchange regarding Proceedings of Annual General Meeting held on September 29, 2021","30-Sep-2021 12:47:25","2021-09-30 12:47:25","30-Sep-2021 12:47:31","00:00:06","https://nsearchives.nseindia.com/corporate/MAXHEALTH_30092021124725_Proceedings20thAGMMAXHEALTHCAREFINAL.pdf"
"MAXHEALTH","Max Healthcare Institute Limited","Updates","Max Healthcare Institute Limited has informed the Exchange regarding 'approval of amendment to the Shareholders  Agreement dated December 24, 2018 '.","28-Sep-2021 23:47:21","2021-09-28 23:47:21","28-Sep-2021 23:47:27","00:00:06","https://nsearchives.nseindia.com/corporate/MAXHEALTH_28092021234721_SEsintimationSep282021.pdf"
"MAXHEALTH","Max Healthcare Institute Limited","Analysts/Institutional Investor Meet/Con. Call Updates","Max Healthcare Institute Limited has informed the Exchange about Analysts/Institutional Investor Meet/Con. Call Updates","22-Sep-2021 23:19:39","2021-09-22 23:19:39","22-Sep-2021 23:19:43","00:00:04","https://nsearchives.nseindia.com/corporate/MAXHEALTH_22092021231939_MHILINVESTORMEETSEP222021.pdf"
"MAXHEALTH","Max Healthcare Institute Limited","Analysts/Institutional Investor Meet/Con. Call Updates","Max Healthcare Institute Limited has informed the Exchange about Analysts/Institutional Investor Meet/Con. Call Updates","20-Sep-2021 17:15:50","2021-09-20 17:15:50","20-Sep-2021 17:15:54","00:00:04","https://nsearchives.nseindia.com/corporate/MAXHEALTH_20092021171550_MHILInvestorsMeetIntimationsep212021.pdf"
"MAXHEALTH","Max Healthcare Institute Limited","Analysts/Institutional Investor Meet/Con. Call Updates","Max Healthcare Institute Limited has informed the Exchange about Analysts/Institutional Investor Meet/Con. Call Updates","19-Sep-2021 14:12:37","2021-09-19 14:12:37","19-Sep-2021 14:12:41","00:00:04","https://nsearchives.nseindia.com/corporate/MAXHEALTH_19092021141237_MHILInvestorsMeetIntimationsep192021.pdf"
"MAXHEALTH","Max Healthcare Institute Limited","Analysts/Institutional Investor Meet/Con. Call Updates","Max Healthcare Institute Limited has informed the Exchange about Analysts/Institutional Investor Meet/Con. Call Updates","17-Sep-2021 10:38:00","2021-09-17 10:38:00","17-Sep-2021 10:38:12","00:00:12","https://nsearchives.nseindia.com/corporate/MAXHEALTH_17092021103800_MHILINVESTORCALLWITHPPT.pdf"
"MAXHEALTH","Max Healthcare Institute Limited","Copy of Newspaper Publication","Max Healthcare Institute Limited has informed the Exchange about Copy of Newspaper Publication","08-Sep-2021 14:17:29","2021-09-08 14:17:29","08-Sep-2021 14:17:34","00:00:05","https://nsearchives.nseindia.com/corporate/MAXHEALTH_08092021141729_NewspaperAdvertisement.pdf"
"MAXHEALTH","Max Healthcare Institute Limited","Shareholders meeting","Max Healthcare Institute Limited has informed the Exchange regarding Notice of Annual General Meeting to be held on September 29, 2021","07-Sep-2021 23:26:53","2021-09-07 23:26:53","07-Sep-2021 23:26:57","00:00:04","https://nsearchives.nseindia.com/corporate/MAXHEALTH_07092021232653_AGMNOTICEFY21.pdf"
"MAXHEALTH","Max Healthcare Institute Limited","Copy of Newspaper Publication","Max Healthcare Institute Limited has informed the Exchange about Copy of Newspaper Publication -","06-Sep-2021 19:13:13","2021-09-06 19:13:13","06-Sep-2021 19:13:16","00:00:03","https://nsearchives.nseindia.com/corporate/MAXHEALTH_06092021191312_IntimationSEsNewspaperAdvertismentAGM.pdf"
"MAXHEALTH","Max Healthcare Institute Limited","Updates","Max Healthcare Institute Limited has informed the Exchange regarding 'CHANGE IN DATE OF 20TH ANNUAL GENERAL MEETING OF THE COMPANY'.","05-Sep-2021 20:41:47","2021-09-05 20:41:47","05-Sep-2021 20:41:50","00:00:03","https://nsearchives.nseindia.com/corporate/MAXHEALTH_05092021204147_MHILSEINTIMATIONAGMDATECHANGE.pdf"
"MAXHEALTH","Max Healthcare Institute Limited","Updates","Max Healthcare Institute Limited has informed the Exchange regarding 'Announcement Under Regulation 30 (LODR) - Declaration Of Voluntary Retirement Scheme In One Of The Managed Healthcare Facilities'.","04-Sep-2021 18:30:18","2021-09-04 18:30:18","04-Sep-2021 18:30:22","00:00:04","https://nsearchives.nseindia.com/corporate/MAXHEALTH_04092021183018_MHILSEsIntimationVRSinNanavati.pdf"
"MAXHEALTH","Max Healthcare Institute Limited","Analysts/Institutional Investor Meet/Con. Call Updates","Max Healthcare Institute Limited has informed the Exchange about Analysts/Institutional Investor Meet/Con. Call Updates","03-Sep-2021 19:25:27","2021-09-03 19:25:27","03-Sep-2021 19:25:33","00:00:06","https://nsearchives.nseindia.com/corporate/MAXHEALTH_03092021192527_MHILInvestorsMeetIntimationSep032021.pdf"
"MAXHEALTH","Max Healthcare Institute Limited","Press Release (Revised)","Max Healthcare Institute Limited has informed the Exchange regarding a revised press release dated August 27, 2021, titled ""Max Healthcare acquires exclusive rights to aid development and provide medical services to a proposed 500 bed hospital in South Delhi "".","27-Aug-2021 18:09:04","2021-08-27 18:09:04","27-Aug-2021 18:09:08","00:00:04","https://nsearchives.nseindia.com/corporate/MAXHEALTH_27082021180904_VikrantPRfinal.pdf"
"MAXHEALTH","Max Healthcare Institute Limited","Updates","Max Healthcare Institute Limited has informed the Exchange regarding 'Acquisition of 100% equity stake in ET Planners Private Limited by Alps Hospital Limited, wholly owned subsidiary of the Company.'.","27-Aug-2021 18:03:24","2021-08-27 18:03:24","27-Aug-2021 18:03:30","00:00:06","https://nsearchives.nseindia.com/corporate/MAXHEALTH_27082021180324_IntimationtoSEsreg30.pdf"
"MAXHEALTH","Max Healthcare Institute Limited","Press Release","Max Healthcare Institute Limited has informed the Exchange regarding a press release dated August 27, 2021, titled ""Max Healthcare acquires exclusive rights to aid development and provide medical services to a proposed 500 bed hospital in South Delhi "".","27-Aug-2021 17:22:36","2021-08-27 17:22:36","27-Aug-2021 17:22:42","00:00:06","https://nsearchives.nseindia.com/corporate/MAXHEALTH_27082021172236_VikrantPRfinal.pdf"
"MAXHEALTH","Max Healthcare Institute Limited","Updates","Max Healthcare Institute Limited has informed the Exchange regarding 'Acquisition of 100% equity stake in ET Planners Private Limited by Alps Hospital Limited, wholly owned subsidiary of the Company'.","27-Aug-2021 17:13:45","2021-08-27 17:13:45","27-Aug-2021 17:13:49","00:00:04","https://nsearchives.nseindia.com/corporate/MAXHEALTH_27082021171345_IntimationtoSEsreg30.pdf"
"MAXHEALTH","Max Healthcare Institute Limited","Updates","Max Healthcare Institute Limited has informed the Exchange regarding ''.","25-Aug-2021 16:08:49","2021-08-25 16:08:49","25-Aug-2021 16:08:55","00:00:06","https://nsearchives.nseindia.com/corporate/MAXHEALTH_25082021160849_SEintimationALPS.pdf"
"MAXHEALTH","Max Healthcare Institute Limited","Analysts/Institutional Investor Meet/Con. Call Updates","Max Healthcare Institute Limited has informed the Exchange about Analysts/Institutional Investor Meet/Con. Call Updates","23-Aug-2021 11:38:39","2021-08-23 11:38:39","23-Aug-2021 11:38:43","00:00:04","https://nsearchives.nseindia.com/corporate/MAXHEALTH_23082021113839_InvestorCallIntimationAugust242526272021.pdf"
"MAXHEALTH","Max Healthcare Institute Limited","Updates","Max Healthcare Institute Limited has informed the Exchange regarding 'Completion of open market sale by one of the Promoters of the Company for achieving Minimum Public Shareholding'.","20-Aug-2021 18:58:11","2021-08-20 18:58:11","20-Aug-2021 18:58:17","00:00:06","https://nsearchives.nseindia.com/corporate/MAXHEALTH_20082021185811_ClosingopenmarketsaleMHIL_sw.pdf"
"MAXHEALTH","Max Healthcare Institute Limited","Updates","Max Healthcare Institute Limited has informed the Exchange regarding 'Announcement Under Regulation 30 (LODR) - Open Market Sale For Achieving MPS Threshold'.","17-Aug-2021 21:39:10","2021-08-17 21:39:10","17-Aug-2021 21:39:15","00:00:05","https://nsearchives.nseindia.com/corporate/MAXHEALTH_17082021213910_SEsIntimationOfferforSale.pdf"
"MAXHEALTH","Max Healthcare Institute Limited","Updates","Max Healthcare Institute Limited has informed the Exchange regarding 'Announcement Under Regulation 30 (LODR) - Compliance With MPS Threshold SEBI Approval Letter - August 17 2021'.","17-Aug-2021 21:32:45","2021-08-17 21:32:45","17-Aug-2021 21:32:51","00:00:06","https://nsearchives.nseindia.com/corporate/MAXHEALTH_17082021213245_SEsIntimationSEBIApprovalLetter.pdf"
"MAXHEALTH","Max Healthcare Institute Limited","Copy of Newspaper Publication","Max Healthcare Institute Limited has informed the Exchange about Copy of Newspaper Publication","12-Aug-2021 13:50:07","2021-08-12 13:50:07","12-Aug-2021 13:50:26","00:00:19","https://nsearchives.nseindia.com/corporate/MAXHEALTH_12082021135007_Newspaperadvertisementjune302021.pdf"
"MAXHEALTH","Max Healthcare Institute Limited","Analysts/Institutional Investor Meet/Con. Call Updates","Max Healthcare Institute Limited has informed the Exchange about Analysts/Institutional Investor Meet/Con. Call Updates","10-Aug-2021 17:04:10","2021-08-10 17:04:10","10-Aug-2021 17:46:43","00:42:33","https://nsearchives.nseindia.com/corporate/MAXHEALTH_10082021170410_INVESTORSCALL1111.pdf"
"MAXHEALTH","Max Healthcare Institute Limited","Financial Result Updates","Max Healthcare Institute Limited has submitted to the Exchange, the financial results for the period ended June 30, 2021.","10-Aug-2021 13:22:44","2021-08-10 13:22:44","10-Aug-2021 13:24:07","00:01:23","https://nsearchives.nseindia.com/corporate/BOARDOUTCOME_10082021132244.pdf"
"MAXHEALTH","Max Healthcare Institute Limited","Outcome of Board Meeting","Max Healthcare Institute Limited has informed the Exchange regarding  Board meeting held on August 10, 2021.","10-Aug-2021 13:17:36","2021-08-10 13:17:36","10-Aug-2021 13:17:42","00:00:06","https://nsearchives.nseindia.com/corporate/MAXHEALTH_10082021131736_BOARDOUTCOME.pdf"
"MAXHEALTH","Max Healthcare Institute Limited","Analysts/Institutional Investor Meet/Con. Call Updates","Max Healthcare Institute Limited has informed the Exchange about Analysts/Institutional Investor Meet/Con. Call Updates","05-Aug-2021 10:51:09","2021-08-05 10:51:09","05-Aug-2021 10:51:14","00:00:05","https://nsearchives.nseindia.com/corporate/MAXHEALTH_05082021105109_IntimationtoSTXAugust112021.pdf"
"MAXHEALTH","Max Healthcare Institute Limited","Updates","Max Healthcare Institute Limited has informed the Exchange regarding 'Announcement under Regulation 30 of SEBI (LODR), update on corporate guarantee'.","04-Aug-2021 19:07:58","2021-08-04 19:07:58","04-Aug-2021 19:08:06","00:00:08","https://nsearchives.nseindia.com/corporate/MAXHEALTH_04082021190758_SEsIntimationDDFGuarantee.pdf"
"MAXHEALTH","Max Healthcare Institute Limited","Certificate under SEBI (Depositories and Participants) Regulations, 2018","Max Healthcare Institute Limited has informed the Exchange about Certificate under Regulation 74(5) of SEBI (Depositories and Participants) Regulations, 2018","08-Jul-2021 17:07:39","2021-07-08 17:07:39","08-Jul-2021 17:07:42","00:00:03","https://nsearchives.nseindia.com/corporate/MAXHEALTH_08072021170739_REGULATION74.pdf"
"MAXHEALTH","Max Healthcare Institute Limited","Credit Rating","Max Healthcare Institute Limited has informed the Exchange about Credit Rating","02-Jul-2021 16:12:07","2021-07-02 16:12:07","02-Jul-2021 16:12:22","00:00:15","https://nsearchives.nseindia.com/corporate/MAXHEALTH_02072021161207_CREDITRATINGINTIMATION.pdf"
"MAXHEALTH","Max Healthcare Institute Limited","Updates","Max Healthcare Institute Limited has informed the Exchange regarding 'Intimation of depositing the penalty amount received from immediate relative of Designated Person to SEBI   IPEF Account '.","01-Jul-2021 15:57:11","2021-07-01 15:57:11","01-Jul-2021 15:57:17","00:00:06","https://nsearchives.nseindia.com/corporate/MAXHEALTH_01072021155711_LettertoSEsIntimationforSEBIIPEFAmountSujeetJha.pdf"
"MAXHEALTH","Max Healthcare Institute Limited","Trading Window","Max Healthcare Institute Limited has informed the Exchange regarding the Trading Window closure pursuant to SEBI (Prohibition of Insider Trading) Regulations, 2015","30-Jun-2021 15:54:24","2021-06-30 15:54:24","30-Jun-2021 15:54:38","00:00:14","https://nsearchives.nseindia.com/corporate/MAXHEALTH_30062021155424_TradingWindowClosureNotice.pdf"
"MAXHEALTH","Max Healthcare Institute Limited","Analysts/Institutional Investor Meet/Con. Call Updates","Max Healthcare Institute Limited has informed the Exchange about Analysts/Institutional Investor Meet/Con. Call Updates","29-Jun-2021 22:32:38","2021-06-29 22:32:38","29-Jun-2021 22:32:44","00:00:06","https://nsearchives.nseindia.com/corporate/MAXHEALTH_29062021223238_MHILInvestorsMeetIntimationJune2021.pdf"
"MAXHEALTH","Max Healthcare Institute Limited","Related Party Transactions","Max Healthcare Institute Limited has informed the Exchange about related Party Transactions pursuant to Regulation 23(9) of SEBI (Listing Obligations and Disclosure Requirements) Regulations, 2015, as amended.","25-Jun-2021 22:36:36","2021-06-25 22:36:36","25-Jun-2021 22:36:41","00:00:05","https://nsearchives.nseindia.com/corporate/MAXHEALTH_25062021223636_FINALFILEUPLOADINGRPT.pdf"
"MAXHEALTH","Max Healthcare Institute Limited","Updates","Max Healthcare Institute Limited has informed the Exchange regarding 'MHIL - Disclosure under Regulation 4(1) of PIT Regulations'.","23-Jun-2021 23:35:26","2021-06-23 23:35:26","23-Jun-2021 23:35:32","00:00:06","https://nsearchives.nseindia.com/corporate/MAXHEALTH_23062021233526_Regulation4_1_PITRegulations.pdf"
"MAXHEALTH","Max Healthcare Institute Limited","Analysts/Institutional Investor Meet/Con. Call Updates","Max Healthcare Institute Limited has informed the Exchange about Analysts/Institutional Investor Meet/Con. Call Updates","14-Jun-2021 20:35:28","2021-06-14 20:35:28","14-Jun-2021 20:35:33","00:00:05","https://nsearchives.nseindia.com/corporate/MAXHEALTH_14062021203528_InvestorMeetIntimationJune151617.pdf"
"MAXHEALTH","Max Healthcare Institute Limited","Analysts/Institutional Investor Meet/Con. Call Updates","Max Healthcare Institute Limited has informed the Exchange about Analysts/Institutional Investor Meet/Con. Call Updates","13-Jun-2021 19:47:12","2021-06-13 19:47:12","13-Jun-2021 19:47:18","00:00:06","https://nsearchives.nseindia.com/corporate/MAXHEALTH_13062021194712_MHILInvestorsMeetIntimation.pdf"
"MAXHEALTH","Max Healthcare Institute Limited","Analysts/Institutional Investor Meet/Con. Call Updates","Max Healthcare Institute Limited has informed the Exchange about Analysts/Institutional Investor Meet/Con. Call Updates","06-Jun-2021 13:23:41","2021-06-06 13:23:41","06-Jun-2021 13:23:46","00:00:05","https://nsearchives.nseindia.com/corporate/MAXHEALTH_06062021132341_InvestorMeetPresentationJune072021.pdf"
"MAXHEALTH","Max Healthcare Institute Limited","Analysts/Institutional Investor Meet/Con. Call Updates","Max Healthcare Institute Limited has informed the Exchange about Analysts/Institutional Investor Meet/Con. Call Updates","02-Jun-2021 09:37:15","2021-06-02 09:37:15","02-Jun-2021 09:37:20","00:00:05","https://nsearchives.nseindia.com/corporate/MAXHEALTH_02062021093715_InvestorMeetPresentationJune022021.pdf"
"MAXHEALTH","Max Healthcare Institute Limited","Investor Presentation","Max Healthcare Institute Limited has informed the Exchange about Investor Presentation","31-May-2021 14:31:16","2021-05-31 14:31:16","31-May-2021 14:31:23","00:00:07","https://nsearchives.nseindia.com/corporate/MAXHEALTH_31052021143116_Investorpresentationforinvestormeet.pdf"
"MAXHEALTH","Max Healthcare Institute Limited","Analysts/Institutional Investor Meet/Con. Call Updates","Max Healthcare Institute Limited has informed the Exchange about Analysts/Institutional Investor Meet/Con. Call Updates","30-May-2021 14:42:53","2021-05-30 14:42:53","30-May-2021 14:43:00","00:00:07","https://nsearchives.nseindia.com/corporate/MAXHEALTH_30052021144253_MHILInvestorsMeetIntimationMay302021.pdf"
"MAXHEALTH","Max Healthcare Institute Limited","Copy of Newspaper Publication","Max Healthcare Institute Limited has informed the Exchange about Copy of Newspaper Publication","30-May-2021 13:17:04","2021-05-30 13:17:04","30-May-2021 13:17:09","00:00:05","https://nsearchives.nseindia.com/corporate/MAXHEALTH_30052021131704_NewspaperPublicationsw.pdf"
"MAXHEALTH","Max Healthcare Institute Limited","Corrigendum","Max Healthcare Institute Limited has informed the Exchange regarding Corrigendum to outcome of the Board Meeting held today i.e. May 28, 2021","28-May-2021 18:27:11","2021-05-28 18:27:11","28-May-2021 18:27:23","00:00:12","https://nsearchives.nseindia.com/corporate/MAXHEALTH_28052021182711_UpdateonOutcomeMay282021.pdf"
"MAXHEALTH","Max Healthcare Institute Limited","Financial Result Updates","Max Healthcare Institute Limited has submitted to the Exchange, the financial results for the period ended March 31, 2021.","28-May-2021 15:42:25","2021-05-28 15:42:25","28-May-2021 15:44:12","00:01:47","https://nsearchives.nseindia.com/corporate/Outcome_28052021154225.pdf"
"MAXHEALTH","Max Healthcare Institute Limited","Outcome of Board Meeting","Max Healthcare Institute Limited has informed the Exchange regarding  Board meeting held on May 28, 2021.","28-May-2021 15:34:32","2021-05-28 15:34:32","28-May-2021 15:34:45","00:00:13","https://nsearchives.nseindia.com/corporate/MAXHEALTH_28052021153432_Outcome.pdf"
"MAXHEALTH","Max Healthcare Institute Limited","Change in Director(s)","Max Healthcare Institute Limited has informed the Exchange regarding Change in Director(s) of the company.","24-May-2021 18:06:57","2021-05-24 18:06:57","24-May-2021 18:07:13","00:00:16","https://nsearchives.nseindia.com/corporate/MAXHEALTH_24052021180657_SEsIntimationofAppofIDMsHarmeenMehta.pdf"
"MAXHEALTH","Max Healthcare Institute Limited","Appointment","Max Healthcare Institute Limited has informed the Exchange regarding Appointment of Ms Harmeen Mehta as Non- Executive Independent Director of the company w.e.f. May 24, 2021.","24-May-2021 18:05:05","2021-05-24 18:05:05","24-May-2021 18:05:21","00:00:16","https://nsearchives.nseindia.com/corporate/MAXHEALTH_24052021180505_SEsIntimationofAppofIDMsHarmeenMehta.pdf"
"MAXHEALTH","Max Healthcare Institute Limited","Resignation","Max Healthcare Institute Limited has informed the Exchange regarding Resignation of Mr Upendra Kumar Sinha (DIN 00010336)�� as Non- Executive Independent Director of the company w.e.f. May 20, 2021.","21-May-2021 22:18:44","2021-05-21 22:18:44","21-May-2021 22:18:49","00:00:05","https://nsearchives.nseindia.com/corporate/MAXHEALTH_21052021221844_SEsintimationresignationof_MrUKSinhaMay202021_sw.pdf"
"MAXHEALTH","Max Healthcare Institute Limited","Change in Director(s)","Max Healthcare Institute Limited has informed the Exchange regarding Change in Director(s) of the company.","21-May-2021 22:15:46","2021-05-21 22:15:46","21-May-2021 22:15:52","00:00:06","https://nsearchives.nseindia.com/corporate/MAXHEALTH_21052021221546_SEsintimationresignationof_MrUKSinhaMay202021_sw.pdf"
"MAXHEALTH","Max Healthcare Institute Limited","Analysts/Institutional Investor Meet/Con. Call Updates","Max Healthcare Institute Limited has informed the Exchange about Analysts/Institutional Investor Meet/Con. Call Updates","21-May-2021 13:15:17","2021-05-21 13:15:17","21-May-2021 13:15:26","00:00:09","https://nsearchives.nseindia.com/corporate/MAXHEALTH_21052021131517_MHILQ4FY21EarningsCall.pdf"
"MAXHEALTH","Max Healthcare Institute Limited","Disclosure under SEBI Takeover Regulations","��Promoter/Member of the Promoter Group of the Company has informed the Exchange regarding disclosure under Regulation 30 and Regulation 31(4) of SEBI SAST Regulations 2011��as at March 31, 2021.","15-Apr-2021 10:42:39","2021-04-15 10:42:39","15-Apr-2021 10:42:43","00:00:04","https://nsearchives.nseindia.com/corporate/MAXHEALTH_15042021104239_MHIL30.pdf"
"MAXHEALTH","Max Healthcare Institute Limited","Disclosure under SEBI Takeover Regulations","��Promoter/Member of the Promoter Group of the Company has informed the Exchange regarding disclosure under Regulation 30 and Regulation 31(4) of SEBI SAST Regulations 2011��as at March 31, 2021.��","15-Apr-2021 09:23:44","2021-04-15 09:23:44","15-Apr-2021 09:23:52","00:00:08","https://nsearchives.nseindia.com/corporate/MAXHEALTH_15042021092344_MHIL.pdf"
"MAXHEALTH","Max Healthcare Institute Limited","Certificate under SEBI (Depositories and Participants) Regulations, 2018","Max Healthcare Institute Limited has informed the Exchange about Certificate under 74(5) of SEBI (Depositories and Participants) Regulations, 2018","14-Apr-2021 21:33:05","2021-04-14 21:33:05","14-Apr-2021 21:33:10","00:00:05","https://nsearchives.nseindia.com/corporate/MAXHEALTH_14042021213305_MHIL74_5_.pdf"
"MAXHEALTH","Max Healthcare Institute Limited","Updates","Max Healthcare Institute Limited has informed the Exchange regarding 'Intimation Of Depositing The Penalty Amount Received From Designated Person To SEBI   IPEF Account'.","13-Apr-2021 20:50:23","2021-04-13 20:50:23","13-Apr-2021 20:50:26","00:00:03","https://nsearchives.nseindia.com/corporate/MAXHEALTH_13042021205023_IntimationDepositingPenaltyAmountSEBIIPEF.PDF"
"MAXHEALTH","Max Healthcare Institute Limited","Updates","Max Healthcare Institute Limited has informed the Exchange regarding 'Intimation of placing of matter before the Board of Directors w.r.t. identification of non-compliance of Regulation 18 (1) of the Securities and Exchange Board of India (Listing Obligations and Disclosure Requirements) Regulations, 2015, as amended (the  Listing Regulations ) and penalty imposed by the Stock Exchanges'.","07-Apr-2021 13:33:08","2021-04-07 13:33:08","07-Apr-2021 13:33:13","00:00:05","https://nsearchives.nseindia.com/corporate/MAXHEALTH_07042021133308_MHILResponseSEsIntimation.pdf"
"MAXHEALTH","Max Healthcare Institute Limited","Updates","Max Healthcare Institute Limited has informed the Exchange regarding 'Intimation of proposed formation of a wholly owned subsidiary company'.","06-Apr-2021 18:13:18","2021-04-06 18:13:18","06-Apr-2021 18:13:21","00:00:03","https://nsearchives.nseindia.com/corporate/MAXHEALTH_06042021181318_StockexchangeintimationforWoS.pdf"
"MAXHEALTH","Max Healthcare Institute Limited","Updates","Max Healthcare Institute Limited has informed the Exchange regarding 'Intimation under Regulation 30(2) of the Securities and Exchange Board of India (Listing Obligations and Disclosure Requirements) Regulations, 2015, the Company proposed to acquire equity share capital of subsidiary of the Company i.e Crosslay Remedies Limited (CRL), in one or more tranches, from other shareholders of CRL.'.","05-Apr-2021 22:25:32","2021-04-05 22:25:32","05-Apr-2021 22:25:36","00:00:04","https://nsearchives.nseindia.com/corporate/MAXHEALTH_05042021222532_IntimationAcquistionofStakeinCRL.pdf"
"MAXHEALTH","Max Healthcare Institute Limited","Trading Window","Max Healthcare Institute Limited has informed the Exchange regarding the Trading Window closure pursuant to SEBI (Prohibition of Insider Trading) Regulations, 2015","31-Mar-2021 17:45:57","2021-03-31 17:45:57","31-Mar-2021 17:46:09","00:00:12","https://nsearchives.nseindia.com/corporate/MAXHEALTH_31032021174557_MHILTradingWindowCloserIntimationSEs.pdf"
"MAXHEALTH","Max Healthcare Institute Limited","Analysts/Institutional Investor Meet/Con. Call Updates","Max Healthcare Institute Limited has informed the Exchange about Analysts/Institutional Investor Meet/Con. Call Updates","30-Mar-2021 21:36:23","2021-03-30 21:36:23","30-Mar-2021 21:36:29","00:00:06","https://nsearchives.nseindia.com/corporate/MAXHEALTH_30032021213623_MHILInvestorsMeetIntimationMarch302021.pdf"
"MAXHEALTH","Max Healthcare Institute Limited","Updates","Max Healthcare Institute Limited has informed the Exchange regarding 'Pursuant to Regulation 30 of the SEBI (Listing Obligations and Disclosure Requirements) Regulations, 2015 ( Listing Regulations ), we wish to inform you that the Board of Directors of Alps Hospital Limited ( ALPS ) and Saket City Hospitals Limited ( SCHL ) wholly owned subsidiaries of Max Healthcare Institute Limited ( the Company ), at their meeting held on March 26, 2021, have approved the Scheme of Amalgamation {merger by absorption} (hereinafter referred to as ""Scheme ) under the provisions of Section 234 read with Sections 230 to 232 of the Companies Act, 2013 and relevant Rules made thereunder, for the merger of ALPS with SCHL.'.","26-Mar-2021 19:11:04","2021-03-26 19:11:04","26-Mar-2021 19:11:09","00:00:05","https://nsearchives.nseindia.com/corporate/MAXHEALTH_26032021191104_IntimationofSEsMergerofALPSintoSCHL.pdf"
"MAXHEALTH","Max Healthcare Institute Limited","Analysts/Institutional Investor Meet/Con. Call Updates","Max Healthcare Institute Limited has informed the Exchange about Analysts/Institutional Investor Meet/Con. Call Updates","23-Mar-2021 18:34:56","2021-03-23 18:34:56","23-Mar-2021 18:35:01","00:00:05","https://nsearchives.nseindia.com/corporate/MAXHEALTH_23032021183456_MHILInvestorsMeetIntimationmarch232021.pdf"
"MAXHEALTH","Max Healthcare Institute Limited","Updates","Max Healthcare Institute Limited has informed the Exchange regarding 'In terms of Regulation 30 of the Securities and Exchange Board of India (Listing Obligations and Disclosure Requirements) Regulations, 2015'. the Company holds 100% of the equity shares of Saket City Hospitals Limited","15-Mar-2021 20:48:50","2021-03-15 20:48:50","15-Mar-2021 20:48:54","00:00:04","https://nsearchives.nseindia.com/corporate/MAXHEALTH_15032021204850_IntimationtoSEsAcquistionofStakeinSaketCityHospitalsLtd.pdf"
"MAXHEALTH","Max Healthcare Institute Limited","Analysts/Institutional Investor Meet/Con. Call Updates","Max Healthcare Institute Limited has informed the Exchange about Analysts/Institutional Investor Meet/Con. Call Updates","11-Mar-2021 22:05:47","2021-03-11 22:05:47","11-Mar-2021 22:05:50","00:00:03","https://nsearchives.nseindia.com/corporate/MAXHEALTH_11032021220547_Intimationforconference.pdf"
"MAXHEALTH","Max Healthcare Institute Limited","Qualified Institutional Placement","Max Healthcare Institute Limited has informed the Exchange about qualified Institutional Placement-List of allottees who have been allotted Equity Shares in the Issue","10-Mar-2021 14:00:14","2021-03-10 14:00:14","10-Mar-2021 14:00:23","00:00:09","https://nsearchives.nseindia.com/corporate/MAXHEALTH_10032021140014_SEintimationlistofAllotment.pdf"
"MAXHEALTH","Max Healthcare Institute Limited","Qualified Institutional Placement","Max Healthcare Institute Limited has informed the Exchange about qualified Institutional Placement about the Allotment of equity shares of face value of INR 10 each ( Equity Shares ) by Max Healthcare Institute Limited (the  Company ) to qualified institutional buyers under Chapter VI of the Securities and Exchange Board of India (Issue of Capital and Disclosure Requirements) Regulations, 2018, as amended (the  SEBI ICDR Regulations ) and applicable provisions of the Companies Act, 2013 and the rules framed thereunder, each as amended (the  Issue )","10-Mar-2021 10:17:27","2021-03-10 10:17:27","10-Mar-2021 10:17:33","00:00:06","https://nsearchives.nseindia.com/corporate/MAXHEALTH_10032021101727_SEintimationAllotmentofQIP.pdf"
"MAXHEALTH","Max Healthcare Institute Limited","Qualified Institutional Placement","Max Healthcare Institute Limited has informed the Exchange about qualified Institutional Placement about the approval and adoption of the placement document dated March 09, 2021","09-Mar-2021 23:22:16","2021-03-09 23:22:16","09-Mar-2021 23:22:20","00:00:04","https://nsearchives.nseindia.com/corporate/MAXHEALTH_09032021232216_SEIntimationPDapproval.pdf"
"MAXHEALTH","Max Healthcare Institute Limited","Qualified Institutional Placement","Max Healthcare Institute Limited has informed the Exchange about qualified Institutional Placementof equity shares of face value of INR 10 each ( Equity Shares ) by Max Healthcare Institute Limited (the  Company ) under Chapter VI of the Securities and Exchange Board of India (Issue of Capital and Disclosure Requirements) Regulations, 2018, as amended (the  SEBI ICDR Regulations ) and applicable provisions of the Companies Act, 2013 and the rules framed thereunder, each as amended (the  Issue )","09-Mar-2021 19:01:33","2021-03-09 19:01:33","09-Mar-2021 19:01:37","00:00:04","https://nsearchives.nseindia.com/corporate/MAXHEALTH_09032021190133_SEIntimationMarch092021.pdf"
"MAXHEALTH","Max Healthcare Institute Limited","Qualified Institutional Placement","Max Healthcare Institute Limited has informed the Exchange about qualified Institutional Placement, Qualified institutions placement of equity shares of face value of INR 10 each ( Equity Shares ) by Max Healthcare Institute Limited (the  Company ) under Chapter VI of the Securities and Exchange Board of India (Issue of Capital and Disclosure Requirements) Regulations, 2018, as amended (the  SEBI ICDR Regulations ) and applicable provisions of the Companies Act, 2013 and the rules framed thereunder, each as amended (the  Issue ), Regulation 29 for determination of issue price and trading window intimation.","04-Mar-2021 17:20:25","2021-03-04 17:20:25","04-Mar-2021 17:20:40","00:00:15","https://nsearchives.nseindia.com/corporate/MAXHEALTH_04032021172025_Disclosure.pdf"
"MAXHEALTH","Max Healthcare Institute Limited","Updates","Max Healthcare Institute Limited has informed the Exchange regarding ''.","03-Mar-2021 21:37:40","2021-03-03 21:37:40","03-Mar-2021 21:37:44","00:00:04","https://nsearchives.nseindia.com/corporate/MAXHEALTH_03032021213740_FINALOUTCOME_sign.pdf"
"MAXHEALTH","Max Healthcare Institute Limited","Analysts/Institutional Investor Meet/Con. Call Updates","Max Healthcare Institute Limited has informed the Exchange about Analysts/Institutional Investor Meet/Con. Call Updates","26-Feb-2021 16:19:55","2021-02-26 16:19:55","26-Feb-2021 16:20:01","00:00:06","https://nsearchives.nseindia.com/corporate/MAXHEALTH_26022021161955_MHILQ39MFY21ConcallTranscript.pdf"
"MAXHEALTH","Max Healthcare Institute Limited","Analysts/Institutional Investor Meet/Con. Call Updates","Max Healthcare Institute Limited has informed the Exchange about Analysts/Institutional Investor Meet/Con. Call Updates","18-Feb-2021 14:24:05","2021-02-18 14:24:05","18-Feb-2021 14:24:13","00:00:08","https://nsearchives.nseindia.com/corporate/MAXHEALTH_18022021142405_MHILfeb182021.pdf"
"MAXHEALTH","Max Healthcare Institute Limited","Analysts/Institutional Investor Meet/Con. Call Updates","Max Healthcare Institute Limited has informed the Exchange about Analysts/Institutional Investor Meet/Con. Call Updates","16-Feb-2021 10:09:36","2021-02-16 10:09:36","16-Feb-2021 10:09:39","00:00:03","https://nsearchives.nseindia.com/corporate/MAXHEALTH_16022021100936_MHILFEB162021.pdf"
"MAXHEALTH","Max Healthcare Institute Limited","Analysts/Institutional Investor Meet/Con. Call Updates","Max Healthcare Institute Limited has informed the Exchange about Analysts/Institutional Investor Meet/Con. Call Updates","12-Feb-2021 10:48:00","2021-02-12 10:48:00","12-Feb-2021 10:48:16","00:00:16","https://nsearchives.nseindia.com/corporate/MAXHEALTH_12022021104800_MHILInvestormeetfeb122021.pdf"
"MAXHEALTH","Max Healthcare Institute Limited","Analysts/Institutional Investor Meet/Con. Call Updates","Max Healthcare Institute Limited has informed the Exchange about Analysts/Institutional Investor Meet/Con. Call Updates","11-Feb-2021 14:13:27","2021-02-11 14:13:27","11-Feb-2021 14:13:31","00:00:04","https://nsearchives.nseindia.com/corporate/MAXHEALTH_11022021141327_MHILINvestormeet.pdf"
"MAXHEALTH","Max Healthcare Institute Limited","Analysts/Institutional Investor Meet/Con. Call Updates","Max Healthcare Institute Limited has informed the Exchange about Analysts/Institutional Investor Meet/Con. Call Updates","10-Feb-2021 22:38:20","2021-02-10 22:38:20","10-Feb-2021 22:38:26","00:00:06","https://nsearchives.nseindia.com/corporate/MAXHEALTH_10022021223820_MHILINVESTORMEET.pdf"
"MAXHEALTH","Max Healthcare Institute Limited","Analysts/Institutional Investor Meet/Con. Call Updates","Max Healthcare Institute Limited has informed the Exchange about Analysts/Institutional Investor Meet/Con. Call Updates","10-Feb-2021 11:44:58","2021-02-10 11:44:58","10-Feb-2021 11:45:06","00:00:08","https://nsearchives.nseindia.com/corporate/MAXHEALTH_10022021114458_MHIL.pdf"
"MAXHEALTH","Max Healthcare Institute Limited","Analysts/Institutional Investor Meet/Con. Call Updates","Max Healthcare Institute Limited has informed the Exchange about Analysts/Institutional Investor Meet/Con. Call Updates","09-Feb-2021 12:14:13","2021-02-09 12:14:13","09-Feb-2021 12:14:23","00:00:10","https://nsearchives.nseindia.com/corporate/MAXHEALTH_09022021121413_MHILInvestorsPPT.pdf"
"MAXHEALTH","Max Healthcare Institute Limited","Analysts/Institutional Investor Meet/Con. Call Updates","Max Healthcare Institute Limited has informed the Exchange about Analysts/Institutional Investor Meet/Con. Call Updates","08-Feb-2021 21:25:12","2021-02-08 21:25:12","08-Feb-2021 21:25:16","00:00:04","https://nsearchives.nseindia.com/corporate/MAXHEALTH_08022021212512_MHILInvestorsMeetIntimationFeb082021.pdf"
"MAXHEALTH","Max Healthcare Institute Limited","Analysts/Institutional Investor Meet/Con. Call Updates","Max Healthcare Institute Limited has informed the Exchange about Analysts/Institutional Investor Meet/Con. Call Updates","08-Feb-2021 21:05:21","2021-02-08 21:05:21","08-Feb-2021 21:05:27","00:00:06","https://nsearchives.nseindia.com/corporate/MAXHEALTH_08022021210521_MHILINVESTORPPT.pdf"
"MAXHEALTH","Max Healthcare Institute Limited","Copy of Newspaper Publication","Max Healthcare Institute Limited has informed the Exchange about Copy of Newspaper Publication","08-Feb-2021 16:37:35","2021-02-08 16:37:35","08-Feb-2021 16:37:39","00:00:04","https://nsearchives.nseindia.com/corporate/MAXHEALTH_08022021163735_NewspaperPublicationSigned.pdf"
"MAXHEALTH","Max Healthcare Institute Limited","Updates","Max Healthcare Institute Limited has informed the Exchange regarding 'Intimation under Regulation 30 of the Securities and Exchange Board of India (Listing Obligations and Disclosure Requirements) Regulations, 2015'.","07-Feb-2021 19:35:08","2021-02-07 19:35:08","07-Feb-2021 19:35:15","00:00:07","https://nsearchives.nseindia.com/corporate/MAXHEALTH_07022021193507_MHILintimationALPS.pdf"
"MAXHEALTH","Max Healthcare Institute Limited","Press Release","Max Healthcare Institute Limited has informed the Exchange regarding a press release dated February 06, 2021, titled ""Max Healthcare reports strong growth in Q3"".","06-Feb-2021 16:50:03","2021-02-06 16:50:03","06-Feb-2021 16:50:18","00:00:15","https://nsearchives.nseindia.com/corporate/MAXHEALTH_06022021165003_Finalintimationtostx.pdf"
"MAXHEALTH","Max Healthcare Institute Limited","Updates","Max Healthcare Institute Limited has informed the Exchange regarding 'Outcome of the Board Meeting held on February 06, 2021 and Earnings Call Presentation on unaudited financial results for the quarter and nine months ended December 31, 2020'.","06-Feb-2021 16:41:03","2021-02-06 16:41:03","06-Feb-2021 16:41:07","00:00:04","https://nsearchives.nseindia.com/corporate/MAXHEALTH_06022021164103_OutcomeandInvestorCall.pdf"
"MAXHEALTH","Max Healthcare Institute Limited","Analysts/Institutional Investor Meet/Con. Call Updates","Max Healthcare Institute Limited has informed the Exchange about Analysts/Institutional Investor Meet/Con. Call Updates","06-Feb-2021 15:33:14","2021-02-06 15:33:14","06-Feb-2021 15:33:18","00:00:04","https://nsearchives.nseindia.com/corporate/MAXHEALTH_06022021153314_Finalearningcall.pdf"
"MAXHEALTH","Max Healthcare Institute Limited","Financial Result Updates","Max Healthcare Institute Limited has submitted to the Exchange, the financial results for the period ended December 31, 2020.","06-Feb-2021 15:07:34","2021-02-06 15:07:34","06-Feb-2021 15:09:01","00:01:27","https://nsearchives.nseindia.com/corporate/FinalOutcomeofBoardMeetingFeb62021_06022021150734.zip"
"MAXHEALTH","Max Healthcare Institute Limited","Outcome of Board Meeting","Max Healthcare Institute Limited has informed the Exchange regarding  Board meeting held on February 06, 2021.","06-Feb-2021 15:01:45","2021-02-06 15:01:45","06-Feb-2021 15:01:54","00:00:09","https://nsearchives.nseindia.com/corporate/MAXHEALTH_06022021150144_FinalOutcomeofBoardMeetingFeb62021.pdf"
"MAXHEALTH","Max Healthcare Institute Limited","Analysts/Institutional Investor Meet/Con. Call Updates","Max Healthcare Institute Limited has informed the Exchange about Analysts/Institutional Investor Meet/Con. Call Updates","29-Jan-2021 15:36:31","2021-01-29 15:36:31","29-Jan-2021 15:36:37","00:00:06","https://nsearchives.nseindia.com/corporate/MAXHEALTH_29012021153631_EarningCallIntimationJan292021S.pdf"
"MAXHEALTH","Max Healthcare Institute Limited","Copy of Newspaper Publication","Max Healthcare Institute Limited has informed the Exchange about Copy of Newspaper Publication","28-Jan-2021 16:18:12","2021-01-28 16:18:12","28-Jan-2021 16:18:15","00:00:03","https://nsearchives.nseindia.com/corporate/MAXHEALTH_28012021161812_Newspaperadvertisment.pdf"
"MAXHEALTH","Max Healthcare Institute Limited","Certificate under SEBI (Depositories and Participants) Regulations, 2018","Max Healthcare Institute Limited has informed the Exchange about Certificate under Regulation 76 of SEBI (Depositories and Participants) Regulations, 2018","18-Jan-2021 16:08:11","2021-01-18 16:08:11","18-Jan-2021 16:08:16","00:00:05","https://nsearchives.nseindia.com/corporate/MAXHEALTH_18012021160811_MHILReg76DPFinalsw.pdf"
"MAXHEALTH","Max Healthcare Institute Limited","Certificate under SEBI (Depositories and Participants) Regulations, 2018","Max Healthcare Institute Limited has informed the Exchange about Certificate under regulation 74(5) of SEBI (Depositories and Participants) Regulations, 2018","12-Jan-2021 22:20:21","2021-01-12 22:20:21","12-Jan-2021 22:20:26","00:00:05","https://nsearchives.nseindia.com/corporate/MAXHEALTH_12012021222021_MHILReg74.pdf"
"MAXHEALTH","Max Healthcare Institute Limited","Trading Window","Max Healthcare Institute Limited has informed the Exchange regarding the Trading Window closure pursuant to SEBI (Prohibition of Insider Trading) Regulations, 2015","04-Jan-2021 13:12:47","2021-01-04 13:12:47","04-Jan-2021 13:12:52","00:00:05","https://nsearchives.nseindia.com/corporate/MAXHEALTH_04012021131247_MHILTradingWindowCloserintimationSE.pdf"
"MAXHEALTH","Max Healthcare Institute Limited","Analysts/Institutional Investor Meet/Con. Call Updates","Max Healthcare Institute Limited has informed the Exchange about Analysts/Institutional Investor Meet/Con. Call Updates","30-Dec-2020 17:25:29","2020-12-30 17:25:29","30-Dec-2020 17:25:33","00:00:04","https://nsearchives.nseindia.com/corporate/MAXHEALTH_30122020172529_InvestorsMeet30122020.pdf"
"MAXHEALTH","Max Healthcare Institute Limited","Analysts/Institutional Investor Meet/Con. Call Updates","Max Healthcare Institute Limited has informed the Exchange about Analysts/Institutional Investor Meet/Con. Call Updates","29-Dec-2020 14:51:48","2020-12-29 14:51:48","29-Dec-2020 14:51:52","00:00:04","https://nsearchives.nseindia.com/corporate/MAXHEALTH_29122020145148_MHILInvestorsMeetIntimationDec292020.pdf"
"MAXHEALTH","Max Healthcare Institute Limited","Analysts/Institutional Investor Meet/Con. Call Updates","Max Healthcare Institute Limited has informed the Exchange about Analysts/Institutional Investor Meet/Con. Call Updates","25-Dec-2020 19:44:39","2020-12-25 19:44:39","25-Dec-2020 19:44:42","00:00:03","https://nsearchives.nseindia.com/corporate/MAXHEALTH_25122020194439_MHILInvestorsMeetIntimationDec252020.pdf"
"MAXHEALTH","Max Healthcare Institute Limited","Analysts/Institutional Investor Meet/Con. Call Updates","Max Healthcare Institute Limited has informed the Exchange about Analysts/Institutional Investor Meet/Con. Call Updates","20-Dec-2020 19:54:01","2020-12-20 19:54:01","20-Dec-2020 19:54:07","00:00:06","https://nsearchives.nseindia.com/corporate/MAXHEALTH_20122020195401_MHILInvestorsMeetIntimationDec2020.pdf"
"MAXHEALTH","Max Healthcare Institute Limited","Analysts/Institutional Investor Meet/Con. Call Updates","Max Healthcare Institute Limited has informed the Exchange about Analysts/Institutional Investor Meet/Con. Call Updates in terms of Regulation 30 of the SEBI (Listing Obligations and Disclosure Requirements) Regulations, 2015","14-Dec-2020 20:44:20","2020-12-14 20:44:20","14-Dec-2020 20:44:26","00:00:06","https://nsearchives.nseindia.com/corporate/MAXHEALTH_14122020204420_MHILinvestorsMeetIntimationDec2020.pdf"
"MAXHEALTH","Max Healthcare Institute Limited","Related Party Transactions","Max Healthcare Institute Limited has informed the Exchange about related Party Transactions on related party transactions on consolidated basis for the half year ended September 30, 2020","09-Dec-2020 19:10:36","2020-12-09 19:10:36","09-Dec-2020 19:10:39","00:00:03","https://nsearchives.nseindia.com/corporate/MAXHEALTH_09122020191036_MHILRPTReg23.pdf"
"MAXHEALTH","Max Healthcare Institute Limited","Analysts/Institutional Investor Meet/Con. Call Updates","Max Healthcare Institute Limited has informed the Exchange about Analysts/Institutional Investor Meet/Con. Call Updates on December 7, 2020","04-Dec-2020 14:28:19","2020-12-04 14:28:19","04-Dec-2020 14:28:24","00:00:05","https://nsearchives.nseindia.com/corporate/MAXHEALTH_04122020142819_MHILInvestorsMeetIntimation.pdf"
"MAXHEALTH","Max Healthcare Institute Limited","Analysts/Institutional Investor Meet/Con. Call Updates","Max Healthcare Institute Limited has informed the Exchange about Analysts/Institutional Investor Meet/Con. Call Updates","03-Dec-2020 10:34:04","2020-12-03 10:34:04","03-Dec-2020 10:34:14","00:00:10","https://nsearchives.nseindia.com/corporate/MAXHEALTH_03122020103404_Dec32020InvestormeetMHIL.pdf"
"MAXHEALTH","Max Healthcare Institute Limited","Analysts/Institutional Investor Meet/Con. Call Updates","Max Healthcare Institute Limited has informed the Exchange about Analysts/Institutional Investor Meet/Con. Call Updates","02-Dec-2020 15:19:21","2020-12-02 15:19:21","02-Dec-2020 15:19:25","00:00:04","https://nsearchives.nseindia.com/corporate/MAXHEALTH_02122020151921_Dec12020InvestormeetMHIL.pdf"
"MAXHEALTH","Max Healthcare Institute Limited","Analysts/Institutional Investor Meet/Con. Call Updates","Max Healthcare Institute Limited has informed the Exchange about Analysts/Institutional Investor Meet/Con. Call Updates","26-Nov-2020 12:28:29","2020-11-26 12:28:29","26-Nov-2020 12:28:34","00:00:05","https://nsearchives.nseindia.com/corporate/MAXHEALTH_26112020122829_MHILInvestorsMeetIntimation.pdf"
"MAXHEALTH","Max Healthcare Institute Limited","Analysts/Institutional Investor Meet/Con. Call Updates","Max Healthcare Institute Limited has informed the Exchange about Analysts/Institutional Investor Meet/Con. Call Updates","23-Nov-2020 12:09:52","2020-11-23 12:09:52","23-Nov-2020 12:09:58","00:00:06","https://nsearchives.nseindia.com/corporate/MAXHEALTH_23112020120952_Nov232020InvestormeetMHIL.pdf"
"MAXHEALTH","Max Healthcare Institute Limited","Copy of Newspaper Publication","Max Healthcare Institute Limited has informed the Exchange about Copy of Newspaper Publication in Business Standard (All Editions in English) and Navshakti (Mumbai Edition), both dated November 13, 2020 pertaining to unaudited Consolidated and Standalone Financial Results for the quarter and half year ended September 30, 2020","13-Nov-2020 16:48:24","2020-11-13 16:48:24","13-Nov-2020 16:48:35","00:00:11","https://nsearchives.nseindia.com/corporate/MAXHEALTH_13112020164824_FinalMHILnewspaperforfinancialresultssigned.pdf"
"MAXHEALTH","Max Healthcare Institute Limited","Analysts/Institutional Investor Meet/Con. Call Updates","Max Healthcare Institute Limited has informed the Exchange about Analysts/Institutional Investor Meet/Con. Call Updates","11-Nov-2020 15:16:03","2020-11-11 15:16:03","11-Nov-2020 15:16:23","00:00:20","https://nsearchives.nseindia.com/corporate/MAXHEALTH_11112020151603_finallNov132020MHILearningcallspresentationsigned.pdf"
"MAXHEALTH","Max Healthcare Institute Limited","Financial Result Updates","Max Healthcare Institute Limited has submitted to the Exchange, the financial results for the period ended September 30, 2020.","11-Nov-2020 15:08:13","2020-11-11 15:08:13","11-Nov-2020 15:10:13","00:02:00","https://nsearchives.nseindia.com/corporate/FinalMHILOutcomeofBMsigned_11112020150813.zip"
"MAXHEALTH","Max Healthcare Institute Limited","Outcome of Board Meeting","Max Healthcare Institute Limited has informed the Exchange regarding  Board meeting held on November 11, 2020.","11-Nov-2020 15:05:06","2020-11-11 15:05:06","11-Nov-2020 15:05:09","00:00:03","https://nsearchives.nseindia.com/corporate/MAXHEALTH_11112020150506_FinalMHILOutcomeofBMsigned.pdf"
"MAXHEALTH","Max Healthcare Institute Limited","Analysts/Institutional Investor Meet/Con. Call Updates","Max Healthcare Institute Limited has informed the Exchange about Analysts/Institutional Investor Meet/Con. Call Updates","09-Nov-2020 15:36:35","2020-11-09 15:36:35","09-Nov-2020 15:36:39","00:00:04","https://nsearchives.nseindia.com/corporate/MAXHEALTH_09112020153635_Nov9InvestormeetMHILwithdetails.pdf"
"MAXHEALTH","Max Healthcare Institute Limited","Copy of Newspaper Publication","Max Healthcare Institute Limited has informed the Exchange about Copy of Newspaper Publication for Board meeting scheduled to be held on Wednesday, November 11, 2020, inter alia, to consider and approve the unaudited Consolidated and Standalone Financial Results for the quarter and half year ended September 30, 2020","31-Oct-2020 21:34:45","2020-10-31 21:34:45","31-Oct-2020 21:34:48","00:00:03","https://nsearchives.nseindia.com/corporate/MAXHEALTH_31102020213445_FinalMHILBMIntimationfornewspaperadv.pdf"
"MAXHEALTH","Max Healthcare Institute Limited","Credit Rating","Max Healthcare Institute Limited has informed the Exchange about Credit Rating","30-Oct-2020 20:36:29","2020-10-30 20:36:29","30-Oct-2020 20:36:32","00:00:03","https://nsearchives.nseindia.com/corporate/MAXHEALTH_30102020203629_MHILintimation.pdf"
"MAXHEALTH","Max Healthcare Institute Limited","Updates","Max Healthcare Institute Limited has informed the Exchange regarding 'Regulation 74(5) of SEBI (Depositories and Participants) Regulations, 2018 '.","20-Oct-2020 20:46:57","2020-10-20 20:46:57","20-Oct-2020 20:47:04","00:00:07","https://nsearchives.nseindia.com/corporate/MAXHEALTH_20102020204657_MHIL74_5_DP.pdf"
"MAXHEALTH","Max Healthcare Institute Limited","Updates","Max Healthcare Institute Limited has informed the Exchange regarding 'Announcement under Regulation 30 (LODR)-Code of Conduct under SEBI (PIT) Regulations, 2015'.","19-Oct-2020 14:23:30","2020-10-19 14:23:30","19-Oct-2020 14:23:34","00:00:04","https://nsearchives.nseindia.com/corporate/MAXHEALTH_19102020142330_PIT.pdf"
"MAXHEALTH","Max Healthcare Institute Limited","Analysts/Institutional Investor Meet/Con. Call Updates","Max Healthcare Institute Limited has informed the Exchange about Analysts/Institutional Investor Meet/Con. Call Updates","08-Oct-2020 12:41:22","2020-10-08 12:41:22","08-Oct-2020 12:41:27","00:00:05","https://nsearchives.nseindia.com/corporate/MAXHEALTH_08102020124122_Investormeet.pdf"
"MAXHEALTH","Max Healthcare Institute Limited","Shareholders meeting","Max Healthcare Institute Limited has submitted the Exchange a copy Srutinizers report of  Annual General Meeting held on September 29, 2020. Further, the company has informed the Exchange regarding voting results.","01-Oct-2020 11:43:41","2020-10-01 11:43:41","01-Oct-2020 11:43:49","00:00:08","https://nsearchives.nseindia.com/corporate/MAXHEALTH_01102020114341_MHILscrutniserreportvoting.pdf"
"MAXHEALTH","Max Healthcare Institute Limited","Updates","Max Healthcare Institute Limited has informed the Exchange regarding 'Completion of open market sale of equity shares of Max Healthcare Institute Limited by one of its Promoters as a step towards achieving Minimum Public Shareholding'.","30-Sep-2020 21:03:44","2020-09-30 21:03:44","30-Sep-2020 21:03:51","00:00:07","https://nsearchives.nseindia.com/corporate/MAXHEALTH_30092020210344_CompletionofOpenMarketSale.pdf"
"MAXHEALTH","Max Healthcare Institute Limited","Trading Window","Max Healthcare Institute Limited has informed the Exchange regarding the Trading Window closure pursuant to SEBI (Prohibition of Insider Trading) Regulations, 2015","30-Sep-2020 20:57:02","2020-09-30 20:57:02","30-Sep-2020 20:57:06","00:00:04","https://nsearchives.nseindia.com/corporate/MAXHEALTH_30092020205702_MHILTradingWindowCloserintimation.pdf"
"MAXHEALTH","Max Healthcare Institute Limited","Shareholders meeting","Max Healthcare Institute Limited has informed the Exchange regarding Proceedings of Annual General Meeting held on September 29, 2020","29-Sep-2020 19:40:44","2020-09-29 19:40:44","29-Sep-2020 19:40:49","00:00:05","https://nsearchives.nseindia.com/corporate/MAXHEALTH_29092020194044_MHILAGMPROCEEDINGS.pdf"
"MAXHEALTH","Max Healthcare Institute Limited","ESOP/ESOS/ESPS","Max Healthcare Institute Limited has informed the Exchange regarding Grant of 6165265  Options.","29-Sep-2020 19:03:02","2020-09-29 19:03:02","29-Sep-2020 19:03:08","00:00:06","https://nsearchives.nseindia.com/corporate/MAXHEALTH_29092020190302_ESOP.pdf"
"MAXHEALTH","Max Healthcare Institute Limited","Analysts/Institutional Investor Meet/Con. Call Updates","Max Healthcare Institute Limited has informed the Exchange about Analysts/Institutional Investor Meet/Con. Call Updates","27-Sep-2020 21:04:40","2020-09-27 21:04:40","27-Sep-2020 21:04:46","00:00:06","https://nsearchives.nseindia.com/corporate/MAXHEALTH_27092020210440_Investormeetwithppt.pdf"
"MAXHEALTH","Max Healthcare Institute Limited","Analysts/Institutional Investor Meet/Con. Call Updates","Max Healthcare Institute Limited has informed the Exchange about Analysts/Institutional Investor Meet/Con. Call Updates","25-Sep-2020 11:55:20","2020-09-25 11:55:20","25-Sep-2020 11:55:25","00:00:05","https://nsearchives.nseindia.com/corporate/MAXHEALTH_25092020115520_Investormeet.pdf"
"MAXHEALTH","Max Healthcare Institute Limited","Analysts/Institutional Investor Meet/Con. Call Updates","Max Healthcare Institute Limited has informed the Exchange about Analysts/Institutional Investor Meet/Con. Call Updates","25-Sep-2020 08:30:48","2020-09-25 08:30:48","25-Sep-2020 08:30:54","00:00:06","https://nsearchives.nseindia.com/corporate/MAXHEALTH_25092020083048_Investormeet.pdf"
"MAXHEALTH","Max Healthcare Institute Limited","Analysts/Institutional Investor Meet/Con. Call Updates","Max Healthcare Institute Limited has informed the Exchange about Analysts/Institutional Investor Meet/Con. Call Updates","24-Sep-2020 14:42:36","2020-09-24 14:42:36","24-Sep-2020 14:42:39","00:00:03","https://nsearchives.nseindia.com/corporate/MAXHEALTH_24092020144236_Investormeet.pdf"
"MAXHEALTH","Max Healthcare Institute Limited","Updates","Max Healthcare Institute Limited has informed the Exchange regarding 'Open market sale of equity shares of Max Healthcare Institute Limited by one of its Promoters as a step towards achieving Minimum Public Shareholding.'.","22-Sep-2020 19:42:45","2020-09-22 19:42:45","22-Sep-2020 19:42:50","00:00:05","https://nsearchives.nseindia.com/corporate/MAXHEALTH_22092020194245_MHILMVSELL.pdf"
"MAXHEALTH","Max Healthcare Institute Limited","Disclosure under SEBI Takeover Regulations","Promoter of Max Healthcare Institute Limited has submitted to the Exchange a copy of Disclosures of reasons for encumbrance under SEBI SAST Regulations, 2011.","14-Sep-2020 18:13:34","2020-09-14 18:13:34","14-Sep-2020 18:13:38","00:00:04","https://nsearchives.nseindia.com/corporate/MAXHEALTH_14092020181334_MHIL_REG31.pdf"
"MAXHEALTH","Max Healthcare Institute Limited","Analysts/Institutional Investor Meet/Con. Call Updates","Max Healthcare Institute Limited has informed the Exchange about Analysts/Institutional Investor Meet/Con. Call Updates","13-Sep-2020 20:16:47","2020-09-13 20:16:47","13-Sep-2020 20:16:50","00:00:03","https://nsearchives.nseindia.com/corporate/MAXHEALTH_13092020201647_Investormeet.pdf"
"MAXHEALTH","Max Healthcare Institute Limited","Disclosure under SEBI Takeover Regulations","Promoter of  Max Healthcare Institute Limited has submitted to the Exchange a copy of Disclosures of reasons for encumbrance under SEBI SAST Regulations, 2011.","11-Sep-2020 17:17:20","2020-09-11 17:17:20","11-Sep-2020 17:17:24","00:00:04","https://nsearchives.nseindia.com/corporate/MAXHEALTH_11092020171720_MHIL_REG31.pdf"
"MAXHEALTH","Max Healthcare Institute Limited","Disclosure under SEBI Takeover Regulations","Promoter of Max Healthcare Institute Limited has submitted to the Exchange a copy of Disclosures of reasons for encumbrance.","09-Sep-2020 18:48:39","2020-09-09 18:48:39","09-Sep-2020 18:48:42","00:00:03","https://nsearchives.nseindia.com/corporate/MAXHEALTH_09092020184838_MHIL_REASON.pdf"
"MAXHEALTH","Max Healthcare Institute Limited","Copy of Newspaper Publication","Max Healthcare Institute Limited has informed the Exchange about Copy of Newspaper Publication as on September 8, 2020","08-Sep-2020 16:29:49","2020-09-08 16:29:49","08-Sep-2020 16:29:51","00:00:02","https://nsearchives.nseindia.com/corporate/MAXHEALTH_08092020162949_Newspapersep82020.pdf"
"MAXHEALTH","Max Healthcare Institute Limited","Analysts/Institutional Investor Meet/Con. Call Updates","Max Healthcare Institute Limited has informed the Exchange about Analysts/Institutional Investor Meet/Con. Call Updates","08-Sep-2020 13:11:39","2020-09-08 13:11:39","08-Sep-2020 13:11:48","00:00:09","https://nsearchives.nseindia.com/corporate/MAXHEALTH_08092020131139_Investormeet.pdf"
"MAXHEALTH","Max Healthcare Institute Limited","Shareholders meeting","Max Healthcare Institute Limited has informed the Exchange regarding Notice of Annual General Meeting to be held on September 29, 2020","07-Sep-2020 13:28:40","2020-09-07 13:28:40","07-Sep-2020 13:28:48","00:00:08","https://nsearchives.nseindia.com/corporate/MAXHEALTH_07092020132840_maxnotice07092020.pdf"
"MAXHEALTH","Max Healthcare Institute Limited","Updates","Max Healthcare Institute Limited has informed the Exchange regarding 'Pursuant to Regulation 34 of the Securities and Exchange Board of India (Listing Obligations and Disclosures Requirements) Regulations, 2015, please find enclosed herewith a copy of the Annual Report of the Company for the Financial Year 2019-20.'.","06-Sep-2020 23:43:43","2020-09-06 23:43:43","06-Sep-2020 23:43:45","00:00:02","https://nsearchives.nseindia.com/corporate/MAXHEALTH_06092020234343_MHCAR.pdf"
"MAXHEALTH","Max Healthcare Institute Limited","Shareholders meeting","Max Healthcare Institute Limited has informed the Exchange regarding Notice of Annual General Meeting to be held on September 29, 2020","06-Sep-2020 23:27:32","2020-09-06 23:27:32","06-Sep-2020 23:27:36","00:00:04","https://nsearchives.nseindia.com/corporate/MAXHEALTH_06092020232732_AGM.pdf"
"MAXHEALTH","Max Healthcare Institute Limited","Amendment to AOA/MOA","Max Healthcare Institute Limited has informed the Exchange regarding the Amendment to AOA/MOA of the company.","06-Sep-2020 20:20:22","2020-09-06 20:20:22","06-Sep-2020 20:20:25","00:00:03","https://nsearchives.nseindia.com/corporate/MAXHEALTH_06092020202022_IntimationfoAOA.pdf"
"MAXHEALTH","Max Healthcare Institute Limited","Disclosure under SEBI Takeover Regulations","Promoter of  Max Healthcare Institute Limited has submitted to the Exchange a copy of Disclosures of reasons for encumbrance under SEBI SAST Regulations, 2011.","04-Sep-2020 19:04:56","2020-09-04 19:04:56","04-Sep-2020 19:04:58","00:00:02","https://nsearchives.nseindia.com/corporate/MAXHEALTH_04092020190456_MHIL_REG31.pdf"
"MAXHEALTH","Max Healthcare Institute Limited","Updates","Max Healthcare Institute Limited has informed the Exchange regarding 'Disclosure of contact details of Key Managerial Personnel under Regulation 30(5) of the SEBI (Listing Obligations and Disclosure Requirements) Regulations, 2015'.","03-Sep-2020 19:20:45","2020-09-03 19:20:45","03-Sep-2020 19:20:49","00:00:04","https://nsearchives.nseindia.com/corporate/MAXHEALTH_03092020192044_InformationofKMP.pdf"
"MAXHEALTH","Max Healthcare Institute Limited","Copy of Newspaper Publication","Max Healthcare Institute Limited has informed the Exchange about Copy of Newspaper Publication","03-Sep-2020 19:08:30","2020-09-03 19:08:30","03-Sep-2020 19:08:35","00:00:05","https://nsearchives.nseindia.com/corporate/MAXHEALTH_03092020190830_Newspaperpublication.pdf"
"MAXHEALTH","Max Healthcare Institute Limited","Disclosure under SEBI Takeover Regulations","Promoter of Max Healthcare Institute Limited has submitted to the Exchange a copy of Disclosures of reasons for encumbrance under SEBI SAST Regulations, 2011.","02-Sep-2020 08:05:59","2020-09-02 08:05:59","02-Sep-2020 08:06:09","00:00:10","https://nsearchives.nseindia.com/corporate/MAXHEALTH_02092020080559_MAXHEALTH.pdf"
"MAXHEALTH","Max Healthcare Institute Limited","Analysts/Institutional Investor Meet/Con. Call Updates","Max Healthcare Institute Limited has informed the Exchange about Analysts/Institutional Investor Meet/Con. Call Updates","01-Sep-2020 17:39:56","2020-09-01 17:39:56","01-Sep-2020 17:40:00","00:00:04","https://nsearchives.nseindia.com/corporate/MAXHEALTH_01092020173956_MHILEarningcall.pdf"
"MAXHEALTH","Max Healthcare Institute Limited","Press Release","Max Healthcare Institute Limited has informed the Exchange regarding a press release dated September 01, 2020, titled ""Max Healthcare Q1 FY21 Performance"".","01-Sep-2020 17:16:39","2020-09-01 17:16:39","01-Sep-2020 17:16:44","00:00:05","https://nsearchives.nseindia.com/corporate/MAXHEALTH_01092020171639_MHC.pdf"
"MAXHEALTH","Max Healthcare Institute Limited","Outcome of Board Meeting","Max Healthcare Institute Limited has informed the Exchange regarding  Board meeting held on September 01, 2020.","01-Sep-2020 17:10:36","2020-09-01 17:10:36","01-Sep-2020 17:10:40","00:00:04","https://nsearchives.nseindia.com/corporate/MAXHEALTH_01092020171036_MHIL.pdf"
"MAXHEALTH","Max Healthcare Institute Limited","Analysts/Institutional Investor Meet/Con. Call Updates","Max Healthcare Institute Limited has informed the Exchange about Analysts/Institutional Investor Meet/Con. Call Updates","31-Aug-2020 13:01:53","2020-08-31 13:01:53","31-Aug-2020 13:01:58","00:00:05","https://nsearchives.nseindia.com/corporate/MAXHEALTH_31082020130153_IntimationtoSE.pdf"
"MAXHEALTH","Max Healthcare Institute Limited","Disclosure under SEBI Takeover Regulations","Zuari Global Ltd promoter of Max Healthcare Institute Limited has submitted to the Exchange a coy of disclosure of reasons for encumbrance under SEBI SAST Regulations, 2011","31-Aug-2020 08:16:34","2020-08-31 08:16:34","31-Aug-2020 08:16:38","00:00:04","https://nsearchives.nseindia.com/corporate/MAXHEALTH_31082020081634_Maxventures.pdf"
"MAXHEALTH","Max Healthcare Institute Limited","Analysts/Institutional Investor Meet/Con. Call Updates","Max Healthcare Institute Limited has informed the Exchange about Analysts/Institutional Investor Meet/Con. Call Updates","29-Aug-2020 16:49:37","2020-08-29 16:49:37","29-Aug-2020 16:49:42","00:00:05","https://nsearchives.nseindia.com/corporate/MAXHEALTH_29082020164937_EarningcallIntimation.pdf"
"MAXHEALTH","Max Healthcare Institute Limited","Analysts/Institutional Investor Meet/Con. Call Updates","Max Healthcare Institute Limited has informed the Exchange about Analysts/Institutional Investor Meet/Con. Call Updates","28-Aug-2020 20:45:46","2020-08-28 20:45:46","28-Aug-2020 20:45:51","00:00:05","https://nsearchives.nseindia.com/corporate/MAXHEALTH_28082020204545_IntimationwithInvestoranalyst.pdf"
"MAXHEALTH","Max Healthcare Institute Limited","Disclosure under SEBI Takeover Regulations","Max Ventures Investment Holdings Pvt Ltd has submitted to the Exchange a copy of  Disclosures of reasons for encumbrance","27-Aug-2020 19:44:27","2020-08-27 19:44:27","27-Aug-2020 19:44:31","00:00:04","https://nsearchives.nseindia.com/corporate/MAXHEALTH_27082020194427_Maxheath.pdf"
"MAXHEALTH","Max Healthcare Institute Limited","Trading Window","Max Healthcare Institute Limited has informed the Exchange regarding the Trading Window closure pursuant to SEBI (Prohibition of Insider Trading) Regulations, 2015","26-Aug-2020 23:10:03","2020-08-26 23:10:03","26-Aug-2020 23:10:10","00:00:07","https://nsearchives.nseindia.com/corporate/MAXHEALTH_26082020231003_IntimationBM.pdf"
"MAXHEALTH","Max Healthcare Institute Limited","Disclosure under SEBI Takeover Regulations","Kayak Investments Holding Pte Ltd and Abhay Soi has submitted to the Exchange a copy of  disclosure under Regulation 10(6) of SEBI (Substantial Acquisition of Shares and Takeovers) Regulations, 2011","26-Aug-2020 17:47:23","2020-08-26 17:47:23","26-Aug-2020 17:47:25","00:00:02","https://nsearchives.nseindia.com/corporate/MAXHEALTH_26082020174722_Abay_26082020174451.zip"
"MAXHEALTH","Max Healthcare Institute Limited","Disclosure under SEBI Takeover Regulations","Max Healthcare Institute Limited has informed the Exchange about disclosure under SEBI Takeover Regulations under SEBI Takeover Regulations","25-Aug-2020 18:21:53","2020-08-25 18:21:53","25-Aug-2020 18:21:56","00:00:03","https://nsearchives.nseindia.com/corporate/MAXHEALTH_25082020182153_Max.pdf"
"MAXHEALTH","Max Healthcare Institute Limited","Press Release","Max Healthcare Institute Limited has informed the Exchange regarding a press release dated August 21, 2020, titled ""Max Healthcare Institute Limited ( Max Healthcare ) gets listed on the stock exchanges"".","21-Aug-2020 13:53:13","2020-08-21 13:53:13","21-Aug-2020 13:53:29","00:00:16","https://nsearchives.nseindia.com/corporate/MAXHEALTH_21082020135313_PressReleaseAugust212020.pdf"
"MAXHEALTH","Max Healthcare Institute Limited","Investor Presentation","Max Healthcare Institute Limited has informed the Exchange about Investor Presentation","21-Aug-2020 11:54:17","2020-08-21 11:54:17","21-Aug-2020 11:54:25","00:00:08","https://nsearchives.nseindia.com/corporate/MAXHEALTH_21082020115417_IntimationtoSEwithPPT.pdf"