"SYMBOL","COMPANY NAME","SUBJECT","DETAILS","BROADCAST DATE/TIME","RECEIPT","DISSEMINATION","DIFFERENCE","ATTACHMENT"
"INDIGO","InterGlobe Aviation Limited","Credit Rating","InterGlobe Aviation Limited has informed the Exchange about Credit Rating","25-Sep-2026 19:37:53","2026-09-25 19:37:53","25-Sep-2026 19:37:54","00:00:01","https://nsearchives.nseindia.com/corporate/Indigo1_25092026193740_Disclosure_CreditRating.pdf"
"INDIGO","InterGlobe Aviation Limited","Trading Window","InterGlobe Aviation Limited has informed the Exchange regarding the Trading Window closure pursuant to SEBI (Prohibition of Insider Trading) Regulations, 2015","25-Sep-2026 17:29:46","2026-09-25 17:29:46","25-Sep-2026 17:29:48","00:00:02","https://nsearchives.nseindia.com/corporate/Indigo1_25092026172920_Intimation_-_Closure_of_Trading_Window_-_Signed.pdf"
"INDIGO","InterGlobe Aviation Limited","Shareholders meeting","InterGlobe Aviation Limited has submitted the Exchange a copy Srutinizers report of  Annual General Meeting held on August 20, 2026. Further, the company has informed the Exchange regarding voting results.","20-Aug-2026 19:47:09","2026-08-20 19:47:09","20-Aug-2026 19:47:10","00:00:01","https://nsearchives.nseindia.com/corporate/Indigo1_20082026194656_Voting_Results_Scrutiniser_Report.pdf"
"INDIGO","InterGlobe Aviation Limited","Shareholders meeting","InterGlobe Aviation Limited has informed the Exchange regarding Proceedings of Annual General Meeting held on August 20, 2026","20-Aug-2026 19:31:59","2026-08-20 19:31:59","20-Aug-2026 19:32:00","00:00:01","https://nsearchives.nseindia.com/corporate/Indigo1_20082026193128_SE_AGM_Proceedings.pdf"
"INDIGO","InterGlobe Aviation Limited","Action(s) taken or orders passed","InterGlobe Aviation Limited has informed the Exchange about Action(s) taken or orders passed","18-Aug-2026 19:43:40","2026-08-18 19:43:40","18-Aug-2026 19:43:41","00:00:01","https://nsearchives.nseindia.com/corporate/Indigo1_18082026194312_LoDR_-_Detention_Order_.pdf"
"INDIGO","InterGlobe Aviation Limited","Press Release","InterGlobe Aviation Limited has informed the Exchange regarding a press release dated August 03, 2026.","03-Aug-2026 12:40:58","2026-08-03 12:40:58","03-Aug-2026 12:40:59","00:00:01","https://nsearchives.nseindia.com/corporate/Indigo1_03082026124046_SE_Disclosure_-_CEO_effective_date.pdf"
"INDIGO","InterGlobe Aviation Limited","Press Release","InterGlobe Aviation Limited has informed the Exchange regarding a Press Release.","31-Jul-2026 21:11:20","2026-07-31 21:11:20","31-Jul-2026 21:11:21","00:00:01","https://nsearchives.nseindia.com/corporate/Indigo1_31072026211109_SE_Disclosure_-_Press_Release_-_Norse.pdf"
"INDIGO","InterGlobe Aviation Limited","Analysts/Institutional Investor Meet/Con. Call Updates","InterGlobe Aviation Limited has informed the Exchange about Transcript","29-Jul-2026 15:04:41","2026-07-29 15:04:41","29-Jul-2026 15:04:42","00:00:01","https://nsearchives.nseindia.com/corporate/Indigo1_29072026150324_Transcript.pdf"
"INDIGO","InterGlobe Aviation Limited","Copy of Newspaper Publication","InterGlobe Aviation Limited has informed the Exchange about Copy of Newspaper Publication","29-Jul-2026 11:10:23","2026-07-29 11:10:23","29-Jul-2026 11:10:24","00:00:01","https://nsearchives.nseindia.com/corporate/Indigo1_29072026111005_Post_advertisement.pdf"
"INDIGO","InterGlobe Aviation Limited","Shareholders meeting","InterGlobe Aviation Limited has informed the Exchange regarding Notice of Annual General Meeting to be held on August 20, 2026","28-Jul-2026 21:56:41","2026-07-28 21:56:41","28-Jul-2026 21:56:42","00:00:01","https://nsearchives.nseindia.com/corporate/Indigo1_28072026215606_Notice_of_23rd_AGM_and_Annual_Report.pdf"
"INDIGO","InterGlobe Aviation Limited","General Updates","InterGlobe Aviation Limited has informed about the physical letters being sent to the shareholders who have not registered their email address","28-Jul-2026 13:44:25","2026-07-28 13:44:25","28-Jul-2026 13:44:26","00:00:01","https://nsearchives.nseindia.com/corporate/Indigo1_28072026134411_Letters_to_shareholders.pdf"
"INDIGO","InterGlobe Aviation Limited","General Updates","InterGlobe Aviation Limited submitted to the Exchange Business Responsibility and Sustainability Report for FY26","28-Jul-2026 13:37:56","2026-07-28 13:37:56","28-Jul-2026 13:37:57","00:00:01","https://nsearchives.nseindia.com/corporate/Indigo1_28072026133647_BRSR.pdf"
"INDIGO","InterGlobe Aviation Limited","Shareholders meeting","InterGlobe Aviation Limited has informed the Exchange regarding Notice of Annual General Meeting to be held on August 20, 2026","28-Jul-2026 13:19:19","2026-07-28 13:19:19","28-Jul-2026 13:19:19","00:00:00","https://nsearchives.nseindia.com/corporate/Indigo1_28072026131854_Notice_of_23rd_AGM_and_Annual_Report.pdf"
"INDIGO","InterGlobe Aviation Limited","Copy of Newspaper Publication","InterGlobe Aviation Limited has informed the Exchange about Copy of Newspaper Publication","28-Jul-2026 10:57:36","2026-07-28 10:57:36","28-Jul-2026 10:57:37","00:00:01","https://nsearchives.nseindia.com/corporate/Indigo1_28072026105719_Pre_advertisement_NP.pdf"
"INDIGO","InterGlobe Aviation Limited","Action(s) taken or orders passed","InterGlobe Aviation Limited has informed the Exchange about Action(s) taken or orders passed","27-Jul-2026 21:18:06","2026-07-27 21:18:06","27-Jul-2026 21:18:07","00:00:01","https://nsearchives.nseindia.com/corporate/Indigo1_27072026211753_Disclosure_27072026.pdf"
"INDIGO","InterGlobe Aviation Limited","Change in Management","InterGlobe Aviation Limited has informed the Exchange about change in Management","27-Jul-2026 21:11:28","2026-07-27 21:11:28","27-Jul-2026 21:11:30","00:00:02","https://nsearchives.nseindia.com/corporate/Indigo1_27072026211119_Disclosure_27072026_KMP.pdf"
"INDIGO","InterGlobe Aviation Limited","Copy of Newspaper Publication","InterGlobe Aviation Limited has informed the Exchange about Copy of Newspaper Publication","24-Jul-2026 16:15:31","2026-07-24 16:15:31","24-Jul-2026 16:15:32","00:00:01","https://nsearchives.nseindia.com/corporate/Indigo1_24072026161517_SE_Disclosure_FR_NP_24072026.pdf"
"INDIGO","InterGlobe Aviation Limited","General Updates","InterGlobe Aviation Limited has informed the Exchange about General Updates","24-Jul-2026 11:48:13","2026-07-24 11:48:13","24-Jul-2026 11:48:14","00:00:01","https://nsearchives.nseindia.com/corporate/Indigo1_24072026114759_Disclosure_-_CCI.pdf"
"INDIGO","InterGlobe Aviation Limited","Analysts/Institutional Investor Meet/Con. Call Updates","InterGlobe Aviation Limited has informed the Exchange about Link of Recording","23-Jul-2026 22:01:38","2026-07-23 22:01:38","23-Jul-2026 22:01:39","00:00:01","https://nsearchives.nseindia.com/corporate/Indigo1_23072026220129_Audio_Recording.pdf"
"INDIGO","InterGlobe Aviation Limited","Investor Presentation","InterGlobe Aviation Limited has informed the Exchange about Investor Presentation","23-Jul-2026 15:45:34","2026-07-23 15:45:34","23-Jul-2026 15:45:35","00:00:01","https://nsearchives.nseindia.com/corporate/Indigo1_23072026154339_EarningsPresentation_23072026.pdf"
"INDIGO","InterGlobe Aviation Limited","Press Release","InterGlobe Aviation Limited has informed the Exchange regarding a press release dated July 23, 2026, titled ""Press Release on financial results for the quarter ended June 30, 2026"".","23-Jul-2026 15:45:34","2026-07-23 15:45:34","23-Jul-2026 15:45:36","00:00:02","https://nsearchives.nseindia.com/corporate/Indigo1_23072026154506_Board_Meeting_PressRelease_23072026.pdf"
"INDIGO","InterGlobe Aviation Limited","Outcome of Board Meeting","InterGlobe Aviation Limited has submitted to the Exchange, the financial results for the period ended Jun 30, 2026.","23-Jul-2026 15:40:32","2026-07-23 15:40:32","23-Jul-2026 15:40:33","00:00:01","https://nsearchives.nseindia.com/corporate/Indigo1_23072026153824_Board_Meeting_Results_23072026.pdf"
"INDIGO","InterGlobe Aviation Limited","Options to purchase securities","InterGlobe Aviation Limited has informed the Exchange about Options to purchase securities","22-Jul-2026 19:48:39","2026-07-22 19:48:39","22-Jul-2026 19:48:41","00:00:02","https://nsearchives.nseindia.com/corporate/Indigo1_22072026194651_Disclosure_-_Grant.pdf"
"INDIGO","InterGlobe Aviation Limited","Press Release","InterGlobe Aviation Limited has informed the Exchange regarding a press release dated July 20, 2026, titled ""IndiGo and CFM sign MoU paving the way to a record agreement for 1,000+ LEAP-1A engines."".","20-Jul-2026 20:37:12","2026-07-20 20:37:12","20-Jul-2026 20:37:13","00:00:01","https://nsearchives.nseindia.com/corporate/Indigo1_20072026203321_PressRelease20072026.pdf"
"INDIGO","InterGlobe Aviation Limited","Analysts/Institutional Investor Meet/Con. Call Updates","InterGlobe Aviation Limited has informed the Exchange about Schedule of meet","16-Jul-2026 19:26:35","2026-07-16 19:26:35","16-Jul-2026 19:26:36","00:00:01","https://nsearchives.nseindia.com/corporate/Indigo1_16072026191707_Board_Meeting_Intimation-July2026_Signed.pdf"
"INDIGO","InterGlobe Aviation Limited","Certificate under SEBI (Depositories and Participants) Regulations, 2018","InterGlobe Aviation Limited has informed the Exchange about Certificate under SEBI (Depositories and Participants) Regulations, 2018","13-Jul-2026 16:53:38","2026-07-13 16:53:38","13-Jul-2026 16:53:39","00:00:01","https://nsearchives.nseindia.com/corporate/Indigo1_13072026165328_SE_Reg_74_5_.pdf"
"INDIGO","InterGlobe Aviation Limited","Action(s) taken or orders passed","InterGlobe Aviation Limited has informed the Exchange about Action(s) taken or orders passed","10-Jul-2026 16:52:26","2026-07-10 16:52:26","10-Jul-2026 16:52:26","00:00:00","https://nsearchives.nseindia.com/corporate/Indigo1_10072026165216_SE10072026.pdf"
"INDIGO","InterGlobe Aviation Limited","General Updates","InterGlobe Aviation Limited has informed the Exchange about allotment of ESOPs","07-Jul-2026 11:08:30","2026-07-07 11:08:30","07-Jul-2026 11:08:31","00:00:01","https://nsearchives.nseindia.com/corporate/Indigo1_07072026110801_Disclosure_Allotment_07072026.pdf"
"INDIGO","InterGlobe Aviation Limited","Resignation of Director/KMP/SMP","InterGlobe Aviation Limited has informed the Exchange about Resignation of Director/KMP/SMP","30-Jun-2026 19:04:42","2026-06-30 19:04:42","30-Jun-2026 19:04:43","00:00:01","https://nsearchives.nseindia.com/corporate/INDIGO_ROID_90757_KMP_Doc.zip"
"INDIGO","InterGlobe Aviation Limited","Resignation of Director/KMP/SMP","InterGlobe Aviation Limited has informed the Exchange about Resignation of Director/KMP/SMP","30-Jun-2026 18:36:27","2026-06-30 18:36:27","30-Jun-2026 18:36:28","00:00:01","https://nsearchives.nseindia.com/corporate/INDIGO_ROID_90750_KMP_Doc.zip"
"INDIGO","InterGlobe Aviation Limited","Change in Management","InterGlobe Aviation Limited has informed the Exchange about change in Management","30-Jun-2026 17:23:25","2026-06-30 17:23:25","30-Jun-2026 17:23:26","00:00:01","https://nsearchives.nseindia.com/corporate/Indigo1_30062026172309_SE_Disclosure_30062026.pdf"
"INDIGO","InterGlobe Aviation Limited","Credit Rating- Others","InterGlobe Aviation Limited has informed the Exchange about Credit Rating- Others","30-Jun-2026 13:29:40","2026-06-30 13:29:40","30-Jun-2026 13:29:41","00:00:01","https://nsearchives.nseindia.com/corporate/Indigo1_30062026132915_Credit_Rating_CRISIL_30062026.pdf"
"INDIGO","InterGlobe Aviation Limited","Trading Window","InterGlobe Aviation Limited has informed the Exchange regarding the Trading Window closure pursuant to SEBI (Prohibition of Insider Trading) Regulations, 2015","24-Jun-2026 23:04:26","2026-06-24 23:04:26","24-Jun-2026 23:04:26","00:00:00","https://nsearchives.nseindia.com/corporate/Indigo1_24062026230409_Closure_of_Trading_Window_Q1_FY27__final_.pdf"
"INDIGO","InterGlobe Aviation Limited","Disclosure under SEBI Takeover Regulations","Rakesh Gangwal has Submitted to the Exchange a copy of Disclosure under Regulation 31(4) of the Securities and Exchange Board of India (Substantial Acquisition of Shares and Takeovers) Regulations, 2011.","15-Jun-2026 18:25:38","2026-06-15 18:25:38","15-Jun-2026 18:25:39","00:00:01","https://nsearchives.nseindia.com/corporate/team_bbodade_23042026162330_INDIGO.pdf"
"INDIGO","InterGlobe Aviation Limited","Investor Presentation","InterGlobe Aviation Limited has informed the Exchange about Investor Presentation","08-Jun-2026 09:13:28","2026-06-08 09:13:28","08-Jun-2026 09:13:29","00:00:01","https://nsearchives.nseindia.com/corporate/Indigo1_08062026091200_Analyst_Meet_Presentation_08062026.pdf"
"INDIGO","InterGlobe Aviation Limited","Analysts/Institutional Investor Meet/Con. Call Updates","InterGlobe Aviation Limited has informed the Exchange about Schedule of meet","05-Jun-2026 18:49:54","2026-06-05 18:49:54","05-Jun-2026 18:49:55","00:00:01","https://nsearchives.nseindia.com/corporate/Indigo1_05062026184324_Investor_Meet_Schedule_05062026.pdf"
"INDIGO","InterGlobe Aviation Limited","Press Release","InterGlobe Aviation Limited has informed the Exchange regarding a press release dated Jun 04, 2026, titled ""IndiGo temporarily suspends operations to six international destinations as part of network optimization; Retains 1,800+ weekly international flights despite adjustments"".","04-Jun-2026 20:27:25","2026-06-04 20:27:25","04-Jun-2026 20:27:25","00:00:00","https://nsearchives.nseindia.com/corporate/Indigo1_04062026202655_Press_Release_04062026.pdf"
"INDIGO","InterGlobe Aviation Limited","Analysts/Institutional Investor Meet/Con. Call Updates","InterGlobe Aviation Limited has informed the Exchange about Transcript","04-Jun-2026 14:43:36","2026-06-04 14:43:36","04-Jun-2026 14:43:38","00:00:02","https://nsearchives.nseindia.com/corporate/Indigo1_04062026144311_Transcript.pdf"
"INDIGO","InterGlobe Aviation Limited","General Updates","InterGlobe Aviation Limited has informed the Exchange regarding allotment of ESOPs","04-Jun-2026 10:33:26","2026-06-04 10:33:26","04-Jun-2026 10:33:26","00:00:00","https://nsearchives.nseindia.com/corporate/Indigo1_04062026103313_SE_Disclosure_04062026.pdf"
"INDIGO","InterGlobe Aviation Limited","Analysts/Institutional Investor Meet/Con. Call Updates","InterGlobe Aviation Limited has informed the Exchange about Schedule of meet","03-Jun-2026 17:13:36","2026-06-03 17:13:36","03-Jun-2026 17:13:37","00:00:01","https://nsearchives.nseindia.com/corporate/Indigo1_03062026171302_Analyst_Meet_Schedule_03062026.pdf"
"INDIGO","InterGlobe Aviation Limited","Press Release","InterGlobe Aviation Limited has informed the Exchange regarding a press release dated Jun 02, 2026, titled ""Amidst unfavorable cost and operational environment, IndiGo temporarilydiscontinues &#64258;ights to / from Manchester starting 31 August 2026"".","02-Jun-2026 21:52:42","2026-06-02 21:52:42","02-Jun-2026 21:52:43","00:00:01","https://nsearchives.nseindia.com/corporate/Indigo1_02062026215218_Press_Release_02062026.pdf"
"INDIGO","InterGlobe Aviation Limited","Copy of Newspaper Publication","InterGlobe Aviation Limited has informed the Exchange about Copy of Newspaper Publication","02-Jun-2026 15:43:01","2026-06-02 15:43:01","02-Jun-2026 15:43:01","00:00:00","https://nsearchives.nseindia.com/corporate/Indigo1_02062026154046_Stx_Letter-Newspaper_Ad-Transfer_to_IEPF_signed.pdf"
"INDIGO","InterGlobe Aviation Limited","General Updates","InterGlobe Aviation Limited has informed the Exchange about General Updates - Submission of copy of notice for attention of the Equity Shareholders of the Company","01-Jun-2026 18:58:36","2026-06-01 18:58:36","01-Jun-2026 18:58:36","00:00:00","https://nsearchives.nseindia.com/corporate/Indigo1_01062026185754_StxLetterNoticeToShareholdersIEPFReminder01062026.pdf"
"INDIGO","InterGlobe Aviation Limited","Copy of Newspaper Publication","InterGlobe Aviation Limited has informed the Exchange about Newspaper Publication","30-May-2026 10:40:23","2026-05-30 10:40:23","30-May-2026 10:40:24","00:00:01","https://nsearchives.nseindia.com/corporate/Indigo1_30052026104012_Newspaper_Publication_FR_.pdf"
"INDIGO","InterGlobe Aviation Limited","Analysts/Institutional Investor Meet/Con. Call Updates","InterGlobe Aviation Limited has informed the Exchange about Link of Recording","29-May-2026 22:46:22","2026-05-29 22:46:22","29-May-2026 22:46:23","00:00:01","https://nsearchives.nseindia.com/corporate/Indigo1_29052026224606_Audio_Recording.pdf"
"INDIGO","InterGlobe Aviation Limited","Outcome of Board Meeting","InterGlobe Aviation Limited has submitted to the Exchange, the financial results for the period ended March 31, 2026.","29-May-2026 16:29:21","2026-05-29 16:29:21","29-May-2026 16:29:22","00:00:01","https://nsearchives.nseindia.com/corporate/Indigo1_29052026162550_Outcome_of_BM_29052027.pdf"
"INDIGO","InterGlobe Aviation Limited","Investor Presentation","InterGlobe Aviation Limited has informed the Exchange about Investor Presentation","29-May-2026 16:19:16","2026-05-29 16:19:16","29-May-2026 16:19:17","00:00:01","https://nsearchives.nseindia.com/corporate/Indigo1_29052026161729_Presentation.pdf"
"INDIGO","InterGlobe Aviation Limited","Press Release","InterGlobe Aviation Limited has informed the Exchange regarding a press release dated May 29, 2026, titled ""Press Release on financial results for the quarter and financial year ended March 31, 2026"".","29-May-2026 16:19:16","2026-05-29 16:19:16","29-May-2026 16:19:17","00:00:01","https://nsearchives.nseindia.com/corporate/Indigo1_29052026161907_Press_Release.pdf"
"INDIGO","InterGlobe Aviation Limited","Outcome of Board Meeting","InterGlobe Aviation Limited has submitted to the Exchange, the financial results for the period ended March 31, 2026.","29-May-2026 16:12:49","2026-05-29 16:12:49","29-May-2026 16:12:50","00:00:01","https://nsearchives.nseindia.com/corporate/Indigo1_29052026161033_Outcome_of_BM_29052027.pdf"
"INDIGO","InterGlobe Aviation Limited","Resignation of Director/KMP/SMP","InterGlobe Aviation Limited has informed the Exchange about Resignation of Director/KMP/SMP","05-May-2026 12:07:30","2026-05-05 12:07:30","05-May-2026 12:07:31","00:00:01","https://nsearchives.nseindia.com/corporate/INDIGO_ROID_84287_KMP_Doc.zip"
"INDIGO","InterGlobe Aviation Limited","Change in Management","InterGlobe Aviation Limited has informed the Exchange about change in Management","04-May-2026 14:10:50","2026-05-04 14:10:50","04-May-2026 14:10:51","00:00:01","https://nsearchives.nseindia.com/corporate/Indigo1_04052026141020_SE_Disclosure_04052026.pdf"
"INDIGO","InterGlobe Aviation Limited","Credit Rating- Others","InterGlobe Aviation Limited has informed the Exchange about Credit Rating- Others","01-May-2026 15:40:13","2026-05-01 15:40:13","01-May-2026 15:40:15","00:00:02","https://nsearchives.nseindia.com/corporate/Indigo1_01052026153930_StxDisclosureCreditRatingMoodys-010526.pdf"
"INDIGO","InterGlobe Aviation Limited","Action(s) taken or orders passed","InterGlobe Aviation Limited has informed the Exchange about Action(s) taken or orders passed","23-Apr-2026 18:21:00","2026-04-23 18:21:00","23-Apr-2026 18:21:01","00:00:01","https://nsearchives.nseindia.com/corporate/Indigo1_23042026182028_SE_Disclosure__23042026_.pdf"
"INDIGO","InterGlobe Aviation Limited","Certificate under SEBI (Depositories and Participants) Regulations, 2018","InterGlobe Aviation Limited has informed the Exchange about Certificate under SEBI (Depositories and Participants) Regulations, 2018","13-Apr-2026 19:25:15","2026-04-13 19:25:15","13-Apr-2026 19:25:16","00:00:01","https://nsearchives.nseindia.com/corporate/Indigo1_13042026192503_Reg_74_5__of_DP_Regulations.pdf"
"INDIGO","InterGlobe Aviation Limited","Disclosure under SEBI Takeover Regulations","InterGlobe Enterprises Private Limited For and on behalf of the IGE Group has Submitted to the Exchange a copy of Disclosure under Regulation 31(4) of the Securities and Exchange Board of India (Substantial Acquisition of Shares and Takeovers) Regulations, 2011.","08-Apr-2026 12:08:06","2026-04-08 12:08:06","08-Apr-2026 12:08:07","00:00:01","https://nsearchives.nseindia.com/corporate/team_sandeshc_08042026113410_Declaration3.pdf"
"INDIGO","InterGlobe Aviation Limited","General Updates","InterGlobe Aviation Limited has informed the Exchange regarding allotment of ESOPs","08-Apr-2026 11:28:15","2026-04-08 11:28:15","08-Apr-2026 11:28:16","00:00:01","https://nsearchives.nseindia.com/corporate/Indigo1_08042026112757_Disclosure_Allotment_08042026.pdf"
"INDIGO","InterGlobe Aviation Limited","Press Release","InterGlobe Aviation Limited has informed the Exchange regarding a press release dated April 01, 2026, titled ""Rising ATF (Air Turbine Fuel) Costs Force IndiGo to Revise Fuel Charges "".","01-Apr-2026 19:33:46","2026-04-01 19:33:46","01-Apr-2026 19:33:47","00:00:01","https://nsearchives.nseindia.com/corporate/Indigo1_01042026193304_Press_Release_01042026.pdf"
"INDIGO","InterGlobe Aviation Limited","Credit Rating- Others","InterGlobe Aviation Limited has informed the Exchange about Credit Rating- Others","01-Apr-2026 13:04:54","2026-04-01 13:04:54","01-Apr-2026 13:04:56","00:00:02","https://nsearchives.nseindia.com/corporate/Indigo1_01042026130407_Credit_Rating_CRISIL_-_01042026.pdf"
"INDIGO","InterGlobe Aviation Limited","Press Release","InterGlobe Aviation Limited has informed the Exchange regarding a press release dated March 31, 2026, titled ""Press Release regarding appointment of CEO"".","31-Mar-2026 15:30:37","2026-03-31 15:30:37","31-Mar-2026 15:30:38","00:00:01","https://nsearchives.nseindia.com/corporate/Indigo1_31032026153024_SE_disclosure_31032026.pdf"
"INDIGO","InterGlobe Aviation Limited","Outcome of Board Meeting","InterGlobe Aviation Limited has informed the Exchange regarding Outcome of Board Meeting held on March 31, 2026.","31-Mar-2026 15:19:31","2026-03-31 15:19:31","31-Mar-2026 15:19:32","00:00:01","https://nsearchives.nseindia.com/corporate/Indigo1_31032026151913_SE_disclosure_31032026.pdf"
"INDIGO","InterGlobe Aviation Limited","Trading Window","InterGlobe Aviation Limited has informed the Exchange regarding the Trading Window closure pursuant to SEBI (Prohibition of Insider Trading) Regulations, 2015","27-Mar-2026 16:53:47","2026-03-27 16:53:47","27-Mar-2026 16:53:49","00:00:02","https://nsearchives.nseindia.com/corporate/Indigo1_27032026165258_SE_Intimation_Trading_Window_Closure.pdf"
"INDIGO","InterGlobe Aviation Limited","Action(s) taken or orders passed","InterGlobe Aviation Limited has informed the Exchange about Action(s) taken or orders passed","26-Mar-2026 19:25:15","2026-03-26 19:25:15","26-Mar-2026 19:25:16","00:00:01","https://nsearchives.nseindia.com/corporate/Indigo1_26032026192448_SE_Tax_Disclosure_26032026.pdf"
"INDIGO","InterGlobe Aviation Limited","Press Release","InterGlobe Aviation Limited has informed the Exchange regarding a press release dated March 23, 2026, titled ""IndiGo appoints Chief Strategy Officer"".","23-Mar-2026 19:27:18","2026-03-23 19:27:18","23-Mar-2026 19:27:19","00:00:01","https://nsearchives.nseindia.com/corporate/Indigo1_23032026192508_SE_disclosure_23032026.pdf"
"INDIGO","InterGlobe Aviation Limited","Outcome of Board Meeting","InterGlobe Aviation Limited has informed the Exchange regarding Outcome of Board Meeting held on March 23, 2026.","23-Mar-2026 19:19:17","2026-03-23 19:19:17","23-Mar-2026 19:19:18","00:00:01","https://nsearchives.nseindia.com/corporate/Indigo1_23032026191904_SE_disclosure_23032026.pdf"
"INDIGO","InterGlobe Aviation Limited","General Updates","InterGlobe Aviation Limited has informed the Exchange about General Updates","18-Mar-2026 18:50:39","2026-03-18 18:50:39","18-Mar-2026 18:50:40","00:00:01","https://nsearchives.nseindia.com/corporate/Indigo1_18032026185019_SE_Disclosure_Land_Acq_18032026.pdf"
"INDIGO","InterGlobe Aviation Limited","Credit Rating- Others","InterGlobe Aviation Limited has informed the Exchange about Credit Rating- Others","18-Mar-2026 18:29:16","2026-03-18 18:29:16","18-Mar-2026 18:29:17","00:00:01","https://nsearchives.nseindia.com/corporate/Indigo1_18032026182831_Credit_Rating_ICRA_18032026.pdf"
"INDIGO","InterGlobe Aviation Limited","Press Release","InterGlobe Aviation Limited has informed the Exchange regarding a press release dated March 14, 2026, titled ""Update on IndiGo's Middle East Operations"".","14-Mar-2026 17:13:27","2026-03-14 17:13:27","14-Mar-2026 17:13:28","00:00:01","https://nsearchives.nseindia.com/corporate/Indigo1_14032026171155_PR14032026_1.pdf"
"INDIGO","InterGlobe Aviation Limited","Press Release","InterGlobe Aviation Limited has informed the Exchange regarding a press release dated March 13, 2026, titled ""IndiGo Introduces 'Fuel Charge' from 14 March 2026"".","13-Mar-2026 20:06:04","2026-03-13 20:06:04","13-Mar-2026 20:06:05","00:00:01","https://nsearchives.nseindia.com/corporate/Indigo1_13032026195941_PressRelease13032026.pdf"
"INDIGO","InterGlobe Aviation Limited","Press Release","InterGlobe Aviation Limited has informed the Exchange regarding a press release dated March 10, 2026, titled ""Organisational Announcement"".","10-Mar-2026 19:27:03","2026-03-10 19:27:03","10-Mar-2026 19:27:03","00:00:00","https://nsearchives.nseindia.com/corporate/Indigo1_10032026192647_Disclosure.pdf"
"INDIGO","InterGlobe Aviation Limited","Outcome of Board Meeting","InterGlobe Aviation Limited has informed the Exchange regarding Outcome of Board Meeting held on March 10, 2026.","10-Mar-2026 17:59:53","2026-03-10 17:59:53","10-Mar-2026 17:59:54","00:00:01","https://nsearchives.nseindia.com/corporate/Indigo1_10032026175934_Disclosure.pdf"
"INDIGO","InterGlobe Aviation Limited","Credit Rating- Revision","InterGlobe Aviation Limited has informed the Exchange about Credit Rating- Revision","06-Mar-2026 19:04:24","2026-03-06 19:04:24","06-Mar-2026 19:04:25","00:00:01","https://nsearchives.nseindia.com/corporate/Indigo1_06032026190229_Reg30CreditRating06032026.pdf"
"INDIGO","InterGlobe Aviation Limited","General Updates","InterGlobe Aviation Limited has informed the Exchange regarding allotment of ESOPs","05-Mar-2026 11:26:54","2026-03-05 11:26:54","05-Mar-2026 11:26:54","00:00:00","https://nsearchives.nseindia.com/corporate/Indigo1_05032026112639_Disclosure_Allotment_05032026.pdf"
"INDIGO","InterGlobe Aviation Limited","General Updates","InterGlobe Aviation Limited has informed the Exchange about General Updates","04-Mar-2026 10:22:38","2026-03-04 10:22:38","04-Mar-2026 10:22:38","00:00:00","https://nsearchives.nseindia.com/corporate/Indigo1_04032026102149_SE_Disclosure_04032026.pdf"
"INDIGO","InterGlobe Aviation Limited","Analysts/Institutional Investor Meet/Con. Call Updates","InterGlobe Aviation Limited has informed the Exchange about Schedule of meet","24-Feb-2026 16:39:16","2026-02-24 16:39:16","24-Feb-2026 16:39:17","00:00:01","https://nsearchives.nseindia.com/corporate/Indigo1_24022026163627_SE_Investor_Meet_disclosure.pdf"
"INDIGO","InterGlobe Aviation Limited","Action(s) taken or orders passed","InterGlobe Aviation Limited has informed the Exchange about Action(s) taken or orders passed","13-Feb-2026 15:23:22","2026-02-13 15:23:22","13-Feb-2026 15:23:22","00:00:00","https://nsearchives.nseindia.com/corporate/Indigo1_13022026152229_SE_Tax_Disclosure_13022026.pdf"
"INDIGO","InterGlobe Aviation Limited","General Updates","InterGlobe Aviation Limited has informed the Exchange regarding allotment of ESOPs","06-Feb-2026 10:41:25","2026-02-06 10:41:25","06-Feb-2026 10:41:26","00:00:01","https://nsearchives.nseindia.com/corporate/Indigo1_06022026104109_Disclosure_Allotment_06022026.pdf"
"INDIGO","InterGlobe Aviation Limited","News Verification","The Exchange has sought clarification from InterGlobe Aviation Limited with respect to recent news item captioned Did IndiGo create an  artificial shortage  of seats? CCI orders probe after December flight chaos.  The response from the Company is attached.","05-Feb-2026 16:13:01","2026-02-05 16:13:01","05-Feb-2026 16:13:02","00:00:01","https://nsearchives.nseindia.com/corporate/Indigo1_05022026161218_Response_for_NSE_05022026.pdf"
"INDIGO","InterGlobe Aviation Limited","General Updates","InterGlobe Aviation Limited has informed the Exchange about General Updates","05-Feb-2026 14:36:22","2026-02-05 14:36:22","05-Feb-2026 14:36:24","00:00:02","https://nsearchives.nseindia.com/corporate/Indigo1_05022026143518_SE_Disclosure_CCI_05022026.pdf"
"INDIGO","InterGlobe Aviation Limited","General Updates","InterGlobe Aviation Limited has informed the Exchange about General Updates","05-Feb-2026 14:11:50","2026-02-05 14:11:50","05-Feb-2026 14:11:51","00:00:01","https://nsearchives.nseindia.com/corporate/Indigo1_05022026141132_SE_Disc_CCI_05022026.pdf"
"INDIGO","InterGlobe Aviation Limited","News Verification","The Exchange has sought clarification from InterGlobe Aviation Limited with respect to recent news item captioned Did IndiGo create an  artificial shortage  of seats? CCI orders probe after December flight chaos.  The response from the Company is awaited.","05-Feb-2026 10:23:20","2026-02-05 10:23:20","05-Feb-2026 10:23:21","00:00:01","-"
"INDIGO","InterGlobe Aviation Limited","Analysts/Institutional Investor Meet/Con. Call Updates","InterGlobe Aviation Limited has informed the Exchange about Transcript","28-Jan-2026 19:40:29","2026-01-28 19:40:29","28-Jan-2026 19:40:30","00:00:01","https://nsearchives.nseindia.com/corporate/Indigo1_28012026194015_SE_Earnings_call_Transcript.pdf"
"INDIGO","InterGlobe Aviation Limited","Copy of Newspaper Publication","InterGlobe Aviation Limited has informed the Exchange about Copy of Newspaper Publication","23-Jan-2026 15:45:39","2026-01-23 15:45:39","23-Jan-2026 15:45:40","00:00:01","https://nsearchives.nseindia.com/corporate/Indigo1_23012026154527_Newspaper_Publication_FR_23012026.pdf"
"INDIGO","InterGlobe Aviation Limited","Analysts/Institutional Investor Meet/Con. Call Updates","InterGlobe Aviation Limited has informed the Exchange regarding uploading of recording of earnings call","22-Jan-2026 22:50:32","2026-01-22 22:50:32","22-Jan-2026 22:50:33","00:00:01","https://nsearchives.nseindia.com/corporate/Indigo1_22012026225006_SE_Audio_Recording.pdf"
"INDIGO","InterGlobe Aviation Limited","Appointment","InterGlobe Aviation Limited has informed the Exchange regarding Appointment of  Firm as Other of the company w.e.f. April 01, 2026.","22-Jan-2026 16:20:09","2026-01-22 16:20:09","22-Jan-2026 16:20:10","00:00:01","https://nsearchives.nseindia.com/corporate/Indigo1_22012026161923_Reappointment_InternalAuditors.pdf"
"INDIGO","InterGlobe Aviation Limited","Investor Presentation","InterGlobe Aviation Limited has informed the Exchange about Investor Presentation","22-Jan-2026 16:14:56","2026-01-22 16:14:56","22-Jan-2026 16:14:57","00:00:01","https://nsearchives.nseindia.com/corporate/Indigo1_22012026161446_SE_Investor_Presentation.pdf"
"INDIGO","InterGlobe Aviation Limited","Press Release","InterGlobe Aviation Limited has informed the Exchange regarding a press release dated January 22, 2026, titled ""Unaudited Results"".","22-Jan-2026 16:14:56","2026-01-22 16:14:56","22-Jan-2026 16:14:57","00:00:01","https://nsearchives.nseindia.com/corporate/Indigo1_22012026161331_SE_Press_Release.pdf"
"INDIGO","InterGlobe Aviation Limited","Outcome of Board Meeting","InterGlobe Aviation Limited has submitted to the Exchange, the financial results for the period ended December 31, 2025.","22-Jan-2026 16:10:44","2026-01-22 16:10:44","22-Jan-2026 16:10:45","00:00:01","https://nsearchives.nseindia.com/corporate/Indigo1_22012026160926_Outcome_Results.pdf"
"INDIGO","InterGlobe Aviation Limited","Action(s) taken or orders passed","InterGlobe Aviation Limited has informed the Exchange about Action(s) taken or orders passed","18-Jan-2026 17:39:35","2026-01-18 17:39:35","18-Jan-2026 17:39:35","00:00:00","https://nsearchives.nseindia.com/corporate/Indigo1_18012026173920_SE_Disc_18012026.pdf"
"INDIGO","InterGlobe Aviation Limited","General Updates","InterGlobe Aviation Limited has informed the Exchange about General Updates","17-Jan-2026 20:59:14","2026-01-17 20:59:14","17-Jan-2026 20:59:15","00:00:01","https://nsearchives.nseindia.com/corporate/Indigo1_17012026205847_SE_Disc_17012026.pdf"
"INDIGO","InterGlobe Aviation Limited","General Updates","InterGlobe Aviation Limited has informed the Exchange about General Updates","09-Jan-2026 16:18:52","2026-01-09 16:18:52","09-Jan-2026 16:18:53","00:00:01","https://nsearchives.nseindia.com/corporate/Indigo1_09012026161811_SE_Disclosure_090126.pdf"
"INDIGO","InterGlobe Aviation Limited","General Updates","InterGlobe Aviation Limited has informed the Exchange about General Updates","07-Jan-2026 17:39:41","2026-01-07 17:39:41","07-Jan-2026 17:39:42","00:00:01","https://nsearchives.nseindia.com/corporate/Indigo1_07012026173900_Press_Release_07012026.pdf"
"INDIGO","InterGlobe Aviation Limited","Certificate under SEBI (Depositories and Participants) Regulations, 2018","InterGlobe Aviation Limited has informed the Exchange about Certificate under SEBI (Depositories and Participants) Regulations, 2018","05-Jan-2026 19:08:40","2026-01-05 19:08:40","05-Jan-2026 19:08:42","00:00:02","https://nsearchives.nseindia.com/corporate/Indigo1_05012026190827_STX-_Reg_74_5_.pdf"
"INDIGO","InterGlobe Aviation Limited","Updates","InterGlobe Aviation Limited has informed the Exchange regarding 'Allotment of ESOPs'.","05-Jan-2026 11:11:22","2026-01-05 11:11:22","05-Jan-2026 11:11:24","00:00:02","https://nsearchives.nseindia.com/corporate/Indigo1_05012026111112_Disclosure_Allotment_05012026.pdf"
"INDIGO","InterGlobe Aviation Limited","General Updates","InterGlobe Aviation Limited has informed the Exchange about General Updates","31-Dec-2025 16:39:43","2025-12-31 16:39:43","31-Dec-2025 16:39:44","00:00:01","https://nsearchives.nseindia.com/corporate/Indigo1_31122025163929_press_Release_-_31122025.pdf"
"INDIGO","InterGlobe Aviation Limited","Action(s) taken or orders passed","InterGlobe Aviation Limited has informed the Exchange about Action(s) taken or orders passed","30-Dec-2025 18:30:38","2025-12-30 18:30:38","30-Dec-2025 18:30:39","00:00:01","https://nsearchives.nseindia.com/corporate/Indigo1_30122025183018_SE__Tax_Disclosure__29122025_UP.pdf"
"INDIGO","InterGlobe Aviation Limited","Action(s) taken or orders passed","InterGlobe Aviation Limited has informed the Exchange about Action(s) taken or orders passed","30-Dec-2025 16:39:30","2025-12-30 16:39:30","30-Dec-2025 16:39:31","00:00:01","https://nsearchives.nseindia.com/corporate/Indigo1_30122025163822_SE__Tax_Disclosure__29122025.pdf"
"INDIGO","InterGlobe Aviation Limited","Trading Window","InterGlobe Aviation Limited has informed the Exchange regarding the Trading Window closure pursuant to SEBI (Prohibition of Insider Trading) Regulations, 2015","26-Dec-2025 14:39:45","2025-12-26 14:39:45","26-Dec-2025 14:39:45","00:00:00","https://nsearchives.nseindia.com/corporate/Indigo1_26122025143850_SE_Disclosure_for_Closure_of_trading_Window.pdf"
"INDIGO","InterGlobe Aviation Limited","Action(s) taken or orders passed","InterGlobe Aviation Limited has informed the Exchange about Action(s) taken or orders passed","25-Dec-2025 14:25:43","2025-12-25 14:25:43","25-Dec-2025 14:25:43","00:00:00","https://nsearchives.nseindia.com/corporate/Indigo1_25122025142512_SE__Tax_Disclosure__24122025.pdf"
"INDIGO","InterGlobe Aviation Limited","General Updates","InterGlobe Aviation Limited has informed the Exchange about General Updates","24-Dec-2025 19:33:10","2025-12-24 19:33:10","24-Dec-2025 19:33:11","00:00:01","https://nsearchives.nseindia.com/corporate/Indigo1_24122025193252_Press_Statement_24122025_Sign.pdf"
"INDIGO","InterGlobe Aviation Limited","General Updates","InterGlobe Aviation Limited has informed the Exchange about General Updates","18-Dec-2025 15:47:07","2025-12-18 15:47:07","18-Dec-2025 15:47:08","00:00:01","https://nsearchives.nseindia.com/corporate/Indigo1_18122025154647_PressReleaseDisclosure18122025.pdf"
"INDIGO","InterGlobe Aviation Limited","General Updates","InterGlobe Aviation Limited has informed the Exchange about General Updates","15-Dec-2025 11:59:59","2025-12-15 11:59:59","15-Dec-2025 12:00:00","00:00:01","https://nsearchives.nseindia.com/corporate/Indigo1_15122025115819_SE15122025_Statement.pdf"
"INDIGO","InterGlobe Aviation Limited","General Updates","InterGlobe Aviation Limited has informed the Exchange about General Updates","13-Dec-2025 15:25:19","2025-12-13 15:25:19","13-Dec-2025 15:25:20","00:00:01","https://nsearchives.nseindia.com/corporate/Indigo1_13122025152336_SE13122025_Statement.pdf"
"INDIGO","InterGlobe Aviation Limited","General Updates","InterGlobe Aviation Limited has informed the Exchange about General Updates","12-Dec-2025 22:56:00","2025-12-12 22:56:00","12-Dec-2025 22:56:01","00:00:01","https://nsearchives.nseindia.com/corporate/Indigo1_12122025225518_SE12122025_Post.pdf"
"INDIGO","InterGlobe Aviation Limited","General Updates","InterGlobe Aviation Limited has informed the Exchange about General Updates","12-Dec-2025 17:27:21","2025-12-12 17:27:21","12-Dec-2025 17:27:22","00:00:01","https://nsearchives.nseindia.com/corporate/Indigo1_12122025172646_SE12122025_Statement_II.pdf"
"INDIGO","InterGlobe Aviation Limited","General Updates","InterGlobe Aviation Limited has informed the Exchange about General Updates","12-Dec-2025 15:36:27","2025-12-12 15:36:27","12-Dec-2025 15:36:27","00:00:00","https://nsearchives.nseindia.com/corporate/Indigo1_12122025153614_SE12122025_Statement.pdf"
"INDIGO","InterGlobe Aviation Limited","News Verification","The Exchange has sought clarification from InterGlobe Aviation Limited with respect to recent news item captioned SEBI examining whether IndiGo s parent failed in disclosures; board s role also under scrutiny.  The response from the Company is attached.","12-Dec-2025 13:34:02","2025-12-12 13:34:02","12-Dec-2025 13:34:03","00:00:01","https://nsearchives.nseindia.com/corporate/Indigo1_12122025133340_SE12122025_Clarification.pdf"
"INDIGO","InterGlobe Aviation Limited","Action(s) taken or orders passed","InterGlobe Aviation Limited has informed the Exchange about Action(s) taken or orders passed","12-Dec-2025 10:51:23","2025-12-12 10:51:23","12-Dec-2025 10:51:24","00:00:01","https://nsearchives.nseindia.com/corporate/Indigo1_12122025105053_SE__Tax_Discl___12122025.pdf"
"INDIGO","InterGlobe Aviation Limited","Pendency of Litigation(s)/dispute(s) or the outcome impacting the Company","InterGlobe Aviation Limited has informed the Exchange about Pendency of Litigation(s)/dispute(s) or the outcome impacting the Company","11-Dec-2025 18:45:35","2025-12-11 18:45:35","11-Dec-2025 18:45:37","00:00:02","https://nsearchives.nseindia.com/corporate/Indigo1_11122025184524_SE_Litigation.pdf"
"INDIGO","InterGlobe Aviation Limited","General Updates","InterGlobe Aviation Limited has informed the Exchange about General Updates","11-Dec-2025 18:06:48","2025-12-11 18:06:48","11-Dec-2025 18:06:50","00:00:02","https://nsearchives.nseindia.com/corporate/Indigo1_11122025180607_SE_26_11122025Sign.pdf"
"INDIGO","InterGlobe Aviation Limited","News Verification","The Exchange has sought clarification from InterGlobe Aviation Limited with respect to recent news item captioned SEBI examining whether IndiGo s parent failed in disclosures; board s role also under scrutiny.  The response from the Company is awaited.","11-Dec-2025 15:59:09","2025-12-11 15:59:09","11-Dec-2025 15:59:10","00:00:01","-"
"INDIGO","InterGlobe Aviation Limited","General Updates","InterGlobe Aviation Limited has informed the Exchange about General Updates","11-Dec-2025 14:52:19","2025-12-11 14:52:19","11-Dec-2025 14:52:20","00:00:01","https://nsearchives.nseindia.com/corporate/Indigo1_11122025145011_SE11122025_Statement_2.pdf"
"INDIGO","InterGlobe Aviation Limited","General Updates","InterGlobe Aviation Limited has informed the Exchange about General Updates","11-Dec-2025 13:39:31","2025-12-11 13:39:31","11-Dec-2025 13:39:32","00:00:01","https://nsearchives.nseindia.com/corporate/Indigo1_11122025133921_Reg30_SE11122025.pdf"
"INDIGO","InterGlobe Aviation Limited","General Updates","InterGlobe Aviation Limited has informed the Exchange about General Updates","11-Dec-2025 11:57:20","2025-12-11 11:57:20","11-Dec-2025 11:57:21","00:00:01","https://nsearchives.nseindia.com/corporate/Indigo1_11122025115658_PressStatement11122025.pdf"
"INDIGO","InterGlobe Aviation Limited","News Verification","The Exchange has sought clarification from InterGlobe Aviation Limited with respect to recent news item captioned IndiGo Meltdown: India's aviation watchdog summons CEO Pieter Elbers, senior officials on Dec 11.  The response from the Company is attached.","11-Dec-2025 11:34:17","2025-12-11 11:34:17","11-Dec-2025 11:34:18","00:00:01","https://nsearchives.nseindia.com/corporate/Indigo1_11122025113351_SE11122025_NSE.pdf"
"INDIGO","InterGlobe Aviation Limited","Press Release","InterGlobe Aviation Limited has informed the Exchange regarding a press release dated December 10, 2025, titled ""IndiGo updates guidance for Q3 FY 2025-26"".","10-Dec-2025 21:44:28","2025-12-10 21:44:28","10-Dec-2025 21:44:29","00:00:01","https://nsearchives.nseindia.com/corporate/Indigo1_10122025214356_Press_Release_10122025.pdf"
"INDIGO","InterGlobe Aviation Limited","Credit Rating- Others","InterGlobe Aviation Limited has informed the Exchange about Credit Rating- Others","10-Dec-2025 18:01:44","2025-12-10 18:01:44","10-Dec-2025 18:01:45","00:00:01","https://nsearchives.nseindia.com/corporate/Indigo1_10122025180123_Credit_Rating_10122025_ICRA.pdf"
"INDIGO","InterGlobe Aviation Limited","News Verification","The Exchange has sought clarification from InterGlobe Aviation Limited with respect to recent news item captioned IndiGo Meltdown: India's aviation watchdog summons CEO Pieter Elbers, senior officials on Dec 11.  The response from the Company is awaited.","10-Dec-2025 17:23:30","2025-12-10 17:23:30","10-Dec-2025 17:23:30","00:00:00","-"
"INDIGO","InterGlobe Aviation Limited","News Verification","The Exchange has sought clarification from InterGlobe Aviation Limited with respect to recent news item captioned Government cuts 5% of IndiGo flights and reassigns them to other airlines.  The response from the Company is attached.","10-Dec-2025 10:50:01","2025-12-10 10:50:01","10-Dec-2025 10:50:01","00:00:00","https://nsearchives.nseindia.com/corporate/Indigo1_10122025104922_Response_for_NSE_09122025.pdf"
"INDIGO","InterGlobe Aviation Limited","General Updates","InterGlobe Aviation Limited has informed the Exchange about General Updates","09-Dec-2025 21:33:21","2025-12-09 21:33:21","09-Dec-2025 21:33:22","00:00:01","https://nsearchives.nseindia.com/corporate/Indigo1_09122025213248_DGCA_notice_09122025.pdf"
"INDIGO","InterGlobe Aviation Limited","News Verification","The Exchange has sought clarification from InterGlobe Aviation Limited with respect to recent news item captioned Government cuts 5% of IndiGo flights and reassigns them to other airlines.  The response from the Company is awaited.","09-Dec-2025 18:44:34","2025-12-09 18:44:34","09-Dec-2025 18:44:36","00:00:02","-"
"INDIGO","InterGlobe Aviation Limited","General Updates","InterGlobe Aviation Limited has informed the Exchange about General Updates","09-Dec-2025 17:34:06","2025-12-09 17:34:06","09-Dec-2025 17:34:06","00:00:00","https://nsearchives.nseindia.com/corporate/Indigo1_09122025173315_PressStatement09122025.pdf"
"INDIGO","InterGlobe Aviation Limited","Action(s) taken or orders passed","InterGlobe Aviation Limited has informed the Exchange about Action(s) taken or orders passed","09-Dec-2025 16:13:12","2025-12-09 16:13:12","09-Dec-2025 16:13:12","00:00:00","https://nsearchives.nseindia.com/corporate/Indigo1_09122025161259_SE_Disclosure_KWD_08122025.pdf"
"INDIGO","InterGlobe Aviation Limited","Shareholders meeting","InterGlobe Aviation Limited has submitted the Exchange a copy Srutinizers report of  Postal Ballot. Further, the company has informed the Exchange regarding voting results.","09-Dec-2025 15:19:54","2025-12-09 15:19:54","09-Dec-2025 15:19:56","00:00:02","https://nsearchives.nseindia.com/corporate/Indigo1_09122025151921_SE_voting_result_and_scrutinisers_report.pdf"
"INDIGO","InterGlobe Aviation Limited","Credit Rating- Others","InterGlobe Aviation Limited has informed the Exchange about Credit Rating- Others","08-Dec-2025 21:17:01","2025-12-08 21:17:01","08-Dec-2025 21:17:02","00:00:01","https://nsearchives.nseindia.com/corporate/Indigo1_08122025211644_Credit_Rating_08122025_Crisil.pdf"
"INDIGO","InterGlobe Aviation Limited","Credit Rating- Others","InterGlobe Aviation Limited has informed the Exchange about Credit Rating- Others","08-Dec-2025 21:12:44","2025-12-08 21:12:44","08-Dec-2025 21:12:45","00:00:01","https://nsearchives.nseindia.com/corporate/Indigo1_08122025211234_Credit_Rating_08122025_Moody.pdf"
"INDIGO","InterGlobe Aviation Limited","News Verification","The Exchange has sought clarification from InterGlobe Aviation Limited with respect to recent news item captioned DGCA extends deadline for IndiGo CEO Pieter Elber s reply to show-cause notice; warns of action upon failure.  The response from the Company is attached.","08-Dec-2025 20:04:36","2025-12-08 20:04:36","08-Dec-2025 20:04:36","00:00:00","https://nsearchives.nseindia.com/corporate/Indigo1_08122025200307_Response_for_NSE_08122025.pdf"
"INDIGO","InterGlobe Aviation Limited","Press Release","InterGlobe Aviation Limited has informed the Exchange regarding a press release dated December 08, 2025, titled ""IndiGo set to operate over 1800 flights today, reconnecting its entire network"".","08-Dec-2025 18:43:50","2025-12-08 18:43:50","08-Dec-2025 18:43:50","00:00:00","https://nsearchives.nseindia.com/corporate/Indigo1_08122025184332_Press_Release_disclosure_08122025.pdf"
"INDIGO","InterGlobe Aviation Limited","News Verification","The Exchange has sought clarification from InterGlobe Aviation Limited with respect to recent news item captioned DGCA extends deadline for IndiGo CEO Pieter Elber s reply to show-cause notice; warns of action upon failure.  The response from the Company is awaited.","08-Dec-2025 15:17:25","2025-12-08 15:17:25","08-Dec-2025 15:17:26","00:00:01","-"
"INDIGO","InterGlobe Aviation Limited","General Updates","InterGlobe Aviation Limited has informed the Exchange about General Updates","07-Dec-2025 13:47:30","2025-12-07 13:47:30","07-Dec-2025 13:47:31","00:00:01","https://nsearchives.nseindia.com/corporate/Indigo1_07122025134702_SE07122025_1.pdf"
"INDIGO","InterGlobe Aviation Limited","General Updates","InterGlobe Aviation Limited has informed the Exchange about General Updates","07-Dec-2025 11:02:37","2025-12-07 11:02:37","07-Dec-2025 11:02:38","00:00:01","https://nsearchives.nseindia.com/corporate/Indigo1_07122025110219_SE07122025.pdf"
"INDIGO","InterGlobe Aviation Limited","General Updates","InterGlobe Aviation Limited has informed the Exchange about General Updates","06-Dec-2025 19:40:22","2025-12-06 19:40:22","06-Dec-2025 19:40:23","00:00:01","https://nsearchives.nseindia.com/corporate/Indigo1_06122025194013_SE06122025_2.pdf"
"INDIGO","InterGlobe Aviation Limited","General Updates","InterGlobe Aviation Limited has informed the Exchange about General Updates","06-Dec-2025 18:11:24","2025-12-06 18:11:24","06-Dec-2025 18:11:25","00:00:01","https://nsearchives.nseindia.com/corporate/Indigo1_06122025181101_SE06122025.pdf"
"INDIGO","InterGlobe Aviation Limited","News Verification","The Exchange has sought clarification from InterGlobe Aviation Limited with respect to recent news item captioned IndiGo to cut flights from December 8; targets full restoration by February 2026.  The response from the Company is attached.","05-Dec-2025 22:49:22","2025-12-05 22:49:22","05-Dec-2025 22:49:22","00:00:00","https://nsearchives.nseindia.com/corporate/Indigo1_05122025224859_Response_NSE_0512205.pdf"
"INDIGO","InterGlobe Aviation Limited","News Verification","The Exchange has sought clarification from InterGlobe Aviation Limited with respect to recent news item captioned IndiGo to cut flights from December 8; targets full restoration by February 2026.  The response from the Company is awaited.","05-Dec-2025 12:31:00","2025-12-05 12:31:00","05-Dec-2025 12:31:00","00:00:00","-"
"INDIGO","InterGlobe Aviation Limited","News Verification","The Exchange has sought clarification from InterGlobe Aviation Limited with respect to recent news item captioned IndiGo shares fall 3% as DGCA launches probe into airline's massive flight cancellations.  The response from the Company is attached.","04-Dec-2025 14:31:06","2025-12-04 14:31:06","04-Dec-2025 14:31:07","00:00:01","https://nsearchives.nseindia.com/corporate/Indigo1_04122025143036_NSEResponse4Dec25.pdf"
"INDIGO","InterGlobe Aviation Limited","News Verification","The Exchange has sought clarification from InterGlobe Aviation Limited with respect to recent news item captioned IndiGo shares fall 3% as DGCA launches probe into airline's massive flight cancellations.  The response from the Company is awaited.","04-Dec-2025 11:12:25","2025-12-04 11:12:25","04-Dec-2025 11:12:25","00:00:00","-"
"INDIGO","InterGlobe Aviation Limited","General Updates","InterGlobe Aviation Limited has informed the Exchange regarding allotment of ESOPs","04-Dec-2025 10:27:51","2025-12-04 10:27:51","04-Dec-2025 10:27:53","00:00:02","https://nsearchives.nseindia.com/corporate/Indigo1_04122025102738_Disclosure_Allotment_04122025.pdf"
"INDIGO","InterGlobe Aviation Limited","General Updates","InterGlobe Aviation Limited has informed the Exchange about General Updates","03-Dec-2025 22:10:18","2025-12-03 22:10:18","03-Dec-2025 22:10:20","00:00:02","https://nsearchives.nseindia.com/corporate/Indigo1_03122025221007_SE03122025.pdf"
"INDIGO","InterGlobe Aviation Limited","Action(s) taken or orders passed","InterGlobe Aviation Limited has informed the Exchange about Action(s) taken or orders passed","02-Dec-2025 09:09:26","2025-12-02 09:09:26","02-Dec-2025 09:09:27","00:00:01","https://nsearchives.nseindia.com/corporate/Indigo1_02122025090843_Reg_30_Disclosure_02122025.pdf"
"INDIGO","InterGlobe Aviation Limited","General Updates","InterGlobe Aviation Limited has informed the Exchange about Investment in WOS","21-Nov-2025 10:31:15","2025-11-21 10:31:15","21-Nov-2025 10:31:16","00:00:01","https://nsearchives.nseindia.com/corporate/Indigo1_21112025103021_SE21112025.pdf"
"INDIGO","InterGlobe Aviation Limited","Press Release","InterGlobe Aviation Limited has informed the Exchange regarding a press release dated November 21, 2025, titled ""IndiGo allocates USD 820 million towards purchase of aviation assets"".","21-Nov-2025 10:31:15","2025-11-21 10:31:15","21-Nov-2025 10:31:16","00:00:01","https://nsearchives.nseindia.com/corporate/Indigo1_21112025103054_SE21112025.pdf"
"INDIGO","InterGlobe Aviation Limited","Action(s) taken or orders passed","InterGlobe Aviation Limited has informed the Exchange about Action(s) taken or orders passed","18-Nov-2025 15:26:07","2025-11-18 15:26:07","18-Nov-2025 15:26:08","00:00:01","https://nsearchives.nseindia.com/corporate/Indigo1_18112025152541_Regulation_30_Disclosure__Penalty_order_Udaipur_Airport__S.pdf"
"INDIGO","InterGlobe Aviation Limited","Analysts/Institutional Investor Meet/Con. Call Updates","InterGlobe Aviation Limited has informed the Exchange about Schedule of meet","14-Nov-2025 15:49:12","2025-11-14 15:49:12","14-Nov-2025 15:49:13","00:00:01","https://nsearchives.nseindia.com/corporate/Indigo1_14112025154543_InvestorMeetdisclosure14112025.pdf"
"INDIGO","InterGlobe Aviation Limited","Analysts/Institutional Investor Meet/Con. Call Updates","InterGlobe Aviation Limited has informed the Exchange about Transcript","10-Nov-2025 15:23:52","2025-11-10 15:23:52","10-Nov-2025 15:23:53","00:00:01","https://nsearchives.nseindia.com/corporate/Indigo1_10112025152324_SE_Earnings_Call_Transcript.pdf"
"INDIGO","InterGlobe Aviation Limited","Copy of Newspaper Publication","InterGlobe Aviation Limited has informed the Exchange regarding Newspaper Publication of Notice of Postal Ballot and remote e-voting information","07-Nov-2025 12:28:39","2025-11-07 12:28:39","07-Nov-2025 12:28:40","00:00:01","https://nsearchives.nseindia.com/corporate/Indigo1_07112025122821_SE_Newspaper_Publication.pdf"
"INDIGO","InterGlobe Aviation Limited","Shareholders meeting","InterGlobe Aviation Limited has informed the Exchange regarding Notice of Postal Ballot","06-Nov-2025 21:09:17","2025-11-06 21:09:17","06-Nov-2025 21:09:18","00:00:01","https://nsearchives.nseindia.com/corporate/Indigo1_06112025210904_SE_Postal_Ballot_Notice.pdf"
"INDIGO","InterGlobe Aviation Limited","General Updates","InterGlobe Aviation Limited has informed the Exchange regarding allotment of ESOPs","06-Nov-2025 13:58:29","2025-11-06 13:58:29","06-Nov-2025 13:58:29","00:00:00","https://nsearchives.nseindia.com/corporate/Indigo1_06112025135814_Disclosure_Allotment_06112025.pdf"
"INDIGO","InterGlobe Aviation Limited","Copy of Newspaper Publication","InterGlobe Aviation Limited has informed the Exchange about Copy of Newspaper Publication","05-Nov-2025 13:24:55","2025-11-05 13:24:55","05-Nov-2025 13:24:56","00:00:01","https://nsearchives.nseindia.com/corporate/Indigo1_05112025132414_Newspaper_Publication_FR_.pdf"
"INDIGO","InterGlobe Aviation Limited","Analysts/Institutional Investor Meet/Con. Call Updates","InterGlobe Aviation Limited informed the Exchange regarding audio recording of earnings call","04-Nov-2025 21:56:03","2025-11-04 21:56:03","04-Nov-2025 21:56:04","00:00:01","https://nsearchives.nseindia.com/corporate/Indigo1_04112025215540_Audio_Recording_covering.pdf"
"INDIGO","InterGlobe Aviation Limited","Press Release","InterGlobe Aviation Limited has informed the Exchange regarding press release on Financials","04-Nov-2025 16:13:37","2025-11-04 16:13:37","04-Nov-2025 16:13:39","00:00:02","https://nsearchives.nseindia.com/corporate/Indigo1_04112025161321_PR.pdf"
"INDIGO","InterGlobe Aviation Limited","Investor Presentation","InterGlobe Aviation Limited has informed the Exchange about Investor Presentation","04-Nov-2025 16:07:44","2025-11-04 16:07:44","04-Nov-2025 16:07:46","00:00:02","https://nsearchives.nseindia.com/corporate/Indigo1_04112025160728_IP.pdf"
"INDIGO","InterGlobe Aviation Limited","Outcome of Board Meeting","InterGlobe Aviation Limited has submitted to the Exchange, the financial results for the period ended September 30, 2025.","04-Nov-2025 16:00:43","2025-11-04 16:00:43","04-Nov-2025 16:00:44","00:00:01","https://nsearchives.nseindia.com/corporate/Indigo1_04112025160010_FR.pdf"
"INDIGO","InterGlobe Aviation Limited","Press Release","InterGlobe Aviation Limited has informed the Exchange regarding a press release dated October 17, 2025, titled ""IndiGo signs contract with Airbus to confirm its order for 30 additional A350-900 aircraft"".","17-Oct-2025 20:40:23","2025-10-17 20:40:23","17-Oct-2025 20:40:24","00:00:01","https://nsearchives.nseindia.com/corporate/Indigo1_17102025203633_Stock_Exchange_disclosure.pdf"
"INDIGO","InterGlobe Aviation Limited","Action(s) taken or orders passed","InterGlobe Aviation Limited has informed the Exchange about Action(s) taken or orders passed","08-Oct-2025 14:51:54","2025-10-08 14:51:54","08-Oct-2025 14:51:55","00:00:01","https://nsearchives.nseindia.com/corporate/Indigo1_08102025145106_Regulation_30_Disclosure_26September2025.pdf"
"INDIGO","InterGlobe Aviation Limited","Certificate under SEBI (Depositories and Participants) Regulations, 2018","InterGlobe Aviation Limited has informed the Exchange about Certificate under SEBI (Depositories and Participants) Regulations, 2018","08-Oct-2025 12:30:43","2025-10-08 12:30:43","08-Oct-2025 12:30:44","00:00:01","https://nsearchives.nseindia.com/corporate/Indigo1_08102025123014_STX-_Reg_74_5_.pdf"
"INDIGO","InterGlobe Aviation Limited","General Updates","InterGlobe Aviation Limited has informed the Exchange regarding allotment of ESOPs","01-Oct-2025 10:35:15","2025-10-01 10:35:15","01-Oct-2025 10:35:16","00:00:01","https://nsearchives.nseindia.com/corporate/Indigo1_01102025103319_Disclosure_ESOP_Allotment_01102025.pdf"
"INDIGO","InterGlobe Aviation Limited","Spurt in Volume","Significant increase in volume has been observed in InterGlobe Aviation Limited. The Exchange, in order to ensure that investors have latest relevant information about the company and to inform the market place so that the interest of the investors is safeguarded, had written to the company. InterGlobe Aviation Limited has submitted their response.","30-Sep-2025 19:44:07","2025-09-30 19:44:07","30-Sep-2025 19:44:07","00:00:00","https://nsearchives.nseindia.com/corporate/Indigo1_30092025194041_NSE_Clarification_Volume_Movement_Sign.pdf"
"INDIGO","InterGlobe Aviation Limited","Spurt in Volume","Significant increase in volume has been observed in InterGlobe Aviation Limited. The Exchange, in order to ensure that investors have latest relevant information about the company and to inform the market place so that the interest of the investors is safeguarded, has written to the company. The response from the company is awaited.","29-Sep-2025 18:07:09","2025-09-29 18:07:09","29-Sep-2025 18:07:10","00:00:01","-"
"INDIGO","InterGlobe Aviation Limited","Trading Window","InterGlobe Aviation Limited has informed the Exchange regarding the Trading Window closure pursuant to SEBI (Prohibition of Insider Trading) Regulations, 2015","26-Sep-2025 18:15:50","2025-09-26 18:15:50","26-Sep-2025 18:15:51","00:00:01","https://nsearchives.nseindia.com/corporate/Indigo1_26092025181523_Intimation_Closure_of_Trading_Window_Q2FY26_Sign.pdf"
"INDIGO","InterGlobe Aviation Limited","Appointment","InterGlobe Aviation Limited has informed the Exchange regarding Appointment of Mr Amitabh Kant as Non- Executive Director of the company w.e.f. September 15, 2025.","17-Sep-2025 11:42:49","2025-09-17 11:42:49","17-Sep-2025 11:42:50","00:00:01","https://nsearchives.nseindia.com/corporate/Indigo1_17092025114222_DisclosureMrKant.pdf"
"INDIGO","InterGlobe Aviation Limited","General Updates","InterGlobe Aviation Limited has informed the Exchange about General Updates","01-Sep-2025 10:52:49","2025-09-01 10:52:49","01-Sep-2025 10:52:50","00:00:01","https://nsearchives.nseindia.com/corporate/Indigo1_01092025105227_Disclosure_ESOP_Allotment_01092025.pdf"
"INDIGO","InterGlobe Aviation Limited","Shareholders meeting","InterGlobe Aviation Limited has submitted the Exchange a copy Srutinizers report of  Annual General Meeting held on August 20, 2025","20-Aug-2025 20:24:14","2025-08-20 20:24:14","20-Aug-2025 20:24:16","00:00:02","https://nsearchives.nseindia.com/corporate/Indigo1_20082025202302_Scrutiniser_Report.pdf"
"INDIGO","InterGlobe Aviation Limited","Shareholders meeting","InterGlobe Aviation Limited has informed the Exchange regarding Proceedings of Annual General Meeting held on August 20, 2025","20-Aug-2025 20:03:20","2025-08-20 20:03:20","20-Aug-2025 20:03:21","00:00:01","https://nsearchives.nseindia.com/corporate/Indigo1_20082025200258_Outcome_of_AGM_20082025.pdf"
"INDIGO","InterGlobe Aviation Limited","General Updates","InterGlobe Aviation Limited has informed the Exchange about allotment of ESOPs.","06-Aug-2025 10:47:22","2025-08-06 10:47:22","06-Aug-2025 10:47:23","00:00:01","https://nsearchives.nseindia.com/corporate/Indigo1_06082025104658_Disclosure_Allotment_06082025.pdf"
"INDIGO","InterGlobe Aviation Limited","Analysts/Institutional Investor Meet/Con. Call Updates","InterGlobe Aviation Limited has informed the Exchange about Transcript","05-Aug-2025 20:56:24","2025-08-05 20:56:24","05-Aug-2025 20:56:25","00:00:01","https://nsearchives.nseindia.com/corporate/Indigo1_05082025205558_Earnings_call_Transcript_Q1_FY26_.pdf"
"INDIGO","InterGlobe Aviation Limited","Copy of Newspaper Publication","InterGlobe Aviation Limited has informed the Exchange about Copy of Newspaper Publication","31-Jul-2025 12:58:48","2025-07-31 12:58:48","31-Jul-2025 12:58:48","00:00:00","https://nsearchives.nseindia.com/corporate/Indigo1_31072025125818_Newspaper_Publication_FR.pdf"
"INDIGO","InterGlobe Aviation Limited","Analysts/Institutional Investor Meet/Con. Call Updates","InterGlobe Aviation Limited has informed the Exchange about Link of Recording","30-Jul-2025 21:59:33","2025-07-30 21:59:33","30-Jul-2025 21:59:34","00:00:01","https://nsearchives.nseindia.com/corporate/Indigo1_30072025215920_Audio_Recording.pdf"
"INDIGO","InterGlobe Aviation Limited","Investor Presentation","InterGlobe Aviation Limited has informed the Exchange about Investor Presentation","30-Jul-2025 16:06:45","2025-07-30 16:06:45","30-Jul-2025 16:06:46","00:00:01","https://nsearchives.nseindia.com/corporate/Indigo1_30072025160407_Presentation.pdf"
"INDIGO","InterGlobe Aviation Limited","Press Release","InterGlobe Aviation Limited has informed the Exchange regarding a press release dated July 30, 2025, titled ""Financial  Results"".","30-Jul-2025 16:06:45","2025-07-30 16:06:45","30-Jul-2025 16:06:46","00:00:01","https://nsearchives.nseindia.com/corporate/Indigo1_30072025160626_Press_Release.pdf"
"INDIGO","InterGlobe Aviation Limited","Outcome of Board Meeting","InterGlobe Aviation Limited has submitted to the Exchange, the financial results for the period ended Jun 30, 2025.","30-Jul-2025 16:02:05","2025-07-30 16:02:05","30-Jul-2025 16:02:07","00:00:02","https://nsearchives.nseindia.com/corporate/Indigo1_30072025160145_Results_F_.pdf"
"INDIGO","InterGlobe Aviation Limited","Copy of Newspaper Publication","InterGlobe Aviation Limited has informed the Exchange about Copy of Newspaper Publication","29-Jul-2025 12:23:26","2025-07-29 12:23:26","29-Jul-2025 12:23:28","00:00:02","https://nsearchives.nseindia.com/corporate/Indigo1_29072025122256_Post_Newspaper_Advertisement.pdf"
"INDIGO","InterGlobe Aviation Limited","General Updates","InterGlobe Aviation Limited has informed about the physical letters being sent to the shareholders who have not registerd their email address.","26-Jul-2025 10:51:47","2025-07-26 10:51:47","26-Jul-2025 10:51:48","00:00:01","https://nsearchives.nseindia.com/corporate/Indigo1_26072025105133_Communication_to_shareholders.pdf"
"INDIGO","InterGlobe Aviation Limited","General Updates","InterGlobe Aviation Limited submitted to the Exchange Business Responsibility and Sustainability Report for FY25","26-Jul-2025 10:47:36","2025-07-26 10:47:36","26-Jul-2025 10:47:37","00:00:01","https://nsearchives.nseindia.com/corporate/Indigo1_26072025104724_BRSR.pdf"
"INDIGO","InterGlobe Aviation Limited","Shareholders meeting","InterGlobe Aviation Limited has informed the Exchange regarding Notice of Annual General Meeting to be held on August 20, 2025","26-Jul-2025 10:41:55","2025-07-26 10:41:55","26-Jul-2025 10:41:57","00:00:02","https://nsearchives.nseindia.com/corporate/Indigo1_26072025104141_Notice_of_22nd_AGM_and_Annual_Report.pdf"
"INDIGO","InterGlobe Aviation Limited","Credit Rating","InterGlobe Aviation Limited has informed the Exchange about Credit Rating","25-Jul-2025 18:59:32","2025-07-25 18:59:32","25-Jul-2025 18:59:32","00:00:00","https://nsearchives.nseindia.com/corporate/Indigo1_25072025185403_Disclosure_CreditRating_ICRA.pdf"
"INDIGO","InterGlobe Aviation Limited","Copy of Newspaper Publication","InterGlobe Aviation Limited has informed the Exchange about Copy of Newspaper Publication","25-Jul-2025 12:13:40","2025-07-25 12:13:40","25-Jul-2025 12:13:41","00:00:01","https://nsearchives.nseindia.com/corporate/Indigo1_25072025121317_Newspaper_Publication_25072025.pdf"
"INDIGO","InterGlobe Aviation Limited","Credit Rating","InterGlobe Aviation Limited has informed the Exchange about Credit Rating","17-Jul-2025 19:34:47","2025-07-17 19:34:47","17-Jul-2025 19:34:49","00:00:02","https://nsearchives.nseindia.com/corporate/Indigo1_17072025193411_Disclosure_CreditRating_CRISIL_S_.pdf"
"INDIGO","InterGlobe Aviation Limited","Appointment","InterGlobe Aviation Limited informed the Exchange in furtherance to its letter dated April 24, 2025 regarding receipt of security clearance from Ministry of Civil Aviation for the effective date of appointment of Mr. Michael G Whitaker.","15-Jul-2025 18:39:07","2025-07-15 18:39:07","15-Jul-2025 18:39:08","00:00:01","https://nsearchives.nseindia.com/corporate/Indigo1_15072025182926_Disclosure_150725.pdf"
"INDIGO","InterGlobe Aviation Limited","General Updates","InterGlobe Aviation Limited has informed the Exchange about General Updates","09-Jul-2025 12:25:02","2025-07-09 12:25:02","09-Jul-2025 12:25:03","00:00:01","https://nsearchives.nseindia.com/corporate/Indigo1_09072025122425_Communication_Shareholders_Final_Dividend_FY2024_25_Deduction_of_Tax.pdf"
"INDIGO","InterGlobe Aviation Limited","Certificate under SEBI (Depositories and Participants) Regulations, 2018","InterGlobe Aviation Limited has informed the Exchange about Certificate under SEBI (Depositories and Participants) Regulations, 2018","04-Jul-2025 17:08:22","2025-07-04 17:08:22","04-Jul-2025 17:08:23","00:00:01","https://nsearchives.nseindia.com/corporate/Indigo1_04072025170802_STXReg74_5_.pdf"
"INDIGO","InterGlobe Aviation Limited","General Updates","InterGlobe Aviation Limited has informed the Exchange about allotment of ESOPs.","04-Jul-2025 15:44:12","2025-07-04 15:44:12","04-Jul-2025 15:44:14","00:00:02","https://nsearchives.nseindia.com/corporate/Indigo1_04072025154346_Disclosure_04072025.pdf"
"INDIGO","InterGlobe Aviation Limited","Change in Director(s)","InterGlobe Aviation Limited has informed the Exchange regarding Change in Director(s) of the company.","03-Jul-2025 18:50:54","2025-07-03 18:50:54","03-Jul-2025 18:50:55","00:00:01","https://nsearchives.nseindia.com/corporate/Indigo1_03072025185033_Disclosure-020725.pdf"
"INDIGO","InterGlobe Aviation Limited","Trading Window","InterGlobe Aviation Limited has informed the Exchange regarding the Trading Window closure pursuant to SEBI (Prohibition of Insider Trading) Regulations, 2015","25-Jun-2025 18:41:12","2025-06-25 18:41:12","25-Jun-2025 18:41:13","00:00:01","https://nsearchives.nseindia.com/corporate/Indigo1_25062025184059_StockExchangeDisclosure_ClosureofTradingWindow.pdf"
"INDIGO","InterGlobe Aviation Limited","Disclosure under SEBI Takeover Regulations"," Yug Samrat has Submitted to the Exchange a copy of Disclosure under Regulation 31(4) of the Securities and Exchange Board of India (Substantial Acquisition of Shares and Takeovers) Regulations, 2011.","20-Jun-2025 17:22:37","2025-06-20 17:22:37","20-Jun-2025 17:22:38","00:00:01","https://nsearchives.nseindia.com/corporate/team_bbodade_23042025171519_INDIGO.pdf"
"INDIGO","InterGlobe Aviation Limited","General Updates","InterGlobe Aviation Limited has informed the Exchange about General Updates","11-Jun-2025 11:31:29","2025-06-11 11:31:29","11-Jun-2025 11:31:30","00:00:01","https://nsearchives.nseindia.com/corporate/Indigo1_11062025112920_Disclosure_Allotment_11062025.pdf"
"INDIGO","InterGlobe Aviation Limited","Copy of Newspaper Publication","InterGlobe Aviation Limited has informed the Exchange about Copy of Newspaper Publication","06-Jun-2025 12:08:51","2025-06-06 12:08:51","06-Jun-2025 12:08:53","00:00:02","https://nsearchives.nseindia.com/corporate/Indigo1_06062025120838_Sign_Newspaper_Ad_Notice_transfer_unclaimed_equity_shares_dividend.pdf"
"INDIGO","InterGlobe Aviation Limited","General Updates","InterGlobe Aviation Limited has informed the Exchange about General Updates","05-Jun-2025 18:07:48","2025-06-05 18:07:48","05-Jun-2025 18:07:49","00:00:01","https://nsearchives.nseindia.com/corporate/Indigo1_05062025180646_Disclosure_Reg30_5June2025_Sign.pdf"
"INDIGO","InterGlobe Aviation Limited","General Updates","InterGlobe Aviation Limited has informed the Exchange about General Updates","04-Jun-2025 10:37:07","2025-06-04 10:37:07","04-Jun-2025 10:37:08","00:00:01","https://nsearchives.nseindia.com/corporate/Indigo1_04062025103646_Disclosure_Allotment_04062025.pdf"
"INDIGO","InterGlobe Aviation Limited","Press Release","InterGlobe Aviation Limited has informed the Exchange regarding a press release dated Jun 01, 2025, titled ""Press Release"".","01-Jun-2025 16:42:00","2025-06-01 16:42:00","01-Jun-2025 16:42:00","00:00:00","https://nsearchives.nseindia.com/corporate/Indigo1_01062025164147_Disclosure_PR_Aircraft.pdf"
"INDIGO","InterGlobe Aviation Limited","Analysts/Institutional Investor Meet/Con. Call Updates","InterGlobe Aviation Limited has informed the Exchange about Transcript","28-May-2025 15:22:27","2025-05-28 15:22:27","28-May-2025 15:22:28","00:00:01","https://nsearchives.nseindia.com/corporate/Indigo1_28052025152152_Disclosure_Transcript.pdf"
"INDIGO","InterGlobe Aviation Limited","Press Release","InterGlobe Aviation Limited has informed the Exchange regarding a press release dated May 28, 2025, titled ""Mr. Vikram Singh Mehta appointed as IndiGo s Chairman of the Board; Succeeds Dr. Venkataramani Sumantran"".","28-May-2025 15:08:44","2025-05-28 15:08:44","28-May-2025 15:08:46","00:00:02","https://nsearchives.nseindia.com/corporate/Indigo1_28052025150827_Disclosure_PR_Chairman.pdf"
"INDIGO","InterGlobe Aviation Limited","Action(s) taken or orders passed","InterGlobe Aviation Limited has informed the Exchange about Action(s) taken or orders passed","27-May-2025 16:51:26","2025-05-27 16:51:26","27-May-2025 16:51:27","00:00:01","https://nsearchives.nseindia.com/corporate/Indigo1_27052025165053_REgulation_30_Disclosure_May-25_-_Ahmedabad_S_.pdf"
"INDIGO","InterGlobe Aviation Limited","Copy of Newspaper Publication","InterGlobe Aviation Limited has informed the Exchange about Copy of Newspaper Publication","22-May-2025 11:56:15","2025-05-22 11:56:15","22-May-2025 11:56:16","00:00:01","https://nsearchives.nseindia.com/corporate/Indigo1_22052025115604_Disclosure_Newspaperpublication.pdf"
"INDIGO","InterGlobe Aviation Limited","Analysts/Institutional Investor Meet/Con. Call Updates","InterGlobe Aviation Limited has informed the Exchange about Link of Recording","21-May-2025 23:11:03","2025-05-21 23:11:03","21-May-2025 23:11:04","00:00:01","https://nsearchives.nseindia.com/corporate/Indigo1_21052025231003_Disclosure_Recordings.pdf"
"INDIGO","InterGlobe Aviation Limited","Press Release","InterGlobe Aviation Limited has informed the Exchange regarding a press release dated May 21, 2025, titled ""Press Release- Credit Rating"".","21-May-2025 17:59:23","2025-05-21 17:59:23","21-May-2025 17:59:23","00:00:00","https://nsearchives.nseindia.com/corporate/Indigo1_21052025175910_Disclosure_PR.pdf"
"INDIGO","InterGlobe Aviation Limited","Credit Rating- New","InterGlobe Aviation Limited has informed the Exchange about Credit Rating- New","21-May-2025 17:52:05","2025-05-21 17:52:05","21-May-2025 17:52:07","00:00:02","https://nsearchives.nseindia.com/corporate/Indigo1_21052025175025_Disclosure_PR.pdf"
"INDIGO","InterGlobe Aviation Limited","Record Date","InterGlobe Aviation Limited has informed the Exchange that Record date for the purpose of Dividend  is 13-Aug-2025.","21-May-2025 16:40:27","2025-05-21 16:40:27","21-May-2025 16:40:27","00:00:00","https://nsearchives.nseindia.com/corporate/Indigo1_21052025163954_Sign_Results_Q4FY25.pdf"
"INDIGO","InterGlobe Aviation Limited","Press Release","InterGlobe Aviation Limited has informed the Exchange regarding a press release dated May 21, 2025, titled ""Press Release"".","21-May-2025 16:38:26","2025-05-21 16:38:26","21-May-2025 16:38:26","00:00:00","https://nsearchives.nseindia.com/corporate/Indigo1_21052025163655_Disclosure_PRFinancials.pdf"
"INDIGO","InterGlobe Aviation Limited","Investor Presentation","InterGlobe Aviation Limited has informed the Exchange about Investor Presentation","21-May-2025 16:35:21","2025-05-21 16:35:21","21-May-2025 16:35:22","00:00:01","https://nsearchives.nseindia.com/corporate/Indigo1_21052025163458_Disclosure_Investorpresentation.pdf"
"INDIGO","InterGlobe Aviation Limited","Change in Auditors","InterGlobe Aviation Limited has informed the Exchange regarding Change in Auditors of the company.","21-May-2025 16:31:48","2025-05-21 16:31:48","21-May-2025 16:31:49","00:00:01","https://nsearchives.nseindia.com/corporate/Indigo1_21052025163108_Sign_Results_Q4FY25.pdf"
"INDIGO","InterGlobe Aviation Limited","Dividend","InterGlobe Aviation Limited has informed the Exchange that Board of Directors at its meeting held on May 21, 2025, recommended Final Dividend of Rs. 10 per equity share.","21-May-2025 16:25:54","2025-05-21 16:25:54","21-May-2025 16:25:55","00:00:01","https://nsearchives.nseindia.com/corporate/Indigo1_21052025162531_Sign_Results_Q4FY25.pdf"
"INDIGO","InterGlobe Aviation Limited","Outcome of Board Meeting","InterGlobe Aviation Limited has submitted to the Exchange, the financial results for the period ended March 31, 2025.","21-May-2025 16:20:10","2025-05-21 16:20:10","21-May-2025 16:20:11","00:00:01","https://nsearchives.nseindia.com/corporate/Indigo1_21052025161746_Sign_Results_Q4FY25.pdf"
"INDIGO","InterGlobe Aviation Limited","Options to purchase securities","InterGlobe Aviation Limited has informed the Exchange about Options to purchase securities","20-May-2025 15:42:59","2025-05-20 15:42:59","20-May-2025 15:43:01","00:00:02","https://nsearchives.nseindia.com/corporate/Indigo1_20052025154250_Disclosure_grant.pdf"
"INDIGO","InterGlobe Aviation Limited","Change in Director(s)","InterGlobe Aviation Limited has informed the Exchange regarding Change in Director(s) of the company.","24-Apr-2025 13:38:59","2025-04-24 13:38:59","24-Apr-2025 13:39:00","00:00:01","https://nsearchives.nseindia.com/corporate/Indigo1_24042025133818_Disclosure_Director.pdf"
"INDIGO","InterGlobe Aviation Limited","Press Release","InterGlobe Aviation Limited has informed the Exchange regarding a press release dated April 24, 2025, titled ""IndiGo Names Michael Whitaker as Independent Director"".","24-Apr-2025 13:38:59","2025-04-24 13:38:59","24-Apr-2025 13:39:00","00:00:01","https://nsearchives.nseindia.com/corporate/Indigo1_24042025133829_Disclosure_Director.pdf"
"INDIGO","InterGlobe Aviation Limited","Certificate under SEBI (Depositories and Participants) Regulations, 2018","InterGlobe Aviation Limited has informed the Exchange about Certificate under SEBI (Depositories and Participants) Regulations, 2018","14-Apr-2025 19:39:56","2025-04-14 19:39:56","14-Apr-2025 19:39:57","00:00:01","https://nsearchives.nseindia.com/corporate/Indigo1_14042025193600_Disclosure_Reg74.pdf"
"INDIGO","InterGlobe Aviation Limited","General Updates","InterGlobe Aviation Limited has informed the Exchange about General Updates","09-Apr-2025 19:21:25","2025-04-09 19:21:25","09-Apr-2025 19:21:25","00:00:00","https://nsearchives.nseindia.com/corporate/Indigo1_09042025192101_Intimation_Notice_to_Shareholders.pdf"
"INDIGO","InterGlobe Aviation Limited","General Updates","InterGlobe Aviation Limited has informed the Exchange about General Updates","09-Apr-2025 17:56:35","2025-04-09 17:56:35","09-Apr-2025 17:56:35","00:00:00","https://nsearchives.nseindia.com/corporate/Indigo1_09042025175620_Disclosure_Allotment.pdf"
"INDIGO","InterGlobe Aviation Limited","Disclosure under SEBI Takeover Regulations","Rakesh Gangwal has Submitted to the Exchange a copy of Disclosure under Regulation 31(4) of the Securities and Exchange Board of India (Substantial Acquisition of Shares and Takeovers) Regulations, 2011.","08-Apr-2025 19:46:10","2025-04-08 19:46:10","08-Apr-2025 19:46:11","00:00:01","https://nsearchives.nseindia.com/corporate/team_sandeshc_03042025162817_Annual3.pdf"
"INDIGO","InterGlobe Aviation Limited","Options to purchase securities","InterGlobe Aviation Limited has informed the Exchange about grant of options","02-Apr-2025 01:08:19","2025-04-02 01:08:19","02-Apr-2025 01:08:20","00:00:01","https://nsearchives.nseindia.com/corporate/Indigo1_02042025010319_Disclosure_Grantofoptions.pdf"
"INDIGO","InterGlobe Aviation Limited","Action(s) initiated or orders passed","InterGlobe Aviation Limited has informed the Exchange about Action(s) initiated or orders passed","30-Mar-2025 11:46:38","2025-03-30 11:46:38","30-Mar-2025 11:46:39","00:00:01","https://nsearchives.nseindia.com/corporate/Indigo1_30032025114519_Reg30_Stock_Exchange_Disclosure_30March2025_.pdf"
"INDIGO","InterGlobe Aviation Limited","Trading Window","InterGlobe Aviation Limited has informed the Exchange regarding the Trading Window closure pursuant to SEBI (Prohibition of Insider Trading) Regulations, 2015","25-Mar-2025 17:06:36","2025-03-25 17:06:36","25-Mar-2025 17:06:37","00:00:01","https://nsearchives.nseindia.com/corporate/Indigo1_25032025170621_Sign_Intimation_Closure_of_Trading_Window.pdf"
"INDIGO","InterGlobe Aviation Limited","Investor Presentation","InterGlobe Aviation Limited has informed the Exchange about Investor Presentation","19-Mar-2025 09:20:29","2025-03-19 09:20:29","19-Mar-2025 09:20:29","00:00:00","https://nsearchives.nseindia.com/corporate/Indigo1_19032025091953_Analyst_Day_FIling_19th_March_2025_signed.pdf"
"INDIGO","InterGlobe Aviation Limited","Analysts/Institutional Investor Meet/Con. Call Updates","InterGlobe Aviation Limited has informed the Exchange about Schedule of meet","16-Mar-2025 14:03:12","2025-03-16 14:03:12","16-Mar-2025 14:03:13","00:00:01","https://nsearchives.nseindia.com/corporate/Indigo1_16032025140135_Analyst_Day_FIling_16th_March_2025__signed_.pdf"
"INDIGO","InterGlobe Aviation Limited","General Updates","InterGlobe Aviation Limited has informed the Exchange about Acquisition in WOS","12-Mar-2025 15:09:56","2025-03-12 15:09:56","12-Mar-2025 15:09:57","00:00:01","https://nsearchives.nseindia.com/corporate/Indigo1_12032025150922_Disclosure_IFSC_Sign.pdf"
"INDIGO","InterGlobe Aviation Limited","Action(s) taken or orders passed","InterGlobe Aviation Limited has informed the Exchange about Action(s) taken or orders passed","28-Feb-2025 17:43:11","2025-02-28 17:43:11","28-Feb-2025 17:43:12","00:00:01","https://nsearchives.nseindia.com/corporate/Indigo1_28022025174218_Regulation_30_Disclosure_28_February_2025_-_signed.pdf"
"INDIGO","InterGlobe Aviation Limited","Action(s) taken or orders passed","InterGlobe Aviation Limited has informed the Exchange about Action(s) taken or orders passed","26-Feb-2025 19:32:06","2025-02-26 19:32:06","26-Feb-2025 19:32:07","00:00:01","https://nsearchives.nseindia.com/corporate/Indigo1_26022025193026_Regulation_30_Disclosure_26_February_2025_-_signed.pdf"
"INDIGO","InterGlobe Aviation Limited","Updates","InterGlobe Aviation Limited has informed the Exchange regarding 'Alloment of Equity shares'.","07-Feb-2025 10:47:54","2025-02-07 10:47:54","07-Feb-2025 10:47:55","00:00:01","https://nsearchives.nseindia.com/corporate/Indigo1_07022025104738_Disclosure_Allotment.pdf"
"INDIGO","InterGlobe Aviation Limited","Action(s) taken or orders passed","InterGlobe Aviation Limited has informed the Exchange about Action(s) taken or orders passed","05-Feb-2025 19:37:14","2025-02-05 19:37:14","05-Feb-2025 19:37:15","00:00:01","https://nsearchives.nseindia.com/corporate/Indigo1_05022025193538_Reg30_05022025_signed.pdf"
"INDIGO","InterGlobe Aviation Limited","Retirement","InterGlobe Aviation Limited has informed the Exchange about retirement of Senior Management Personnel","30-Jan-2025 23:55:27","2025-01-30 23:55:27","30-Jan-2025 23:55:28","00:00:01","https://nsearchives.nseindia.com/corporate/Indigo1_30012025235139_Disclosure_Retirement.pdf"
"INDIGO","InterGlobe Aviation Limited","Analysts/Institutional Investor Meet/Con. Call Updates","InterGlobe Aviation Limited has informed the Exchange about Transcript","30-Jan-2025 17:08:12","2025-01-30 17:08:12","30-Jan-2025 17:08:13","00:00:01","https://nsearchives.nseindia.com/corporate/Indigo1_30012025170713_Disclosure_Transcript.pdf"
"INDIGO","InterGlobe Aviation Limited","Copy of Newspaper Publication","InterGlobe Aviation Limited has informed the Exchange about Copy of Newspaper Publication","25-Jan-2025 13:14:06","2025-01-25 13:14:06","25-Jan-2025 13:14:07","00:00:01","https://nsearchives.nseindia.com/corporate/Indigo1_25012025131355_NewspaperAd.pdf"
"INDIGO","InterGlobe Aviation Limited","Analysts/Institutional Investor Meet/Con. Call Updates","InterGlobe Aviation Limited has informed the Exchange about Link of Recording","24-Jan-2025 23:07:41","2025-01-24 23:07:41","24-Jan-2025 23:07:41","00:00:00","https://nsearchives.nseindia.com/corporate/Indigo1_24012025230549_Audiorecordings.pdf"
"INDIGO","InterGlobe Aviation Limited","Integrated Filing- Financial","The Company submitted the Integrated Filing (Financial) for the quarter and nine months ended December 31, 2024.","24-Jan-2025 22:56:14","2025-01-24 22:56:14","24-Jan-2025 22:56:15","00:00:01","https://nsearchives.nseindia.com/corporate/Indigo1_24012025224559_Integratedfinancials.pdf"
"INDIGO","InterGlobe Aviation Limited","Press Release","InterGlobe Aviation Limited has informed the Exchange regarding a press release dated January 24, 2025, titled ""Press Release"".","24-Jan-2025 16:13:52","2025-01-24 16:13:52","24-Jan-2025 16:13:53","00:00:01","https://nsearchives.nseindia.com/corporate/Indigo1_24012025161321_PressRelease.pdf"
"INDIGO","InterGlobe Aviation Limited","Investor Presentation","InterGlobe Aviation Limited has informed the Exchange about Investor Presentation","24-Jan-2025 16:05:33","2025-01-24 16:05:33","24-Jan-2025 16:05:34","00:00:01","https://nsearchives.nseindia.com/corporate/Indigo1_24012025160510_InvestorPresentation.pdf"
"INDIGO","InterGlobe Aviation Limited","Financial Result Updates"," InterGlobe Aviation Limited has submitted to the Exchange, the financial results for the period ended December 31, 2024.","24-Jan-2025 16:03:00","2025-01-24 16:03:00","24-Jan-2025 16:03:01","00:00:01","https://nsearchives.nseindia.com/corporate/FinancialResults_Dec24_24012025160300.pdf"
"INDIGO","InterGlobe Aviation Limited","Action(s) taken or orders passed","InterGlobe Aviation Limited has informed the Exchange about Action(s) taken or orders passed","15-Jan-2025 20:59:21","2025-01-15 20:59:21","15-Jan-2025 20:59:22","00:00:01","https://nsearchives.nseindia.com/corporate/Indigo1_15012025205843_Signed_Disclosure_Reg_30_15012025.pdf"
"INDIGO","InterGlobe Aviation Limited","Certificate under SEBI (Depositories and Participants) Regulations, 2018","InterGlobe Aviation Limited has informed the Exchange about Certificate under SEBI (Depositories and Participants) Regulations, 2018","10-Jan-2025 17:41:38","2025-01-10 17:41:38","10-Jan-2025 17:41:39","00:00:01","https://nsearchives.nseindia.com/corporate/Indigo1_10012025174114_Reg74.pdf"
"INDIGO","InterGlobe Aviation Limited","Action(s) taken or orders passed","InterGlobe Aviation Limited has informed the Exchange about Action(s) taken or orders passed","06-Jan-2025 20:38:41","2025-01-06 20:38:41","06-Jan-2025 20:38:42","00:00:01","https://nsearchives.nseindia.com/corporate/Indigo1_06012025203745_Sign_Reg30_06012025.pdf"
"INDIGO","InterGlobe Aviation Limited","Updates","InterGlobe Aviation Limited has informed the Exchange regarding 'Allotment of Equity Shares'.","06-Jan-2025 11:25:34","2025-01-06 11:25:34","06-Jan-2025 11:25:34","00:00:00","https://nsearchives.nseindia.com/corporate/Indigo1_06012025112516_Disclosure_Allotment.pdf"
"INDIGO","InterGlobe Aviation Limited","Action(s) taken or orders passed","InterGlobe Aviation Limited has informed the Exchange about Action(s) taken or orders passed","26-Dec-2024 18:57:54","2024-12-26 18:57:54","26-Dec-2024 18:57:55","00:00:01","https://nsearchives.nseindia.com/corporate/Indigo1_26122024185550_Disclosure_BoI.pdf"
"INDIGO","InterGlobe Aviation Limited","Trading Window","InterGlobe Aviation Limited has informed the Exchange regarding the Trading Window closure pursuant to SEBI (Prohibition of Insider Trading) Regulations, 2015","26-Dec-2024 18:17:58","2024-12-26 18:17:58","26-Dec-2024 18:17:59","00:00:01","https://nsearchives.nseindia.com/corporate/Indigo1_26122024181740_Sign_Intimation_Closure_of_Trading_Window.pdf"
"INDIGO","InterGlobe Aviation Limited","Updates","InterGlobe Aviation Limited has informed the Exchange regarding 'Disclosure under Regulation 30 of SEBI LODR'.","19-Dec-2024 19:18:33","2024-12-19 19:18:33","19-Dec-2024 19:18:34","00:00:01","https://nsearchives.nseindia.com/corporate/INDIGO_19122024191833_Disclosure_Loan.pdf"
"INDIGO","InterGlobe Aviation Limited","Updates","InterGlobe Aviation Limited has informed the Exchange regarding 'Allotment of Equity Shares'.","02-Dec-2024 11:14:15","2024-12-02 11:14:15","02-Dec-2024 11:14:16","00:00:01","https://nsearchives.nseindia.com/corporate/INDIGO_02122024111415_Intimation_ESOP_Committee_Allotment.pdf"
"INDIGO","InterGlobe Aviation Limited","Action(s) initiated or orders passed","InterGlobe Aviation Limited has informed the Exchange about Action(s) initiated or orders passed","28-Nov-2024 14:27:34","2024-11-28 14:27:34","28-Nov-2024 14:27:35","00:00:01","https://nsearchives.nseindia.com/corporate/INDIGO_28112024142734_Disclosure-BCAS_penalty.pdf"
"INDIGO","InterGlobe Aviation Limited","Updates","InterGlobe Aviation Limited has informed the Exchange regarding 'Allotment of Equity shares'.","08-Nov-2024 18:26:41","2024-11-08 18:26:41","08-Nov-2024 18:26:41","00:00:00","https://nsearchives.nseindia.com/corporate/INDIGO_08112024182641_Sign_Intimation_ESOP_Committee_Allotment.pdf"
"INDIGO","InterGlobe Aviation Limited","Updates","InterGlobe Aviation Limited has informed the Exchange regarding 'Allotment of Securities'.","05-Nov-2024 13:38:42","2024-11-05 13:38:42","05-Nov-2024 13:38:43","00:00:01","https://nsearchives.nseindia.com/corporate/INDIGO_05112024133842_Sign_Intimation_ESOP_Committee_Allotment.pdf"
"INDIGO","InterGlobe Aviation Limited","Analysts/Institutional Investor Meet/Con. Call Updates","InterGlobe Aviation Limited has informed the Exchange about Transcript","30-Oct-2024 18:10:06","2024-10-30 18:10:06","30-Oct-2024 18:10:07","00:00:01","https://nsearchives.nseindia.com/corporate/INDIGO_30102024181006_Disclosure_Transcript.pdf"
"INDIGO","InterGlobe Aviation Limited","Copy of Newspaper Publication","InterGlobe Aviation Limited has informed the Exchange about Copy of Newspaper Publication","26-Oct-2024 09:17:19","2024-10-26 09:17:19","26-Oct-2024 09:17:20","00:00:01","https://nsearchives.nseindia.com/corporate/INDIGO_26102024091719_Sign_Disclosure_NewspaperAdv.pdf"
"INDIGO","InterGlobe Aviation Limited","Analysts/Institutional Investor Meet/Con. Call Updates","InterGlobe Aviation Limited has informed the Exchange about Link of Recording","25-Oct-2024 20:46:08","2024-10-25 20:46:08","25-Oct-2024 20:46:09","00:00:01","https://nsearchives.nseindia.com/corporate/INDIGO_25102024204608_Sign_Audio_Recordings_earnings_call.pdf"
"INDIGO","InterGlobe Aviation Limited","Press Release","InterGlobe Aviation Limited has informed the Exchange regarding a press release dated October 25, 2024, titled ""Press Release"".","25-Oct-2024 16:03:32","2024-10-25 16:03:32","25-Oct-2024 16:03:32","00:00:00","https://nsearchives.nseindia.com/corporate/INDIGO_25102024160332_Disclosure_Press_release.pdf"
"INDIGO","InterGlobe Aviation Limited","Investor Presentation","InterGlobe Aviation Limited has informed the Exchange about Investor Presentation","25-Oct-2024 16:00:58","2024-10-25 16:00:58","25-Oct-2024 16:00:59","00:00:01","https://nsearchives.nseindia.com/corporate/INDIGO_25102024160058_Disclosure_IP.pdf"
"INDIGO","InterGlobe Aviation Limited","Acquisition","InterGlobe Aviation Limited has informed the Exchange about Acquisition","25-Oct-2024 15:59:10","2024-10-25 15:59:10","25-Oct-2024 15:59:11","00:00:01","https://nsearchives.nseindia.com/corporate/INDIGO_25102024155910_Disclosure_investment.pdf"
"INDIGO","InterGlobe Aviation Limited","Financial Result Updates"," InterGlobe Aviation Limited has submitted to the Exchange, the financial results for the period ended September 30, 2024.","25-Oct-2024 15:57:29","2024-10-25 15:57:29","25-Oct-2024 15:57:29","00:00:00","https://nsearchives.nseindia.com/corporate/IndigoLRSep24_25102024155729.pdf"
"INDIGO","InterGlobe Aviation Limited","Analysts/Institutional Investor Meet/Con. Call Updates","InterGlobe Aviation Limited has informed the Exchange about Schedule of meet","16-Oct-2024 19:09:37","2024-10-16 19:09:37","16-Oct-2024 19:09:38","00:00:01","https://nsearchives.nseindia.com/corporate/INDIGO_16102024190937_Sign_Board_Meeting_Intimation-October_2024.pdf"
"INDIGO","InterGlobe Aviation Limited","Certificate under SEBI (Depositories and Participants) Regulations, 2018","InterGlobe Aviation Limited has informed the Exchange about Certificate under SEBI (Depositories and Participants) Regulations, 2018","08-Oct-2024 20:37:55","2024-10-08 20:37:55","08-Oct-2024 20:37:55","00:00:00","https://nsearchives.nseindia.com/corporate/INDIGO_08102024203755_Sign_Disclosure_Certificate_74_5_SEBI_DP.pdf"
"INDIGO","InterGlobe Aviation Limited","Action(s) taken or orders passed","InterGlobe Aviation Limited has informed the Exchange about Action(s) taken or orders passed","08-Oct-2024 12:16:25","2024-10-08 12:16:25","08-Oct-2024 12:16:26","00:00:01","https://nsearchives.nseindia.com/corporate/INDIGO_08102024121625_Disclosure_BoI.pdf"
"INDIGO","InterGlobe Aviation Limited","Updates","InterGlobe Aviation Limited has informed the Exchange regarding 'Disclosure under Regulation 30 of SEBI LODR Regulations, 2015- Allotment'.","01-Oct-2024 10:52:35","2024-10-01 10:52:35","01-Oct-2024 10:52:36","00:00:01","https://nsearchives.nseindia.com/corporate/INDIGO_01102024105235_Sign_Intimation_ESOP_Committee_Allotment.pdf"
"INDIGO","InterGlobe Aviation Limited","Change in Management","InterGlobe Aviation Limited has informed the Exchange about change in Management","26-Sep-2024 17:54:14","2024-09-26 17:54:14","26-Sep-2024 17:54:14","00:00:00","https://nsearchives.nseindia.com/corporate/INDIGO_26092024175414_Reg30_DisclosureCOO.pdf"
"INDIGO","InterGlobe Aviation Limited","Trading Window","InterGlobe Aviation Limited has informed the Exchange regarding the Trading Window closure pursuant to SEBI (Prohibition of Insider Trading) Regulations, 2015","25-Sep-2024 19:36:46","2024-09-25 19:36:46","25-Sep-2024 19:36:47","00:00:01","https://nsearchives.nseindia.com/corporate/INDIGO_25092024193646_Intimation_Closure_of_Trading_Window.pdf"
"INDIGO","InterGlobe Aviation Limited","Copy of Newspaper Publication","InterGlobe Aviation Limited has informed the Exchange about Copy of Newspaper Publication","17-Sep-2024 18:36:15","2024-09-17 18:36:15","17-Sep-2024 18:36:16","00:00:01","https://nsearchives.nseindia.com/corporate/INDIGO_17092024183615_StxNewspaperAdIEPF17092024.pdf"
"INDIGO","InterGlobe Aviation Limited","Copy of Newspaper Publication","InterGlobe Aviation Limited has informed the Exchange about Copy of Newspaper Publication","17-Sep-2024 18:32:50","2024-09-17 18:32:50","17-Sep-2024 18:32:51","00:00:01","https://nsearchives.nseindia.com/corporate/INDIGO_17092024183250_StxNewspaperAdIEPF17092024.pdf"
"INDIGO","InterGlobe Aviation Limited","Updates","InterGlobe Aviation Limited has informed the Exchange regarding 'Disclosure under Regulation 30 of SEBI LODR'.","10-Sep-2024 19:51:54","2024-09-10 19:51:54","10-Sep-2024 19:51:55","00:00:01","https://nsearchives.nseindia.com/corporate/INDIGO_10092024195154_Disclosure_BCASorder.pdf"
"INDIGO","InterGlobe Aviation Limited","Allotment of Securities","InterGlobe Aviation Limited has informed the Exchange regarding allotment of 28097 securities pursuant to ESOP/ESPS at its meeting held on September 02, 2024","02-Sep-2024 16:20:50","2024-09-02 16:20:50","02-Sep-2024 16:20:51","00:00:01","https://nsearchives.nseindia.com/corporate/INDIGO_02092024162050_ESOP_Committee_SE_Intimation_Allotment.pdf"
"INDIGO","InterGlobe Aviation Limited","Updates","InterGlobe Aviation Limited has informed the Exchange regarding 'Disclosure under Regulation 30 of SEBI LODR Regulations, 2015'.","01-Sep-2024 14:37:55","2024-09-01 14:37:55","01-Sep-2024 14:37:55","00:00:00","https://nsearchives.nseindia.com/corporate/INDIGO_01092024143755_Sign_Regulation30_Disclosure_Bihar_Gujarat_odisha.pdf"
"INDIGO","InterGlobe Aviation Limited","Updates","InterGlobe Aviation Limited has informed the Exchange regarding 'Disclosure under Regulation 30 of SEBI LODR Regulations, 2015'.","30-Aug-2024 22:15:41","2024-08-30 22:15:41","30-Aug-2024 22:15:42","00:00:01","https://nsearchives.nseindia.com/corporate/INDIGO_30082024221541_Sign_Disclosure_Chattisgarh_Penalty.pdf"
"INDIGO","InterGlobe Aviation Limited","Shareholders meeting","InterGlobe Aviation Limited has submitted the Exchange a copy Srutinizers report of  Annual General Meeting held on August 23, 2024. Further, the company has informed the Exchange regarding voting results.","26-Aug-2024 20:29:10","2024-08-26 20:29:10","26-Aug-2024 20:29:11","00:00:01","https://nsearchives.nseindia.com/corporate/INDIGO_26082024202910_Sign_Reg44_VotingResults_AGM.pdf"
"INDIGO","InterGlobe Aviation Limited","Change in Management","InterGlobe Aviation Limited has informed the Exchange about change in Management","23-Aug-2024 22:03:25","2024-08-23 22:03:25","23-Aug-2024 22:03:25","00:00:00","https://nsearchives.nseindia.com/corporate/INDIGO_23082024220325_Disclosures_Resolution_AGM.pdf"
"INDIGO","InterGlobe Aviation Limited","Shareholders meeting","InterGlobe Aviation Limited has informed the Exchange regarding Proceedings of Annual General Meeting held on August 23, 2024","23-Aug-2024 21:32:37","2024-08-23 21:32:37","23-Aug-2024 21:32:38","00:00:01","https://nsearchives.nseindia.com/corporate/INDIGO_23082024213237_SE_Proceedings.pdf"
"INDIGO","InterGlobe Aviation Limited","Updates","InterGlobe Aviation Limited has informed the Exchange regarding 'Disclosure under Regulation 30 of SEBI LODR'.","23-Aug-2024 21:24:27","2024-08-23 21:24:27","23-Aug-2024 21:24:28","00:00:01","https://nsearchives.nseindia.com/corporate/INDIGO_23082024212427_Disclosure_Penalty.pdf"
"INDIGO","InterGlobe Aviation Limited","Updates","InterGlobe Aviation Limited has informed the Exchange regarding 'Announcement under Regulation 30 of SEBI LODR Regulations, 2015'.","21-Aug-2024 18:41:25","2024-08-21 18:41:25","21-Aug-2024 18:41:26","00:00:01","https://nsearchives.nseindia.com/corporate/INDIGO_21082024184125_Disclosure_Regulation30.pdf"
"INDIGO","InterGlobe Aviation Limited","Press Release","InterGlobe Aviation Limited has informed the Exchange regarding a press release dated August 05, 2024, titled "" IndiGo s coming of age celebrates its 18th anniversary by defining the next phase of growth towards becoming a global aviation player; Grand entry into next phase of IndiGo - launches IndiGo Stretch a tailor-made business product for India; and IndiGo launches its much-awaited loyalty program - IndiGo BluChip."".","05-Aug-2024 14:59:03","2024-08-05 14:59:03","05-Aug-2024 14:59:03","00:00:00","https://nsearchives.nseindia.com/corporate/INDIGO_05082024145903_Disclosure_PressReleases.pdf"
"INDIGO","InterGlobe Aviation Limited","Allotment of Securities","InterGlobe Aviation Limited has informed the Exchange regarding allotment of 65173 securities pursuant to ESOP/ESPS at its meeting held on August 02, 2024","02-Aug-2024 11:43:46","2024-08-02 11:43:46","02-Aug-2024 11:43:47","00:00:01","https://nsearchives.nseindia.com/corporate/INDIGO_02082024114347_Sign_Disclosure_ESOP_Committee_Allotment.pdf"
"INDIGO","InterGlobe Aviation Limited","Analysts/Institutional Investor Meet/Con. Call Updates","InterGlobe Aviation Limited has informed the Exchange about Transcript","01-Aug-2024 18:01:15","2024-08-01 18:01:15","01-Aug-2024 18:01:16","00:00:01","https://nsearchives.nseindia.com/corporate/INDIGO_01082024180115_Disclosure_Transcript.pdf"
"INDIGO","InterGlobe Aviation Limited","Copy of Newspaper Publication","InterGlobe Aviation Limited has informed the Exchange about Copy of Newspaper Publication","01-Aug-2024 17:33:53","2024-08-01 17:33:53","01-Aug-2024 17:33:54","00:00:01","https://nsearchives.nseindia.com/corporate/INDIGO_01082024173353_NewspaperAdvertisement_PostDispatch.pdf"
"INDIGO","InterGlobe Aviation Limited","Shareholders meeting","InterGlobe Aviation Limited has informed the Exchange regarding Notice of Annual General Meeting to be held on August 23, 2024","31-Jul-2024 22:38:53","2024-07-31 22:38:53","31-Jul-2024 22:38:54","00:00:01","https://nsearchives.nseindia.com/corporate/INDIGO_31072024223853_Disclosure_AR_Notice.pdf"
"INDIGO","InterGlobe Aviation Limited","Copy of Newspaper Publication","InterGlobe Aviation Limited has informed the Exchange about Copy of Newspaper Publication","31-Jul-2024 16:36:05","2024-07-31 16:36:05","31-Jul-2024 16:36:06","00:00:01","https://nsearchives.nseindia.com/corporate/INDIGO_31072024163605_Disclosure_Pre_Dispatch_NewspaperAdvertisement.pdf"
"INDIGO","InterGlobe Aviation Limited","Copy of Newspaper Publication","InterGlobe Aviation Limited has informed the Exchange about Copy of Newspaper Publication","27-Jul-2024 14:40:20","2024-07-27 14:40:20","27-Jul-2024 14:40:20","00:00:00","https://nsearchives.nseindia.com/corporate/INDIGO_27072024144020_Disclosure_NewspaperAdv.pdf"
"INDIGO","InterGlobe Aviation Limited","Credit Rating","InterGlobe Aviation Limited has informed the Exchange about Credit Rating","26-Jul-2024 20:00:21","2024-07-26 20:00:21","26-Jul-2024 20:00:22","00:00:01","https://nsearchives.nseindia.com/corporate/INDIGO_26072024200021_Disclosure_CreditRating.pdf"
"INDIGO","InterGlobe Aviation Limited","Analysts/Institutional Investor Meet/Con. Call Updates","InterGlobe Aviation Limited has informed the Exchange about Link of Recording","26-Jul-2024 19:58:41","2024-07-26 19:58:41","26-Jul-2024 19:58:41","00:00:00","https://nsearchives.nseindia.com/corporate/INDIGO_26072024195841_Disclosure_AudioRecording.pdf"
"INDIGO","InterGlobe Aviation Limited","Updates","InterGlobe Aviation Limited has informed the Exchange regarding 'Disclosure under Regulation 30 of SEBI LODR'.","26-Jul-2024 18:16:07","2024-07-26 18:16:07","26-Jul-2024 18:16:08","00:00:01","https://nsearchives.nseindia.com/corporate/INDIGO_26072024181607_Disclosure_Reg30_Penalty.pdf"
"INDIGO","InterGlobe Aviation Limited","Press Release","InterGlobe Aviation Limited has informed the Exchange regarding a press release dated July 26, 2024, titled ""Press Release"".","26-Jul-2024 15:34:22","2024-07-26 15:34:22","26-Jul-2024 15:34:23","00:00:01","https://nsearchives.nseindia.com/corporate/INDIGO_26072024153422_Disclosure_PressRelease.pdf"
"INDIGO","InterGlobe Aviation Limited","Investor Presentation","InterGlobe Aviation Limited has informed the Exchange about Investor Presentation","26-Jul-2024 15:32:42","2024-07-26 15:32:42","26-Jul-2024 15:32:43","00:00:01","https://nsearchives.nseindia.com/corporate/INDIGO_26072024153242_Disclosure_Presentation.pdf"
"INDIGO","InterGlobe Aviation Limited","Financial Result Updates","InterGlobe Aviation Limited has submitted to the Exchange, the financial results for the period ended June 30, 2024.","26-Jul-2024 15:31:11","2024-07-26 15:31:11","26-Jul-2024 15:31:15","00:00:04","https://nsearchives.nseindia.com/corporate/Financial_Results_Jun24_26072024153111.pdf"
"INDIGO","InterGlobe Aviation Limited","Updates","InterGlobe Aviation Limited has informed the Exchange regarding 'Disclosure under Regulation 30 of SEBI LODR'.","25-Jul-2024 17:50:26","2024-07-25 17:50:26","25-Jul-2024 17:50:27","00:00:01","https://nsearchives.nseindia.com/corporate/INDIGO_25072024175027_Disclosure_Regulation30_penalty.pdf"
"INDIGO","InterGlobe Aviation Limited","Updates","InterGlobe Aviation Limited has informed the Exchange regarding 'Disclosure under Regulation 30 of SEBI LODR, 2015'.","24-Jul-2024 17:50:37","2024-07-24 17:50:37","24-Jul-2024 17:50:37","00:00:00","https://nsearchives.nseindia.com/corporate/INDIGO_24072024175037_Disclosure_Penalty.pdf"
"INDIGO","InterGlobe Aviation Limited","Press Release","InterGlobe Aviation Limited has informed the Exchange regarding a press release dated July 19, 2024, titled ""Please find attached Press Release issued by the Company "".","19-Jul-2024 19:23:44","2024-07-19 19:23:44","19-Jul-2024 19:23:45","00:00:01","https://nsearchives.nseindia.com/corporate/INDIGO_19072024192344_Sign_Disclosure_Regulation30_PressRelease.pdf"
"INDIGO","InterGlobe Aviation Limited","Certificate under SEBI (Depositories and Participants) Regulations, 2018","InterGlobe Aviation Limited has informed the Exchange about Certificate under SEBI (Depositories and Participants) Regulations, 2018","11-Jul-2024 18:08:02","2024-07-11 18:08:02","11-Jul-2024 18:08:02","00:00:00","https://nsearchives.nseindia.com/corporate/INDIGO_11072024180802_Reg74_June_30_2024.pdf"
"INDIGO","InterGlobe Aviation Limited","Allotment of Securities","InterGlobe Aviation Limited has informed the Exchange regarding allotment of 188250 securities pursuant to ESOP/ESPS at its meeting held on July 04, 2024","04-Jul-2024 17:25:43","2024-07-04 17:25:43","04-Jul-2024 17:25:43","00:00:00","https://nsearchives.nseindia.com/corporate/INDIGO_04072024172543_Sign_ESOP_Allotment_Committee_SE_Intimation_Allotment.pdf"
"INDIGO","InterGlobe Aviation Limited","Updates","InterGlobe Aviation Limited has informed the Exchange regarding 'Disclosure under Regulation 30 of SEBI LODR.'.","01-Jul-2024 19:37:06","2024-07-01 19:37:06","01-Jul-2024 19:37:07","00:00:01","https://nsearchives.nseindia.com/corporate/INDIGO_01072024193706_Disclosure_Customs.pdf"
"INDIGO","InterGlobe Aviation Limited","Updates","InterGlobe Aviation Limited has informed the Exchange regarding 'Disclosure under Regulation 30 of SEBI LODR'.","25-Jun-2024 19:37:57","2024-06-25 19:37:57","25-Jun-2024 19:37:57","00:00:00","https://nsearchives.nseindia.com/corporate/INDIGO_25062024193757_Disclosure_BoI.pdf"
"INDIGO","InterGlobe Aviation Limited","Trading Window","InterGlobe Aviation Limited has informed the Exchange regarding the Trading Window closure pursuant to SEBI (Prohibition of Insider Trading) Regulations, 2015","24-Jun-2024 16:41:37","2024-06-24 16:41:37","24-Jun-2024 16:41:38","00:00:01","https://nsearchives.nseindia.com/corporate/INDIGO_24062024164137_Sign_Intimation_Closure_of_Trading_Window.pdf"
"INDIGO","InterGlobe Aviation Limited","Updates","InterGlobe Aviation Limited has informed the Exchange regarding 'Disclosure under Regulation 30 of SEBI (Listing Obligations and Disclosure Requirements) Regulations, 2015'.","14-Jun-2024 19:27:36","2024-06-14 19:27:36","14-Jun-2024 19:27:37","00:00:01","https://nsearchives.nseindia.com/corporate/INDIGO_14062024192736_Sign_Disclosure_under_Reg_30_SEBI_LODR_Regulation.pdf"
"INDIGO","InterGlobe Aviation Limited","Analysts/Institutional Investor Meet/Con. Call Updates","InterGlobe Aviation Limited has informed the Exchange about Transcript","03-Jun-2024 19:47:18","2024-06-03 19:47:18","03-Jun-2024 19:47:19","00:00:01","https://nsearchives.nseindia.com/corporate/INDIGO_03062024194718_Disclosure_Transcript.pdf"
"INDIGO","InterGlobe Aviation Limited","News Verification","The Exchange has sought clarification from InterGlobe Aviation Limited with respect to recent news item captioned IndiGo in talks for 100 smaller planes as part of plan to widen regional network.  The response from the Company is attached.","03-Jun-2024 12:22:36","2024-06-03 12:22:36","03-Jun-2024 12:22:43","00:00:07","https://nsearchives.nseindia.com/corporate/INDIGO_03062024122236_Sign_NSE_Reply_to_stock_exchange_clarification.pdf"
"INDIGO","InterGlobe Aviation Limited","Copy of Newspaper Publication","InterGlobe Aviation Limited has informed the Exchange about Copy of Newspaper Publication","24-May-2024 08:52:13","2024-05-24 08:52:13","24-May-2024 08:52:13","00:00:00","https://nsearchives.nseindia.com/corporate/INDIGO_24052024085213_24May2024_NewspaperAdv.pdf"
"INDIGO","InterGlobe Aviation Limited","Analysts/Institutional Investor Meet/Con. Call Updates","InterGlobe Aviation Limited has informed the Exchange about Link of Recording","23-May-2024 19:40:33","2024-05-23 19:40:33","23-May-2024 19:40:34","00:00:01","https://nsearchives.nseindia.com/corporate/INDIGO_23052024194033_Disclosure_Audiorecording.pdf"
"INDIGO","InterGlobe Aviation Limited","Press Release","InterGlobe Aviation Limited has informed the Exchange regarding a press release dated May 23, 2024, titled ""Press Release"".","23-May-2024 16:27:26","2024-05-23 16:27:26","23-May-2024 16:27:28","00:00:02","https://nsearchives.nseindia.com/corporate/INDIGO_23052024162726_Disclosure_PressRelease.pdf"
"INDIGO","InterGlobe Aviation Limited","Press Release","InterGlobe Aviation Limited has informed the Exchange regarding a press release dated May 23, 2024, titled ""IndiGo to launch a tailor-made business product"".","23-May-2024 16:25:00","2024-05-23 16:25:00","23-May-2024 16:25:01","00:00:01","https://nsearchives.nseindia.com/corporate/INDIGO_23052024162500_Disclosure_PressReleaseQ4.pdf"
"INDIGO","InterGlobe Aviation Limited","Investor Presentation","InterGlobe Aviation Limited has informed the Exchange about Investor Presentation","23-May-2024 16:22:48","2024-05-23 16:22:48","23-May-2024 16:22:49","00:00:01","https://nsearchives.nseindia.com/corporate/INDIGO_23052024162248_Disclosure_Investorpresentation.pdf"
"INDIGO","InterGlobe Aviation Limited","Change in Auditors","InterGlobe Aviation Limited has informed the Exchange regarding Change in Auditors of the company.","23-May-2024 16:21:56","2024-05-23 16:21:56","23-May-2024 16:21:57","00:00:01","https://nsearchives.nseindia.com/corporate/INDIGO_23052024162156_Disclosure_Auditor.pdf"
"INDIGO","InterGlobe Aviation Limited","Financial Result Updates","InterGlobe Aviation Limited has submitted to the Exchange, the financial results for the period ended March 31, 2024.","23-May-2024 16:20:27","2024-05-23 16:20:27","23-May-2024 16:20:32","00:00:05","https://nsearchives.nseindia.com/corporate/FINANCIAL_RESULTS_Q4_FY24_23052024162027.pdf"
"INDIGO","InterGlobe Aviation Limited","Allotment of Securities","InterGlobe Aviation Limited has informed the Exchange regarding allotment of 1000 securities pursuant to ESOP/ESPS at its meeting held on May 23, 2024","23-May-2024 14:27:58","2024-05-23 14:27:58","23-May-2024 14:27:59","00:00:01","https://nsearchives.nseindia.com/corporate/INDIGO_23052024142758_NRC_SE_Intimation_Grant_Allotment.pdf"
"INDIGO","InterGlobe Aviation Limited","Updates","InterGlobe Aviation Limited has informed the Exchange regarding 'Disclosure under Regulation 30 of SEBI LODR'.","23-May-2024 14:26:57","2024-05-23 14:26:57","23-May-2024 14:26:57","00:00:00","https://nsearchives.nseindia.com/corporate/INDIGO_23052024142657_NRC_SE_Intimation_Grant_Allotment.pdf"
"INDIGO","InterGlobe Aviation Limited","News Verification","The Exchange has sought clarification from InterGlobe Aviation Limited with respect to recent news item captioned IndiGo in talks for 100 smaller planes as part of plan to widen regional network.  The response from the Company is awaited.","14-May-2024 17:44:46","2024-05-14 17:44:46","14-May-2024 17:44:52","00:00:06","-"
"INDIGO","InterGlobe Aviation Limited","Updates","InterGlobe Aviation Limited has informed the Exchange regarding 'Disclosure under Regulation 30 of SEBI LODR'.","01-May-2024 18:03:10","2024-05-01 18:03:10","01-May-2024 18:03:15","00:00:05","https://nsearchives.nseindia.com/corporate/INDIGO_01052024180310_Disclosure_Penalties.pdf"
"INDIGO","InterGlobe Aviation Limited","Updates","InterGlobe Aviation Limited has informed the Exchange regarding 'Disclosure under Regulation 30 of SEBI LODR'.","01-May-2024 12:51:14","2024-05-01 12:51:14","01-May-2024 12:51:23","00:00:09","https://nsearchives.nseindia.com/corporate/INDIGO_01052024125114_Disclosure_PenaltyHyderabad.pdf"
"INDIGO","InterGlobe Aviation Limited","Updates","InterGlobe Aviation Limited has informed the Exchange regarding 'Disclosure under Regulation 30 of SEBI LODR'.","30-Apr-2024 19:41:05","2024-04-30 19:41:05","30-Apr-2024 19:41:09","00:00:04","https://nsearchives.nseindia.com/corporate/INDIGO_30042024194105_Disclosure_StatetaxGujarat.pdf"
"INDIGO","InterGlobe Aviation Limited","Change in Management","InterGlobe Aviation Limited has informed the Exchange about appointment of senior management personnel","29-Apr-2024 11:08:57","2024-04-29 11:08:57","29-Apr-2024 11:09:03","00:00:06","https://nsearchives.nseindia.com/corporate/INDIGO_29042024110857_Disclosure_Seniormanagement.pdf"
"INDIGO","InterGlobe Aviation Limited","Updates","InterGlobe Aviation Limited has informed the Exchange regarding 'Disclosure under Regulation 30 of SEBI LODR'.","26-Apr-2024 18:58:57","2024-04-26 18:58:57","26-Apr-2024 18:59:07","00:00:10","https://nsearchives.nseindia.com/corporate/INDIGO_26042024185857_Disclosure_Statetax.pdf"
"INDIGO","InterGlobe Aviation Limited","Analysts/Institutional Investor Meet/Con. Call Updates","InterGlobe Aviation Limited has informed the Exchange about Schedule of meet","25-Apr-2024 19:20:14","2024-04-25 19:20:14","25-Apr-2024 19:20:19","00:00:05","https://nsearchives.nseindia.com/corporate/INDIGO_25042024192014_Sign_Disclosure_Reg30_ConferenceCall.pdf"
"INDIGO","InterGlobe Aviation Limited","Press Release","InterGlobe Aviation Limited has informed the Exchange regarding a press release dated April 25, 2024, titled ""Disclosure under regulation 30"".","25-Apr-2024 16:54:32","2024-04-25 16:54:32","25-Apr-2024 16:54:39","00:00:07","https://nsearchives.nseindia.com/corporate/INDIGO_25042024165432_Disclosure_PressRelease.pdf"
"INDIGO","InterGlobe Aviation Limited","Updates","InterGlobe Aviation Limited has informed the Exchange regarding 'Disclosure under Regulation 30 of SEBI LODR'.","19-Apr-2024 18:24:26","2024-04-19 18:24:26","19-Apr-2024 18:24:39","00:00:13","https://nsearchives.nseindia.com/corporate/INDIGO_19042024182426_Disclosure_PenaltyCGST.pdf"
"INDIGO","InterGlobe Aviation Limited","Credit Rating","InterGlobe Aviation Limited has informed the Exchange about Credit Rating","18-Apr-2024 15:49:30","2024-04-18 15:49:30","18-Apr-2024 15:49:36","00:00:06","https://nsearchives.nseindia.com/corporate/INDIGO_18042024154930_Disclosure_CreditRating.pdf"
"INDIGO","InterGlobe Aviation Limited","Disclosure under SEBI Takeover Regulations","InterGlobe Enterprises Private Limited has Submitted to the Exchange a copy of Disclosure under Regulation 31(4) of the Securities and Exchange Board of India (Substantial Acquisition of Shares and Takeovers) Regulations, 2011.","18-Apr-2024 15:02:27","2024-04-18 15:02:27","18-Apr-2024 15:02:32","00:00:05","https://nsearchives.nseindia.com/corporate/INDIGO_18042024150227_INDIGO.pdf"
"INDIGO","InterGlobe Aviation Limited","Disclosure under SEBI Takeover Regulations","��Rakesh Gangwal��has Submitted to the Exchange a copy of Disclosure under Regulation 31(4) of the Securities and Exchange Board of India��(Substantial Acquisition of Shares and Takeovers) Regulations, 2011","15-Apr-2024 21:16:04","2024-04-15 21:16:04","15-Apr-2024 21:16:26","00:00:22","https://nsearchives.nseindia.com/corporate/INDIGO_15042024211604_INDIGO.pdf"
"INDIGO","InterGlobe Aviation Limited","Certificate under SEBI (Depositories and Participants) Regulations, 2018","InterGlobe Aviation Limited has informed the Exchange about Certificate under SEBI (Depositories and Participants) Regulations, 2018","05-Apr-2024 19:03:20","2024-04-05 19:03:20","05-Apr-2024 19:03:35","00:00:15","https://nsearchives.nseindia.com/corporate/INDIGO_05042024190321_Certificate_SEBI_DP_31_March_2024.pdf"
"INDIGO","InterGlobe Aviation Limited","Disclosure of material issue","InterGlobe Aviation Limited has informed regarding Disclosure of material issue","02-Apr-2024 20:25:18","2024-04-02 20:25:18","02-Apr-2024 20:25:24","00:00:06","https://nsearchives.nseindia.com/corporate/INDIGO_02042024202518_Regulation30_Disclosure_Customs.pdf"
"INDIGO","InterGlobe Aviation Limited","ESOP/ESOS/ESPS","InterGlobe Aviation Limited has informed the Exchange regarding Grant of 110480  Options.","01-Apr-2024 19:15:45","2024-04-01 19:15:45","01-Apr-2024 19:15:50","00:00:05","https://nsearchives.nseindia.com/corporate/INDIGO_01042024191545_Disclosure_Grant.pdf"
"INDIGO","InterGlobe Aviation Limited","Trading Window","InterGlobe Aviation Limited has informed the Exchange regarding the Trading Window closure pursuant to SEBI (Prohibition of Insider Trading) Regulations, 2015","27-Mar-2024 10:27:19","2024-03-27 10:27:19","27-Mar-2024 10:27:25","00:00:06","https://nsearchives.nseindia.com/corporate/INDIGO_27032024102719_Sign_Trading_Window_Closure_Intimation.pdf"
"INDIGO","InterGlobe Aviation Limited","Analysts/Institutional Investor Meet/Con. Call Updates","InterGlobe Aviation Limited has informed the Exchange about Presentation","22-Mar-2024 09:03:10","2024-03-22 09:03:10","22-Mar-2024 09:03:19","00:00:09","https://nsearchives.nseindia.com/corporate/INDIGO_22032024090310_Sign_Analyst_Meet_Presentation_23March2023.pdf"
"INDIGO","InterGlobe Aviation Limited","Analysts/Institutional Investor Meet/Con. Call Updates","InterGlobe Aviation Limited has informed the Exchange about Schedule of meet","19-Mar-2024 13:14:56","2024-03-19 13:14:56","19-Mar-2024 13:15:01","00:00:05","https://nsearchives.nseindia.com/corporate/INDIGO_19032024131456_Intimation_AnalystMeet.pdf"
"INDIGO","InterGlobe Aviation Limited","ESOP/ESOS/ESPS","InterGlobe Aviation Limited has informed the Exchange regarding allotment of Equity  Shares.","29-Feb-2024 12:15:16","2024-02-29 12:15:16","29-Feb-2024 12:15:23","00:00:07","https://nsearchives.nseindia.com/corporate/INDIGO_29022024121516_Sign_Disclosure_Reg30_Intimation_AllotmentShares.pdf"
"INDIGO","InterGlobe Aviation Limited","Disclosure of material issue","InterGlobe Aviation Limited has informed regarding Disclosure of material issue","20-Feb-2024 19:47:36","2024-02-20 19:47:36","20-Feb-2024 19:47:43","00:00:07","https://nsearchives.nseindia.com/corporate/INDIGO_20022024194736_20February2024_DisclosureRegulation30.pdf"
"INDIGO","InterGlobe Aviation Limited","Analysts/Institutional Investor Meet/Con. Call Updates","InterGlobe Aviation Limited has informed the Exchange about Transcript","08-Feb-2024 13:09:57","2024-02-08 13:09:57","08-Feb-2024 13:10:03","00:00:06","https://nsearchives.nseindia.com/corporate/INDIGO_08022024130957_Disclosure_Transcript.pdf"
"INDIGO","InterGlobe Aviation Limited","Change in Company Secretary/Compliance Officer","InterGlobe Aviation Limited has informed the Exchange about Change in Company Secretary/Compliance Officer","05-Feb-2024 19:09:54","2024-02-05 19:09:54","05-Feb-2024 19:10:01","00:00:07","https://nsearchives.nseindia.com/corporate/INDIGO_05022024190954_Sign_Disclosure_ChaneinKMP_Resignationletter.pdf"
"INDIGO","InterGlobe Aviation Limited","Copy of Newspaper Publication","InterGlobe Aviation Limited has informed the Exchange about Copy of Newspaper Publication","03-Feb-2024 12:33:27","2024-02-03 12:33:27","03-Feb-2024 12:33:31","00:00:04","https://nsearchives.nseindia.com/corporate/INDIGO_03022024123327_Disclosure_NewspaperAd.pdf"
"INDIGO","InterGlobe Aviation Limited","Analysts/Institutional Investor Meet/Con. Call Updates","InterGlobe Aviation Limited has informed the Exchange about Link of Recording","02-Feb-2024 20:32:19","2024-02-02 20:32:19","02-Feb-2024 20:32:25","00:00:06","https://nsearchives.nseindia.com/corporate/INDIGO_02022024203219_Disclosure_Audiorecording.pdf"
"INDIGO","InterGlobe Aviation Limited","Updates","InterGlobe Aviation Limited has informed the Exchange regarding 'Disclosure under Regulation 30(5) of SEBI (Listing Obligations and Disclosure Requirements) Regulations, 2015''.","02-Feb-2024 16:14:08","2024-02-02 16:14:08","02-Feb-2024 16:14:13","00:00:05","https://nsearchives.nseindia.com/corporate/INDIGO_02022024161408_Disclosure_30_5_.pdf"
"INDIGO","InterGlobe Aviation Limited","Press Release","InterGlobe Aviation Limited has informed the Exchange regarding a press release dated February 02, 2024, titled ""Compliances under SEBI (Listing Obligations and Disclosure Requirements) Regulations, 2015 ( Regulations )- Press Release"".","02-Feb-2024 15:59:26","2024-02-02 15:59:26","02-Feb-2024 15:59:34","00:00:08","https://nsearchives.nseindia.com/corporate/INDIGO_02022024155926_Disclosure_PR.pdf"
"INDIGO","InterGlobe Aviation Limited","Change in Company Secretary/Compliance Officer","InterGlobe Aviation Limited has informed the Exchange about Change in Company Secretary/Compliance Officer","02-Feb-2024 15:55:13","2024-02-02 15:55:13","02-Feb-2024 15:55:17","00:00:04","https://nsearchives.nseindia.com/corporate/INDIGO_02022024155513_Disclosure_KMPchange.pdf"
"INDIGO","InterGlobe Aviation Limited","Investor Presentation","InterGlobe Aviation Limited has informed the Exchange about Investor Presentation","02-Feb-2024 15:54:02","2024-02-02 15:54:02","02-Feb-2024 15:54:08","00:00:06","https://nsearchives.nseindia.com/corporate/INDIGO_02022024155402_Disclosure_IP.pdf"
"INDIGO","InterGlobe Aviation Limited","Financial Result Updates","InterGlobe Aviation Limited has submitted to the Exchange, the financial results for the period ended December 31, 2023.","02-Feb-2024 15:52:55","2024-02-02 15:52:55","02-Feb-2024 15:53:01","00:00:06","https://nsearchives.nseindia.com/corporate/FinancialResults_Q3FY24_02022024155255.pdf"
"INDIGO","InterGlobe Aviation Limited","ESOP/ESOS/ESPS","InterGlobe Aviation Limited has informed the Exchange regarding Allotment of 31581  Shares.","01-Feb-2024 11:34:46","2024-02-01 11:34:46","01-Feb-2024 11:34:52","00:00:06","https://nsearchives.nseindia.com/corporate/INDIGO_01022024113446_Sign_Intimation_ESOP_Allotment_Feb_2024.pdf"
"INDIGO","InterGlobe Aviation Limited","Disclosure of material issue","InterGlobe Aviation Limited has informed regarding Disclosure of material issue","19-Jan-2024 19:36:32","2024-01-19 19:36:32","19-Jan-2024 19:36:37","00:00:05","https://nsearchives.nseindia.com/corporate/INDIGO_19012024193632_Sign_DisclosureReg30_ITATOrder_19January2024.pdf"
"INDIGO","InterGlobe Aviation Limited","Disclosure of material issue","InterGlobe Aviation Limited has informed regarding Disclosure of material issue","18-Jan-2024 19:12:34","2024-01-18 19:12:34","18-Jan-2024 19:12:40","00:00:06","https://nsearchives.nseindia.com/corporate/INDIGO_18012024191234_Sign_Reg30_Intimation_of_MaterialEvents.pdf"
"INDIGO","InterGlobe Aviation Limited","News Verification","The Exchange has sought clarification from InterGlobe Aviation Limited with respect to recent news item captioned IndiGo faces challenges on multiple fronts as Civil Aviation Ministry issues show cause notice - Business Today.  The response from the Company is attached.","18-Jan-2024 18:46:50","2024-01-18 18:46:50","18-Jan-2024 18:46:55","00:00:05","https://nsearchives.nseindia.com/corporate/INDIGO_18012024184650_Sign_Reg30_News_Clarification.pdf"
"INDIGO","InterGlobe Aviation Limited","News Verification","The Exchange has sought clarification from InterGlobe Aviation Limited with respect to recent news item captioned IndiGo faces challenges on multiple fronts as Civil Aviation Ministry issues show cause notice - Business Today.  The response from the Company is awaited.","17-Jan-2024 18:56:03","2024-01-17 18:56:03","17-Jan-2024 18:56:10","00:00:07","-"
"INDIGO","InterGlobe Aviation Limited","Certificate under SEBI (Depositories and Participants) Regulations, 2018","InterGlobe Aviation Limited has informed the Exchange about Certificate under SEBI (Depositories and Participants) Regulations, 2018","15-Jan-2024 17:13:41","2024-01-15 17:13:41","15-Jan-2024 17:13:45","00:00:04","https://nsearchives.nseindia.com/corporate/INDIGO_15012024171341_Sign_Reg74_31Dec2023.pdf"
"INDIGO","InterGlobe Aviation Limited","Disclosure of material issue","InterGlobe Aviation Limited has informed regarding Disclosure of material issue","12-Jan-2024 18:06:43","2024-01-12 18:06:43","12-Jan-2024 18:06:50","00:00:07","https://nsearchives.nseindia.com/corporate/INDIGO_12012024180643_SriLanka_Customs_Penalty.pdf"
"INDIGO","InterGlobe Aviation Limited","Disclosure of material issue","InterGlobe Aviation Limited has informed regarding Disclosure of material issue","21-Dec-2023 15:02:17","2023-12-21 15:02:17","21-Dec-2023 15:02:22","00:00:05","https://nsearchives.nseindia.com/corporate/INDIGO_21122023150217_Sign_Disclosure_Reg30_21Dec2023.pdf"
"INDIGO","InterGlobe Aviation Limited","Trading Window","InterGlobe Aviation Limited has informed the Exchange regarding the Trading Window closure pursuant to SEBI (Prohibition of Insider Trading) Regulations, 2015","20-Dec-2023 18:53:34","2023-12-20 18:53:34","20-Dec-2023 18:53:51","00:00:17","https://nsearchives.nseindia.com/corporate/INDIGO_20122023185334_Trading_Window_Closure_December_31_2023.pdf"
"INDIGO","InterGlobe Aviation Limited","Press Release","InterGlobe Aviation Limited has informed the Exchange regarding a press release dated December 18, 2023, titled ""IndiGo creates history - Becomes first Indian airline to welcome 100 million passengers a year"".","18-Dec-2023 18:48:23","2023-12-18 18:48:23","18-Dec-2023 18:48:28","00:00:05","https://nsearchives.nseindia.com/corporate/INDIGO_18122023184823_Stock_exchange_disclosure_under_Reg_30_18_12_23.pdf"
"INDIGO","InterGlobe Aviation Limited","Disclosure of material issue","InterGlobe Aviation Limited has informed regarding Disclosure of material issue","07-Dec-2023 22:06:31","2023-12-07 22:06:31","07-Dec-2023 22:06:36","00:00:05","https://nsearchives.nseindia.com/corporate/INDIGO_07122023220631_SE_Disc_Reg30_App_IT_Order_7_12_23.pdf"
"INDIGO","InterGlobe Aviation Limited","Appointment","InterGlobe Aviation Limited has informed the Exchange regarding Appointment of Mrs Neerja Sharma as Senior Vice President - Regulatory Compliance of the company w.e.f. December 07, 2023.","07-Dec-2023 18:46:38","2023-12-07 18:46:38","07-Dec-2023 18:46:42","00:00:04","https://nsearchives.nseindia.com/corporate/INDIGO_07122023184638_SE_Disc_Reg30_App_of_Neerja_Sharma.pdf"
"INDIGO","InterGlobe Aviation Limited","Disclosure of material issue","InterGlobe Aviation Limited has informed regarding Disclosure of material issue","22-Nov-2023 17:55:15","2023-11-22 17:55:15","22-Nov-2023 17:55:24","00:00:09","https://nsearchives.nseindia.com/corporate/INDIGO_22112023175515_stock_Exch_Disc_Reg_30_22_11_2023.pdf"
"INDIGO","InterGlobe Aviation Limited","ESOP/ESOS/ESPS","InterGlobe Aviation Limited has informed the Exchange regarding Allotment of 153159  Shares.","17-Nov-2023 17:00:57","2023-11-17 17:00:57","17-Nov-2023 17:01:04","00:00:07","https://nsearchives.nseindia.com/corporate/INDIGO_17112023170057_17Nov2023DisclosureReg_30AllotmentESOS.pdf"
"INDIGO","InterGlobe Aviation Limited","Press Release","InterGlobe Aviation Limited has informed the Exchange regarding a press release dated November 07, 2023, titled ""Preliminary impact assessment of Prat & Whitney powder metal issue"".","07-Nov-2023 20:17:36","2023-11-07 20:17:36","07-Nov-2023 20:17:42","00:00:06","https://nsearchives.nseindia.com/corporate/INDIGO_07112023201736_Sign_PressRelease_7Nov2023.pdf"
"INDIGO","InterGlobe Aviation Limited","Copy of Newspaper Publication","InterGlobe Aviation Limited has informed the Exchange about Copy of Newspaper Publication","04-Nov-2023 13:22:38","2023-11-04 13:22:38","04-Nov-2023 13:22:46","00:00:08","https://nsearchives.nseindia.com/corporate/INDIGO_04112023132238_Sign_NewspaperPublication_4Nov2023.pdf"
"INDIGO","InterGlobe Aviation Limited","Press Release","InterGlobe Aviation Limited has informed the Exchange regarding a press release dated November 03, 2023, titled ""Disclosure under Regulation 30 of the SEBI (Listing Obligations and Disclosure Requirements) Regulations, 2015"".","03-Nov-2023 15:57:06","2023-11-03 15:57:06","03-Nov-2023 15:57:14","00:00:08","https://nsearchives.nseindia.com/corporate/INDIGO_03112023155706_PressRelease_3Nov2023.pdf"
"INDIGO","InterGlobe Aviation Limited","Investor Presentation","InterGlobe Aviation Limited has informed the Exchange about Investor Presentation","03-Nov-2023 15:55:04","2023-11-03 15:55:04","03-Nov-2023 15:55:13","00:00:09","https://nsearchives.nseindia.com/corporate/INDIGO_03112023155504_InvestorPresentation_3Nov2023.pdf"
"INDIGO","InterGlobe Aviation Limited","Financial Result Updates","InterGlobe Aviation Limited has submitted to the Exchange, the financial results for the period ended September 30, 2023.","03-Nov-2023 15:53:35","2023-11-03 15:53:35","03-Nov-2023 15:53:41","00:00:06","https://nsearchives.nseindia.com/corporate/Financial_Results_Q2_FY24_03112023155335.pdf"
"INDIGO","InterGlobe Aviation Limited","ESOP/ESOS/ESPS","InterGlobe Aviation Limited has informed the Exchange regarding Grant of 104500  Options.","02-Nov-2023 21:41:26","2023-11-02 21:41:26","02-Nov-2023 21:41:36","00:00:10","https://nsearchives.nseindia.com/corporate/INDIGO_02112023214126_discl_to_SE_grant_of_Options_November_2_2023.pdf"
"INDIGO","InterGlobe Aviation Limited","Change in Management","InterGlobe Aviation Limited has informed the Exchange about change in Management","02-Nov-2023 17:00:39","2023-11-02 17:00:39","02-Nov-2023 17:00:53","00:00:14","https://nsearchives.nseindia.com/corporate/INDIGO_02112023170039_Addendum_ChangeInManagement.pdf"
"INDIGO","InterGlobe Aviation Limited","Change in Management","InterGlobe Aviation Limited has informed the Exchange about change in Management","01-Nov-2023 17:27:46","2023-11-01 17:27:46","01-Nov-2023 17:27:54","00:00:08","https://nsearchives.nseindia.com/corporate/INDIGO_01112023172746_Final_SE_Disclosure_Resgination_MaheshMalik.pdf"
"INDIGO","InterGlobe Aviation Limited","Certificate under SEBI (Depositories and Participants) Regulations, 2018","InterGlobe Aviation Limited has informed the Exchange about Certificate under SEBI (Depositories and Participants) Regulations, 2018","09-Oct-2023 14:43:39","2023-10-09 14:43:39","09-Oct-2023 14:43:46","00:00:07","https://nsearchives.nseindia.com/corporate/INDIGO_09102023144339_Regulation74DP_30_9_2023.pdf"
"INDIGO","InterGlobe Aviation Limited","Trading Window","InterGlobe Aviation Limited has informed the Exchange regarding the Trading Window closure pursuant to SEBI (Prohibition of Insider Trading) Regulations, 2015","21-Sep-2023 18:30:25","2023-09-21 18:30:25","21-Sep-2023 18:30:30","00:00:05","https://nsearchives.nseindia.com/corporate/INDIGO_21092023183025_Closure_of_Trading_Window_30Sep2023.pdf"
"INDIGO","InterGlobe Aviation Limited","Disclosure of material issue","InterGlobe Aviation Limited has informed regarding Disclosure of material issue","04-Sep-2023 13:25:01","2023-09-04 13:25:01","04-Sep-2023 13:25:07","00:00:06","https://nsearchives.nseindia.com/corporate/INDIGO_04092023132501_SE_disclosure_additional_aircraft.pdf"
"INDIGO","InterGlobe Aviation Limited","Outcome of Board Meeting","InterGlobe Aviation Limited has informed the Exchange regarding Outcome of Board Meeting held on September 04, 2023.","04-Sep-2023 13:23:25","2023-09-04 13:23:25","04-Sep-2023 13:23:29","00:00:04","https://nsearchives.nseindia.com/corporate/INDIGO_04092023132326_SEdisclosure_under_Reg_30_reg_Gift_City.pdf"
"INDIGO","InterGlobe Aviation Limited","Acquisition","InterGlobe Aviation Limited has informed the Exchange about Acquisition","04-Sep-2023 13:15:00","2023-09-04 13:15:00","04-Sep-2023 13:15:07","00:00:07","https://nsearchives.nseindia.com/corporate/INDIGO_04092023131500_SEdisclosure_under_Reg_30_reg_Gift_City.pdf"
"INDIGO","InterGlobe Aviation Limited","Updates","InterGlobe Aviation Limited has informed the Exchange regarding 'Approval of Employee Stock Option Scheme 2023 of the Company '.","25-Aug-2023 21:04:54","2023-08-25 21:04:54","25-Aug-2023 21:04:57","00:00:03","https://nsearchives.nseindia.com/corporate/INDIGO_25082023210454_ESOSdisclosuretoSEsFinalsd.pdf"
"INDIGO","InterGlobe Aviation Limited","Shareholders meeting","InterGlobe Aviation Limited has informed the Exchange with copy of voting results under Regulation 44(3) of SEBI (LODR) Regulations and Scrutinizer's Report.","24-Aug-2023 20:29:28","2023-08-24 20:29:28","24-Aug-2023 20:29:35","00:00:07","https://nsearchives.nseindia.com/corporate/INDIGO_24082023202928_FY2023_SignScrutiniserReport.pdf"
"INDIGO","InterGlobe Aviation Limited","Shareholders meeting","InterGlobe Aviation Limited has informed the Exchange regarding Proceedings of  Annual General Meeting held on August 24, 2023.","24-Aug-2023 16:03:03","2023-08-24 16:03:03","24-Aug-2023 16:03:08","00:00:05","https://nsearchives.nseindia.com/corporate/INDIGO_24082023160303_Sign_ProceedingsofAGM.pdf"
"INDIGO","InterGlobe Aviation Limited","Updates","InterGlobe Aviation Limited has informed the Exchange regarding 'Disclosure under Regulation (30) of SEBI (LODR) Regulations, 2015 of Material events/ information'.","14-Aug-2023 18:58:46","2023-08-14 18:58:46","14-Aug-2023 18:59:08","00:00:22","https://nsearchives.nseindia.com/corporate/INDIGO_14082023185846_Regulation30Compliance_14_8_2023.pdf"
"INDIGO","InterGlobe Aviation Limited","ESOP/ESOS/ESPS","InterGlobe Aviation Limited has informed the Exchange regarding Allotment of 244520  Shares.","09-Aug-2023 16:42:31","2023-08-09 16:42:31","09-Aug-2023 16:42:45","00:00:14","https://nsearchives.nseindia.com/corporate/INDIGO_09082023164231_INDIGOAllotmentofESOS.pdf"
"INDIGO","InterGlobe Aviation Limited","Acquisition","InterGlobe Aviation Limited has informed the Exchange about Acquisition","07-Aug-2023 19:52:47","2023-08-07 19:52:47","07-Aug-2023 19:53:16","00:00:29","https://nsearchives.nseindia.com/corporate/INDIGO_07082023195247_Disclosure_ReasonforDelay_Reg30.pdf"
"INDIGO","InterGlobe Aviation Limited","Copy of Newspaper Publication","InterGlobe Aviation Limited has informed the Exchange about Copy of Newspaper Publication","03-Aug-2023 10:59:44","2023-08-03 10:59:44","03-Aug-2023 11:00:00","00:00:16","https://nsearchives.nseindia.com/corporate/INDIGO_03082023105944_NewspaperAdvertisement03Aug2023.pdf"
"INDIGO","InterGlobe Aviation Limited","Acquisition","InterGlobe Aviation Limited has informed the Exchange about Acquisition","02-Aug-2023 16:34:19","2023-08-02 16:34:19","02-Aug-2023 16:34:39","00:00:20","https://nsearchives.nseindia.com/corporate/INDIGO_02082023163419_INDIGOREG30.pdf"
"INDIGO","InterGlobe Aviation Limited","Press Release","InterGlobe Aviation Limited has informed the Exchange regarding a press release dated August 02, 2023, titled ""Disclosure under Regulation 30 of the SEBI (Listing Obligations and Disclosure Requirements) Regulations, 2015 ( SEBI LODR Regulations )- Press Release"".","02-Aug-2023 16:11:15","2023-08-02 16:11:15","02-Aug-2023 16:11:30","00:00:15","https://nsearchives.nseindia.com/corporate/INDIGO_02082023161115_PressRelease.pdf"
"INDIGO","InterGlobe Aviation Limited","Investor Presentation","InterGlobe Aviation Limited has informed the Exchange about Investor Presentation","02-Aug-2023 16:09:39","2023-08-02 16:09:39","02-Aug-2023 16:09:52","00:00:13","https://nsearchives.nseindia.com/corporate/INDIGO_02082023160939_InvestorPresentation.pdf"
"INDIGO","InterGlobe Aviation Limited","Financial Result Updates","InterGlobe Aviation Limited has submitted to the Exchange, the financial results for the period ended June 30, 2023.","02-Aug-2023 16:08:20","2023-08-02 16:08:20","02-Aug-2023 16:08:33","00:00:13","https://nsearchives.nseindia.com/corporate/FinancialResultsQ1FY24FINAL_02082023160820.pdf"
"INDIGO","InterGlobe Aviation Limited","News Verification","The Exchange has sought clarification from InterGlobe Aviation Limited with respect to recent news item captioned DGCA imposes penalty of &#8377;30 lakh on IndiGo, issues show cause notice.  The response from the Company is attached.","31-Jul-2023 11:56:52","2023-07-31 11:56:52","31-Jul-2023 11:57:02","00:00:10","https://nsearchives.nseindia.com/corporate/INDIGO_31072023115652_Newsclarification.pdf"
"INDIGO","InterGlobe Aviation Limited","Copy of Newspaper Publication","InterGlobe Aviation Limited has informed the Exchange about Copy of Newspaper Publication","29-Jul-2023 16:45:16","2023-07-29 16:45:16","29-Jul-2023 16:45:36","00:00:20","https://nsearchives.nseindia.com/corporate/INDIGO_29072023164516_PostDispatchNewspaperAdvsd.pdf"
"INDIGO","InterGlobe Aviation Limited","Credit Rating","InterGlobe Aviation Limited has informed the Exchange about Credit Rating","28-Jul-2023 18:53:37","2023-07-28 18:53:37","28-Jul-2023 18:53:55","00:00:18","https://nsearchives.nseindia.com/corporate/INDIGO_28072023185337_INDIGORevisioninrating.pdf"
"INDIGO","InterGlobe Aviation Limited","News Verification","The Exchange has sought clarification from InterGlobe Aviation Limited with respect to recent news item captioned DGCA imposes penalty of &#8377;30 lakh on IndiGo, issues show cause notice.  The response from the Company is awaited.","28-Jul-2023 17:51:39","2023-07-28 17:51:39","28-Jul-2023 17:51:40","00:00:01","-"
"INDIGO","InterGlobe Aviation Limited","Book Closure","InterGlobe Aviation Limited has informed the Exchange that Register of Members & Share Transfer Books of the Company will remain closed from 18-Aug-2023 to 24-Aug-2023 for the purpose of Meeting.","28-Jul-2023 13:17:03","2023-07-28 13:17:03","28-Jul-2023 13:17:12","00:00:09","https://nsearchives.nseindia.com/corporate/INDIGO_28072023131703_IntimationforBookClosure2023.pdf"
"INDIGO","InterGlobe Aviation Limited","Copy of Newspaper Publication","InterGlobe Aviation Limited has informed the Exchange about Copy of Newspaper Publication relating to information regarding 20th Annual General Meeting to be held through Video conference ('VC')/ Other Audio-Visual Means ('OAVM') published in Financial Express (English) - all editions and Jansatta (Hindi) - Delhi edition on July 27, 2023.","27-Jul-2023 12:24:46","2023-07-27 12:24:46","27-Jul-2023 12:24:52","00:00:06","https://nsearchives.nseindia.com/corporate/INDIGO_27072023122446_SignPreDispatchNewspaperAdv_27July2023.pdf"
"INDIGO","InterGlobe Aviation Limited","Disclosure under SEBI Takeover Regulations","Sobha Gangawal��has Submitted to the Exchange a copy of Disclosure under Regulation 31(4) of the Securities and Exchange Board of India��(Substantial Acquisition of Shares and Takeovers) Regulations, 2011.��","16-Jul-2023 17:06:04","2023-07-16 17:06:04","16-Jul-2023 17:06:13","00:00:09","https://nsearchives.nseindia.com/corporate/INDIGO_16072023170604_INDIGO.pdf"
"INDIGO","InterGlobe Aviation Limited","Certificate under SEBI (Depositories and Participants) Regulations, 2018","InterGlobe Aviation Limited has informed the Exchange about Certificate under SEBI (Depositories and Participants) Regulations, 2018","12-Jul-2023 17:35:49","2023-07-12 17:35:49","12-Jul-2023 17:36:00","00:00:11","https://nsearchives.nseindia.com/corporate/INDIGO_12072023173549_INDIGO7411072023.pdf"
"INDIGO","InterGlobe Aviation Limited","Trading Window","InterGlobe Aviation Limited has informed the Exchange regarding the Trading Window closure pursuant to SEBI (Prohibition of Insider Trading) Regulations, 2015","22-Jun-2023 12:33:02","2023-06-22 12:33:02","22-Jun-2023 12:33:07","00:00:05","https://nsearchives.nseindia.com/corporate/INDIGO_22062023123302_SignClosure_of_Trading_Window_22June2023.pdf"
"INDIGO","InterGlobe Aviation Limited","Press Release","In compliance with Regulation 30 of the SEBI (Listing Obligations and Disclosure Requirements) Regulations, 2015, please find enclosed copy of a Press Release    IndiGo orders 500 Airbus A320 Family aircraft , to be released by the Company.This is for your information and record.","19-Jun-2023 19:20:56","2023-06-19 19:20:56","19-Jun-2023 19:21:00","00:00:04","https://nsearchives.nseindia.com/corporate/INDIGO_19062023192056_SE_Disclosure_Press_Release_19062023.pdf"
"INDIGO","InterGlobe Aviation Limited","News Verification","The Exchange has sought clarification from InterGlobe Aviation Limited with respect to recent news item captioned IndiGo co-founder's family likely to sell stake worth up to $909.6 mn.  The response from the Company is attached.","14-Jun-2023 10:19:17","2023-06-14 10:19:17","14-Jun-2023 10:19:22","00:00:05","https://nsearchives.nseindia.com/corporate/INDIGO_14062023101917_Sign_ReplytoClarifactionsoughtbyNSE.pdf"
"INDIGO","InterGlobe Aviation Limited","News Verification","The Exchange has sought clarification from InterGlobe Aviation Limited with respect to recent news item captioned IndiGo co-founder's family likely to sell stake worth up to $909.6 mn.  The response from the Company is awaited.","12-Jun-2023 16:02:27","2023-06-12 16:02:27","12-Jun-2023 16:02:32","00:00:05","-"
"INDIGO","InterGlobe Aviation Limited","Annual Secretarial Compliance Report","Pursuant to Regulation 24A of the SEBI (Listing Obligations and Disclosure Requirements)Regulations, 2015 read with circular no. CIR/CFD/CMDl/27/2019 dated February 8, 2019 andNSE/CML/ 2023/30 dated April 10, 2023, please find enclosed herewith the Annual SecretarialCompliance Report issued by Sanjay Grover & Associates, Practicing Company Secretariesfor the Financial Year ended March 31, 2023.This is for your information and record.","30-May-2023 21:51:01","2023-05-30 21:51:01","30-May-2023 21:51:13","00:00:12","https://nsearchives.nseindia.com/corporate/INDIGO_30052023215101_AnnualSecretarialComplianceReport_31March2023.pdf"
"INDIGO","InterGlobe Aviation Limited","Disclosure under SEBI Takeover Regulations","InterGlobe Enterprises Private Limited has Submitted to the Exchange a copy of Disclosure under Regulation 31(4) of the Securities and Exchange Board of India (Substantial Acquisition of Shares and Takeovers) Regulations, 2011.","22-May-2023 17:26:50","2023-05-22 17:26:50","22-May-2023 17:26:56","00:00:06","https://nsearchives.nseindia.com/corporate/INDIGO_22052023172650_IGE.pdf"
"INDIGO","InterGlobe Aviation Limited","Copy of Newspaper Publication","InterGlobe Aviation Limited has informed the Exchange about Copy of Newspaper Publication","19-May-2023 16:10:26","2023-05-19 16:10:26","19-May-2023 16:10:31","00:00:05","https://nsearchives.nseindia.com/corporate/INDIGO_19052023161026_Sign_NewspaperAdv_31March2023.pdf"
"INDIGO","InterGlobe Aviation Limited","Related Party Transactions","InterGlobe Aviation Limited has informed the Exchange about related Party Transactions","18-May-2023 18:28:29","2023-05-18 18:28:29","18-May-2023 18:28:36","00:00:07","https://nsearchives.nseindia.com/corporate/INDIGO_18052023182829_INDIGODisclosureRPT18May23.pdf"
"INDIGO","InterGlobe Aviation Limited","Press Release","InterGlobe Aviation Limited has informed the Exchange regarding a press release dated May 18, 2023, titled ""Disclosure under Regulation 30 - Press Release"".","18-May-2023 15:55:23","2023-05-18 15:55:23","18-May-2023 15:55:33","00:00:10","https://nsearchives.nseindia.com/corporate/INDIGO_18052023155523_INDIGOReg30PressReleasesigned.pdf"
"INDIGO","InterGlobe Aviation Limited","Investor Presentation","InterGlobe Aviation Limited has informed the Exchange about Investor Presentation","18-May-2023 15:53:03","2023-05-18 15:53:03","18-May-2023 15:53:08","00:00:05","https://nsearchives.nseindia.com/corporate/INDIGO_18052023155303_INDIGOReg30Investorpresentationsigned.pdf"
"INDIGO","InterGlobe Aviation Limited","Financial Result Updates","InterGlobe Aviation Limited has submitted to the Exchange, the financial results for the period ended March 31, 2023.","18-May-2023 15:51:06","2023-05-18 15:51:06","18-May-2023 15:51:09","00:00:03","https://nsearchives.nseindia.com/corporate/INDIGOFinancialResultsQ4FY23FINALSIGNED_18052023155106.pdf"
"INDIGO","InterGlobe Aviation Limited","Certificate under SEBI (Depositories and Participants) Regulations, 2018","InterGlobe Aviation Limited has informed the Exchange about Certificate under SEBI (Depositories and Participants) Regulations, 2018","10-Apr-2023 12:07:17","2023-04-10 12:07:17","10-Apr-2023 12:07:23","00:00:06","https://nsearchives.nseindia.com/corporate/INDIGO_10042023120717_INDIGOReg745signed.pdf"
"INDIGO","InterGlobe Aviation Limited","ESOP/ESOS/ESPS","InterGlobe Aviation Limited has informed the Exchange regarding Grant of 129134  Performance stock Units","01-Apr-2023 21:42:45","2023-04-01 21:42:45","01-Apr-2023 21:42:49","00:00:04","https://nsearchives.nseindia.com/corporate/INDIGO_01042023214245_INDIGOREG30grantofPSUs.pdf"
"INDIGO","InterGlobe Aviation Limited","ESOP/ESOS/ESPS","InterGlobe Aviation Limited has informed the Exchange regarding Grant of 67150 Performance stock units","24-Mar-2023 19:51:26","2023-03-24 19:51:26","24-Mar-2023 19:51:28","00:00:02","https://nsearchives.nseindia.com/corporate/INDIGO_24032023195126_INDIGOREG30grantofPSUsd.pdf"
"INDIGO","InterGlobe Aviation Limited","Trading Window","InterGlobe Aviation Limited has informed the Exchange regarding the Trading Window closure pursuant to SEBI (Prohibition of Insider Trading) Regulations, 2015","23-Mar-2023 18:08:40","2023-03-23 18:08:40","23-Mar-2023 18:08:44","00:00:04","https://nsearchives.nseindia.com/corporate/INDIGO_23032023180840_SignClosure_of_Trading_Window_25March2023.pdf"
"INDIGO","InterGlobe Aviation Limited","Analysts/Institutional Investor Meet/Con. Call Updates","InterGlobe Aviation Limited has informed the Exchange about Presentation","23-Mar-2023 16:53:10","2023-03-23 16:53:10","23-Mar-2023 16:53:15","00:00:05","https://nsearchives.nseindia.com/corporate/INDIGO_23032023165310_SignAnalyst_Meet_Outcome_23March2023.pdf"
"INDIGO","InterGlobe Aviation Limited","Credit Rating","InterGlobe Aviation Limited has informed the Exchange about Credit Rating","22-Mar-2023 18:07:14","2023-03-22 18:07:14","22-Mar-2023 18:07:17","00:00:03","https://nsearchives.nseindia.com/corporate/INDIGO_22032023180714_Reg30creditrating.pdf"
"INDIGO","InterGlobe Aviation Limited","Analysts/Institutional Investor Meet/Con. Call Updates","InterGlobe Aviation Limited has informed the Exchange about Schedule of meet","21-Mar-2023 16:50:05","2023-03-21 16:50:05","21-Mar-2023 16:50:08","00:00:03","https://nsearchives.nseindia.com/corporate/INDIGO_21032023165005_Intimation_of_Analyst_Meet_on_March_23_2023.pdf"
"INDIGO","InterGlobe Aviation Limited","Allotment of Securities","InterGlobe Aviation Limited has informed the Exchange regarding allotment of 72311 securities pursuant to ESOP/ESPS at its meeting held on February 02, 2023","08-Feb-2023 15:40:10","2023-02-08 15:40:10","08-Feb-2023 15:40:14","00:00:04","https://nsearchives.nseindia.com/corporate/INDIGO_08022023154010_INDIGOReg3008022023.pdf"
"INDIGO","InterGlobe Aviation Limited","Copy of Newspaper Publication","InterGlobe Aviation Limited has informed the Exchange about Copy of Newspaper Publication","05-Feb-2023 11:38:00","2023-02-05 11:38:00","05-Feb-2023 11:38:08","00:00:08","https://nsearchives.nseindia.com/corporate/INDIGO_05022023113800_Disclosure_under_Reg_47_and_30_Newspaper_Advertisement_signed.pdf"
"INDIGO","InterGlobe Aviation Limited","Investor Presentation","InterGlobe Aviation Limited has informed the Exchange about Investor Presentation","03-Feb-2023 16:12:52","2023-02-03 16:12:52","03-Feb-2023 16:12:54","00:00:02","https://nsearchives.nseindia.com/corporate/INDIGO_03022023161252_INDIGOInvPresentation03022023.pdf"
"INDIGO","InterGlobe Aviation Limited","Press Release","InterGlobe Aviation Limited has informed the Exchange regarding a press release dated February 03, 2023, titled ""Press Release"".","03-Feb-2023 16:11:59","2023-02-03 16:11:59","03-Feb-2023 16:12:03","00:00:04","https://nsearchives.nseindia.com/corporate/INDIGO_03022023161159_INDIGOPressRelease03022023.pdf"
"INDIGO","InterGlobe Aviation Limited","Financial Result Updates","InterGlobe Aviation Limited has submitted to the Exchange, the financial results for the period ended December 31, 2022.","03-Feb-2023 16:09:56","2023-02-03 16:09:56","03-Feb-2023 16:10:04","00:00:08","https://nsearchives.nseindia.com/corporate/FinancialResultsQ3FY23SIGNED_03022023160956.pdf"
"INDIGO","InterGlobe Aviation Limited","Updates","InterGlobe Aviation Limited has informed the Exchange regarding ''.","02-Feb-2023 19:10:47","2023-02-02 19:10:47","02-Feb-2023 19:10:50","00:00:03","https://nsearchives.nseindia.com/corporate/INDIGO_02022023191047_INDIGOStockexchange78158options.pdf"
"INDIGO","InterGlobe Aviation Limited","Certificate under SEBI (Depositories and Participants) Regulations, 2018","InterGlobe Aviation Limited has informed the Exchange about Certificate under SEBI (Depositories and Participants) Regulations, 2018","04-Jan-2023 15:27:05","2023-01-04 15:27:05","04-Jan-2023 15:27:11","00:00:06","https://nsearchives.nseindia.com/corporate/INDIGO_04012023152705_31Dec22_Compliance_Certificate_Reg_74_5_.pdf"
"INDIGO","InterGlobe Aviation Limited","Trading Window","InterGlobe Aviation Limited has informed the Exchange regarding the Trading Window closure pursuant to SEBI (Prohibition of Insider Trading) Regulations, 2015","23-Dec-2022 15:02:21","2022-12-23 15:02:21","23-Dec-2022 15:02:28","00:00:07","https://nsearchives.nseindia.com/corporate/INDIGO_23122022150221_ClosureofTradingWindow31December2022.pdf"
"INDIGO","InterGlobe Aviation Limited","General updates","InterGlobe Aviation Limited has informed the Exchange about Allotment of shares pursuant to ESOS Scheme","06-Dec-2022 18:14:51","2022-12-06 18:14:51","06-Dec-2022 18:14:56","00:00:05","https://nsearchives.nseindia.com/corporate/INDIGO_06122022181451_DisclosureunderReg.30AllotmentofESOSsd.pdf"
"INDIGO","InterGlobe Aviation Limited","Related Party Transaction","Pursuant to the Regulation 23(9) of the SEBI (listing Obligations and Disclosure Requirements) Regulations, 2015, we are submitting herewith the disclosure of Related Party Transactions for the half year ended September 30, 2022.","18-Nov-2022 14:15:21","2022-11-18 14:15:21","18-Nov-2022 14:15:26","00:00:05","https://nsearchives.nseindia.com/corporate/INDIGO_18112022141521_RPTDisclosure30092022.pdf"
"INDIGO","InterGlobe Aviation Limited","Newspaper Advertisements","InterGlobe Aviation Limited has informed the Exchange about Newspaper Advertisements","05-Nov-2022 21:28:21","2022-11-05 21:28:21","05-Nov-2022 21:28:26","00:00:05","https://nsearchives.nseindia.com/corporate/INDIGO_05112022212821_DisclosureunderReg47and30NewspaperAdvertisement05112022.pdf"
"INDIGO","InterGlobe Aviation Limited","Investor Presentation","InterGlobe Aviation Limited has informed the Exchange about Investor Presentation","04-Nov-2022 16:25:36","2022-11-04 16:25:36","04-Nov-2022 16:25:39","00:00:03","https://nsearchives.nseindia.com/corporate/INDIGO_04112022162536_INDIGOINVPRE30092022.pdf"
"INDIGO","InterGlobe Aviation Limited","Press Release","InterGlobe Aviation Limited has informed the Exchange about press release dated 04-Nov-2022 titled Press Release on the unaudited financial results for the quarter and half year ended September 30, 2022","04-Nov-2022 16:25:00","2022-11-04 16:25:00","04-Nov-2022 16:25:07","00:00:07","https://nsearchives.nseindia.com/corporate/INDIGO_04112022162500_INDIGOPRESSSREL30092022.pdf"
"INDIGO","InterGlobe Aviation Limited","Outcome of Board Meeting","InterGlobe Aviation Limited  has informed the Exchange about Board Meeting held on 04-Nov-2022 to consider financial statements for the period ended September 2022","04-Nov-2022 16:22:57","2022-11-04 16:22:57","04-Nov-2022 16:23:00","00:00:03","https://nsearchives.nseindia.com/corporate/INDIGO_04112022162257_DraftFinancialResults_Q2FY23_SIGNED.pdf"
"INDIGO","InterGlobe Aviation Limited","General updates","InterGlobe Aviation Limited has informed the Exchange about Certificate pursuant to Reg. 74(5) of the SEBI (Depositories and Participants) Regulations, 2018 for the quarter ended September 30, 2022","10-Oct-2022 15:13:45","2022-10-10 15:13:45","10-Oct-2022 15:13:54","00:00:09","https://nsearchives.nseindia.com/corporate/INDIGO_10102022151345_Regulation745Sep30,2022.pdf"
"INDIGO","InterGlobe Aviation Limited","General updates","InterGlobe Aviation Limited has informed the Exchange about Grant of Stock Options to an eligible employee","08-Oct-2022 19:01:24","2022-10-08 19:01:24","08-Oct-2022 19:01:26","00:00:02","https://nsearchives.nseindia.com/corporate/INDIGO_08102022190124_INDIGOreg30grantofOptions08102022.pdf"
"INDIGO","InterGlobe Aviation Limited","Cessation","Further to our letter dated May 18, 2022, we wish to inform you that Mr. Aonojoy Dutta has stepped down as the Whole-Time Director and Chief Executive Officer of the Companywith effect from September 30, 2022.You are requested to take note of the above.","01-Oct-2022 15:48:27","2022-10-01 15:48:27","01-Oct-2022 15:48:30","00:00:03","https://nsearchives.nseindia.com/corporate/INDIGO_01102022154827_DiscregardingChangeinDirectorate11022.pdf"
"INDIGO","InterGlobe Aviation Limited","Postal Ballot","InterGlobe Aviation Limited has informed the Exchange about Voting results and  Scrutinizer report of Postal Ballot","30-Sep-2022 18:20:20","2022-09-30 18:20:20","30-Sep-2022 18:20:33","00:00:13","https://nsearchives.nseindia.com/corporate/INDIGO_30092022182020_Reg44_RonoPostalBallotReults_30092022.pdf"
"INDIGO","InterGlobe Aviation Limited","Closure of trading window","In compliance with the SEBI (Prohibition of Insider Trading) Regulations, 2015 read with the InterGlobe Aviation Limited - Code of Conduct to Regulate, Monitor and Report Trading by Designated Persons, we hereby inform you that the trading window for trading in securities of the Company by the Designated Persons will be closed with effect from September 23, 2022.  In the absence of unusual developments, the trading window will reopen 48 hours after the announcement of the financial results of the Company for the quarter and half year ended September 30, 2022.","22-Sep-2022 20:20:48","2022-09-22 20:20:48","22-Sep-2022 20:20:51","00:00:03","https://nsearchives.nseindia.com/corporate/INDIGO_22092022202048_IndiGo.pdf"
"INDIGO","InterGlobe Aviation Limited","Reply to Clarification Sought","The Exchange had sought clarification from InterGlobe Aviation Limited with respect to announcement dated 06-09-2022 regarding Appointment.On the basis of aforesaid disclosure, the Listed entity was required to clarify the following:1. Brief profile (in case of appointment)The response of the company is attached.","14-Sep-2022 17:47:54","2022-09-14 17:47:54","14-Sep-2022 17:47:59","00:00:05","https://nsearchives.nseindia.com/corporate/INDIGO_14092022174754_ClarificationunderReg30.pdf"
"INDIGO","InterGlobe Aviation Limited","Clarification","The Exchange has sought clarification from InterGlobe Aviation Limited with respect to announcement dated 06-Sep-2022 informing about Appointment.On the basis of aforesaid announcement, the Company is required to provide/clarify the following: 1. Brief profile (in case of appointment) The response of the company is awaited.","12-Sep-2022 13:05:10","2022-09-12 13:05:10","12-Sep-2022 13:05:39","00:00:29","-"
"INDIGO","InterGlobe Aviation Limited","Appointment","InterGlobe Aviation Limited  has informed the Exchange about appointment of Petrus Johannes Theodorus Elbers as Chief Executive Officer of the company w.e.f. 06-Sep-2022","06-Sep-2022 17:00:12","2022-09-06 17:00:12","06-Sep-2022 17:00:35","00:00:23","https://nsearchives.nseindia.com/corporate/INDIGO_06092022170011_SELetterregardingPetrusjoiningon69signed.pdf"
"INDIGO","InterGlobe Aviation Limited","Clarification- Financial Results","The Exchange has sought clarification from InterGlobe Aviation Limited with respect to Financial Results dated 03-Aug-2022 for the period Jun, 2022On the basis of aforesaid disclosure, the Listed entity is required to clarify the following:Standalone & Consolidated: Audit Report or Limited Review - UDIN missingThe response of the company is awaited   ","02-Sep-2022 14:45:18","2022-09-02 14:45:18","02-Sep-2022 14:45:27","00:00:09","-"
"INDIGO","InterGlobe Aviation Limited","Newspaper Advertisements","InterGlobe Aviation Limited has informed the Exchange about Newspaper Advertisements","31-Aug-2022 16:22:39","2022-08-31 16:22:39","31-Aug-2022 16:22:44","00:00:05","https://nsearchives.nseindia.com/corporate/INDIGO_31082022162239_Reg30and47Copiesofnewspaperadvertisment.pdf"
"INDIGO","InterGlobe Aviation Limited","Postal Ballot","InterGlobe Aviation Limited has informed the Exchange about Notice of Postal Ballot","30-Aug-2022 19:22:21","2022-08-30 19:22:21","30-Aug-2022 19:22:25","00:00:04","https://nsearchives.nseindia.com/corporate/INDIGO_30082022192221_INDIGOREG30Postalballotnotice30082022.pdf"
"INDIGO","InterGlobe Aviation Limited","Appointment","InterGlobe Aviation Limited  has informed the Exchange about appointment of Meleveetil Damodaran as Non Executive - Non Independent Director of the company w.e.f. 26-Aug-2022","26-Aug-2022 22:52:39","2022-08-26 22:52:39","26-Aug-2022 22:52:42","00:00:03","https://nsearchives.nseindia.com/corporate/INDIGO_26082022225239_Regulation30AppointmentofDirectors.pdf"
"INDIGO","InterGlobe Aviation Limited","Appointment","InterGlobe Aviation Limited  has informed the Exchange about appointment of Birender Singh Dhanoa as Independent Director of the company w.e.f. 27-May-2022","26-Aug-2022 22:51:36","2022-08-26 22:51:36","26-Aug-2022 22:51:39","00:00:03","https://nsearchives.nseindia.com/corporate/INDIGO_26082022225136_Regulation30AppointmentofDirectors.pdf"
"INDIGO","InterGlobe Aviation Limited","Appointment","InterGlobe Aviation Limited  has informed the Exchange about appointment of Vikram SIngh Mehta as Independent Director of the company w.e.f. 27-May-2022","26-Aug-2022 22:50:36","2022-08-26 22:50:36","26-Aug-2022 22:50:39","00:00:03","https://nsearchives.nseindia.com/corporate/INDIGO_26082022225036_Regulation30AppointmentofDirectors.pdf"
"INDIGO","InterGlobe Aviation Limited","Annual General Meeting","InterGlobe Aviation Limited has informed the Exchange about  Proceedings of Annual General Meeting held on 26-Aug-2022","26-Aug-2022 22:48:00","2022-08-26 22:48:00","26-Aug-2022 22:48:04","00:00:04","https://nsearchives.nseindia.com/corporate/INDIGO_26082022224800_Regulation30ProceedingsofAGM.pdf"
"INDIGO","InterGlobe Aviation Limited","Annual General Meeting","InterGlobe Aviation Limited has informed the Exchange about  Scrutinizer report of Annual General Meeting held on 26-Aug-2022","26-Aug-2022 22:45:33","2022-08-26 22:45:33","26-Aug-2022 22:45:35","00:00:02","https://nsearchives.nseindia.com/corporate/INDIGO_26082022224533_INDIGOScrtReportAGM.pdf"
"INDIGO","InterGlobe Aviation Limited","Annual General Meeting","InterGlobe Aviation Limited has informed the Exchange about Voting results of Annual General Meeting held on 26-Aug-2022","26-Aug-2022 21:00:36","2022-08-26 21:00:36","26-Aug-2022 21:00:40","00:00:04","https://nsearchives.nseindia.com/corporate/INDIGO_26082022210036_REG44INDIGO26082022.pdf"
"INDIGO","InterGlobe Aviation Limited","ESOP/ESPS/SBEB Scheme","InterGlobe Aviation Limited has informed the Exchange about ESOP/ESPS/SBEB Scheme","16-Aug-2022 21:57:27","2022-08-16 21:57:27","16-Aug-2022 21:57:30","00:00:03","https://nsearchives.nseindia.com/corporate/INDIGO_16082022215727_DisclosureunderRegulation30ofSEBILODRRegulationsAllotmentofESOS.pdf"
"INDIGO","InterGlobe Aviation Limited","General updates","InterGlobe Aviation Limited has informed the Exchange about Intimation about UDIN generated by Statutory Auditors","08-Aug-2022 22:00:45","2022-08-08 22:00:45","08-Aug-2022 22:00:50","00:00:05","https://nsearchives.nseindia.com/corporate/INDIGO_08082022220045_INDIGOUDIN.pdf"
"INDIGO","InterGlobe Aviation Limited","Investor Presentation","InterGlobe Aviation Limited has informed the Exchange about Investor Presentation","03-Aug-2022 15:55:33","2022-08-03 15:55:33","03-Aug-2022 15:55:37","00:00:04","https://nsearchives.nseindia.com/corporate/INDIGO_03082022155533_INDIGOINVPRES03082022.pdf"
"INDIGO","InterGlobe Aviation Limited","Press Release","InterGlobe Aviation Limited has informed the Exchange about press release dated 03-Aug-2022 titled Press Release","03-Aug-2022 15:54:48","2022-08-03 15:54:48","03-Aug-2022 15:54:50","00:00:02","https://nsearchives.nseindia.com/corporate/INDIGO_03082022155448_INDIGOPRESSRELEASE03082022.pdf"
"INDIGO","InterGlobe Aviation Limited","Outcome of Board Meeting","InterGlobe Aviation Limited  has informed the Exchange about Board Meeting held on 03-Aug-2022 to consider financial statements for the period ended June 2022","03-Aug-2022 15:53:30","2022-08-03 15:53:30","03-Aug-2022 15:53:32","00:00:02","https://nsearchives.nseindia.com/corporate/INDIGO_03082022155330_FinancialResults_Q1FY23_SIGNED.pdf"
"INDIGO","InterGlobe Aviation Limited","Newspaper Advertisements","InterGlobe Aviation Limited has informed the Exchange about Newspaper Advertisements","01-Aug-2022 20:44:21","2022-08-01 20:44:21","01-Aug-2022 20:44:24","00:00:03","https://nsearchives.nseindia.com/corporate/INDIGO_01082022204421_INDIGO01082022.pdf"
"INDIGO","InterGlobe Aviation Limited","Record Date","InterGlobe Aviation Limited has informed the Exchange that Record date for the purpose of Meeting  is 19-Aug-2022.","29-Jul-2022 21:20:09","2022-07-29 21:20:09","29-Jul-2022 21:20:13","00:00:04","https://nsearchives.nseindia.com/corporate/INDIGO_29072022212009_07_IntimationBookClosure_AGM_29July2022.pdf"
"INDIGO","InterGlobe Aviation Limited","Book Closure","InterGlobe Aviation Limited has informed the Exchange that Register of Members & Share Transfer Books of the Company will remain closed from 20-Aug-2022 to 26-Aug-2022 for the purpose of Meeting.","29-Jul-2022 21:19:03","2022-07-29 21:19:03","29-Jul-2022 21:19:05","00:00:02","https://nsearchives.nseindia.com/corporate/INDIGO_29072022211903_07_IntimationBookClosure_AGM_29July2022.pdf"
"INDIGO","InterGlobe Aviation Limited","Newspaper Advertisements","InterGlobe Aviation Limited has informed the Exchange about Newspaper Advertisements","29-Jul-2022 17:42:24","2022-07-29 17:42:24","29-Jul-2022 17:42:26","00:00:02","https://nsearchives.nseindia.com/corporate/INDIGO_29072022174224_INDIGOpredespatchnewspaper.pdf"
"INDIGO","InterGlobe Aviation Limited","Closure of trading window","InterGlobe Aviation Limited has informed the Exchange about Closure of trading window","26-Jul-2022 18:37:03","2022-07-26 18:37:03","26-Jul-2022 18:37:07","00:00:04","https://nsearchives.nseindia.com/corporate/INDIGO_26072022183703_INDIGOBM03082022.pdf"
"INDIGO","InterGlobe Aviation Limited","General updates","InterGlobe Aviation Limited has informed the Exchange about Certificate pursuant to Reg 74(5) of SEBI (Depositories and Participants) Regulations 2018 for the quarter ended on June 30, 2022","18-Jul-2022 18:07:00","2022-07-18 18:07:00","18-Jul-2022 18:07:02","00:00:02","https://nsearchives.nseindia.com/corporate/INDIGO_18072022180700_Certificateunder745.pdf"
"INDIGO","InterGlobe Aviation Limited","Appointment","InterGlobe Aviation Limited  has informed the Exchange about appointment of Meleveetil Damodaran as Non Executive - Non Independent Director of the company w.e.f. 16-Jul-2022","16-Jul-2022 18:20:18","2022-07-16 18:20:18","16-Jul-2022 18:20:20","00:00:02","https://nsearchives.nseindia.com/corporate/INDIGO_16072022182018_DisclosureunderReg30AppointmentofMDamodaran16072022.pdf"
"INDIGO","InterGlobe Aviation Limited","Resignation","InterGlobe Aviation Limited  has informed the Exchange about resignation of Rohini Bhatia as Non Executive - Non Independent Director of the company w.e.f. 11-Jul-2022","08-Jul-2022 16:31:39","2022-07-08 16:31:39","08-Jul-2022 16:31:44","00:00:05","https://nsearchives.nseindia.com/corporate/INDIGO_08072022163139_INDIGO08072022.pdf"
"INDIGO","InterGlobe Aviation Limited","Related Party Transaction","InterGlobe Aviation Limited has informed the Exchange about related party transaction for the period ended March 2022","09-Jun-2022 18:08:31","2022-06-09 18:08:31","09-Jun-2022 18:08:36","00:00:05","https://nsearchives.nseindia.com/corporate/INDIGO_09062022180831_INDIGORPTDISCLOSUREMARCH312022.pdf"
"INDIGO","InterGlobe Aviation Limited","Appointment","InterGlobe Aviation Limited  has informed the Exchange about appointment of Air Chief Marshal (Retd.) Birender Singh Dhanoa as Independent Director of the company w.e.f. 27-May-2022","27-May-2022 21:56:06","2022-05-27 21:56:06","27-May-2022 21:56:13","00:00:07","https://nsearchives.nseindia.com/corporate/INDIGO_27052022215556_INDIGOREG3027052022sd.pdf"
"INDIGO","InterGlobe Aviation Limited","Appointment","InterGlobe Aviation Limited  has informed the Exchange about appointment of Vikram Singh Mehta as Independent Director of the company w.e.f. 27-May-2022","27-May-2022 21:54:37","2022-05-27 21:54:37","27-May-2022 21:54:40","00:00:03","https://nsearchives.nseindia.com/corporate/INDIGO_27052022215432_INDIGOREG3027052022sd.pdf"
"INDIGO","InterGlobe Aviation Limited","Newspaper Advertisements","In compliance with Regulation 47 read with Regulation 30 of the SEBI LODR Regulations, please find enclosed the copies of newspaper advertisements relating to audited standalone and consolidated financial results of the Company for thequarter and financial year ended March 31, 2022, published in Financial Express (English) - all editions and Jansatta (Hindi) - Delhi edition on May 26, 2022.This is for your information and record.","26-May-2022 21:55:34","2022-05-26 21:55:34","26-May-2022 21:55:37","00:00:03","https://nsearchives.nseindia.com/corporate/INDIGO_26052022215530_INDIGOReg30Reg47.pdf"
"INDIGO","InterGlobe Aviation Limited","Investor Presentation","InterGlobe Aviation Limited has informed the Exchange about Investor Presentation","25-May-2022 16:22:50","2022-05-25 16:22:50","25-May-2022 16:22:53","00:00:03","https://nsearchives.nseindia.com/corporate/INDIGO_25052022162244_INDIGOReg30Investorpresentation25052022.pdf"
"INDIGO","InterGlobe Aviation Limited","Outcome of Board Meeting","InterGlobe Aviation Limited  has informed the Exchange about Board Meeting held on 25-May-2022 to consider financial statements for the period ended March 2022","25-May-2022 16:21:49","2022-05-25 16:21:49","25-May-2022 16:21:54","00:00:05","https://nsearchives.nseindia.com/corporate/INDIGO_25052022162144_FINAL_FinancialResults_Q4FY22.pdf"
"INDIGO","InterGlobe Aviation Limited","Press Release","InterGlobe Aviation Limited has informed the Exchange about press release dated 25-May-2022 titled Press Release For the quarter ended March 2022","25-May-2022 16:20:01","2022-05-25 16:20:01","25-May-2022 16:20:09","00:00:08","https://nsearchives.nseindia.com/corporate/INDIGO_25052022161955_INDIGOReg30PressRelease25052022.pdf"
"INDIGO","InterGlobe Aviation Limited","Financial Result Updates","InterGlobe Aviation Limited has submitted to the Exchange, the financial results for the period ended March 31, 2022.","25-May-2022 16:13:48","2022-05-25 16:13:48","25-May-2022 16:15:04","00:01:16","https://nsearchives.nseindia.com/corporate/INDIGOFR_25052022161348.pdf"
"INDIGO","InterGlobe Aviation Limited","General updates","In compliance with Regulation 30 and other applicable regulations of the SEBI LODR Regulations, we hereby inform that the Nomination and Remuneration Committee has granted 57,800 stock options (���Options���) to certain eligible employees of the Company, under InterGlobe Aviation Limited - Employees Stock Option Scheme 2015. The details as required, under the SEBI LODR Regulations read with SEBI Circular CIR/CFD/CMD/4/2015 dated September 9, 2015, are attached as Annexure I to this letter.This is for your information and record.","23-May-2022 14:33:53","2022-05-23 14:33:53","23-May-2022 14:33:58","00:00:05","https://nsearchives.nseindia.com/corporate/INDIGO_23052022143345_Reg.30GrantofStockOptions.pdf"
"INDIGO","InterGlobe Aviation Limited","Resignation","InterGlobe Aviation Limited  has informed the Exchange about resignation of Ronojoy Dutta as Whole Time Director and Chief Executive Officer of the company w.e.f. 30-Sep-2022","18-May-2022 16:01:03","2022-05-18 16:01:03","18-May-2022 16:01:08","00:00:05","https://nsearchives.nseindia.com/corporate/INDIGO_18052022160100_INDIGOREG3018052022.pdf"
"INDIGO","InterGlobe Aviation Limited","Appointment","In compliance with Regulation 30 of the SEBI LODR Regulations, this is to inform you that the Board of Directors of the Company, at its meeting held today, May 18, 2022, has approved the appointment of Mr. Pieter Elbers as the Chief Executive Officer and as a Whole Time Director of the Company, subject to necessary regulatory and Shareholders��� approvals. His appointment as the Chief Executive Officer is expected to be effective from October 01, 2022.","18-May-2022 15:58:49","2022-05-18 15:58:49","18-May-2022 15:58:54","00:00:05","https://nsearchives.nseindia.com/corporate/INDIGO_18052022155846_INDIGOREG3018052022.pdf"
"INDIGO","InterGlobe Aviation Limited","Appointment","InterGlobe Aviation Limited  has informed the Exchange about appointment of Venkataramani Sumantran as Chairperson of the company w.e.f. 04-May-2022","04-May-2022 11:37:03","2022-05-04 11:37:03","04-May-2022 11:37:07","00:00:04","https://nsearchives.nseindia.com/corporate/INDIGO_04052022113655_SELetterMay4,2022.pdf"
"INDIGO","InterGlobe Aviation Limited","Retirement","InterGlobe Aviation Limited  has informed the Exchange about retirement of Meleveetil Damodaran as Independent Director of the company w.e.f. 04-May-2022","04-May-2022 11:33:28","2022-05-04 11:33:28","04-May-2022 11:33:33","00:00:05","https://nsearchives.nseindia.com/corporate/INDIGO_04052022113327_SELetterMay4,2022.pdf"
"INDIGO","InterGlobe Aviation Limited","General updates","InterGlobe Aviation Limited has informed the Exchange about Certificate pursuant to Regulation 74(5) of the SE81 (Depositories and Participants) Regulations, 2018 for the quarter ended March 31, 2022","15-Apr-2022 19:48:33","2022-04-15 19:48:33","15-Apr-2022 19:48:37","00:00:04","https://nsearchives.nseindia.com/corporate/INDIGO_15042022194826_INDIGOReg7415042022.pdf"
"INDIGO","InterGlobe Aviation Limited","Press Release","InterGlobe Aviation Limited has informed the Exchange about press release dated 15-Apr-2022 titled IndiGo appoints Vikram Singh Mehta and Air Chief Marshal B.S. Dhanoa (Retd.) as Independent Non-Executive Directors","15-Apr-2022 19:21:58","2022-04-15 19:21:58","15-Apr-2022 19:22:03","00:00:05","https://nsearchives.nseindia.com/corporate/INDIGO_15042022192154_INIDGOReg3015042022.pdf"
"INDIGO","InterGlobe Aviation Limited","Disclosure under SEBI Takeover Regulations","Promoter/Promoter Group of InterGlobe Aviation Limited has submitted a disclosure under Regulation 31(4) of SEBI Takeover Regulations for the year ended 31-Mar-2022","07-Apr-2022 15:09:28","2022-04-07 15:09:28","07-Apr-2022 15:09:53","00:00:25","https://nsearchives.nseindia.com/corporate/AN_O07042022150928.xlsx"
"INDIGO","InterGlobe Aviation Limited","Disclosure under SEBI Takeover Regulations","Promoter/Promoter Group of InterGlobe Aviation Limited has submitted a disclosure under Regulation 31(4) of SEBI Takeover Regulations for the year ended 31-Mar-2022","07-Apr-2022 11:42:15","2022-04-07 11:42:15","07-Apr-2022 11:43:24","00:01:09","https://nsearchives.nseindia.com/corporate/AN_O07042022114215.xlsx"
"INDIGO","InterGlobe Aviation Limited","Disclosure under SEBI Takeover Regulations","Promoter/Promoter Group of InterGlobe Aviation Limited has submitted a disclosure under Regulation 31(4) of SEBI Takeover Regulations for the year ended 31-Mar-2022","06-Apr-2022 21:14:49","2022-04-06 21:14:49","06-Apr-2022 21:15:04","00:00:15","https://nsearchives.nseindia.com/corporate/AN_O06042022211449.xlsx"
"INDIGO","InterGlobe Aviation Limited","Disclosure under SEBI Takeover Regulations","Promoter/Promoter Group of InterGlobe Aviation Limited has submitted a disclosure under Regulation 31(4) of SEBI Takeover Regulations for the year ended 31-Mar-2022","06-Apr-2022 21:14:42","2022-04-06 21:14:42","06-Apr-2022 21:14:56","00:00:14","https://nsearchives.nseindia.com/corporate/AN_O06042022211442.xlsx"
"INDIGO","InterGlobe Aviation Limited","Disclosure under SEBI Takeover Regulations","Promoter/Promoter Group of InterGlobe Aviation Limited has submitted a disclosure under Regulation 31(4) of SEBI Takeover Regulations for the year ended 31-Mar-2022","06-Apr-2022 21:14:33","2022-04-06 21:14:33","06-Apr-2022 21:14:45","00:00:12","https://nsearchives.nseindia.com/corporate/AN_O06042022211433.xlsx"
"INDIGO","InterGlobe Aviation Limited","Disclosure under SEBI Takeover Regulations","Promoter/Promoter Group of InterGlobe Aviation Limited has submitted a disclosure under Regulation 31(4) of SEBI Takeover Regulations for the year ended 31-Mar-2022","06-Apr-2022 21:12:49","2022-04-06 21:12:49","06-Apr-2022 21:12:57","00:00:08","https://nsearchives.nseindia.com/corporate/AN_O06042022211249.xlsx"
"INDIGO","InterGlobe Aviation Limited","Disclosure under SEBI Takeover Regulations","Promoter/Promoter Group of InterGlobe Aviation Limited has submitted a disclosure under Regulation 31(4) of SEBI Takeover Regulations for the year ended 31-Mar-2022","06-Apr-2022 18:14:09","2022-04-06 18:14:09","06-Apr-2022 18:14:16","00:00:07","https://nsearchives.nseindia.com/corporate/AN_O06042022181409.xlsx"
"INDIGO","InterGlobe Aviation Limited","Appointment","InterGlobe Aviation Limited  has informed the Exchange about appointment of Gaurav Negi as Chief Financial Officer of the company w.e.f. 29-Mar-2022","29-Mar-2022 16:29:22","2022-03-29 16:29:22","29-Mar-2022 16:29:27","00:00:05","https://nsearchives.nseindia.com/corporate/INDIGO_29032022162917_Reg3029032022.pdf"
"INDIGO","InterGlobe Aviation Limited","Resignation","InterGlobe Aviation Limited  has informed the Exchange about resignation of Jiten Chopra as Chief Financial Officer of the company w.e.f. 28-Mar-2022","29-Mar-2022 16:27:43","2022-03-29 16:27:43","29-Mar-2022 16:27:48","00:00:05","https://nsearchives.nseindia.com/corporate/INDIGO_29032022162739_Reg3029032022.pdf"
"INDIGO","InterGlobe Aviation Limited","Cessation","InterGlobe Aviation Limited  has informed the Exchange about cessation of Anupam Khanna as Independent Director of the company w.e.f. 26-Mar-2022 due to completion of second term ","27-Mar-2022 11:04:24","2022-03-27 11:04:24","27-Mar-2022 11:04:29","00:00:05","https://nsearchives.nseindia.com/corporate/INDIGO_27032022110423_INDIGOREG3027032022.pdf"
"INDIGO","InterGlobe Aviation Limited","Appointment","InterGlobe Aviation Limited  has informed the Exchange about appointment of Rahul Bhatia as Managing Director of the company w.e.f. 04-Feb-2022","19-Mar-2022 18:47:15","2022-03-19 18:47:15","19-Mar-2022 18:47:18","00:00:03","https://nsearchives.nseindia.com/corporate/INDIGO_19032022184712_Reg30ApointmentMD19032022.pdf"
"INDIGO","InterGlobe Aviation Limited","Postal Ballot","InterGlobe Aviation Limited has informed the Exchange about Voting results and  Scrutinizer report of Postal Ballot","19-Mar-2022 18:45:21","2022-03-19 18:45:21","19-Mar-2022 18:45:26","00:00:05","https://nsearchives.nseindia.com/corporate/INDIGO_19032022184520_Reg4419032022.pdf"
"INDIGO","InterGlobe Aviation Limited","General updates","InterGlobe Aviation Limited has informed the Exchange about Allotment of Equity shares We would like to inform you that the Company has allotted 63,817 equity shares of face value of Rs. 10/- each, to those grantees who had exercised their options under the InterGlobe Aviation Limited ��� Employees Stock Option Scheme 2015 in accordance with the terms set out in the scheme. ","28-Feb-2022 17:31:05","2022-02-28 17:31:05","28-Feb-2022 17:31:20","00:00:15","https://nsearchives.nseindia.com/corporate/INDIGO_28022022173105_ESOPallotment28022022.pdf"
"INDIGO","InterGlobe Aviation Limited","Resignation","InterGlobe Aviation Limited has informed the Exchange regarding Resignation of Mr Rakesh Gangwal as Non- Executive Director of the company w.e.f. February 18, 2022.","18-Feb-2022 16:21:34","2022-02-18 16:21:34","18-Feb-2022 16:21:48","00:00:14","https://nsearchives.nseindia.com/corporate/INDIGO_18022022162134_INDIGOREG30sd.pdf"
"INDIGO","InterGlobe Aviation Limited","Copy of Newspaper Publication","InterGlobe Aviation Limited has informed the Exchange about Copy of Newspaper Publication","17-Feb-2022 18:56:22","2022-02-17 18:56:22","17-Feb-2022 18:56:30","00:00:08","https://nsearchives.nseindia.com/corporate/INDIGO_17022022185622_INDIGOReg4730.pdf"
"INDIGO","InterGlobe Aviation Limited","Shareholders meeting","InterGlobe Aviation Limited has informed the Exchange regarding Notice of Postal Ballot","16-Feb-2022 18:09:16","2022-02-16 18:09:16","16-Feb-2022 18:09:21","00:00:05","https://nsearchives.nseindia.com/corporate/INDIGO_16022022180915_INDIGO.pdf"
"INDIGO","InterGlobe Aviation Limited","Copy of Newspaper Publication","InterGlobe Aviation Limited has informed the Exchange about Copy of Newspaper Publication","05-Feb-2022 20:46:23","2022-02-05 20:46:23","05-Feb-2022 20:46:29","00:00:06","https://nsearchives.nseindia.com/corporate/INDIGO_05022022204623_INDIGOReg47and30.pdf"
"INDIGO","InterGlobe Aviation Limited","ESOP/ESOS/ESPS","InterGlobe Aviation Limited has informed the Exchange regarding Grant of 84238  Options.","05-Feb-2022 20:44:27","2022-02-05 20:44:27","05-Feb-2022 20:44:33","00:00:06","https://nsearchives.nseindia.com/corporate/INDIGO_05022022204427_INDIGOgrantofoptions05022022.pdf"
"INDIGO","InterGlobe Aviation Limited","Financial Result Updates","InterGlobe Aviation Limited has submitted to the Exchange, the financial results for the period ended December 31, 2021.","04-Feb-2022 17:59:08","2022-02-04 17:59:08","04-Feb-2022 18:00:26","00:01:18","https://nsearchives.nseindia.com/corporate/INDIGO_04022022175908.pdf"
"INDIGO","InterGlobe Aviation Limited","Outcome of Board Meeting","Pursuant to Regulation 30 of the SEBI LODR Regulations, we hereby inform you that theBoard of Directors of the Company at its meeting held today, i.e., February 4, 2022, hasunanimously approved the appointment of Mr. Rahul Bhatia, Non-Executive Director as theManaging Director of the Company, with effect from February 4, 2022","04-Feb-2022 16:57:35","2022-02-04 16:57:35","04-Feb-2022 16:57:43","00:00:08","https://nsearchives.nseindia.com/corporate/INDIGO_04022022165735_INDIGOMD.pdf"
"INDIGO","InterGlobe Aviation Limited","Press Release","Press Release on the unaudited financial resultsfor the quarter and nine months ended December 31, 2021.","04-Feb-2022 16:51:54","2022-02-04 16:51:54","04-Feb-2022 16:52:12","00:00:18","https://nsearchives.nseindia.com/corporate/INDIGO_04022022165154_INDIGOPR.pdf"
"INDIGO","InterGlobe Aviation Limited","Investor Presentation","InterGlobe Aviation Limited has informed the Exchange about Investor Presentation","04-Feb-2022 16:46:04","2022-02-04 16:46:04","04-Feb-2022 16:46:13","00:00:09","https://nsearchives.nseindia.com/corporate/INDIGO_04022022164604_PRESENTATION.pdf"
"INDIGO","InterGlobe Aviation Limited","Financial Results Updates","The Board of Directors of InterGlobe Aviation limited (""Company"") at its meeting held on Friday,February 4, 2022, has, inter-alia, approved the Unaudited standalone financial results andconsolidated financial results of the Company for the quarter and nine months ended December31, 2021 and have taken on record the limited review thereon","04-Feb-2022 16:42:41","2022-02-04 16:42:41","04-Feb-2022 16:42:47","00:00:06","https://nsearchives.nseindia.com/corporate/INDIGO_04022022164241_INDIGO.pdf"
"INDIGO","InterGlobe Aviation Limited","Outcome of Board Meeting","InterGlobe Aviation Limited has informed the Exchange regarding  Board meeting held on February 04, 2022 approved the Unaudited standalone financial results andconsolidated financial results of the Company for the quarter and nine months ended December31, 2021 and have taken on record the limited review thereon.","04-Feb-2022 16:41:03","2022-02-04 16:41:03","04-Feb-2022 16:41:08","00:00:05","https://nsearchives.nseindia.com/corporate/INDIGO_04022022164103_INDIGO.pdf"
"INDIGO","InterGlobe Aviation Limited","Certificate under SEBI (Depositories and Participants) Regulations, 2018","InterGlobe Aviation Limited has informed the Exchange about Certificate under SEBI (Depositories and Participants) Regulations, 2018","13-Jan-2022 12:27:19","2022-01-13 12:27:19","13-Jan-2022 12:27:26","00:00:07","https://nsearchives.nseindia.com/corporate/INDIGO_13012022122719_INDIGO74_5_12012022.pdf"
"INDIGO","InterGlobe Aviation Limited","ESOP/ESOS/ESPS","InterGlobe Aviation Limited has informed the Exchange regarding Grant of 65000  Options.","12-Jan-2022 19:54:32","2022-01-12 19:54:32","12-Jan-2022 19:54:39","00:00:07","https://nsearchives.nseindia.com/corporate/INDIGO_12012022195432_INDIGOESOS12012022.pdf"
"INDIGO","InterGlobe Aviation Limited","Amendment to AOA/MOA","InterGlobe Aviation Limited has informed the Exchange regarding the Amendment to AOA/MOA of the company.","30-Dec-2021 18:39:24","2021-12-30 18:39:24","30-Dec-2021 18:39:32","00:00:08","https://nsearchives.nseindia.com/corporate/INDIGO_30122021183924_INDIGOReg30AlterationofArticles.pdf"
"INDIGO","InterGlobe Aviation Limited","Shareholders meeting","InterGlobe Aviation Limited has submitted the Exchange a copy Srutinizers report of  Extraordinary General Meeting held on December 30, 2021. Further, the company has informed the Exchange regarding voting results.","30-Dec-2021 18:30:20","2021-12-30 18:30:20","30-Dec-2021 18:30:27","00:00:07","https://nsearchives.nseindia.com/corporate/INDIGO_30122021183019_INDIGOReg44votingresults.pdf"
"INDIGO","InterGlobe Aviation Limited","Shareholders meeting","InterGlobe Aviation Limited has informed the Exchange regarding Proceedings of Extraordinary General Meeting held on December 30, 2021","30-Dec-2021 18:01:00","2021-12-30 18:01:00","30-Dec-2021 18:01:12","00:00:12","https://nsearchives.nseindia.com/corporate/INDIGO_30122021180100_INDIGOReg30Proceedings.pdf"
"INDIGO","InterGlobe Aviation Limited","News Verification","The Exchange has sought clarification from InterGlobe Aviation Limited with respect to recent news item captioned IndiGo announces codeshare agreement with Air France-KLM from February.  The response from the Company is attached.","27-Dec-2021 10:34:00","2021-12-27 10:34:00","27-Dec-2021 10:34:52","00:00:52","https://nsearchives.nseindia.com/corporate/INDIGO_27122021103447_INDIGO_SE_24122021_sd.pdf"
"INDIGO","InterGlobe Aviation Limited","News Verification","The Exchange has sought clarification from InterGlobe Aviation Limited with respect to recent news item captioned IndiGo announces codeshare agreement with Air France-KLM from February.  The response from the Company is awaited.","23-Dec-2021 18:00:00","2021-12-23 18:00:00","23-Dec-2021 18:00:24","00:00:24","-"
"INDIGO","InterGlobe Aviation Limited","ESOP/ESOS/ESPS","InterGlobe Aviation Limited has informed the Exchange regarding Grant of 47000  Options.","20-Dec-2021 19:13:12","2021-12-20 19:13:12","20-Dec-2021 19:13:16","00:00:04","https://nsearchives.nseindia.com/corporate/INDIGO_20122021191312_Reg30INDIGO.pdf"
"INDIGO","InterGlobe Aviation Limited","Copy of Newspaper Publication","In compliance with Regulation 47 read with Regulation 30 of the SEBI LODR Regulations, please find enclosed the copies of newspaper advertisements relating to Notice of an Extraordinary General Meeting to be held through Video Conferencing/ Other Audio-Visual Means, published in Financial Express (English) -all editions and Jansatta (Hindi) - Delhi edition on December 07, 2021.","07-Dec-2021 18:51:56","2021-12-07 18:51:56","07-Dec-2021 18:52:04","00:00:08","https://nsearchives.nseindia.com/corporate/INDIGO_07122021185156_INDIGO.pdf"
"INDIGO","InterGlobe Aviation Limited","Shareholders meeting","InterGlobe Aviation Limited has informed the Exchange regarding Notice of Extraordinary General Meeting to be held on December 30, 2021","06-Dec-2021 18:32:48","2021-12-06 18:32:48","06-Dec-2021 18:32:54","00:00:06","https://nsearchives.nseindia.com/corporate/INDIGO_06122021183248_INDIGO.pdf"
"INDIGO","InterGlobe Aviation Limited","Related Party Transactions","InterGlobe Aviation Limited has submitted disclosure under Regulations 23(9) of the SEBI (Listing Obligations and Disclosure Requirements) Regulations, 2015","25-Nov-2021 20:20:15","2021-11-25 20:20:15","25-Nov-2021 20:20:18","00:00:03","https://nsearchives.nseindia.com/corporate/INDIGO_25112021202015_INDIGO.pdf"
"INDIGO","InterGlobe Aviation Limited","ESOP/ESOS/ESPS","InterGlobe Aviation Limited has informed the Exchange regarding Allotment of 44123  Shares.","23-Nov-2021 17:43:01","2021-11-23 17:43:01","23-Nov-2021 17:43:04","00:00:03","https://nsearchives.nseindia.com/corporate/INDIGO_23112021174301_INDIGO.pdf"
"INDIGO","InterGlobe Aviation Limited","Copy of Newspaper Publication","InterGlobe Aviation Limited has informed the Exchange about Copy of Newspaper Publication","29-Oct-2021 14:36:51","2021-10-29 14:36:51","29-Oct-2021 14:37:01","00:00:10","https://nsearchives.nseindia.com/corporate/INDIGO_29102021143651_INDIGO.pdf"
"INDIGO","InterGlobe Aviation Limited","Financial Result Updates","InterGlobe Aviation Limited has submitted to the Exchange, the financial results for the period ended September 30, 2021.","28-Oct-2021 17:54:55","2021-10-28 17:54:55","28-Oct-2021 17:56:04","00:01:09","https://nsearchives.nseindia.com/corporate/INDIGO_28102021175455.pdf"
"INDIGO","InterGlobe Aviation Limited","Investor Presentation","InterGlobe Aviation Limited has informed the Exchange about Investor Presentation","28-Oct-2021 16:47:36","2021-10-28 16:47:36","28-Oct-2021 16:47:42","00:00:06","https://nsearchives.nseindia.com/corporate/INDIGO_28102021164735_INVESTORPRESENTATIONINDIGO.pdf"
"INDIGO","InterGlobe Aviation Limited","Press Release","InterGlobe Aviation Limited has informed the Exchange regarding a press release dated October 28, 2021 ,","28-Oct-2021 16:47:35","2021-10-28 16:47:35","28-Oct-2021 16:47:41","00:00:06","https://nsearchives.nseindia.com/corporate/INDIGO_28102021164735_PRESSRELEASE.pdf"
"INDIGO","InterGlobe Aviation Limited","Outcome of Board Meeting","InterGlobe Aviation Limited has informed the Exchange regarding  Board meeting held on October 28, 2021.","28-Oct-2021 16:40:51","2021-10-28 16:40:51","28-Oct-2021 16:40:55","00:00:04","https://nsearchives.nseindia.com/corporate/INDIGO_28102021164051_Outcome.pdf"
"INDIGO","InterGlobe Aviation Limited","Certificate under SEBI (Depositories and Participants) Regulations, 2018","InterGlobe Aviation Limited has informed the Exchange about Certificate under SEBI (Depositories and Participants) Regulations, 2018","19-Oct-2021 13:48:10","2021-10-19 13:48:10","19-Oct-2021 13:48:16","00:00:06","https://nsearchives.nseindia.com/corporate/INDIGO_19102021134810_INDIGO.pdf"
"INDIGO","InterGlobe Aviation Limited","Updates","InterGlobe Aviation Limited has informed the Exchange regarding 'Pursuant to Sub-Regulation 3 of Regulation 30 read with clause (8) of para B of Part A of Schedule III of the Listing Regulations and in furtherance of the Company s stock exchange disclosure dated 1 October 2019, we hereby inform you that the Company is in receipt of the final arbitral award dated 23 September 2021 ( Award ) issued in the arbitration proceedings initiated by InterGlobe Enterprises Private Limited ( IGE ) and Mr Rahul Bhatia (collectively, the  IGE Group ) against Mr Rakesh Gangwal, The Chinkerpoo Family Trust and Mrs. Shobha Gangwal (collectively, the  RG Group  and, together with the IGE Group, the  Shareholders ) and the Company. '.","24-Sep-2021 19:46:15","2021-09-24 19:46:15","24-Sep-2021 19:46:20","00:00:05","https://nsearchives.nseindia.com/corporate/INDIGO_24092021194615_INDIGO.pdf"
"INDIGO","InterGlobe Aviation Limited","Allotment of Securities","InterGlobe Aviation Limited has informed the Exchange regarding allotment of 87496 securities pursuant to ESOP/ESPS at its meeting held on September 10, 2021","16-Sep-2021 18:42:04","2021-09-16 18:42:04","16-Sep-2021 18:42:09","00:00:05","https://nsearchives.nseindia.com/corporate/INDIGO_16092021184204_Regulation30AllotmentofESOS16092021.pdf"
"INDIGO","InterGlobe Aviation Limited","Shareholders meeting","InterGlobe Aviation Limited has submitted the Exchange a copy Srutinizers report of  Annual General Meeting held on August 31, 2021. Further, the company has informed the Exchange regarding voting results.","31-Aug-2021 21:39:53","2021-08-31 21:39:53","31-Aug-2021 21:39:57","00:00:04","https://nsearchives.nseindia.com/corporate/INDIGO_31082021213953_reg44scruiniserreportforvotingresults.pdf"
"INDIGO","InterGlobe Aviation Limited","Shareholders meeting","InterGlobe Aviation Limited has informed the Exchange regarding Proceedings of Annual General Meeting held on August 31, 2021","31-Aug-2021 20:46:05","2021-08-31 20:46:05","31-Aug-2021 20:46:11","00:00:06","https://nsearchives.nseindia.com/corporate/INDIGO_31082021204605_Regulation30AGMproceedings.pdf"
"INDIGO","InterGlobe Aviation Limited","Appointment","InterGlobe Aviation Limited has informed the Exchange regarding Appointment of Mr Gregg Albert Saretsky  as Non- Executive Director of the company w.e.f. August 31, 2021. The Company had earlier informed both the stock exchanges about the appointment of Mr. Gregg Albert Saretsky as Non - Independent Non - Executive Director as Additional Director of the Company with effect from October 01, 2020.","31-Aug-2021 20:43:41","2021-08-31 20:43:41","31-Aug-2021 20:43:45","00:00:04","https://nsearchives.nseindia.com/corporate/INDIGO_31082021204341_Reg30AppointmentofNonExecutiveDirector.pdf"
"INDIGO","InterGlobe Aviation Limited","Updates","InterGlobe Aviation Limited has informed the Exchange regarding 'The Board of Directors of IndiGo is pleased to announce the appointment of Mr. Gregg Saretsky, Member of the Board, to the position of Special Advisor with immediate effect. '.","29-Aug-2021 15:42:44","2021-08-29 15:42:44","29-Aug-2021 15:42:50","00:00:06","https://nsearchives.nseindia.com/corporate/INDIGO_29082021154244_reg30annuncemnetgregg.pdf"
"INDIGO","InterGlobe Aviation Limited","Credit Rating","InterGlobe Aviation Limited has informed the Exchange about Credit Rating","17-Aug-2021 19:31:55","2021-08-17 19:31:55","17-Aug-2021 19:31:58","00:00:03","https://nsearchives.nseindia.com/corporate/INDIGO_17082021193155_reg30creditrating.pdf"
"INDIGO","InterGlobe Aviation Limited","ESOP/ESOS/ESPS","InterGlobe Aviation Limited has informed the Exchange regarding Allotment of 149293  Shares.","06-Aug-2021 13:59:41","2021-08-06 13:59:41","06-Aug-2021 13:59:49","00:00:08","https://nsearchives.nseindia.com/corporate/INDIGO_06082021135941_reg30esosletter.pdf"
"INDIGO","InterGlobe Aviation Limited","Copy of Newspaper Publication","InterGlobe Aviation Limited has informed the Exchange about Copy of Newspaper Publication","06-Aug-2021 13:58:18","2021-08-06 13:58:18","06-Aug-2021 13:58:24","00:00:06","https://nsearchives.nseindia.com/corporate/INDIGO_06082021135818_coverletternewspaperaddv.pdf"
"INDIGO","InterGlobe Aviation Limited","Shareholders meeting","InterGlobe Aviation Limited has informed the Exchange regarding Notice of Annual General Meeting to be held on August 31, 2021","05-Aug-2021 18:41:17","2021-08-05 18:41:17","05-Aug-2021 18:41:26","00:00:09","https://nsearchives.nseindia.com/corporate/INDIGO_05082021184117_NoticeanARAGM.pdf"
"INDIGO","InterGlobe Aviation Limited","Copy of Newspaper Publication","InterGlobe Aviation Limited has informed the Exchange about Copy of Newspaper Publication","05-Aug-2021 09:42:38","2021-08-05 09:42:38","05-Aug-2021 09:42:46","00:00:08","https://nsearchives.nseindia.com/corporate/INDIGO_05082021094238_CoverletterforSEIntimationofNewsAdvt.pdf"
"INDIGO","InterGlobe Aviation Limited","Book Closure","InterGlobe Aviation Limited has informed the Exchange that Register of Members & Share Transfer Books of the Company will remain closed from 25-Aug-2021 to 31-Aug-2021 for the purpose of Meeting.","04-Aug-2021 20:40:32","2021-08-04 20:40:32","04-Aug-2021 20:40:36","00:00:04","https://nsearchives.nseindia.com/corporate/INDIGO_04082021204032_intimationboolclosurecutoffagm.pdf"
"INDIGO","InterGlobe Aviation Limited","Copy of Newspaper Publication","InterGlobe Aviation Limited has informed the Exchange about Copy of Newspaper Publication","28-Jul-2021 15:47:33","2021-07-28 15:47:33","28-Jul-2021 15:47:37","00:00:04","https://nsearchives.nseindia.com/corporate/INDIGO_28072021154733_CoverletternewspaperadvertisementQ1.pdf"
"INDIGO","InterGlobe Aviation Limited","Investor Presentation","InterGlobe Aviation Limited has informed the Exchange about Investor Presentation","27-Jul-2021 16:19:48","2021-07-27 16:19:48","27-Jul-2021 16:19:51","00:00:03","https://nsearchives.nseindia.com/corporate/INDIGO_27072021161948_InvestorPresentation27JulFinal.pdf"
"INDIGO","InterGlobe Aviation Limited","Press Release","InterGlobe Aviation Limited has informed the Exchange regarding a press release dated July 27, 2021, titled ""InterGlobe Aviation Ltd. ( IndiGo ) today reported its first quarter fiscal year 2022 results"".","27-Jul-2021 16:17:44","2021-07-27 16:17:44","27-Jul-2021 16:17:48","00:00:04","https://nsearchives.nseindia.com/corporate/INDIGO_27072021161744_PressReleaseQ1FY2227julFIINAL.pdf"
"INDIGO","InterGlobe Aviation Limited","Financial Result Updates","InterGlobe Aviation Limited has submitted to the Exchange, the financial results for the period ended June 30, 2021.","27-Jul-2021 16:14:16","2021-07-27 16:14:16","27-Jul-2021 16:16:06","00:01:50","https://nsearchives.nseindia.com/corporate/FinancialResultsQ1FY22_27072021161416.pdf"
"INDIGO","InterGlobe Aviation Limited","Certificate under SEBI (Depositories and Participants) Regulations, 2018","InterGlobe Aviation Limited has informed the Exchange about Certificate under SEBI (Depositories and Participants) Regulations, 2018","22-Jul-2021 19:51:16","2021-07-22 19:51:16","22-Jul-2021 19:51:21","00:00:05","https://nsearchives.nseindia.com/corporate/INDIGO_22072021195116_letterreg74DP30june21.pdf"
"INDIGO","InterGlobe Aviation Limited","Related Party Transactions","InterGlobe Aviation Limited has informed the Exchange about related Party Transactions","01-Jul-2021 15:25:22","2021-07-01 15:25:22","01-Jul-2021 15:25:27","00:00:05","https://nsearchives.nseindia.com/corporate/INDIGO_01072021152522_DisclosureRegulation23RPT.pdf"
"INDIGO","InterGlobe Aviation Limited","Shareholders meeting","InterGlobe Aviation Limited has submitted the Exchange a copy Srutinizers report of  Postal Ballot. Further, the company has informed the Exchange regarding voting results.","26-Jun-2021 19:16:17","2021-06-26 19:16:17","26-Jun-2021 19:16:23","00:00:06","https://nsearchives.nseindia.com/corporate/INDIGO_26062021191617_SEIntimationReg44andScrutinizersReport26062021.pdf"
"INDIGO","InterGlobe Aviation Limited","Copy of Newspaper Publication","InterGlobe Aviation Limited has informed the Exchange about Copy of Newspaper Publication Financial results","07-Jun-2021 11:46:28","2021-06-07 11:46:28","07-Jun-2021 11:46:33","00:00:05","https://nsearchives.nseindia.com/corporate/INDIGO_07062021114628_Letternewspaperadvresults.pdf"
"INDIGO","InterGlobe Aviation Limited","Financial Result Updates","InterGlobe Aviation Limited has submitted to the Exchange, the financial results for the period ended March 31, 2021.","07-Jun-2021 10:20:13","2021-06-07 10:20:13","07-Jun-2021 10:22:08","00:01:55","https://nsearchives.nseindia.com/corporate/Q4resultsindigo310321_07062021102013.pdf"
"INDIGO","InterGlobe Aviation Limited","Investor Presentation","InterGlobe Aviation Limited has informed the Exchange about Investor Presentation","07-Jun-2021 08:58:21","2021-06-07 08:58:21","07-Jun-2021 08:58:29","00:00:08","https://nsearchives.nseindia.com/corporate/INDIGO_07062021085821_INDIGO_IP.pdf"
"INDIGO","InterGlobe Aviation Limited","Outcome of Board Meeting","InterGlobe Aviation Limited has informed the Exchange regarding  Board meeting held on Jun 05, 2021.","07-Jun-2021 08:53:48","2021-06-07 08:53:48","07-Jun-2021 08:53:54","00:00:06","https://nsearchives.nseindia.com/corporate/INDIGO_07062021085348_INGIGO.pdf"
"INDIGO","InterGlobe Aviation Limited","Press Release","InterGlobe Aviation Limited has informed the Exchange regarding a press release dated Jun 05, 2021, titled ""IndiGo reported net loss of INR 11,472 million and EBITDAR of INR 6,483 million for the quarter ended March 2021."".","07-Jun-2021 08:52:22","2021-06-07 08:52:22","07-Jun-2021 08:52:29","00:00:07","https://nsearchives.nseindia.com/corporate/INDIGO_07062021085222_INDIGO_PR.pdf"
"INDIGO","InterGlobe Aviation Limited","Copy of Newspaper Publication","InterGlobe Aviation Limited has informed the Exchange about Copy of Newspaper Publication Postal Ballot Notice","27-May-2021 11:18:28","2021-05-27 11:18:28","27-May-2021 11:18:38","00:00:10","https://nsearchives.nseindia.com/corporate/INDIGO_27052021111828_lettersenewspaperadv27052021indigo.pdf"
"INDIGO","InterGlobe Aviation Limited","Shareholders meeting","InterGlobe Aviation Limited has informed the Exchange regarding Notice of Postal Ballot","26-May-2021 16:07:57","2021-05-26 16:07:57","26-May-2021 16:08:11","00:00:14","https://nsearchives.nseindia.com/corporate/INDIGO_26052021160757_SEIntimationNoticePostalBallotindigo26052021.pdf"
"INDIGO","InterGlobe Aviation Limited","Press Release","InterGlobe Aviation Limited has informed the Exchange regarding a press release dated May 21, 2021, titled ""IndiGo Selects CFM s LEAP-1A Engine and Services Agreement for A320neos "".","21-May-2021 16:50:16","2021-05-21 16:50:16","21-May-2021 16:50:30","00:00:14","https://nsearchives.nseindia.com/corporate/INDIGO_21052021165016_Disclsourepressreleasereg3021052021.pdf"
"INDIGO","InterGlobe Aviation Limited","Outcome of Board Meeting","InterGlobe Aviation Limited has informed the Exchange regarding  Board meeting held on May 10, 2021.","10-May-2021 18:53:54","2021-05-10 18:53:54","10-May-2021 18:54:01","00:00:07","https://nsearchives.nseindia.com/corporate/INDIGO_10052021185354_reg30outcome10may2021.pdf"
"INDIGO","InterGlobe Aviation Limited","Outcome of Board Meeting","InterGlobe Aviation Limited has informed the Exchange regarding  Board meeting held on May 07, 2021.","07-May-2021 18:31:00","2021-05-07 18:31:00","07-May-2021 18:31:15","00:00:15","https://nsearchives.nseindia.com/corporate/INDIGO_07052021183100_Reg30disclosureoutcomeofbm.pdf"
"INDIGO","InterGlobe Aviation Limited","Certificate under SEBI (Depositories and Participants) Regulations, 2018","InterGlobe Aviation Limited has informed the Exchange about Certificate under SEBI (Depositories and Participants) Regulations, 2018","22-Apr-2021 13:39:55","2021-04-22 13:39:55","22-Apr-2021 13:39:59","00:00:04","https://nsearchives.nseindia.com/corporate/INDIGO_22042021133955_certficateunder74fiveDPregindigo.pdf"
"INDIGO","InterGlobe Aviation Limited","Shareholders meeting","InterGlobe Aviation Limited has submitted the Exchange a copy Srutinizers report of  Postal Ballot. Further, the company has informed the Exchange regarding voting results.","12-Apr-2021 12:52:36","2021-04-12 12:52:36","12-Apr-2021 12:52:44","00:00:08","https://nsearchives.nseindia.com/corporate/INDIGO_12042021125236_SEintimationScrutinizersReportIndiGo120421.pdf"
"INDIGO","InterGlobe Aviation Limited","Disclosure under SEBI Takeover Regulations","INDIGO: Promoter/Member of the Promoter Group of the Company has informed the Exchange regarding disclosure under Regulation 30 and Regulation 31(4) of SEBI SAST Regulations 2011 as on March 31, 2021","09-Apr-2021 14:40:27","2021-04-09 14:40:27","09-Apr-2021 14:40:30","00:00:03","https://nsearchives.nseindia.com/corporate/INDIGO_09042021144026_INdIGO_09042021143410.zip"
"INDIGO","InterGlobe Aviation Limited","Disclosure under SEBI Takeover Regulations","Promoter/Member of the Promoter Group of the Company has informed the Exchange regarding disclosure under Regulation 30 of SEBI SAST Regulations, 2011 as on March 31, 2021","06-Apr-2021 07:51:38","2021-04-06 07:51:38","06-Apr-2021 07:51:43","00:00:05","https://nsearchives.nseindia.com/corporate/INDIGO_06042021075137_INDIGO_REG30_18_40.pdf"
"INDIGO","InterGlobe Aviation Limited","ESOP/ESOS/ESPS","InterGlobe Aviation Limited has informed the Exchange regarding Allotment of 46500  Shares.","31-Mar-2021 18:46:29","2021-03-31 18:46:29","31-Mar-2021 18:46:35","00:00:06","https://nsearchives.nseindia.com/corporate/INDIGO_31032021184629_Regulation30ESOSallotMar2021.pdf"
"INDIGO","InterGlobe Aviation Limited","Copy of Newspaper Publication","InterGlobe Aviation Limited has informed the Exchange about Copy of Newspaper Publication","11-Mar-2021 15:12:23","2021-03-11 15:12:23","11-Mar-2021 15:12:28","00:00:05","https://nsearchives.nseindia.com/corporate/INDIGO_11032021151223_SEfilingNoticeofPostalBallot.pdf"
"INDIGO","InterGlobe Aviation Limited","Shareholders meeting","InterGlobe Aviation Limited has informed the Exchange regarding Notice of Postal Ballot","10-Mar-2021 19:26:58","2021-03-10 19:26:58","10-Mar-2021 19:27:03","00:00:05","https://nsearchives.nseindia.com/corporate/INDIGO_10032021192658_stockexchangeletterpostalballot2021.pdf"
"INDIGO","InterGlobe Aviation Limited","ESOP/ESOS/ESPS","InterGlobe Aviation Limited has informed the Exchange regarding Grant of 185000  Options.","09-Mar-2021 19:30:31","2021-03-09 19:30:31","09-Mar-2021 19:30:37","00:00:06","https://nsearchives.nseindia.com/corporate/INDIGO_09032021193031_SEIntimationsgrantofoptions09032021.pdf"
"INDIGO","InterGlobe Aviation Limited","Updates","InterGlobe Aviation Limited has informed the Exchange regarding 'Settlement order dated 9 February 2021 (the  Settlement Order ) issued by the Securities and Exchange Board of India (the  SEBI ) in relation to InterGlobe Aviation Limited (the  Company )'.","10-Feb-2021 17:40:03","2021-02-10 17:40:03","10-Feb-2021 17:40:12","00:00:09","https://nsearchives.nseindia.com/corporate/INDIGO_10022021174002_Reg30sebisettelmentorder10022021.pdf"
"INDIGO","InterGlobe Aviation Limited","Resignation","InterGlobe Aviation Limited has informed the Exchange regarding Resignation of Mr  AdityaPande as Chief Financial Officer of the company w.e.f. February 21, 2021.","09-Feb-2021 20:11:48","2021-02-09 20:11:48","09-Feb-2021 20:11:54","00:00:06","https://nsearchives.nseindia.com/corporate/INDIGO_09022021201148_DisclosureunderReg3032021.pdf"
"INDIGO","InterGlobe Aviation Limited","Appointment","InterGlobe Aviation Limited has informed the Exchange regarding Appointment of Mr Jiten Chopra as Chief Financial Officer of the company w.e.f. February 22, 2021.","09-Feb-2021 20:09:11","2021-02-09 20:09:11","09-Feb-2021 20:09:16","00:00:05","https://nsearchives.nseindia.com/corporate/INDIGO_09022021200911_DisclosureunderReg3032021.pdf"
"INDIGO","InterGlobe Aviation Limited","Copy of Newspaper Publication","InterGlobe Aviation Limited has informed the Exchange about Copy of Newspaper Publication","29-Jan-2021 23:20:18","2021-01-29 23:20:18","29-Jan-2021 23:20:22","00:00:04","https://nsearchives.nseindia.com/corporate/INDIGO_29012021232018_Newspaperpublicationfinancialresults29012021.pdf"
"INDIGO","InterGlobe Aviation Limited","Investor Presentation","InterGlobe Aviation Limited has informed the Exchange about Investor Presentation","28-Jan-2021 15:39:45","2021-01-28 15:39:45","28-Jan-2021 15:39:49","00:00:04","https://nsearchives.nseindia.com/corporate/INDIGO_28012021153945_InvestorpresentationQ3Fy21.pdf"
"INDIGO","InterGlobe Aviation Limited","Financial Result Updates","InterGlobe Aviation Limited has submitted to the Exchange, the financial results for the period ended December 31, 2020.","28-Jan-2021 15:37:55","2021-01-28 15:37:55","28-Jan-2021 15:39:02","00:01:07","https://nsearchives.nseindia.com/corporate/IndigofinancialresultsQ3FY21_28012021153755.zip"
"INDIGO","InterGlobe Aviation Limited","Press Release","InterGlobe Aviation Limited has informed the Exchange regarding a press release dated December 31, 2020, titled ""Disclosure under Regulation 30 of the SEBI (Listing Obligations and Disclosure Requirements) Regulations, 2015 - Press Release"".","31-Dec-2020 21:38:48","2020-12-31 21:38:48","31-Dec-2020 21:38:51","00:00:03","https://nsearchives.nseindia.com/corporate/INDIGO_31122020213848_Disclosurereg30PressRelease311220.pdf"
"INDIGO","InterGlobe Aviation Limited","Allotment of Securities","InterGlobe Aviation Limited has informed the Exchange regarding allotment of 67221 securities pursuant to ESOP/ESPS at its meeting held on November 23, 2020","02-Dec-2020 14:10:02","2020-12-02 14:10:02","02-Dec-2020 14:10:19","00:00:17","https://nsearchives.nseindia.com/corporate/INDIGO_02122020141002_Regulation30ESOSallotDec22020.pdf"
"INDIGO","InterGlobe Aviation Limited","Related Party Transactions","InterGlobe Aviation Limited has informed the Exchange about related Party Transactions","26-Nov-2020 21:34:29","2020-11-26 21:34:29","26-Nov-2020 21:34:32","00:00:03","https://nsearchives.nseindia.com/corporate/INDIGO_26112020213429_CoveringletterforRegulation23signed.pdf"
"INDIGO","InterGlobe Aviation Limited","Investor Presentation","InterGlobe Aviation Limited has informed the Exchange about Investor Presentation","29-Oct-2020 15:42:06","2020-10-29 15:42:06","29-Oct-2020 15:42:18","00:00:12","https://nsearchives.nseindia.com/corporate/INDIGO_29102020154206_InvestorpresentationQ2FY21.pdf"
"INDIGO","InterGlobe Aviation Limited","Financial Result Updates","InterGlobe Aviation Limited has submitted to the Exchange, the financial results for the period ended September 30, 2020.","29-Oct-2020 15:38:46","2020-10-29 15:38:46","29-Oct-2020 15:40:11","00:01:25","https://nsearchives.nseindia.com/corporate/ResultsIndigoQ22020_29102020153846.zip"
"INDIGO","InterGlobe Aviation Limited","Address Change","InterGlobe Aviation Limited has informed the Exchange regarding change in Registered Office of the company. to Upper Ground Floor, Thapar House, Gate No. 2, Western Wing, 124 Janpath, New Delhi   110001 w.e.f October 15, 2020","14-Oct-2020 16:16:35","2020-10-14 16:16:35","14-Oct-2020 16:16:40","00:00:05","https://nsearchives.nseindia.com/corporate/INDIGO_14102020161635_Reg30Changeinregisteredoffice.pdf"
"INDIGO","InterGlobe Aviation Limited","Appointment","InterGlobe Aviation Limited has informed the Exchange regarding Appointment of Mr Gregg Albert Saretsky as Non- Executive Director of the company w.e.f. October 01, 2020.","02-Oct-2020 11:20:12","2020-10-02 11:20:12","02-Oct-2020 11:20:16","00:00:04","https://nsearchives.nseindia.com/corporate/INDIGO_02102020112012_INDIGO.pdf"
"INDIGO","InterGlobe Aviation Limited","Shareholders meeting","InterGlobe Aviation Limited has submitted the Exchange a copy Srutinizers report of  Annual General Meeting held on September 04, 2020. Further, the company has informed the Exchange regarding voting results.","04-Sep-2020 22:06:09","2020-09-04 22:06:09","04-Sep-2020 22:06:13","00:00:04","https://nsearchives.nseindia.com/corporate/INDIGO_04092020220609_Reg44andscrutiniserreport.pdf"
"INDIGO","InterGlobe Aviation Limited","Shareholders meeting","InterGlobe Aviation Limited has informed the Exchange regarding Proceedings of Annual General Meeting held on September 04, 2020","04-Sep-2020 20:55:22","2020-09-04 20:55:22","04-Sep-2020 20:55:27","00:00:05","https://nsearchives.nseindia.com/corporate/INDIGO_04092020205522_Proceedings.pdf"
"INDIGO","InterGlobe Aviation Limited","Appointment","InterGlobe Aviation Limited has informed the Exchange regarding Appointment of Mr Ronojoy Dutta  as Executive Director of the company w.e.f. September 04, 2020. Whole Time Director and Chief Executive Officer","04-Sep-2020 20:50:49","2020-09-04 20:50:49","04-Sep-2020 20:50:56","00:00:07","https://nsearchives.nseindia.com/corporate/INDIGO_04092020205049_reg30agmsep42020.pdf"
"INDIGO","InterGlobe Aviation Limited","Appointment","InterGlobe Aviation Limited has informed the Exchange regarding Appointment of Mr Venkataramani Sumantran as Independent Director of the company w.e.f. September 04, 2020.","04-Sep-2020 20:46:48","2020-09-04 20:46:48","04-Sep-2020 20:46:52","00:00:04","https://nsearchives.nseindia.com/corporate/INDIGO_04092020204648_reg30agmsep42020.pdf"
"INDIGO","InterGlobe Aviation Limited","Appointment","InterGlobe Aviation Limited has informed the Exchange regarding Appointment of Ms Pallavi Shardul Shroff  as Independent Director of the company w.e.f. September 04, 2020.","04-Sep-2020 20:42:59","2020-09-04 20:42:59","04-Sep-2020 20:43:05","00:00:06","https://nsearchives.nseindia.com/corporate/INDIGO_04092020204259_reg30agmsep42020.pdf"
"INDIGO","InterGlobe Aviation Limited","Copy of Newspaper Publication","InterGlobe Aviation Limited has informed the Exchange about Copy of Newspaper Publication for the dispatch of Annual Report for the financial year 2019- 2020 and Notice of Seventeenth Annual General Meeting of the Company.","14-Aug-2020 15:35:05","2020-08-14 15:35:05","14-Aug-2020 15:35:13","00:00:08","https://nsearchives.nseindia.com/corporate/INDIGO_14082020153505_SEnewspaperadvintimation14082020.pdf"
"INDIGO","InterGlobe Aviation Limited","Shareholders meeting","InterGlobe Aviation Limited has informed the Exchange regarding Notice of Annual General Meeting to be held on September 04, 2020, Notice forms part of the Annual Report","13-Aug-2020 20:21:57","2020-08-13 20:21:57","13-Aug-2020 20:22:03","00:00:06","https://nsearchives.nseindia.com/corporate/INDIGO_13082020202156_SEARintimation13082020.pdf"
"INDIGO","InterGlobe Aviation Limited","Outcome of Board Meeting","Disclosure under Regulation 30 of the Securities and Exchange Board of India (Listing Obligations and Disclosure Requirements) Regulations, 2015","10-Aug-2020 17:10:23","2020-08-10 17:10:23","10-Aug-2020 17:10:28","00:00:05","https://nsearchives.nseindia.com/corporate/INDIGO_10082020171023_INDIGO.pdf"
"INDIGO","InterGlobe Aviation Limited","Copy of Newspaper Publication","InterGlobe Aviation Limited has informed the Exchange about Copy of Newspaper Publication","07-Aug-2020 17:46:14","2020-08-07 17:46:14","07-Aug-2020 17:46:18","00:00:04","https://nsearchives.nseindia.com/corporate/INDIGO_07082020174614_SEnewspaperadvintimation.pdf"
"INDIGO","InterGlobe Aviation Limited","Book Closure","InterGlobe Aviation Limited has informed the Exchange that Register of Members & Share Transfer Books of the Company will remain closed from 29-Aug-2020 to 04-Sep-2020 for the purpose of Seventeenth Annual General Meeting","06-Aug-2020 21:03:08","2020-08-06 21:03:08","06-Aug-2020 21:03:13","00:00:05","https://nsearchives.nseindia.com/corporate/INDIGO_06082020210308_IntimtaionofBookClosureIndiGo06082020.pdf"
"INDIGO","InterGlobe Aviation Limited","Outcome of Board Meeting","Pursuant to our intimation dated July 24, 2020 and in compliance with Regulation 30 of the of the Securities and Exchange Board of India (Listing Obligations and Disclosure Requirements) Regulations, 2015, as amended, we hereby inform you that the Board of Directors of InterGlobe Aviation Limited (the  Company ), at its meeting held today, i.e., July 30, 2020, have decided to further deliberate on the matter relating to raising of funds at a subsequent Board meeting.","30-Jul-2020 20:07:00","2020-07-30 20:07:00","-","-","https://nsearchives.nseindia.com/corporate/INDIGO_30072020200733_OutcomeoftheBoardMeeting.pdf"
"INDIGO","InterGlobe Aviation Limited","Credit Rating","This disclosure is being made pursuant to Regulation 30 of the SEBI (Listing Obligations and Disclosure Requirements) Regulations, 2015.This is to inform the exchanges that ICRA Limited has reaffirmed the Company s long-term rating at [ICRA] A+, (negative). The short-term rating of the Company has been downgraded by one notch from [ICRA] A1+ to [ICRA] A1.ICRA Limited has acknowledged the Company s strong market position, cost efficient structure and robust liquidity profile amongst its peers but attributed the downgrade of the Company s short-term rating to the unprecedented disruptions caused by COVID-19 pandemic and its consequential impact on the global and domestic demand for air travel.While the airline industry is going through an unprecedented crisis, the Company s balance sheet remains strong. The Company had a total cash reserve of INR 18,450 crores and a free cash reserve of INR 7,526 crores as of 30th June 2020. The Company has taken a number of actions to cut costs and is further working on a number of short-term measures to boost its liquidity.","29-Jul-2020 21:04:00","2020-07-29 21:04:00","-","-","https://nsearchives.nseindia.com/corporate/INDIGO_29072020210435_INDIGOCreditRating.pdf"
"INDIGO","InterGlobe Aviation Limited","Investor Presentation","InterGlobe Aviation Limited has informed the Exchange about Investor Presentation","29-Jul-2020 15:56:00","2020-07-29 15:56:00","-","-","https://nsearchives.nseindia.com/corporate/INDIGO_29072020155606_INDIGO.pdf"
"INDIGO","InterGlobe Aviation Limited","Financial Result Updates","InterGlobe Aviation Limited has submitted to the Exchange, the financial results for the period ended June 30, 2020.","29-Jul-2020 15:49:24","2020-07-29 15:49:24","-","-","https://nsearchives.nseindia.com/corporate/INDIGO_29072020154924.zip"
"INDIGO","InterGlobe Aviation Limited","Press Release","Please find enclosed as Annexure A, a press release dated July 20, 2020, issued by the Company in relation to the reduction in the workforce of the Company. The contents of the press release are self-explanatory","20-Jul-2020 20:08:00","2020-07-20 20:08:00","-","-","https://nsearchives.nseindia.com/corporate/INDIGO_20072020200824_SEIntimationPressrelease20072020signed.pdf"
"INDIGO","InterGlobe Aviation Limited","Related Party Transactions","InterGlobe Aviation Limited has informed the Exchange about related Party Transactions","01-Jul-2020 19:12:00","2020-07-01 19:12:00","-","-","https://nsearchives.nseindia.com/corporate/INDIGO_01072020191231_Disclosure23LODRRPTIndigo01072020.pdf"
"INDIGO","InterGlobe Aviation Limited","ESOP/ESOS/ESPS","InterGlobe Aviation Limited has informed the Exchange regarding Grant of 1474894  Options.","30-Jun-2020 19:33:00","2020-06-30 19:33:00","-","-","https://nsearchives.nseindia.com/corporate/INDIGO_30062020193352_SEesosreg3030062020.pdf"
"INDIGO","InterGlobe Aviation Limited","Investor Presentation","InterGlobe Aviation Limited has informed the Exchange regarding Investor Presentation on financial results for the quarter and financial year ended March 31, 2020, to be made to Analysts and Institutional Investors.","02-Jun-2020 15:48:00","2020-06-02 15:48:00","-","-","https://nsearchives.nseindia.com/corporate/INDIGO_02062020154813_Investorpresentation02062020.pdf"
"INDIGO","InterGlobe Aviation Limited","Financial Result Updates","InterGlobe Aviation Limited has submitted to the Exchange, the financial results for the period ended March 31, 2020.","02-Jun-2020 15:38:59","2020-06-02 15:38:59","-","-","https://nsearchives.nseindia.com/corporate/OutcomeQ4june022020_02062020153859.zip"
"INDIGO","InterGlobe Aviation Limited","Appointment","InterGlobe Aviation Limited has informed the Exchange regarding Appointment of Mr Dr. Venkataramani Sumantran  as Independent Director of the company w.e.f. May 28, 2020.","29-May-2020 17:08:00","2020-05-29 17:08:00","-","-","https://nsearchives.nseindia.com/corporate/INDIGO_29052020170829_reg30appointmentofID29052020.pdf"
"INDIGO","InterGlobe Aviation Limited","Updates","InterGlobe Aviation Limited has informed the Exchange regarding 'This disclosure is made in continuation of the Company s disclosures dated March 25, 2020, April 15, 2020, May 5, 2020 and May 18, 2020. The Government of India has permitted a phased resumption of domestic flight operations with effect from May 25, 2020. The Company will accordingly be resuming domestic flight operations in a phased manner, in accordance with the directions issued by the Government of India through the Ministry of Civil Aviation and the Directorate General of Civil Aviation, from time to time. Enclosed is an Order dated May 21, 2020 of the Ministry of Civil Aviation in this respect.'.","21-May-2020 17:16:00","2020-05-21 17:16:00","-","-","https://nsearchives.nseindia.com/corporate/INDIGO_21052020171658_Inidgoreg3021052020.pdf"
"INDIGO","InterGlobe Aviation Limited","Updates","InterGlobe Aviation Limited has informed the Exchange regarding 'This disclosure is made in continuation of the Company s disclosures dated March 25, 2020, April 15, 2020 and May 5, 2020. In light of the extension of the national lockdown by the Government of India until May 31, 2020 and in compliance with the Circular dated May 17, 2020 of the Directorate General of Civil Aviation, Government of India, the Company has further suspended the operation of all its scheduled commercial international and domestic flights until May 31, 2020.'.","18-May-2020 13:02:00","2020-05-18 13:02:00","-","-","https://nsearchives.nseindia.com/corporate/INDIGO_18052020130239_Reg30indigo18052020.pdf"
"INDIGO","InterGlobe Aviation Limited","News Verification","The Exchange has sought clarification from InterGlobe Aviation Limited with respect to recent news item captioned InterGlobe Enterprises, IndiGo's parent, confirms interest in Virgin Australia.  The response from the Company is attached.","18-May-2020 09:29:00","2020-05-18 09:29:00","-","-","https://nsearchives.nseindia.com/corporate/INDIGO_18052020092917_inidgoNewsclarification15052020.pdf"
"INDIGO","InterGlobe Aviation Limited","News Verification","The Exchange has sought clarification from InterGlobe Aviation Limited with respect to recent news item captioned InterGlobe Enterprises, IndiGo's parent, confirms interest in Virgin Australia.  The response from the Company is awaited.","15-May-2020 17:09:00","2020-05-15 17:09:00","-","-","-"
"INDIGO","InterGlobe Aviation Limited","Updates","InterGlobe Aviation Limited has informed the Exchange regarding 'We refer to certain media reports stating that IndiGo (the  Company ) has expressed an interest in Virgin Australia.We deny the contents of these reports and would like to clarify that the Company has not formulated any indicative proposal, nor does it have any interest in this matter.'.","11-May-2020 20:48:00","2020-05-11 20:48:00","-","-","https://nsearchives.nseindia.com/corporate/INDIGO_11052020204842_clarifictaionmediareportreg3011052020.pdf"
"INDIGO","InterGlobe Aviation Limited","Updates","InterGlobe Aviation Limited has informed the Exchange regarding 'Disclosure under Regulation 30 of the SEBI (Listing Obligations and Disclosure Requirements) Regulations, 2015 '.In light of the extension of the national lockdown by the Government of India until May 17, 2020 and in compliance with the Circular dated May 2, 2020 of the Directorate General of Civil Aviation, Government of India, the Company has further suspended the operation of all its scheduled commercial international and domestic flights until May 17, 2020.","05-May-2020 12:17:00","2020-05-05 12:17:00","-","-","https://nsearchives.nseindia.com/corporate/INDIGO_05052020121705_Reg30indigo.pdf"
"INDIGO","InterGlobe Aviation Limited","Updates","InterGlobe Aviation Limited has informed the Exchange regarding 'Disclosure under Regulation 30 of the SEBI (Listing Obligations and Disclosure Requirements) Regulations, 2015'. In light of the extension of the national lockdown by the Government of India until May 3, 2020 and in compliance with the Circulars dated April 14, 2020 of the Directorate General of Civil Aviation, Government of India, the Company has now suspended the operation of all its scheduled commercial international and domestic flights until May 3, 2020.","15-Apr-2020 09:26:00","2020-04-15 09:26:00","-","-","https://nsearchives.nseindia.com/corporate/INDIGO_15042020092601_Indigoreg30150420.pdf"
"INDIGO","InterGlobe Aviation Limited","Disclosure under SEBI Takeover Regulations","InterGlobe Enterprises Private Limited has informed the Exchange regarding Regulation 30(2) of the SEBI (Substantial Acquisition of Shares and Takeovers) Regulations, 2011 being the members of promoter group InterGlobe Aviation Limited","07-Apr-2020 11:38:00","2020-04-07 11:38:00","-","-","https://nsearchives.nseindia.com/corporate/INDIGO_07042020113852_indigo.pdf"
"INDIGO","InterGlobe Aviation Limited","Disc. under Reg.30 of SEBI (SAST) Reg.2011","Mr Rakesh Gangwal, Mrs Shobha Gangwal, Dr Asha Mukherjee and the Chinkerpoo Family Trust (together, the  RG Group ) has informed the Exchange regard the disclosure under Regulation 30(2) of the SEBI (Substantial Acquisition of Shares and Takeovers) Regulations, 2011 being the��members of promoter group��InterGlobe Aviation Limited","07-Apr-2020 08:41:00","2020-04-07 08:41:00","-","-","https://nsearchives.nseindia.com/corporate/INDIGO_07042020084120_INDIGO_RG_Group_30_FY1920.pdf"
"INDIGO","InterGlobe Aviation Limited","Updates","InterGlobe Aviation Limited has informed the Exchange regarding 'Disclosure under Regulation 30 of the SEBI (Listing Obligations and Disclosure Requirements) Regulations, 2015'.","25-Mar-2020 17:57:00","2020-03-25 17:57:00","-","-","https://nsearchives.nseindia.com/corporate/INDIGO_25032020175742_Indigoreg3025032020.pdf"
"INDIGO","InterGlobe Aviation Limited","Press Release","InterGlobe Aviation Limited has informed the Exchange regarding a press release dated March 20, 2020, titled ""INDIGO ANNOUNCES SCHEDULE REDUCTIONS"".","20-Mar-2020 22:34:00","2020-03-20 22:34:00","-","-","https://nsearchives.nseindia.com/corporate/INDIGO_20032020223458_indigoreg3020032020.pdf"
"INDIGO","InterGlobe Aviation Limited","Press Release","InterGlobe Aviation Limited has informed the Exchange regarding a press release dated March 11, 2020, titled ""STOCK EXCHANGE NOTIFICATION: CORONAVIRUS IMPACT"".","11-Mar-2020 19:40:00","2020-03-11 19:40:00","-","-","https://nsearchives.nseindia.com/corporate/INDIGO_11032020194035_INDIGO.pdf"
"INDIGO","InterGlobe Aviation Limited","ESOP/ESOS/ESPS","InterGlobe Aviation Limited has informed the Exchange regarding Grant of 53000  Options.- partial modification in terms of grant","02-Mar-2020 19:00:00","2020-03-02 19:00:00","-","-","https://nsearchives.nseindia.com/corporate/INDIGO_02032020190009_esosreg30indigo02032020.pdf"
"INDIGO","InterGlobe Aviation Limited","News Verification","The Exchange has sought clarification from InterGlobe Aviation Limited with respect to recent news item captioned SEBI finds undisclosed related party transactions at IndiGo in preliminary enquiry.  The response from the Company is attached.","25-Feb-2020 17:00:00","2020-02-25 17:00:00","-","-","https://nsearchives.nseindia.com/corporate/INDIGO_25022020170053_Disreg30rumorclarification250220.pdf"
"INDIGO","InterGlobe Aviation Limited","News Verification","The Exchange has sought clarification from InterGlobe Aviation Limited with respect to recent news item captioned SEBI finds undisclosed related party transactions at IndiGo in preliminary enquiry.  The response from the Company is awaited.","25-Feb-2020 14:23:00","2020-02-25 14:23:00","-","-","-"
"INDIGO","InterGlobe Aviation Limited","ESOP/ESOS/ESPS","InterGlobe Aviation Limited has informed the Exchange regarding Grant of 53000  Options.","14-Feb-2020 15:58:00","2020-02-14 15:58:00","-","-","https://nsearchives.nseindia.com/corporate/INDIGO_14022020155822_INDIGO.pdf"
"INDIGO","InterGlobe Aviation Limited","Shareholders meeting","InterGlobe Aviation Limited has informed the Exchange regarding voting results of  Extraordinary General Meeting held on January 29, 2020","29-Jan-2020 18:37:00","2020-01-29 18:37:00","-","-","https://nsearchives.nseindia.com/corporate/INDIGO_29012020183709_VotingresultsEGM.pdf"
"INDIGO","InterGlobe Aviation Limited","Shareholders meeting","InterGlobe Aviation Limited has informed the Exchange regarding Proceedings of Extraordinary General Meeting held on January 29, 2020","29-Jan-2020 18:06:00","2020-01-29 18:06:00","-","-","https://nsearchives.nseindia.com/corporate/INDIGO_29012020180637_ProceedingsEGM2020.pdf"
"INDIGO","InterGlobe Aviation Limited","Shareholders meeting","InterGlobe Aviation Limited has submitted the Exchange a copy Srutinizers report of  Extraordinary General Meeting held on January 29, 2020 and Declaration of Results","29-Jan-2020 17:26:00","2020-01-29 17:26:00","-","-","https://nsearchives.nseindia.com/corporate/INDIGO_29012020172657_declarationofresultsegmindigo2020.pdf"
"INDIGO","InterGlobe Aviation Limited","Appointment","InterGlobe Aviation Limited has informed the Exchange regarding Appointment of Mr Ronojoy Dutta as Executive Director of the company w.e.f. January 27, 2020. Mr. Ronojoy Dutta, CEO is appointed as Whole Time Director and Chief Executive Officer of the Company","27-Jan-2020 17:50:00","2020-01-27 17:50:00","-","-","https://nsearchives.nseindia.com/corporate/Indigo1_27012020174842_AppointmentofWTD_022.pdf"
"INDIGO","InterGlobe Aviation Limited","Investor Presentation","InterGlobe Aviation Limited has informed the Exchange regarding Investor Presentation on financial results for the quarter ended December 31, 2019, to be made to Analysts and Institutional Investors.","27-Jan-2020 16:02:00","2020-01-27 16:02:00","-","-","https://nsearchives.nseindia.com/corporate/Indigo1_27012020160141_Reg30withInvestorpresentation_017.pdf"
"INDIGO","InterGlobe Aviation Limited","Financial Result Updates","InterGlobe Aviation Limited has submitted to the Exchange, the financial results for the period ended December 31, 2019.","27-Jan-2020 15:59:29","2020-01-27 15:59:29","-","-","https://nsearchives.nseindia.com/corporate/PressRelease31122019_27012020155929.zip"
"INDIGO","InterGlobe Aviation Limited","Updates","InterGlobe Aviation Limited has informed the Exchange regarding 'Newspaper advertisement printed in Financial Express, all India edition and Jansatta, Delhi edition.'.","06-Jan-2020 12:20:00","2020-01-06 12:20:00","-","-","https://nsearchives.nseindia.com/corporate/Indigo1_06012020121927_Stockexchangenewspaperadvertisment_059.pdf"
"INDIGO","InterGlobe Aviation Limited","Shareholders meeting","InterGlobe Aviation Limited has informed the Exchange regarding Notice of Extraordinary General Meeting to be held on January 29, 2020","03-Jan-2020 12:54:00","2020-01-03 12:54:00","-","-","https://nsearchives.nseindia.com/corporate/Indigo1_03012020125225_IntimationofNoticeofEGM_043.pdf"
"INDIGO","InterGlobe Aviation Limited","Allotment of ESOP/ESPS","InterGlobe Aviation Limited has informed the Exchange regarding allotment of  139476 Equity Shares under ESOP","19-Dec-2019 12:36:00","2019-12-19 12:36:00","-","-","https://nsearchives.nseindia.com/corporate/Indigo1_19122019123535_ESOSreg30dec132019_057.pdf"
"INDIGO","InterGlobe Aviation Limited","Investor Presentation","InterGlobe Aviation Limited has informed the Exchange regarding Investor Presentation","04-Dec-2019 15:43:00","2019-12-04 15:43:00","-","-","https://nsearchives.nseindia.com/corporate/Indigo1_04122019154222_indigoreg30copresentation_156.pdf"
"INDIGO","InterGlobe Aviation Limited","Analysts/Institutional Investor Meet/Con. Call Updates","InterGlobe Aviation Limited has informed the Exchange regarding Analysts/Institutional Investor Meet/Con. Call Updates","04-Dec-2019 15:38:00","2019-12-04 15:38:00","-","-","https://nsearchives.nseindia.com/corporate/Indigo1_04122019153748_Stockexchnagefilinginvestormeet_151.pdf"
"INDIGO","InterGlobe Aviation Limited","Related Party Transactions","InterGlobe Aviation Limited has informed the Exchange regarding Disclosure of Related Party Transaction disclosure under Regulation 23(9) of the SEBI (Listing Obligations and Disclosure Requirements) Regulations, 2015.","22-Nov-2019 17:17:00","2019-11-22 17:17:00","-","-","https://nsearchives.nseindia.com/corporate/listcontract1_22112019171414_INDIGO_194.pdf"
"INDIGO","InterGlobe Aviation Limited","News Verification","The Exchange has sought clarification from InterGlobe Aviation Limited with respect to recent news item captioned InterGlobe share price jumps 5% as co, Qatar Airways to make strategic announcement.  The response from the Company is attached.","22-Nov-2019 15:07:00","2019-11-22 15:07:00","-","-","https://nsearchives.nseindia.com/corporate/INDIGO_06112019180853_INDIGO_116.pdf"
"INDIGO","InterGlobe Aviation Limited","Press Release","InterGlobe Aviation Limited has informed the Exchange regarding a press release dated November 07, 2019, titled ""Disclosure under Regulation 30 of the SEBI (Listing Obligations and DisclosureRequirements) Regulations, 2015 - Press Release"".","07-Nov-2019 11:12:00","2019-11-07 11:12:00","-","-","https://nsearchives.nseindia.com/corporate/INDIGO_07112019111141_INDIGO_036.pdf"
"INDIGO","InterGlobe Aviation Limited","News Verification","The Exchange has sought clarification from InterGlobe Aviation Limited with respect to recent news item captioned InterGlobe share price jumps 5% as co, Qatar Airways to make strategic announcement.  The response from the Company is awaited.","05-Nov-2019 18:42:00","2019-11-05 18:42:00","-","-","-"
"INDIGO","InterGlobe Aviation Limited","Press Release","InterGlobe Aviation Limited has informed the Exchange regarding a press release dated November 01, 2019, titled ""Press Release in relation to response of the Company on the DGCA directive, to be released by the Company"".","01-Nov-2019 18:48:00","2019-11-01 18:48:00","-","-","https://nsearchives.nseindia.com/corporate/INDIGO_01112019184758_INDIGO_292.pdf"
"INDIGO","InterGlobe Aviation Limited","News Verification","The Exchange has sought clarification from InterGlobe Aviation Limited with respect to recent news item captioned IndiGo plane turns back after engine stalls mid-air, 4th incident in a week.  The response from the Company is awaited.","01-Nov-2019 18:33:00","2019-11-01 18:33:00","-","-","-"
"INDIGO","InterGlobe Aviation Limited","Press Release","InterGlobe Aviation Limited has informed the Exchange regarding a press release dated October 29, 2019, titled ""Disclosures under Regulation 30 of the SEBI (Listing Obligations and DisclosureRequirements) Regulations, 2015"".","29-Oct-2019 18:28:00","2019-10-29 18:28:00","-","-","https://nsearchives.nseindia.com/corporate/INDIGO_29102019182713_INDIGO_036.pdf"
"INDIGO","InterGlobe Aviation Limited","Outcome of Board Meeting","InterGlobe Aviation Limited has informed the Exchange regarding  Board meeting held on October 24, 2019.","24-Oct-2019 19:29:00","2019-10-24 19:29:00","-","-","https://nsearchives.nseindia.com/corporate/listcontract1_24102019192456_INDIGO_outcome_391.pdf"
"INDIGO","InterGlobe Aviation Limited","Investor Presentation","InterGlobe Aviation Limited has informed the Exchange regarding Investor Presentation","24-Oct-2019 16:24:00","2019-10-24 16:24:00","-","-","https://nsearchives.nseindia.com/corporate/Indigo1_24102019162442_Presentation2019_011.pdf"
"INDIGO","InterGlobe Aviation Limited","Financial Result Updates","InterGlobe Aviation Limited has submitted to the Exchange, the financial results for the period ended September 30, 2019.","24-Oct-2019 16:18:58","2019-10-24 16:18:58","-","-","https://nsearchives.nseindia.com/corporate/INDIGO30092019_24102019161858.zip"
"INDIGO","InterGlobe Aviation Limited","Updates","InterGlobe Aviation Limited has informed the Exchange regarding 'Disclosure under Regulation 30(3) of the SEBI (Listing Obligations and Disclosure Requirements) Regulations, 2015 (��Listing Regulations��)'.","01-Oct-2019 21:12:00","2019-10-01 21:12:00","-","-","https://nsearchives.nseindia.com/corporate/INDIGO_01102019211119_INDIGO_194.pdf"
"INDIGO","InterGlobe Aviation Limited","Appointment","InterGlobe Aviation Limited has informed the Exchange regarding Appointment of Ms Pallavi Shardul Shroff as Non- Executive Independent Director of the company w.e.f. September 19, 2019.","20-Sep-2019 14:50:00","2019-09-20 14:50:00","-","-","https://nsearchives.nseindia.com/corporate/Indigo1_20092019144857_INDIGO20092019WID_093.pdf"
"INDIGO","InterGlobe Aviation Limited","Updates","InterGlobe Aviation Limited has informed the Exchange regarding 'Disclosure pursuant to Regulation 30 of the SEBI (Listing Obligations and Disclosure Requirements) Regulations, 2015, as amended'.","04-Sep-2019 11:56:00","2019-09-04 11:56:00","-","-","https://nsearchives.nseindia.com/corporate/Indigo1_04092019115521_DisclosureunderReg30letter040919_063.pdf"
"INDIGO","InterGlobe Aviation Limited","Appointment","InterGlobe Aviation Limited has informed the Exchange regarding Appointment of Mr Aditya Pande as Chief Financial Officer of the company w.e.f. September 16, 2019.","30-Aug-2019 22:00:00","2019-08-30 22:00:00","-","-","https://nsearchives.nseindia.com/corporate/Indigo1_30082019215933_changeincfo300819_587.pdf"
"INDIGO","InterGlobe Aviation Limited","Resignation","InterGlobe Aviation Limited has informed the Exchange regarding Resignation of Mr Rohit Philip as Chief Financial Officer of the company w.e.f. September 15, 2019.","30-Aug-2019 21:56:00","2019-08-30 21:56:00","-","-","https://nsearchives.nseindia.com/corporate/Indigo1_30082019215529_changeincfo300819_586.pdf"
"INDIGO","InterGlobe Aviation Limited","Amendment to AOA/MOA","InterGlobe Aviation Limited has informed the Exchange regarding the Amendment to AOA/MOA of the company.The members have approved the alteration in Articles of Association of the Company .","28-Aug-2019 16:49:00","2019-08-28 16:49:00","-","-","https://nsearchives.nseindia.com/corporate/Indigo1_28082019164908_disclosureunderreg30_254.pdf"
"INDIGO","InterGlobe Aviation Limited","Change in Auditors","InterGlobe Aviation Limited has informed the Exchange regarding Change in Auditors of the company. Appointment of S.R. Batliboi & Co. LLP, Chartered Accountants (Firm Registration no. 301003E/E300005) as the Statutory Auditors of the Company, in place of retiring Auditors.","28-Aug-2019 16:46:00","2019-08-28 16:46:00","-","-","https://nsearchives.nseindia.com/corporate/Indigo1_28082019164513_disclosureunderreg30_252.pdf"
"INDIGO","InterGlobe Aviation Limited","Appointment","InterGlobe Aviation Limited has informed the Exchange regarding Appointment of Mr Anil Parashar as Non- Executive Director of the company w.e.f. August 27, 2019.","28-Aug-2019 16:42:00","2019-08-28 16:42:00","-","-","https://nsearchives.nseindia.com/corporate/Indigo1_28082019164225_disclosureunderreg30_248.pdf"
"INDIGO","InterGlobe Aviation Limited","Appointment","InterGlobe Aviation Limited has informed the Exchange regarding Appointment of Mr Meleveetil Damodaran as Independent Director of the company w.e.f. January 23, 2019.","28-Aug-2019 16:38:00","2019-08-28 16:38:00","-","-","https://nsearchives.nseindia.com/corporate/Indigo1_28082019163810_disclosureunderreg30_243.pdf"
"INDIGO","InterGlobe Aviation Limited","Shareholders meeting","InterGlobe Aviation Limited has informed the Exchange regarding voting results of  Annual General Meeting held on August 27, 2019","28-Aug-2019 13:29:00","2019-08-28 13:29:00","-","-","https://nsearchives.nseindia.com/corporate/Indigo1_28082019132353_reg44_097.pdf"
"INDIGO","InterGlobe Aviation Limited","Shareholders meeting","InterGlobe Aviation Limited has submitted the Exchange a copy Srutinizers report of  Annual General Meeting held on August 27, 2019","27-Aug-2019 21:40:00","2019-08-27 21:40:00","-","-","https://nsearchives.nseindia.com/corporate/Indigo1_27082019214002_Declarationofresultsreg302019_409.pdf"
"INDIGO","InterGlobe Aviation Limited","Shareholders meeting","InterGlobe Aviation Limited has informed the Exchange regarding Proceedings of Annual General Meeting held on August 27, 2019","27-Aug-2019 21:37:00","2019-08-27 21:37:00","-","-","https://nsearchives.nseindia.com/corporate/Indigo1_27082019213604_AGMproceedings2019reg30_405.pdf"
"INDIGO","InterGlobe Aviation Limited","Updates","InterGlobe Aviation Limited has informed the Exchange regarding 'Disclosure under Regulation 30 of the SEBI (Listing Obligations and Disclosure Requirements) Regulations, 2015'.","23-Aug-2019 19:35:00","2019-08-23 19:35:00","-","-","https://nsearchives.nseindia.com/corporate/Indigo1_23082019193450_Indigoreg30230819_362.pdf"
"INDIGO","InterGlobe Aviation Limited","Updates","InterGlobe Aviation Limited has informed the Exchange regarding 'Disclosure pursuant to sub-regulation (1) of Regulation 30 of the SEBI (Listing Obligations and Disclosure Requirements) Regulations 2015'.","06-Aug-2019 10:52:00","2019-08-06 10:52:00","-","-","https://nsearchives.nseindia.com/corporate/Indigo1_06082019105147_Indigodisreg306082019_029.pdf"
"INDIGO","InterGlobe Aviation Limited","Shareholders meeting","InterGlobe Aviation Limited has informed the Exchange regarding Notice of Annual General Meeting to be held on August 27, 2019. The Notice of AGM is being uploaded along with Annual Report","02-Aug-2019 13:50:00","2019-08-02 13:50:00","-","-","https://nsearchives.nseindia.com/corporate/Indigo1_02082019134902_Indigobookclosure_166.PDF"
"INDIGO","InterGlobe Aviation Limited","AGM/Book Closure","InterGlobe Aviation Limited has informed the Exchange that the Register of Members and Share Transfer Books of the Company will remain closed from August 21, 2019 to August 27, 2019 (both days inclusive) for the purpose of Annual General Meeting and Payment of dividend.","02-Aug-2019 12:43:00","2019-08-02 12:43:00","-","-","https://nsearchives.nseindia.com/corporate/listcontract3_02082019124218_INDIGO_127.pdf"
"INDIGO","InterGlobe Aviation Limited","Updates","InterGlobe Aviation Limited has informed the Exchange regarding 'The Board of Directors of the Company (��Board��), at its meeting held on July 20, 2019, have decided to amend the Articles of Association of the Company (��Articles��) for expanding the Board upto a maximum of 10, including 4 Independent Directors. The said amendment of the Articles will be subject to approval of the shareholders at the forthcoming Annual General Meeting of the Company.'.","21-Jul-2019 21:42:00","2019-07-21 21:42:00","-","-","https://nsearchives.nseindia.com/corporate/INDIGO_21072019214213_INDIGOII_012.pdf"
"INDIGO","InterGlobe Aviation Limited","Investor Presentation","InterGlobe Aviation Limited has informed the Exchange regarding Investor Presentation - In compliance with Regulation 30 and other applicable regulations of the Listing Regulations, please find enclosed a copy of the presentation on financial results for the quarter ended June 30, 2019, to be made to Analysts and Institutional Investors.This is for your information and record.","19-Jul-2019 16:11:00","2019-07-19 16:11:00","-","-","https://nsearchives.nseindia.com/corporate/Indigo1_19072019161032_IndigoinvestorpresenatationQ12019_210.pdf"
"INDIGO","InterGlobe Aviation Limited","Financial Result Updates","InterGlobe Aviation Limited has submitted to the Exchange, the financial results for the period ended June 30, 2019.","19-Jul-2019 16:07:32","2019-07-19 16:07:32","-","-","https://nsearchives.nseindia.com/corporate/OutcomeoftheBoardMeeting_19072019160732.zip"
"INDIGO","InterGlobe Aviation Limited","Updates","InterGlobe Aviation Limited has informed the Exchange regarding 'Pursuant to Regulation 30 of the SEBI (listing Obligations and Disclosure Requirements) Regulations, 2015, we hereby inform you that the Company has received a communication from the Ministry of Corporate Affairs, Office of Registrar of Companies, National Capital Territory of Delhi & Haryana (MCA) vide its letter dated July 17, 201 9, requiring the Company to furnish certain information/explanations pursuant toSection 206(4) of the Companies Act, 2013, in relation to complaint dated July 8, 2019  received from Mr. Rakesh Gangwal, co-founder and Director of the Company. The Company will respond to MCA within the prescribed period.'.","18-Jul-2019 18:27:00","2019-07-18 18:27:00","-","-","https://nsearchives.nseindia.com/corporate/Indigo1_18072019182634_reg30mcaletter80719_346.pdf"
"INDIGO","InterGlobe Aviation Limited","News Verification","The Exchange has sought clarification from InterGlobe Aviation Limited with respect to news item captioned ��IndiGo shareholder pact to be checked by govt for violations��. The response from the Company is attached.","12-Jul-2019 18:23:00","2019-07-12 18:23:00","-","-","https://nsearchives.nseindia.com/corporate/Indigo1_12072019172903_newsclarificationjuly122019_302.pdf"
"INDIGO","InterGlobe Aviation Limited","News Verification","The Exchange has sought clarification from InterGlobe Aviation Limited with respect to news item captioned ��IndiGo shareholder pact to be checked by govt for violations��. The response from the Company is awaited.","11-Jul-2019 18:45:00","2019-07-11 18:45:00","-","-","-"
"INDIGO","InterGlobe Aviation Limited","Updates","InterGlobe Aviation Limited has informed the Exchange regarding 'Further disclosure pursuant to sub-regulation (1) of Regulation 30 of the SEBI (Listing Obligations and Disclosure Requirements) Regulations, 2015'.","09-Jul-2019 18:19:00","2019-07-09 18:19:00","-","-","https://nsearchives.nseindia.com/corporate/Indigo1_09072019181822_INDIGO_276.pdf"
"INDIGO","InterGlobe Aviation Limited","Updates","InterGlobe Aviation Limited has informed the Exchange regarding 'Disclosure pursuant to sub-regulation (1) of Regulation 30 of the SEBI (Listing Obligations and Disclosure Requirements) Regulations 2015'.","09-Jul-2019 17:27:00","2019-07-09 17:27:00","-","-","https://nsearchives.nseindia.com/corporate/Indigo1_09072019172654_INDIGO_240.pdf"
"INDIGO","InterGlobe Aviation Limited","Related Party Transactions","InterGlobe Aviation Limited has informed the Exchange regarding Disclosure under Regulation 23(9) of the SEBI (LODR) Regulations,2015.","25-Jun-2019 19:08:00","2019-06-25 19:08:00","-","-","https://nsearchives.nseindia.com/corporate/listcontract3_256201918416_INDIGO_164.pdf"
"INDIGO","InterGlobe Aviation Limited","News Verification","The Exchange had sought clarification from Inter Globe Aviation Ltd with reference to the media report, ""IndiGo Under Safety Audit, Regulator To Look At Engine Issues"". Inter Globe Aviation Limited has informed the Exchange""In relation to your query, please note that there is currently a Directorate General of Civil Aviation (""DGCA"") audit on IndiGo which is combined with the annual main base audit. We have received a limited number of show cause notices and have responded accordingly. We also refute the reasons for the audit quoted in the news item and can confirm that our operation is run in even more stringent ways as prescribed by regulatory framework.","25-Jun-2019 12:38:00","2019-06-25 12:38:00","-","-","-"
"INDIGO","InterGlobe Aviation Limited","Allotment of ESOP/ESPS","InterGlobe Aviation Limited has informed the Exchange regarding allotment of  60475 Equity Shares under ESOP","20-Jun-2019 15:15:00","2019-06-20 15:15:00","-","-","https://nsearchives.nseindia.com/corporate/Indigo1_20062019151408_reg30200619esos_156.pdf"
"INDIGO","InterGlobe Aviation Limited","Press Release","InterGlobe Aviation Limited has informed the Exchange regarding a press release dated Jun 17, 2019, titled ""��IndiGo Places $20 Billion U.S. LEAP-1A Engine Order with CFM��"".","17-Jun-2019 19:34:00","2019-06-17 19:34:00","-","-","https://nsearchives.nseindia.com/corporate/Indigo1_17062019193400_Indigopr170619_378.pdf"
"INDIGO","InterGlobe Aviation Limited","Investor Presentation","InterGlobe Aviation Limited has informed the Exchange regarding Investor Presentation","07-Jun-2019 18:27:00","2019-06-07 18:27:00","-","-","https://nsearchives.nseindia.com/corporate/INDIGO_07062019182640_INDIGO_284.pdf"
"INDIGO","InterGlobe Aviation Limited","Allotment of ESOP/ESPS","InterGlobe Aviation Limited has informed the Exchange regarding allotment of  189490 Equity Shares under ESOP","31-May-2019 20:01:00","2019-05-31 20:01:00","-","-","https://nsearchives.nseindia.com/corporate/Indigo1_31052019195948_Reg30esos_535.pdf"
"INDIGO","InterGlobe Aviation Limited","Appointment","InterGlobe Aviation Limited has informed the Exchange regarding Appointment of Mr Wolfgang Prock Schauer as President & Chief Operating Officer  of the company w.e.f. May 27, 2019.","27-May-2019 18:57:00","2019-05-27 18:57:00","-","-","https://nsearchives.nseindia.com/corporate/INDIGO_27052019185631_COOappointment270519_515.pdf"
"INDIGO","InterGlobe Aviation Limited","Change in Auditors","InterGlobe Aviation Limited has informed the Exchange regarding Change in Auditors of the company.","27-May-2019 18:54:00","2019-05-27 18:54:00","-","-","https://nsearchives.nseindia.com/corporate/INDIGO_27052019185353_Auditorappointment270519_508.pdf"
"INDIGO","InterGlobe Aviation Limited","Financial Result Updates","InterGlobe Aviation Limited has submitted to the Exchange, the financial results for the period ended March 31, 2019.","27-May-2019 17:01:42","2019-05-27 17:01:42","-","-","https://nsearchives.nseindia.com/corporate/INDIGO_27052019170142.zip"
"INDIGO","InterGlobe Aviation Limited","Investor Presentation","InterGlobe Aviation Limited has submitted to the Exchange copy of the presentation on financial results for the financial year ended March 31, 2019, to be made to Analysts and Institutional Investors.","27-May-2019 16:58:00","2019-05-27 16:58:00","-","-","https://nsearchives.nseindia.com/corporate/listcontract1_27052019165108_Indigo_Presentation_307.pdf"
"INDIGO","InterGlobe Aviation Limited","Investor Presentation","InterGlobe Aviation Limited has informed the Exchange regarding Investor Presentation","27-May-2019 16:52:00","2019-05-27 16:52:00","-","-","https://nsearchives.nseindia.com/corporate/INDIGO_27052019165155_Investorpresentation270519_282.pdf"
"INDIGO","InterGlobe Aviation Limited","Dividend","InterGlobe Aviation Limited has informed the Exchange that Board of Directors at its meeting held on May 27, 2019, recommended Final Dividend of 5 per equity share.","27-May-2019 16:48:00","2019-05-27 16:48:00","-","-","https://nsearchives.nseindia.com/corporate/INDIGO_27052019164700_OutcomeDividend27519_263.pdf"
"INDIGO","InterGlobe Aviation Limited","Press Release","InterGlobe Aviation Limited has informed the Exchange regarding a press release dated May 18, 2019, titled ""Press Release/ Statement from our CEO"".","18-May-2019 20:39:00","2019-05-18 20:39:00","-","-","https://nsearchives.nseindia.com/corporate/Indigo1_18052019203825_Disclosurereg30Pressreleaseindigo_231.pdf"
"INDIGO","InterGlobe Aviation Limited","News Verification","The Exchange has sought clarification from InterGlobe Aviation Limited with respect to recent news item captioned Trouble in Indigo Differences crop up between co founders. The Exchange, in order to verify the accuracy or otherwise of the information reported in the media and to inform the market place so that the interest of the investors is safeguarded, had written to the company. InterGlobe Aviation Limited has submitted their response.","16-May-2019 16:54:00","2019-05-16 16:54:00","-","-","https://nsearchives.nseindia.com/corporate/Indigo1_16052019152254_INDIGO_275.pdf"
"INDIGO","InterGlobe Aviation Limited","News Verification","The Exchange has sought clarification from InterGlobe Aviation Limited with respect to recent news item captioned Trouble in Indigo Differences crop up between co founders. In this regard, Exchange have advised the Company to provide clarification/confirmation on the news item in detail including the following: a) Whether such negotiations were taking place and  b) Whether you/company are aware of any information that has not been announced to the Exchanges which could explain the aforesaid movement in the trading. The response from the company is awaited.","16-May-2019 12:14:00","2019-05-16 12:14:00","-","-","-"
"INDIGO","InterGlobe Aviation Limited","News Clarification","The Exchange has sought clarification from the Company with respect to news item captioned-��""IndiGo Under Safety Audit, Regulator To Look At Engine Issues""��. In this regard, you are advised to provide clarification/confirmation on the news item in detail including the following: a) Whether such event stated in published news were taking place? If so, you are advised to provide the said information along with the sequence of events in chronological order. b) The material impact of this article on the Company. c) Whether company are aware of any information that has not been announced to the Exchanges under Regulation 30 of Listing Regulations. If so, you are advised to provide the said information and the reasons for not disclosing the same to the Exchange earlier as required under Regulation 30 of the Listing Regulations. The response from the Company is awaited.","18-Apr-2019 17:41:00","2019-04-18 17:41:00","-","-","-"
"INDIGO","InterGlobe Aviation Limited","Disc. under Reg.30 of SEBI (SAST) Reg.2011","The Promoter along with PAC has submitted to the Exchange a copy of Annual Disclosure under Regulation 30(1) and 30(2) of SEBI (Substantial Acquisition of Shares and Takeovers), Regulations, 2011 as on March 31, 2019.","15-Apr-2019 11:42:00","2019-04-15 11:42:00","-","-","https://nsearchives.nseindia.com/corporate/listcontract1_15042019111958_interglobe_070.pdf"
"INDIGO","InterGlobe Aviation Limited","Disc. under Reg.30 of SEBI (SAST) Reg.2011","InterGlobe Enterprises Private Limited along with PAC has submitted to the Exchange a copy of Annual Disclosure under Regulation 30(1) and 30(2) of SEBI (Substantial Acquisition of Shares and Takeovers), Regulations, 2011 as on March 31, 2019","03-Apr-2019 16:05:00","2019-04-03 16:05:00","-","-","https://nsearchives.nseindia.com/corporate/listcontract1_03042019150511_INDIGO_478.pdf"
"INDIGO","InterGlobe Aviation Limited","Updates","InterGlobe Aviation Limited has informed the Exchange regarding 'Disclosure under Regulation 30(5) of the Securities and Exchange Board of India (Listing Obligations and Disclosure Requirements) Regulations, 2015'.","02-Apr-2019 17:22:00","2019-04-02 17:22:00","-","-","https://nsearchives.nseindia.com/corporate/Indigo1_02042019172155_reg30indigo_279.pdf"
"INDIGO","InterGlobe Aviation Limited","Code of Conduct under SEBI(PIT) Reg., 2015","InterGlobe Aviation Limited has informed the Exchange regarding the Code of Conduct under SEBI(PIT) Reg., 2015","28-Mar-2019 18:25:00","2019-03-28 18:25:00","-","-","https://nsearchives.nseindia.com/corporate/Indigo1_28032019182417_Indigococpit_272.pdf"
"INDIGO","InterGlobe Aviation Limited","Analysts/Institutional Investor Meet/Con. Call Updates","InterGlobe Aviation Limited has informed the Exchange regarding Analysts/Institutional Investor Meet/Con. Call Updates","04-Mar-2019 18:03:00","2019-03-04 18:03:00","-","-","https://nsearchives.nseindia.com/corporate/Indigo1_04032019180215_IndiGoinvestormeetus_065.pdf"
"INDIGO","InterGlobe Aviation Limited","Analysts/Institutional Investor Meet/Con. Call Updates","InterGlobe Aviation Limited has informed the Exchange regarding Analysts/Institutional Investor Meet/Con. Call UpdatesIn compliance of Regulation 30 of the SEBI (Listing Obligations and Disclosure Requirements) Regulations, 2015, we hereby inform you that the Company has scheduled meetings with institutional investors from February 28, 2019 to March 01, 2019 in Hong Kong","27-Feb-2019 23:11:00","2019-02-27 23:11:00","-","-","https://nsearchives.nseindia.com/corporate/INDIGO_27022019231057_DisclosureInvestorMeet_252.pdf"
"INDIGO","InterGlobe Aviation Limited","Analysts/Institutional Investor Meet/Con. Call Updates","InterGlobe Aviation Limited has informed the Exchange regarding Analysts/Institutional Investor Meet/Con. Call Updates","12-Feb-2019 16:54:00","2019-02-12 16:54:00","-","-","https://nsearchives.nseindia.com/corporate/Indigo1_12022019165322_SEIntimationInvestorsmeet_308.pdf"
"INDIGO","InterGlobe Aviation Limited","Investor Presentation","InterGlobe Aviation Limited has informed the Exchange regarding Investor Presentation","12-Feb-2019 16:50:00","2019-02-12 16:50:00","-","-","https://nsearchives.nseindia.com/corporate/Indigo1_12022019164901_DisclosureunderReg30CompanyPresentation_303.pdf"
"INDIGO","InterGlobe Aviation Limited","Appointment","InterGlobe Aviation Limited has informed the Exchange regarding Appointment of Mr Ronojoy Dutta as Chief Executive Officer of the company w.e.f. January 24, 2019.","24-Jan-2019 16:15:00","2019-01-24 16:15:00","-","-","https://nsearchives.nseindia.com/corporate/Indigo1_24012019161349_Disclosurereg30ceochairman_186.pdf"
"INDIGO","InterGlobe Aviation Limited","Appointment","InterGlobe Aviation Limited has informed the Exchange regarding Appointment of Mr Meleveetil Damodaran as Chairman of the company w.e.f. January 24, 2019. Appointment of Mr Meleveetil Damodaran as Chairman of the Board of Directors of the Company","24-Jan-2019 16:15:00","2019-01-24 16:15:00","-","-","https://nsearchives.nseindia.com/corporate/Indigo1_24012019161423_Disclosurereg30ceochairman_187.pdf"
"INDIGO","InterGlobe Aviation Limited","Change in Director(s)","InterGlobe Aviation Limited has informed the Exchange regarding Change in Director(s) of the company.","23-Jan-2019 16:29:00","2019-01-23 16:29:00","-","-","https://nsearchives.nseindia.com/corporate/Indigo1_23012019162855_reg30appoinmentdirector_182.pdf"
"INDIGO","InterGlobe Aviation Limited","Investor Presentation","InterGlobe Aviation Limited has informed the Exchange regarding Investor Presentation","23-Jan-2019 15:36:00","2019-01-23 15:36:00","-","-","https://nsearchives.nseindia.com/corporate/Indigo1_23012019153458_reg30investorpresentation_138.pdf"
"INDIGO","InterGlobe Aviation Limited","Financial Result Updates","InterGlobe Aviation Limited has submitted to the Exchange, the financial results for the period ended December 31, 2018.","23-Jan-2019 15:31:36","2019-01-23 15:31:36","-","-","https://nsearchives.nseindia.com/corporate/OutcomeofBM23012019_23012019153136.zip"
"INDIGO","InterGlobe Aviation Limited","Reply to Clarification Sought","INDIGO: The Exchange had sought clarification from InterGlobe Aviation Limited with respect to announcement dated 21-Dec-2018, regarding "" InterGlobe Aviation Limited has informed the Exchange regarding a press release dated December 21, 2018, titled ""India??s IndiGo and Turkish Airlines Announce Codeshare Agreement""."". On basis of above the Company is required to clarify following: 1. Any other disclosures related to such agreements, viz., details of nominee on the board of directors of the listed entity, potential conflict of interest arising out of such agreements, etc; 2. In case of issuance of shares to the parties, details of issue price, class of shares issued; 3. Whether the transaction would fall within related party transactions? If yes, whether the same is done at arms length ; 4. Whether, the said parties are related to promoter/promoter group/ group companies in any manner. If yes, nature of relationship; 5. Significant terms of the agreement (in brief) special rights like right to appoint directors, first right to share subscription in case of issuance of shares, right to restrict any change in capital structure etc.; 6. Shareholding, if any, in the entity with whom the agreement is executed; 7. Purpose of entering into the agreement; 8. Name(s) of parties with whom the agreement is entered; The response of the Company is attached.","27-Dec-2018 12:24:00","2018-12-27 12:24:00","-","-","https://nsearchives.nseindia.com/corporate/zrizvi_27122018122310_IndiGocalrificationcodesharedec2718_029.pdf"
"INDIGO","InterGlobe Aviation Limited","Clarification","INDIGO:The Exchange has sought clarification from InterGlobe Aviation Limited with respect to announcement dated 21-Dec-2018, regarding "" InterGlobe Aviation Limited has informed the Exchange regarding a press release dated December 21, 2018, titled ""India��s IndiGo and Turkish Airlines Announce Codeshare Agreement""."".  On basis of above the Company is required to clarify following: 1. Any other disclosures related to such agreements, viz., details of nominee on the board of directors of the listed entity, potential conflict of interest arising out of such agreements, etc;<br> 2. In case of issuance of shares to the parties, details of issue price, class of shares issued;<br> 3. Whether  the  transaction  would  fall  within  related  party  transactions?  If  yes, whether the same is done at  arms length ;<br> 4. Whether,  the  said  parties  are  related  to  promoter/promoter  group/  group companies in any manner. If yes, nature of relationship;<br> 5. Significant terms of the agreement (in brief) special rights like right to appoint directors, first right to share subscription in case of issuance of shares, right to restrict any change in capital structure etc.;<br> 6. Shareholding, if any, in the entity with whom the agreement is executed;<br> 7. Purpose of entering into the agreement;<br> 8. Name(s) of parties with whom the agreement is entered;<br>   The response of the Company is awaited.","26-Dec-2018 10:52:00","2018-12-26 10:52:00","-","-","-"
"INDIGO","InterGlobe Aviation Limited","Press Release","InterGlobe Aviation Limited has informed the Exchange regarding a press release dated December 21, 2018, titled ""India��s IndiGo and Turkish Airlines Announce Codeshare Agreement"".","21-Dec-2018 17:12:00","2018-12-21 17:12:00","-","-","https://nsearchives.nseindia.com/corporate/Indigo1_21122018171132_Indigocodesharedec21_147.pdf"
"INDIGO","InterGlobe Aviation Limited","Demise","InterGlobe Aviation Limited has informed the Exchange regarding Demise of Mr Devadas Mallya Mangalore, Chairman of the company on November 25, 2018.","25-Nov-2018 18:58:00","2018-11-25 18:58:00","-","-","https://nsearchives.nseindia.com/corporate/INDIGO_25112018185747_INDIGO_376.pdf"
"INDIGO","InterGlobe Aviation Limited","Investor Presentation","InterGlobe Aviation Limited has informed the Exchange regarding Investor Presentation","24-Oct-2018 15:51:00","2018-10-24 15:51:00","-","-","https://nsearchives.nseindia.com/corporate/Indigo1_24102018155008_Indigoinvestorpresentation300918_169.pdf"
"INDIGO","InterGlobe Aviation Limited","Financial Result Updates","InterGlobe Aviation Limited has submitted to the Exchange, the financial results for the period ended September 30, 2018.","24-Oct-2018 15:37:50","2018-10-24 15:37:50","-","-","https://nsearchives.nseindia.com/corporate/IndiGoFinancialResults300918_24102018153750.zip"
"INDIGO","InterGlobe Aviation Limited","Credit Rating","InterGlobe Aviation Limited has informed the Exchange regarding Credit Rating","17-Oct-2018 22:01:00","2018-10-17 22:01:00","-","-","https://nsearchives.nseindia.com/corporate/INDIGO_17102018215959_DisclosureCreditRating_013.pdf"
"INDIGO","InterGlobe Aviation Limited","Change in Director(s)","InterGlobe Aviation Limited has informed the Exchange regarding Change in Director(s) of the company.","17-Oct-2018 18:06:00","2018-10-17 18:06:00","-","-","https://nsearchives.nseindia.com/corporate/INDIGO_17102018180504_DisclosureunderReg30_239.pdf"
"INDIGO","InterGlobe Aviation Limited","ESOP/ESOS/ESPS","InterGlobe Aviation Limited has informed the Exchange regarding Grant of 100000  Options.","24-Aug-2018 19:12:00","2018-08-24 19:12:00","-","-","https://nsearchives.nseindia.com/corporate/INDIGO_24082018190908_INDIGO_379.pdf"
"INDIGO","InterGlobe Aviation Limited","Shareholders meeting","InterGlobe Aviation Limited has informed the Exchange regarding Proceedings of Annual General Meeting held on August 10, 2018. Further, the company has submitted the Exchange a copy of Srutinizers report along with voting results.","10-Aug-2018 19:30:00","2018-08-10 19:30:00","-","-","https://nsearchives.nseindia.com/corporate/AGMoutcomense11718_10082018193017_196.zip"
"INDIGO","InterGlobe Aviation Limited","Investor Presentation","InterGlobe Aviation Limited has informed the Exchange regarding Investor Presentation","30-Jul-2018 16:04:00","2018-07-30 16:04:00","-","-","https://nsearchives.nseindia.com/corporate/Investorpresentation300718_30072018160436_967.zip"
"INDIGO","InterGlobe Aviation Limited","Financial Result Updates","InterGlobe Aviation Limited has submitted to the Exchange, the financial results for the period ended June 30, 2018.","30-Jul-2018 16:01:42","2018-07-30 16:01:42","-","-","https://nsearchives.nseindia.com/corporate/OutcomeBM300718_30072018160142.zip"
"INDIGO","InterGlobe Aviation Limited","News Clarification","The Exchange had sought clarification from the Company with respect to news item captioned IndiGo grounds five A320 aircraft in Delhi. The response from the Company is attached.","27-Jul-2018 09:08:00","2018-07-27 09:08:00","-","-","https://nsearchives.nseindia.com/corporate/INDIGO_27072018090435_27072018090756.zip"
"INDIGO","InterGlobe Aviation Limited","Reply to Clarification Sought","The Exchange had sought clarification from the Company with respect to news item captioned IndiGo grounds five A320 aircraft in Delhi. In this regard, Exchange has advised the Company to provide clarification/confirmation on the news item in detail including the following: a) Whether such event/negotiations/article stated in published news were taking place? If so, you are advised to provide the said information along with the sequence of events in chronological order and the material impact of this article on the Company. b) Whether company is aware of any information that has not been announced to the Exchanges under regulation 30 of Listing Regulations. The response from the Company is attached.","25-Jul-2018 19:49:00","2018-07-25 19:49:00","-","-","https://nsearchives.nseindia.com/corporate/Clarificationonnewsitem_25072018194902_763.zip"
"INDIGO","InterGlobe Aviation Limited","News Clarification","The Exchange has sought clarification from the Company with respect to news item captioned IndiGo grounds five A320 aircraft in Delhi In this regard, Exchange has advised the Company to provide clarification/confirmation on the news item in detail including the following: a) Whether such event/negotiations/article stated in published news were taking place? If so, you are advised to provide the said information along with the sequence of events in chronological order and the material impact of this article on the Company. b) Whether company is aware of any information that has not been announced to the Exchanges under regulation 30 of Listing Regulations. The response from the Company is awaited.","25-Jul-2018 15:50:00","2018-07-25 15:50:00","-","-","-"
"INDIGO","InterGlobe Aviation Limited","Updates","InterGlobe Aviation Limited has informed the Exchange regarding 'newspaper advertisement published in Financial Express (English) �� All Editions and Jansatta (Hindi) - Delhi Edition on July 18, 2018, containing prescribed details relating to dispatch of the Notice of the Annual General Meeting along with Annual Report for FY 2017-18 and availability of e-voting facility to the shareholders.'.","18-Jul-2018 15:42:00","2018-07-18 15:42:00","-","-","https://nsearchives.nseindia.com/corporate/newspaperaddindigo_18072018154217_169.zip"
"INDIGO","InterGlobe Aviation Limited","Book Closure","InterGlobe Aviation Limited has informed the Exchange that the Register of Members and Share Transfer Books of the Company shall remain closed from August 4, 2018 to August 10, 2018 (both days inclusive) for the purpose of payment of dividend and Annual General Meeting","13-Jul-2018 15:55:00","2018-07-13 15:55:00","-","-","https://nsearchives.nseindia.com/corporate/IndiGocorporateactionNSE_13072018155529_175.zip"
"INDIGO","InterGlobe Aviation Limited","Shareholders meeting","InterGlobe Aviation Limited has informed the Exchange regarding Notice of Annual General Meeting to be held on August 10, 2018","13-Jul-2018 14:25:00","2018-07-13 14:25:00","-","-","https://nsearchives.nseindia.com/corporate/IndiGonoticeofagm_13072018142559_135.zip"
"INDIGO","InterGlobe Aviation Limited","Updates","InterGlobe Aviation Limited has informed the Exchange regarding 'Pursuant to Regulation 33(3)(b)(i) of the Securities and Exchange Board of India (Listing Obligations and Disclosure Requirements) Regulations, 2015 (the ��Listing Regulations��), we hereby inform you that the Company has opted not to additionally submit quarterly/ year-to-date consolidated financial results for the financial year 2018-19.  '.","29-Jun-2018 13:31:00","2018-06-29 13:31:00","-","-","https://nsearchives.nseindia.com/corporate/IndiGoreg33290618_29062018133144_110.zip"
"INDIGO","InterGlobe Aviation Limited","Updates","InterGlobe Aviation Limited has informed the Exchange regarding the news being telecast on various news channels stating ED summons top management of IndiGo Airlines for FEMA.","20-Jun-2018 16:50:00","2018-06-20 16:50:00","-","-","https://nsearchives.nseindia.com/corporate/INDIGOnewsclarification_20062018165004_362.zip"
"INDIGO","InterGlobe Aviation Limited","Credit Rating","InterGlobe Aviation Limited has informed the Exchange regarding Credit Rating","14-Jun-2018 11:51:00","2018-06-14 11:51:00","-","-","https://nsearchives.nseindia.com/corporate/IndiGocreditrating_14062018115134_043.zip"
"INDIGO","InterGlobe Aviation Limited","News Clarification","The Exchange had sought clarification from the Company with respect to news item captioned ""Sebi probes plunge in IndiGo shares"". The response from the Company is enclosed.","03-May-2018 17:16:00","2018-05-03 17:16:00","-","-","https://nsearchives.nseindia.com/corporate/INDIGO030518_03052018171624_160.zip"
"INDIGO","InterGlobe Aviation Limited","News Clarification","The Exchange has sought clarification from the Company with respect to news item captionedSebi probes plunge in IndiGo sharesIn this regard, Exchange has advised the Company to provide clarification/confirmation on the news item in detail including the following: a) Whether such event/negotiations/article stated in published news were taking place? If so, you are advised to provide the said information along with the sequence of events in chronological order and the material impact of this article on the Company. b) Whether company is aware of any information that has not been announced to the Exchanges under regulation 30 of Listing Regulations. The response from the Company is awaited.","03-May-2018 10:12:00","2018-05-03 10:12:00","-","-","-"
"INDIGO","InterGlobe Aviation Limited","Outcome of Board Meeting","InterGlobe Aviation Limited has informed the Exchange regarding Outcome of Board Meeting held on May 02, 2018.","02-May-2018 16:31:00","2018-05-02 16:31:00","-","-","https://nsearchives.nseindia.com/corporate/INDIGO_02052018163114.zip"
"INDIGO","InterGlobe Aviation Limited","Dividend","InterGlobe Aviation Limited has informed the Exchange that Board of Directors at its meeting held on May 02, 2018, recommended Final Dividend of 6 per equity share.","02-May-2018 16:30:00","2018-05-02 16:30:00","-","-","https://nsearchives.nseindia.com/corporate/INDIGO539448_02052018163043_339.zip"
"INDIGO","InterGlobe Aviation Limited","Investor Presentation","InterGlobe Aviation Limited has informed the Exchange regarding Investor Presentation","02-May-2018 16:05:00","2018-05-02 16:05:00","-","-","https://nsearchives.nseindia.com/corporate/INDIGO_02052018160534_300.zip"
"INDIGO","InterGlobe Aviation Limited","Financial Result Updates","InterGlobe Aviation Limited has submitted to the Exchange, the financial results for the period ended March 31, 2018.","02-May-2018 15:59:36","2018-05-02 15:59:36","-","-","https://nsearchives.nseindia.com/corporate/INDIGO_02052018155936.zip"
"INDIGO","InterGlobe Aviation Limited","Change in Director(s)","InterGlobe Aviation Limited has informed the Exchange regarding Change in Director(s) of the company.","27-Apr-2018 19:43:00","2018-04-27 19:43:00","-","-","https://nsearchives.nseindia.com/corporate/INDIGO_27042018194306_337.zip"
"INDIGO","InterGlobe Aviation Limited","Disc. under Reg.30 of SEBI (SAST) Reg.2011","Rakesh Gangwal has submitted to the Exchange a copy of disclosure under Regulation 30(2) of SEBI (Substantial Acquisition of Shares & Takeovers) Regulations, 2011.","11-Apr-2018 15:03:00","2018-04-11 15:03:00","-","-","https://nsearchives.nseindia.com/corporate/InterGlobe_letter_11042018142054.zip"
"INDIGO","InterGlobe Aviation Limited","Updates","InterGlobe Aviation Limited has informed the Exchange regarding 'In response to queries from Investors regarding lndiGo's Involvement In the upcoming divestiture of Air India , lndiGo put out the attached statement today'.","05-Apr-2018 20:13:00","2018-04-05 20:13:00","-","-","https://nsearchives.nseindia.com/corporate/INDIGO_05042018201306_722.zip"
"INDIGO","InterGlobe Aviation Limited","News Clarification","The Exchange had sought clarification from the Company with respect to news item captioned ""IndiGo staff go on strike at Varanasi airport"". The response from the Company is enclosed.","05-Apr-2018 15:04:00","2018-04-05 15:04:00","-","-","https://nsearchives.nseindia.com/corporate/INDIGO_05042018150413_287.zip"
"INDIGO","InterGlobe Aviation Limited","Disc. under Reg.30 of SEBI (SAST) Reg.2011","InterGlobe Enterprises Private Limited has submitted to the Exchange a copy of disclosure under Regulation 30(1) and 30(2) of SEBI (Substantial Acquisition of Shares & Takeovers) Regulations, 2011.","04-Apr-2018 13:25:00","2018-04-04 13:25:00","-","-","https://nsearchives.nseindia.com/corporate/INTERGLOBE_04042018132502.zip"
"INDIGO","InterGlobe Aviation Limited","News Clarification","The Exchange has sought clarification from the Company with respect to news item captioned- "" IndiGo staff go on strike at Varanasi airport""  In this regard, Exchange has advised the Company to provide clarification/confirmation on the news item in detail including the following: a) Whether such event/negotiations/article stated in published news were taking place? If so, you are advised to provide the said information along with the sequence of events in chronological order and the material impact of this article on the Company. b) Whether company is aware of any information that has not been announced to the Exchanges under regulation 30 of Listing Regulations. The response from the Company is awaited.","04-Apr-2018 13:12:00","2018-04-04 13:12:00","-","-","-"
"INDIGO","InterGlobe Aviation Limited","News Clarification","The Exchange had sought clarification from the Company with respect to news item captioned ""IndiGo Flies into more engine woes"". The response from the Company is enclosed.","21-Mar-2018 11:58:00","2018-03-21 11:58:00","-","-","https://nsearchives.nseindia.com/corporate/INDIGO_21032018115821_200.zip"
"INDIGO","InterGlobe Aviation Limited","News Clarification","The Exchange has sought clarification from the Company with respect to news item captioned- ""IndiGo Flies into more engine woes"" In this regard, Exchange has advised the Company to provide clarification/confirmation on the news item in detail including the following: a) Whether such event/negotiations/article stated in published news were taking place? If so, you are advised to provide the said information along with the sequence of events in chronological order and the material impact of this article on the Company. b) Whether company is aware of any information that has not been announced to the Exchanges under regulation 30 of Listing Regulations. The response from the Company is awaited.","20-Mar-2018 16:06:00","2018-03-20 16:06:00","-","-","-"
"INDIGO","InterGlobe Aviation Limited","Allotment of ESOP/ESPS","InterGlobe Aviation Limited has informed the Exchange regarding allotment of  93780 Equity Shares under ESOP","19-Mar-2018 17:40:00","2018-03-19 17:40:00","-","-","https://nsearchives.nseindia.com/corporate/INDIGO_19032018174004_819.zip"
"INDIGO","InterGlobe Aviation Limited","News Clarification","The Exchange had sought clarification from the Company with respect to news item captioned- ""IndiGo cancels 47 flights after DGCA grounds planes with faulty engines"" In this regard, Exchange has advised the Company to provide clarification/confirmation on the news item in detail including the following: a) Whether such event/negotiations/article stated in published news were taking place? If so, you are advised to provide the said information along with the sequence of events in chronological order and the material impact of this article on the Company. b) Whether company is aware of any information that has not been announced to the Exchanges under regulation 30 of Listing Regulations. The response from the Company is enclosed.","13-Mar-2018 14:20:00","2018-03-13 14:20:00","-","-","https://nsearchives.nseindia.com/corporate/INDIGO_13032018142011_881.zip"
"INDIGO","InterGlobe Aviation Limited","News Clarification","The Exchange had sought clarification from the Company with respect to news item captioned- "" DGCA grounds few A320 neo, grounds 8 Indigo and 3 GoAir planes, DGCA asks IndiGo, GoAir to ground planes till further notice."" In this regard, Exchange has advised the Company to provide clarification/confirmation on the news item in detail including the following: a) Whether such event/negotiations/article stated in published news were taking place? If so, you are advised to provide the said information along with the sequence of events in chronological order and the material impact of this article on the Company. b) Whether company is aware of any information that has not been announced to the Exchanges under regulation 30 of Listing Regulations. The response from the Company is enclosed.","13-Mar-2018 14:18:00","2018-03-13 14:18:00","-","-","https://nsearchives.nseindia.com/corporate/INDIGO_13032018141851_880.zip"
"INDIGO","InterGlobe Aviation Limited","News Clarification","The Exchange has sought clarification from the Company with respect to news item captioned- ""IndiGo cancels 47 flights after DGCA grounds planes with faulty engines"" In this regard, Exchange has advised the Company to provide clarification/confirmation on the news item in detail including the following: a) Whether such event/negotiations/article stated in published news were taking place? If so, you are advised to provide the said information along with the sequence of events in chronological order and the material impact of this article on the Company. b) Whether company is aware of any information that has not been announced to the Exchanges under regulation 30 of Listing Regulations. The response from the Company is awaited.","13-Mar-2018 10:34:00","2018-03-13 10:34:00","-","-","-"
"INDIGO","InterGlobe Aviation Limited","News Clarification","The Exchange has sought clarification from the Company with respect to news item captioned- "" DGCA grounds few A320 neo, grounds 8 Indigo and 3 GoAir planes, DGCA asks IndiGo, GoAir to ground planes till further notice."" In this regard, Exchange has advised the Company to provide clarification/confirmation on the news item in detail including the following: a) Whether such event/negotiations/article stated in published news were taking place? If so, you are advised to provide the said information along with the sequence of events in chronological order and the material impact of this article on the Company. b) Whether company is aware of any information that has not been announced to the Exchanges under regulation 30 of Listing Regulations. The response from the Company is awaited.","12-Mar-2018 17:54:00","2018-03-12 17:54:00","-","-","-"
"INDIGO","InterGlobe Aviation Limited","News Clarification","The Exchange had sought clarification from the Company with respect to news item captioned ""CCI Imposes Penalty Of Rs 40 Cr Against Jetairways, Rs 10 Cr Against InterGlobe Aviation & Rs 5 Cr Against For flyspicejet 'Concerted Action' In Fixing Fuel Surcharge On Cargo Transport"". The response from the Company is enclosed.","08-Mar-2018 16:45:00","2018-03-08 16:45:00","-","-","https://nsearchives.nseindia.com/corporate/INDIGO_08032018164541_134.zip"
"INDIGO","InterGlobe Aviation Limited","News Clarification","The Exchange has sought clarification from the Company with respect to news item captioned - CCI Imposes Penalty Of Rs 40 Cr Against Jetairways, Rs 10 Cr Against InterGlobe Aviation & Rs 5 Cr Against For flyspicejet 'Concerted Action' In Fixin In this regard, Exchange has advised the Company to provide clarification/confirmation on the news item in detail including the following: a) Whether such event/negotiations/article stated in published news were taking place? If so, you are advised to provide the said information along with the sequence of events in chronological order and the material impact of this article on the Company. b) Whether company is aware of any information that has not been announced to the Exchanges under regulation 30 of Listing Regulations. The response from the Company is awaited.","07-Mar-2018 19:21:00","2018-03-07 19:21:00","-","-","-"
"INDIGO","InterGlobe Aviation Limited","Updates","InterGlobe Aviation Limited has informed the Exchange regarding 'Disclosure under Regulation 30 of the Securities and Exchange Board of India (Listing Obligations and Disclosure Requirements) Regulations, 2015'.","12-Feb-2018 08:11:00","2018-02-12 08:11:00","-","-","https://nsearchives.nseindia.com/corporate/INDIGO_12022018081132_783.zip"
"INDIGO","InterGlobe Aviation Limited","Updates","InterGlobe Aviation Limited has informed the Exchange regarding 'Pursuant to Regulation 30 of the SEBI (Listing Obligations and Disclosure Requirements) Regulations, 2015, we wish to inform you that InterGlobe Aviation Limited (the ��Company��) has decided to appoint Mr. Wolfgang Prock-Schauer as the Chief Operating Officer of the Company, subject to necessary regulatory approvals.'.","30-Jan-2018 16:17:00","2018-01-30 16:17:00","-","-","https://nsearchives.nseindia.com/corporate/INDIGO_30012018161759_331.zip"
"INDIGO","InterGlobe Aviation Limited","Investor Presentation","InterGlobe Aviation Limited has informed the Exchange regarding Investor Presentation","24-Jan-2018 15:45:00","2018-01-24 15:45:00","-","-","https://nsearchives.nseindia.com/corporate/INDIGO_24012018154532_287.zip"
"INDIGO","InterGlobe Aviation Limited","Financial Result Updates","InterGlobe Aviation Limited has submitted to the Exchange, the financial results for the period ended December 31, 2017.","24-Jan-2018 15:22:21","2018-01-24 15:22:21","-","-","https://nsearchives.nseindia.com/corporate/INDIGO_24012018152221.zip"
"INDIGO","InterGlobe Aviation Limited","News Clarification","The Exchange had sought clarification from the Company with respect to news item captioned  Show-cause notice to IndiGo in manhandling case . In this regard, Exchange has advised the Company to provide clarification/confirmation on the news item in detail including the following: a) Whether such event/negotiations/article stated in published news were taking place? If so, you are advised to provide the said information along with the sequence of events in chronological order and the material impact of this article on the Company. b) Whether company is aware of any information that has not been announced to the Exchanges under regulation 30 of Listing Regulations. The response from the Company is enclosed.","21-Dec-2017 19:22:00","2017-12-21 19:22:00","-","-","https://nsearchives.nseindia.com/corporate/INDIGO_21122017192231_986.zip"
"INDIGO","InterGlobe Aviation Limited","News Clarification","The Exchange has sought clarification from the Company with respect to news item captioned ��Show-cause notice to IndiGo in manhandling case��. In this regard, Exchange has advised the Company to provide clarification/confirmation on the news item in detail including the following: a) Whether such event/negotiations/article stated in published news were taking place? If so, you are advised to provide the said information along with the sequence of events in chronological order and the material impact of this article on the Company. b) Whether company is aware of any information that has not been announced to the Exchanges under regulation 30 of Listing Regulations. The response from the Company is awaited.","21-Dec-2017 13:25:00","2017-12-21 13:25:00","-","-","-"
"INDIGO","InterGlobe Aviation Limited","Updates","InterGlobe Aviation Limited has informed the Exchange regarding ""Proposed Offer for Sale of equity shares of InterGlobe Aviation Limited (the ""Company"") by Acquire Services Private Limited (""Acquire"") and IGE (Mauritius) Private Limited (""IGE"") (Acquire and IGE are together referred to as the ""Sellers""), through the stock exchange mechanism (""Issue"")"".","12-Dec-2017 19:56:00","2017-12-12 19:56:00","-","-","https://nsearchives.nseindia.com/corporate/INDIGO_12122017195634_701.zip"
"INDIGO","InterGlobe Aviation Limited","Offer For Sale-Stock Exchange Mechanism","Acquire Services Private Limited and IGE (Mauritius) Private Limited has submitted to the Exchange, an announcement with respect to offer for sale through Stock Exchange Mechanism for sale upto 7952807 and 3240000 equity shares of the Company (InterGlobe Aviation Limited) respectively .Date and time of the opening of the offer for Non-Retail Investors : December 13, 2017 9:15 a.m Date and time of the closing of the offer for Non-Retail Investors: December 13, 2017 at 3:30 p.m.; Date and time of the opening of the offer for Retail Investors: December 14, 2017 at 9:15 a.m Date and time of the closing of the offer for Retail Investors: December 14, 2017 at 3:30 p.m Floor Price for the offer shall be Rs 1,130/- per equity share.","12-Dec-2017 16:53:00","2017-12-12 16:53:00","-","-","https://nsearchives.nseindia.com/corporate/INTEGLOBE_12122017165300.zip"
"INDIGO","InterGlobe Aviation Limited","Updates","InterGlobe Aviation Limited has informed the Exchange regarding 'Clarification with respect to Disclosure under Regulation 30 of the Securities and Exchange Board of India ( Listing Obligations and Disclosure Requirements) Regulations, 2015.'.","01-Dec-2017 14:39:00","2017-12-01 14:39:00","-","-","https://nsearchives.nseindia.com/corporate/INDIGO_01122017143951_504.zip"
"INDIGO","InterGlobe Aviation Limited","Updates","InterGlobe Aviation Limited has informed the Exchange regarding 'Disclosure under Regulation 30 of the Securities and Exchange Board of India ( Listing Obligations and Disclosure Requirements) Regulations, 2015.'.","30-Nov-2017 19:24:00","2017-11-30 19:24:00","-","-","https://nsearchives.nseindia.com/corporate/indigo_30112017192437_336.zip"
"INDIGO","InterGlobe Aviation Limited","Disclosure under SEBI Takeover Regulations","Acquire Services Private Limited has submitted to the Exchange, vide letter dated November 30, 2017 a copy of disclosure under Regulation 10(6) in respect of acquisition under Regulation 10 of SEBI (Substantial Acquisition of Shares & Takeovers) Regulations, 2011.","30-Nov-2017 17:03:00","2017-11-30 17:03:00","-","-","https://nsearchives.nseindia.com/corporate/Acquire_10_30112017170354.zip"
"INDIGO","InterGlobe Aviation Limited","Allotment of ESOP/ESPS","InterGlobe Aviation Limited has informed the Exchange regarding allotment of  242893 Equity Shares under ESOP","28-Nov-2017 11:59:00","2017-11-28 11:59:00","-","-","https://nsearchives.nseindia.com/corporate/INDIGO_28112017115905_336.zip"
"INDIGO","InterGlobe Aviation Limited","Shareholders meeting","InterGlobe Aviation Limited has submitted the Exchange a copy Srutinizers report of  Postal Ballot. Further, the company has informed the Exchange regarding voting results.","15-Nov-2017 17:33:00","2017-11-15 17:33:00","-","-","https://nsearchives.nseindia.com/corporate/INDIGO_15112017173306_602.zip"
"INDIGO","InterGlobe Aviation Limited","Investor Presentation","InterGlobe Aviation Limited has informed the Exchange regarding Investor Presentation","31-Oct-2017 15:51:00","2017-10-31 15:51:00","-","-","https://nsearchives.nseindia.com/corporate/INDIGO_31102017155100_688.zip"
"INDIGO","InterGlobe Aviation Limited","Financial Result Updates","InterGlobe Aviation Limited has submitted to the Exchange, the financial results for the period ended September 30, 2017.","31-Oct-2017 15:44:15","2017-10-31 15:44:15","-","-","https://nsearchives.nseindia.com/corporate/INDIGO_31102017154415.zip"
"INDIGO","InterGlobe Aviation Limited","Outcome of Board Meeting","InterGlobe Aviation Limited has informed the Exchange regarding Outcome of Board Meeting held on October 20, 2017.","23-Oct-2017 08:37:00","2017-10-23 08:37:00","-","-","https://nsearchives.nseindia.com/corporate/INDIGO_23102017083711_606.zip"
"INDIGO","InterGlobe Aviation Limited","Updates","InterGlobe Aviation Limited has informed the Exchange regarding 'In compliance with Regulation 30 and other applicable regulations of the Securities and Exchange Board of India (Listing Obligations and Disclosure Requirements) Regulations, 2015 and further to our letter no. IGAL/SECT/10-17/06 dated October 13, 2017 regarding ��Notice of Postal Ballot along with Postal Ballot Form��, please find enclosed herewith a copy each of the newspaper clipping of the advertisements published in this connection, on October 17, 2017 in the following Newspapers:�� &#61656; Financial Express (English) �� All Editions; and�� &#61656; Jan Satta (Hindi)-Delhi Edition.'.","17-Oct-2017 15:59:00","2017-10-17 15:59:00","-","-","https://nsearchives.nseindia.com/corporate/INDIGO_17102017155907_979.zip"
"INDIGO","InterGlobe Aviation Limited","Shareholders meeting","InterGlobe Aviation Limited has informed the Exchange regarding Notice of Postal Ballot","13-Oct-2017 16:52:00","2017-10-13 16:52:00","-","-","https://nsearchives.nseindia.com/corporate/Indigo_13102017165224.zip"
"INDIGO","InterGlobe Aviation Limited","Meeting Updates","InterGlobe Aviation Limited has informed the Exchange regarding Outcome of the meeting of the 'Issue of Securities Committee' of the Board of Directors of InterGlobe Aviation Limited.","21-Sep-2017 15:41:00","2017-09-21 15:41:00","-","-","https://nsearchives.nseindia.com/corporate/INDIGO_21092017154124_155.zip"
"INDIGO","InterGlobe Aviation Limited","Meeting Updates","InterGlobe Aviation Limited has informed the Exchange regarding Outcome of the Meeting of the Issue of Securities Committee of the Board of Directors of the Interglobe Aviation Limited.","18-Sep-2017 20:01:00","2017-09-18 20:01:00","-","-","https://nsearchives.nseindia.com/corporate/INDIGO_18092017200100_076.zip"
"INDIGO","InterGlobe Aviation Limited","Committee Meeting Updates","InterGlobe Aviation Limited has informed the Exchange regarding Committee Meeting to be held on September 18, 2017.","13-Sep-2017 18:47:00","2017-09-13 18:47:00","-","-","https://nsearchives.nseindia.com/corporate/INDIGO_13092017184733.zip"
"INDIGO","InterGlobe Aviation Limited","Institutional Placement Programme","InterGlobe Aviation Limited has informed the Exchange that the Issue of Securities Committee (the Committee ) of the Board of Directors at its meeting held on September 13, 2017, inter alia, passed the following resolutions: Finalised that the Issue will open and close on the same date (i.e.) September 15, 2017; Approved the price band for the Issue as Rs. 1125/- to Rs. 1175/- per equity share in accordance with Regulation 91F and other applicable provisions of the SEBI ICDR Regulations.","13-Sep-2017 18:42:00","2017-09-13 18:42:00","-","-","https://nsearchives.nseindia.com/corporate/INDIGO_13092017184243_736.zip"
"INDIGO","InterGlobe Aviation Limited","Committee Meeting Updates","InterGlobe Aviation Limited has informed the Exchange regarding Outcome of Committee Meeting held on September 11, 2017.","12-Sep-2017 08:34:00","2017-09-12 08:34:00","-","-","https://nsearchives.nseindia.com/corporate/INDIGO_12092017083440.zip"
"INDIGO","InterGlobe Aviation Limited","Shareholders meeting","InterGlobe Aviation Limited has informed the Exchange regarding voting results of  Annual General Meeting held on August 28, 2017","28-Aug-2017 20:21:00","2017-08-28 20:21:00","-","-","https://nsearchives.nseindia.com/corporate/INDIGO_28082017202109_158.zip"
"INDIGO","InterGlobe Aviation Limited","Analysts/Institutional Investor Meet/Con. Call Updates","InterGlobe Aviation Limited has informed the Exchange regarding Analysts/Institutional Investor Meet/Con. Call Updates","28-Aug-2017 19:42:00","2017-08-28 19:42:00","-","-","https://nsearchives.nseindia.com/corporate/INDIGO_28082017194217_152.zip"
"INDIGO","InterGlobe Aviation Limited","Shareholders meeting","InterGlobe Aviation Limited has submitted the Exchange a copy Srutinizers report of  Annual General Meeting held on August 28, 2017","28-Aug-2017 19:37:00","2017-08-28 19:37:00","-","-","https://nsearchives.nseindia.com/corporate/INDIGO_28082017193736_150.zip"
"INDIGO","InterGlobe Aviation Limited","Shareholders meeting","InterGlobe Aviation Limited has informed the Exchange regarding Proceedings of Annual General Meeting held on August 28, 2017","28-Aug-2017 19:33:00","2017-08-28 19:33:00","-","-","https://nsearchives.nseindia.com/corporate/INDIGO_28082017193304_149.zip"
"INDIGO","InterGlobe Aviation Limited","News Clarification","The Exchange had sought clarification from the Company with respect to news item captioned ""Pratt & Whitney engine issues force IndiGo to cancel 84 flights & 13 A320neo aircraft"". The response from the Company is attached.","21-Aug-2017 08:42:00","2017-08-21 08:42:00","-","-","https://nsearchives.nseindia.com/corporate/INDIGO_21082017084223_436.zip"
"INDIGO","InterGlobe Aviation Limited","News Clarification","The Exchange has sought clarification from the Company with respect to news item captioned ""Pratt & Whitney engine issues force IndiGo to cancel 84 flights & 13 A320neo aircraft"". In this regard, Exchange has advised the Company to provide clarification/confirmation on the news item in detail including the following: a) Whether such event/negotiations/article stated in published news were taking place? If so, you are advised to provide the said information along with the sequence of events in chronological order and the material impact of this article on the Company. b) Whether company is aware of any information that has not been announced to the Exchanges under regulation 30 of Listing Regulations. The response from the Company is awaited.","18-Aug-2017 19:37:00","2017-08-18 19:37:00","-","-","-"
"INDIGO","InterGlobe Aviation Limited","Analysts/Institutional Investor Meet/Con. Call Updates","InterGlobe Aviation Limited has informed the Exchange regarding Analysts/Institutional Investor Meet/Con. Call Updates","17-Aug-2017 18:27:00","2017-08-17 18:27:00","-","-","https://nsearchives.nseindia.com/corporate/INDIGO_17082017182729_233.zip"
"INDIGO","InterGlobe Aviation Limited","Shareholders meeting","InterGlobe Aviation Limited has informed the Exchange regarding Notice of Annual General Meeting to be held on August 28, 2017","07-Aug-2017 13:00:00","2017-08-07 13:00:00","-","-","https://nsearchives.nseindia.com/corporate/INDIGO_07082017130054_113.zip"
"INDIGO","InterGlobe Aviation Limited","Allotment of ESOP/ESPS","InterGlobe Aviation Limited has informed the Exchange regarding allotment of  85236 Equity Shares under ESOP","03-Aug-2017 18:51:00","2017-08-03 18:51:00","-","-","https://nsearchives.nseindia.com/corporate/INDIGO_03082017185124_629.zip"
"INDIGO","InterGlobe Aviation Limited","Analysts/Institutional Investor Meet/Con. Call Updates","InterGlobe Aviation Limited has informed the Exchange regarding Analysts/Institutional Investor Meet/Con. Call Updates","03-Aug-2017 16:58:00","2017-08-03 16:58:00","-","-","https://nsearchives.nseindia.com/corporate/INDIGO_03082017165848_451.zip"
"INDIGO","InterGlobe Aviation Limited","Shareholders meeting","InterGlobe Aviation Limited has informed the Exchange regarding Notice of Annual General Meeting to be held on August 28, 2017","02-Aug-2017 16:13:00","2017-08-02 16:13:00","-","-","https://nsearchives.nseindia.com/corporate/INDIGO_02082017161349_380.zip"
"INDIGO","InterGlobe Aviation Limited","AGM/Book Closure","InterGlobe Aviation Limited has informed the Exchange that the Register of Members and Share Transfer Books of the Company shall remain closed from August 22, 2017 to August 28, 2017 (both days inclusive) for the purpose of payment of final dividend and Annual General Meeting of the Company to be held on August 28, 2017.","01-Aug-2017 10:53:00","2017-08-01 10:53:00","-","-","https://nsearchives.nseindia.com/corporate/INDIGO_01082017105333_874.zip"
"INDIGO","InterGlobe Aviation Limited","Updates","InterGlobe Aviation Limited has informed the Exchange regarding Company presentation for August 2017.","01-Aug-2017 08:29:00","2017-08-01 08:29:00","-","-","https://nsearchives.nseindia.com/corporate/INDIGO_01082017082923_807.zip"
"INDIGO","InterGlobe Aviation Limited","Outcome of Board Meeting","InterGlobe Aviation Limited has informed the Exchange regarding Outcome of Board Meeting held on July 31, 2017.","31-Jul-2017 16:03:00","2017-07-31 16:03:00","-","-","https://nsearchives.nseindia.com/corporate/INDIGO_31072017160348.zip"
"INDIGO","InterGlobe Aviation Limited","Analysts/Institutional Investor Meet/Con. Call Updates","InterGlobe Aviation Limited has informed the Exchange regarding Analysts/Institutional Investor Meet/Con. Call Updates","31-Jul-2017 15:55:00","2017-07-31 15:55:00","-","-","https://nsearchives.nseindia.com/corporate/INDIGO_31072017155555_450.zip"
"INDIGO","InterGlobe Aviation Limited","Financial Result Updates","InterGlobe Aviation Limited has submitted to the Exchange, the financial results for the period ended June 30, 2017.","31-Jul-2017 15:40:18","2017-07-31 15:40:18","-","-","https://nsearchives.nseindia.com/corporate/INDIGO_31072017154018.zip"
"INDIGO","InterGlobe Aviation Limited","Analysts/Institutional Investor Meet/Con. Call Updates","InterGlobe Aviation Limited has informed the Exchange regarding Analysts/Institutional Investor Meet/Con. Call Updates","03-Jul-2017 07:59:00","2017-07-03 07:59:00","-","-","https://nsearchives.nseindia.com/corporate/INDIGO_03072017075936_238.zip"
"INDIGO","InterGlobe Aviation Limited","News Verification","The Exchange has sought clarification from InterGlobe Aviation Limited with respect to recent news item captioned ""Indigo gives expression of interest for Air India"". The Exchange, in order to verify the accuracy or otherwise of the information reported in the media and to inform the market place so that the interest of the investors is safeguarded, had written to the company. InterGlobe Aviation Limited has submitted their response.","30-Jun-2017 08:13:00","2017-06-30 08:13:00","-","-","https://nsearchives.nseindia.com/corporate/Clarification_on_Published_News_30062017081351.zip"
"INDIGO","InterGlobe Aviation Limited","News Verification","The Exchange has sought clarification from InterGlobe Aviation Limited with respect to recent news item captioned ""Indigo gives expression of interest for Air India"". In this regard, Exchange have advised the Company to provide clarification/confirmation on the news item in detail including the following: a) Whether such negotiations were taking place and  b) Whether you/company are aware of any information that has not been announced to the Exchanges which could explain the aforesaid movement in the trading. The response from the company is awaited.","29-Jun-2017 14:53:00","2017-06-29 14:53:00","-","-","-"
"INDIGO","InterGlobe Aviation Limited","Allotment of ESOP/ESPS","InterGlobe Aviation Limited has informed the Exchange regarding allotment of  130952 Equity Shares under ESOP","02-Jun-2017 19:23:00","2017-06-02 19:23:00","-","-","https://nsearchives.nseindia.com/corporate/INDIGO_02062017192314_378.zip"
"INDIGO","InterGlobe Aviation Limited","Statement of deviation(s) or variation(s) under Reg. 32","InterGlobe Aviation Limited has informed the Exchange regarding Statement of deviation(s) or variation(s) under Reg. 32 of SEBI (LODR) Regulations 2015","09-May-2017 16:36:00","2017-05-09 16:36:00","-","-","https://nsearchives.nseindia.com/corporate/INDIGO_09052017163643_606.zip"
"INDIGO","InterGlobe Aviation Limited","Investor Presentation","InterGlobe Aviation Limited has informed the Exchange regarding Investor Presentation","09-May-2017 16:33:00","2017-05-09 16:33:00","-","-","https://nsearchives.nseindia.com/corporate/INDIGO_09052017163345_603.zip"
"INDIGO","InterGlobe Aviation Limited","Dividend","InterGlobe Aviation Limited has informed the Exchange that Board of Directors at its meeting held on May 09, 2017, recommended Final Dividend of Rs. 34 per equity share.","09-May-2017 16:17:00","2017-05-09 16:17:00","-","-","https://nsearchives.nseindia.com/corporate/Indigo_09052017161757_586.zip"
"INDIGO","InterGlobe Aviation Limited","Financial Result Updates","InterGlobe Aviation Limited has submitted to the Exchange, the financial results for the period ended March 31, 2017.","09-May-2017 16:11:21","2017-05-09 16:11:21","-","-","https://nsearchives.nseindia.com/corporate/INDIGO_09052017161121.zip"
"INDIGO","InterGlobe Aviation Limited","Updates","InterGlobe Aviation Limited has informed the Exchange regarding the revised contact details of the Key Managerial Personnel authorised by the Board under Regulation 30(5).","17-Apr-2017 08:13:00","2017-04-17 08:13:00","-","-","https://nsearchives.nseindia.com/corporate/INDIGO_17042017081329_029.zip"
"INDIGO","InterGlobe Aviation Limited","Disc. under Reg.30 of SEBI (SAST) Reg.2011","InterGlobe Aviation Limited has submitted to the Exchange the disclosure under regulation 30(1) and 30(2) of SEBI(SAST)regulations, 2011.","10-Apr-2017 10:09:00","2017-04-10 10:09:00","-","-","https://nsearchives.nseindia.com/corporate/Interglobe_10042017100949.zip"
"INDIGO","InterGlobe Aviation Limited","Disc. under Reg.30 of SEBI (SAST) Reg.2011","InterGlobe Enterprises Limited has submitted to the Exchange a copy of disclosure under Regulation 30(1) and 30(2) of SEBI (Substantial Acquisition of Shares & Takeovers) Regulations, 2011.","08-Apr-2017 10:24:00","2017-04-08 10:24:00","-","-","https://nsearchives.nseindia.com/corporate/INTEGLOBE_08042017102411.zip"
"INDIGO","InterGlobe Aviation Limited","Updates","InterGlobe Aviation Limited has informed the Exchange regarding Intimation for incorporation of wholly-owned subsidiary.","31-Mar-2017 16:30:00","2017-03-31 16:30:00","-","-","https://nsearchives.nseindia.com/corporate/INDIGO_31032017163034_304.zip"
"INDIGO","InterGlobe Aviation Limited","News Clarification","The Exchange has sought clarification from the Company with respect to recent news item captioned "" IndiGo s security training centre licence suspended""In this regard, Exchange has advised the Company to provide clarification/confirmation on the news item in detail including the following: a) Whether such event/negotiations/article stated in published news were taking place? If so, you are advised to provide the said information along with the sequence of events in chronological order and the material impact of this article on the Company. b) Whether company is aware of any information that has not been announced to the Exchanges under regulation 30 of Listing Regulations. The response from the Company is enclosed.","07-Feb-2017 14:41:00","2017-02-07 14:41:00","-","-","https://nsearchives.nseindia.com/corporate/INDIGO_07022017144149_262.zip"
"INDIGO","InterGlobe Aviation Limited","News Clarification","The Exchange has sought clarification from the Company with respect to recent news item captioned  IndiGo s security training centre licence suspended In this regard, Exchange has advised the Company to provide clarification/confirmation on the news item in detail including the following: a) Whether such event/negotiations/article stated in published news were taking place? If so, you are advised to provide the said information along with the sequence of events in chronological order and the material impact of this article on the Company. b) Whether company is aware of any information that has not been announced to the Exchanges under regulation 30 of Listing Regulations. The response from the Company is awaited.","06-Feb-2017 18:28:00","2017-02-06 18:28:00","-","-","-"
"INDIGO","InterGlobe Aviation Limited","Investor Presentation","InterGlobe Aviation Limited has informed the Exchange regarding Investor Presentation","31-Jan-2017 15:43:00","2017-01-31 15:43:00","-","-","https://nsearchives.nseindia.com/corporate/INDIGO_31012017154316_067.zip"
"INDIGO","InterGlobe Aviation Limited","Statement of deviation(s) or variation(s) under Reg. 32","InterGlobe Aviation Limited has informed the Exchange regarding Statement of deviation(s) or variation(s) under Reg. 32 of SEBI (LODR) Regulations 2015","31-Jan-2017 15:39:00","2017-01-31 15:39:00","-","-","https://nsearchives.nseindia.com/corporate/INDIGO_31012017153905_063.zip"
"INDIGO","InterGlobe Aviation Limited","Financial Result Updates","InterGlobe Aviation Limited has submitted to the Exchange, the financial results for the period ended December 31, 2016.","31-Jan-2017 15:33:36","2017-01-31 15:33:36","-","-","https://nsearchives.nseindia.com/corporate/INDIGO_31012017153336.zip"
"INDIGO","InterGlobe Aviation Limited","Analysts/Institutional Investor Meet/Con. Call Updates","InterGlobe Aviation Limited has informed the Exchange regarding Analysts/Institutional Investor Meet/Con. Call Updates.","19-Jan-2017 08:25:00","2017-01-19 08:25:00","-","-","https://nsearchives.nseindia.com/corporate/INDIGO_19012017082529.zip"
"INDIGO","InterGlobe Aviation Limited","Statement of deviation(s) or variation(s) under Reg. 32","InterGlobe Aviation Limited has informed the Exchange regarding Statement for uses / application of funds raised through the public issue for the quarter ended September 30, 2016 and Monitoring Agency Report for half year ended September 30, 2016","08-Nov-2016 16:30:00","2016-11-08 16:30:00","-","-","https://nsearchives.nseindia.com/corporate/INDIGO_08112016163028_075.zip"
"INDIGO","InterGlobe Aviation Limited","Investor Presentation","InterGlobe Aviation Limited has informed the Exchange regarding Investor Presentation","08-Nov-2016 15:46:00","2016-11-08 15:46:00","-","-","https://nsearchives.nseindia.com/corporate/INDIGO_08112016154653_028.zip"
"INDIGO","InterGlobe Aviation Limited","Financial Result Updates","InterGlobe Aviation Limited has submitted to the Exchange, the financial results for the period ended September 30, 2016.","08-Nov-2016 15:41:03","2016-11-08 15:41:03","-","-","https://nsearchives.nseindia.com/corporate/INDIGO_08112016154103.zip"
"INDIGO","InterGlobe Aviation Limited","ESOPs/ESOS/ESPS","InterGlobe Aviation Limited has informed the Exchange regarding Amendment in Employee Stock Option Scheme -2015 (ESOS 2015-II) for issue and allotment of 3107674 Equity Shares of Rs. 10 each by InterGlobe Aviation Limited.","17-Oct-2016 16:07:00","2016-10-17 16:07:00","-","-","https://nsearchives.nseindia.com/corporate/INDIGO_17102016160732_956.zip"
"INDIGO","InterGlobe Aviation Limited","ESOPs/ESOS/ESPS","InterGlobe Aviation Limited has informed the Exchange that the compensation committee has granted 353,299 stock options under ESOP scheme.","23-Sep-2016 16:06:00","2016-09-23 16:06:00","-","-","https://nsearchives.nseindia.com/corporate/INDIGO_23092016160615_269.zip"
"INDIGO","InterGlobe Aviation Limited","Regulation 44(3) of SEBI (LODR), Reg., 2015","InterGlobe Aviation Limited has submitted to the Exchange the details of voting results of the Annual General Meeting of the Company held on the September 21, 2016 along with Report of Scrutinizer.","22-Sep-2016 16:40:00","2016-09-22 16:40:00","-","-","https://nsearchives.nseindia.com/corporate/INDIGO_22092016164046_290.zip"
"INDIGO","InterGlobe Aviation Limited","Amendments to Memorandum & Articles of Association","InterGlobe Aviation Limited has informed the Exchange that the shareholders at the Annual General Meeting of the Company held on September 21, 2016 had approved the alteration of Articles of Association of the Company by deleting Part II from the existing set of Articles of Association with immediate effect.","22-Sep-2016 13:00:00","2016-09-22 13:00:00","-","-","https://nsearchives.nseindia.com/corporate/INDIGO_22092016130009_144.zip"
"INDIGO","InterGlobe Aviation Limited","Annual General Meeting Updates","InterGlobe Aviation Limited has Submitted to the Exchange a Copy of  Proceedings of Annual General Meeting held on  September 21, 2016.","22-Sep-2016 08:20:00","2016-09-22 08:20:00","-","-","https://nsearchives.nseindia.com/corporate/INDIGO_22092016082005_041.zip"
"INDIGO","InterGlobe Aviation Limited","Annual General Meeting Updates","InterGlobe Aviation Limited has informed the Exchange regarding Declaration of Consolidated Results of Remote e-voting and voting at the Annual General Meeting of the Company held on September 21, 2016.","22-Sep-2016 08:19:00","2016-09-22 08:19:00","-","-","https://nsearchives.nseindia.com/corporate/INDIGO_22092016081901_039.zip"
"INDIGO","InterGlobe Aviation Limited","Press Release","InterGlobe Aviation Limited has informed the Exchange regarding a press release dated September 15, 2016, titled ""IndiGo signs its first ever GDS agreement with Travelport"".","15-Sep-2016 14:54:00","2016-09-15 14:54:00","-","-","https://nsearchives.nseindia.com/corporate/INDIGO_15092016145428_200.zip"
"INDIGO","InterGlobe Aviation Limited","Appointment of Company Secretary/Compliance Officer","InterGlobe Aviation Limited has informed the Exchange about appointment of Mr. Sanjay Gupta as the Company Secretary and Chief Compliance Officer with effect from August 18, 2016.","14-Sep-2016 09:06:00","2016-09-14 09:06:00","-","-","https://nsearchives.nseindia.com/corporate/INDIGO_14092016090602_882.zip"
"INDIGO","InterGlobe Aviation Limited","Allotment of Securities","InterGlobe Aviation Limited has informed the Exchange that the Company has allotted 264,557 (Two Lakhs Sixty Four Thousand Five Hundred and Fifty Seven) equity shares of Rs. 10/- each (Rupees Ten Only) on August 24, 2016 to those grantees who had exercised their options.","14-Sep-2016 08:47:00","2016-09-14 08:47:00","-","-","https://nsearchives.nseindia.com/corporate/INDIGO_14092016084741_831.zip"
"INDIGO","InterGlobe Aviation Limited","Regulation 44(3) of SEBI (LODR), Reg., 2015","InterGlobe Aviation Limited has submitted to the Exchange a copy of results of the Postal Ballot along with a copy of Scrutinizer's Report.","09-Sep-2016 16:13:00","2016-09-09 16:13:00","-","-","https://nsearchives.nseindia.com/corporate/INDIGO_09092016161308_587.zip"
"INDIGO","InterGlobe Aviation Limited","Annual General Meeting Updates","InterGlobe Aviation Limited has submitted to the Exchange a copy of notice of Annual General Meeting of the members of the Company to be held on September 21, 2016.","25-Aug-2016 15:54:00","2016-08-25 15:54:00","-","-","https://nsearchives.nseindia.com/corporate/INDIGO_25082016155404_293.zip"
"INDIGO","InterGlobe Aviation Limited","News Verification","The Exchange has sought clarification from InterGlobe Aviation Limited with respect to recent news item captioned ""Tigerair is to take back the 12 jets subleased to Indigo, owned by the Aviation company"". The Exchange, in order to verify the accuracy or otherwise of the information reported in the media and to inform the market place so that the interest of the investors is safeguarded, had written to the company. InterGlobe Aviation Limited has submitted their response.","24-Aug-2016 16:49:00","2016-08-24 16:49:00","-","-","https://nsearchives.nseindia.com/corporate/INDIGO_6406_reply_24082016164901.zip"
"INDIGO","InterGlobe Aviation Limited","News Verification","The Exchange has sought clarification from InterGlobe Aviation Limited with respect to recent news item captioned ""Tigerair is to take back the 12 jets subleased to Indigo, owned by the Aviation company"". In this regard, Exchange have advised the Company to provide clarification/confirmation on the news item in detail including the following: Whether you/company are aware of any information that has not been announced to the Exchanges which could explain the aforesaid movement in the trading. The response from the company is awaited.","24-Aug-2016 15:08:00","2016-08-24 15:08:00","-","-","-"
"INDIGO","InterGlobe Aviation Limited","Postal Ballot Updates","InterGlobe Aviation Limited has submitted to the Exchange a copy of Postal Ballot Notice.","08-Aug-2016 08:22:00","2016-08-08 08:22:00","-","-","https://nsearchives.nseindia.com/corporate/INDIGO_08082016082223_287.zip"
"INDIGO","InterGlobe Aviation Limited","Book Closure","InterGlobe Aviation Limited has informed the Exchange that the Register of Members and Share Transfer Books of the Company shall remain closed from September 15, 2016 to September 21, 2016 (both days inclusive) for the purpose of payment of final dividend for financial year 2015-16.","01-Aug-2016 17:06:00","2016-08-01 17:06:00","-","-","https://nsearchives.nseindia.com/corporate/INDIGO01_01082016170611.zip"
"INDIGO","InterGlobe Aviation Limited","Date of payment of dividend","InterGlobe Aviation Limited has informed the Exchange that the dividend will be paid on or after September 22, 2016.","01-Aug-2016 16:26:00","2016-08-01 16:26:00","-","-","https://nsearchives.nseindia.com/corporate/INDIGO_01082016162620_521.zip"
"INDIGO","InterGlobe Aviation Limited","Statement of deviation(s) or variation(s) under Reg. 32","InterGlobe Aviation Limited has informed the Exchange regarding the statement for uses / application of funds raised through the public issue for the quarter ended June 30, 2016.","01-Aug-2016 16:12:00","2016-08-01 16:12:00","-","-","https://nsearchives.nseindia.com/corporate/INDIGO_01082016161238_483.zip"
"INDIGO","InterGlobe Aviation Limited","Press Release","InterGlobe Aviation Limited has informed the Exchange regarding a press release dated August 1, 2016 with respect to the Unaudited financial results for the quarter ended June 30, 2016.","01-Aug-2016 15:56:00","2016-08-01 15:56:00","-","-","https://nsearchives.nseindia.com/corporate/INDIGO_press_01082016155648.zip"
"INDIGO","InterGlobe Aviation Limited","Financial Result Updates","InterGlobe Aviation Limited has submitted to the Exchange the standalone financial results along with the Limited Review Report for the period ended June 30, 2016.","01-Aug-2016 15:54:29","2016-08-01 15:54:29","-","-","https://nsearchives.nseindia.com/corporate/INDIGO_01082016155429.zip"
"INDIGO","InterGlobe Aviation Limited","Allotment of Securities","InterGlobe Aviation Limited has informed the Exchange that the Company has allotted 847,262 (Eight Lakhs Forty Seven Thousand Two Hundred Sixty Two) equity shares of Rs. 10/- each (Rupees Ten Only) on June 29, 2016 to those grantees who had exercised their options under the InterGlobe Aviation Limited - Tenured Employees Stock Option Scheme 2015 in accordance with the terms set out in the scheme. The said shares shall rank pari-passu with the existing shares of the Company in all respect.","30-Jun-2016 14:16:00","2016-06-30 14:16:00","-","-","https://nsearchives.nseindia.com/corporate/INDIGO_30062016141606_925.zip"
"INDIGO","InterGlobe Aviation Limited","Declaration for audit reports with unmodified opinion(s)","InterGlobe Aviation Limited has informed the Exchange regarding ""Audited Financial results with auditors report for the year ended on March 31, 2016 and Form A with Management declaration on unmodified audit report on audited financial results"".","30-Jun-2016 13:59:00","2016-06-30 13:59:00","-","-","https://nsearchives.nseindia.com/corporate/INDIGO_30062016135927_915.zip"
"INDIGO","InterGlobe Aviation Limited","Resignation of Company Secretary/Compliance Officer","InterGlobe Aviation Limited has informed the Exchange that Mr. Suresh Kumar Bhutani, Company Secretary and Compliance Officer of the Company has tendered his resignation from the services of the Company and the Company has accepted his resignation on June 8, 2016. He will continue to be the Company Secretary & Compliance Officer of the Company during the notice period he is serving with the Company.","09-Jun-2016 17:03:00","2016-06-09 17:03:00","-","-","https://nsearchives.nseindia.com/corporate/INDIGO_09062016170305_237.zip"
"INDIGO","InterGlobe Aviation Limited","Updates","InterGlobe Aviation Limited has informed the Exchange regarding Disclosure for change in Corporate Indentification Number.","01-Jun-2016 11:40:00","2016-06-01 11:40:00","-","-","https://nsearchives.nseindia.com/corporate/INDIGO_01062016114047_157.zip"
"INDIGO","InterGlobe Aviation Limited","Resignation of Chief Financial Officer","InterGlobe Aviation Limited has informed the Exchange that Mr. Pankaj Madan, Chief Financial Officer and Key Managerial Personnel (KMP) of InterGlobe Aviation Limited (the Company ), vide his resignation letter dated May 17, 2016 has resigned from the Company. Further, based on the recommendation of the Nomination and Remuneration Committee and approval of the Audit Committee, the Board of Directors has, in its meeting held on May 17, 2016, approved the appointment of Mr. Rohit Philip as the Chief Financial Officer and Key Managerial Personnel (KMP) of the Company with effect from July 18, 2016 for a period of 5 (five) years. Mr. Rohit Philip will be joining the Company from Xerox Corporation based in Norwalk, USA, a leading global document management and business services company where he served as Corporate Vice President & Treasurer. Earlier, Mr. Rohit Philip had worked at United Airlines for 17 years where he was Senior Vice President, Corporate Strategy and Business Development. At United he also held various other senior executive roles including Vice President - Financial Planning and Analysis; Assistant Treasurer - Corporate Finance; and Vice President - Finance & CFO, Mileage Plus Holdings. Prior to Xerox, Mr. Rohit Philip was the President and Group CFO of Anand Automotive Limited, a leading auto components supplier in India. Mr. Rohit Philip is a 1995 MBA from Cornell University and a 1992 mathematics graduate from St Xavier s College, University of Mumbai.","18-May-2016 08:16:00","2016-05-18 08:16:00","-","-","https://nsearchives.nseindia.com/corporate/INDIGO_18052016081619_013.zip"
"INDIGO","InterGlobe Aviation Limited","Statement of deviation(s) or variation(s) under Reg. 32","InterGlobe Aviation Limited has informed the Exchange regarding the statement for uses / application of funds raised through the public issue for the quarter ended March 31, 2016.","29-Apr-2016 19:51:00","2016-04-29 19:51:00","-","-","https://nsearchives.nseindia.com/corporate/INDIGO_29042016195141_508.zip"
"INDIGO","InterGlobe Aviation Limited","Press Release","InterGlobe Aviation Limited has informed the Exchange regarding a press release dated April 29, 2016, titled ""IndiGo reports record Profit After Tax of INR 19,897.20 million for fiscal year 2016, an increase of 52.6% over the prior year. Board of Directors recommends final dividend of INR 15.00 per share"".","29-Apr-2016 18:26:00","2016-04-29 18:26:00","-","-","https://nsearchives.nseindia.com/corporate/INDIGO_29042016182610.zip"
"INDIGO","InterGlobe Aviation Limited","Dividend","InterGlobe Aviation Limited has informed the Exchange that the Board of Directors of the Company at its meeting held on April 29, 2016 have recommended a final dividend of Rs.15 per share (face value of Rs.10 per share) for the financial year ended March 31, 2016, subject to the approval of shareholders in the upcoming Annual General Meeting.","29-Apr-2016 18:24:00","2016-04-29 18:24:00","-","-","https://nsearchives.nseindia.com/corporate/INDIGO_29042016182458.zip"
"INDIGO","InterGlobe Aviation Limited","Financial Result Updates","InterGlobe Aviation Limited has submitted to the Exchange the standalone financial results along with the Auditors Report for the period ended March 31, 2016.","29-Apr-2016 18:17:59","2016-04-29 18:17:59","-","-","https://nsearchives.nseindia.com/corporate/INDIGO_29042016181759.zip"
"INDIGO","InterGlobe Aviation Limited","Disc. under Reg.30 of SEBI (SAST) Reg.2011","Khaitan & Co. has submitted to the Exchange vide letter dated April 7, 2016 a copy of disclosure under Regulation 30(2) of SEBI (Substantial Acquisition of Shares & Takeovers) Regulations, 2011.","13-Apr-2016 14:18:00","2016-04-13 14:18:00","-","-","https://nsearchives.nseindia.com/corporate/INDIGOPart.zip"
"INDIGO","InterGlobe Aviation Limited","Disc. under Reg.30 of SEBI (SAST) Reg.2011","InterGlobe Enterprises Limited has submitted to the Exchange vide letter dated April 4, 2016 a copy of disclosure under Regulation 30(2) of SEBI (Substantial Acquisition of Shares & Takeovers) Regulations, 2011.","05-Apr-2016 09:54:00","2016-04-05 09:54:00","-","-","https://nsearchives.nseindia.com/corporate/1_05042016095431.zip"
"INDIGO","InterGlobe Aviation Limited","Press Release","InterGlobe Aviation Limited has informed the Exchange regarding a press release dated February 29, 2016, titled ""InterGlobe Aviation Ltd (""IndiGo"") to Take Delivery of 24 Airbus A320neo Aircraft over the Next Thirteen Months"".","29-Feb-2016 08:16:00","2016-02-29 08:16:00","-","-","https://nsearchives.nseindia.com/corporate/INDIGO_29022016081619_312.zip"
"INDIGO","InterGlobe Aviation Limited","Updates","InterGlobe Aviation Limited has informed the Exchange regarding the contact details of the Key Managerial Personnel authorised by the Board under Regulation 30(5).","02-Feb-2016 19:12:00","2016-02-02 19:12:00","-","-","https://nsearchives.nseindia.com/corporate/INDIGO_02022016191255_417.zip"
"INDIGO","InterGlobe Aviation Limited","News Verification","The Exchange has sought clarification from InterGlobe Aviation Limited with respect to recent news item captioned  IndiGo asks Airbus to compensate for delay . The Exchange, in order to verify the accuracy or otherwise of the information reported in the media and to inform the market place so that the interest of the investors is safeguarded, had written to the company. InterGlobe Aviation Limited has submitted their response.","25-Jan-2016 17:15:00","2016-01-25 17:15:00","-","-","https://nsearchives.nseindia.com/corporate/INDIGO_236_News_Verification_25012016_Reply_25012016171522.zip"
"INDIGO","InterGlobe Aviation Limited","News Verification","The Exchange has sought clarification from InterGlobe Aviation Limited, with respect to recent news item captioned ""IndiGo asks Airbus to compensate for delay"". In this regard, the Exchange has advised the Company to provide clarification/confirmation on the news item in detail including the following: a) Whether such negotiations were taking place and b) Whether you/company are aware of any information that has not been announced to the Exchanges which could explain the aforesaid movement in the trading. The response from the company is awaited.","25-Jan-2016 11:43:00","2016-01-25 11:43:00","-","-","-"
"INDIGO","InterGlobe Aviation Limited","Statement of deviation(s) or variation(s) under Reg. 32","InterGlobe Aviation Limited has submitted to the Exchange the statement for uses / application of funds raised through the public issue for the quarter ended December 31, 2015.The proceeds from IPO is Rs.12,091 million (net of fresh issue related expenses (including Service Tax))","21-Jan-2016 19:47:00","2016-01-21 19:47:00","-","-","https://nsearchives.nseindia.com/corporate/INDIGO_21012016194754_740.zip"
"INDIGO","InterGlobe Aviation Limited","Press Release","InterGlobe Aviation Limited has informed the Exchange regarding a press release dated January 21, 2016 titled "" InterGlobe Aviation Ltd (""IndiGo"") Reports Highest Quarterly Profit-Before-Tax In Company History""","21-Jan-2016 19:37:00","2016-01-21 19:37:00","-","-","https://nsearchives.nseindia.com/corporate/indigo_press_21012016193752.zip"
"INDIGO","InterGlobe Aviation Limited","Financial Result Updates","InterGlobe Aviation Limited has submitted to the exchange the standalone financial results along with the Limited Review Report for the period ended 31-Dec-2015.","21-Jan-2016 19:33:14","2016-01-21 19:33:14","-","-","https://nsearchives.nseindia.com/corporate/INDIGO.zip"
"INDIGO","InterGlobe Aviation Limited","Updates","InterGlobe Aviation Limited has submitted to the Exchange a copy of the  details of Earnings Call scheduled on January 21, 2016.","15-Jan-2016 08:19:00","2016-01-15 08:19:00","-","-","https://nsearchives.nseindia.com/corporate/INDIGO_15012016081913_026.zip"
"INDIGO","InterGlobe Aviation Limited","Updates","InterGlobe Aviation Limited has informed the Exchange that on December 17, 2015 after the close of business hours, the Company has received an official notification from Airbus that the A320 neo aircraft, the first of which was to be delivered on December 30, 2015 has been delayed due to the ""industrial reasons"". At this time Indigo does not have clear visibility of its future A320 neo delivery schedule and the potential for additional delays exists. The Company is looking at mitigating the potential shortfall in capacity throug other options.","21-Dec-2015 08:53:00","2015-12-21 08:53:00","-","-","https://nsearchives.nseindia.com/corporate/INDIGO_21122015085359.zip"
"INDIGO","InterGlobe Aviation Limited","Code of Conduct under SEBI(PIT) Reg., 2015","InterGlobe Aviation Limited has informed the Exchange that in compliance with Regulation 8(1) of the Securities and Exchange Board of India (Prohibition of Insider Trading) Regulations, 2015, the board of directors of InterGlobe Aviation Limited (the  Board"") had formulated and approved the InterGlobe Aviation Limited - Code of Practices and Procedures for Fair Disclosure of Unpublished Price Sensitive Information ( Code ) on November 09, 2015. In compliance with Regulation 8 (2) of the Securities and Exchange Board of India (Prohibition of Insider Trading) Regulations, 2015, please find enclosed a copy of the Code approved by the Board.","19-Nov-2015 08:29:00","2015-11-19 08:29:00","-","-","https://nsearchives.nseindia.com/corporate/INDIGO_19112015082951_209.zip"
"INDIGO","InterGlobe Aviation Limited","Updates","InterGlobe Aviation Limited has informed the Exchange that the Competition Commission of India has passed an order ( CCI Order ) on November 17, 2015 levying a penalty of Rs. 63.74 crores on the Company for breach of Section 3(1) read with Section 3(3)(a) of the Competition Act, 2002.The Company is studying the CCI Order and will take legal steps to challenge the above order in the appropriate forum. The Company has been legally advised that it is not in contravention of the provisions of the Competition Act, 2002.","18-Nov-2015 08:34:00","2015-11-18 08:34:00","-","-","https://nsearchives.nseindia.com/corporate/INDIGO_18112015083452_025.zip"