"SYMBOL","COMPANY NAME","SUBJECT","DETAILS","BROADCAST DATE/TIME","RECEIPT","DISSEMINATION","DIFFERENCE","ATTACHMENT"
"SBILIFE","SBI Life Insurance Company Limited","Trading Window","SBI Life Insurance Company Limited has informed the Exchange regarding the Trading Window closure pursuant to SEBI (Prohibition of Insider Trading) Regulations, 2015","30-Sep-2026 16:39:10","2026-09-30 16:39:10","30-Sep-2026 16:39:11","00:00:01","https://nsearchives.nseindia.com/corporate/SBILIFE_30092026163853_CTW30092026_signed.pdf"
"SBILIFE","SBI Life Insurance Company Limited","General Updates","SBI Life Insurance Company Limited has informed the Exchange about General Updates","25-Sep-2026 18:14:49","2026-09-25 18:14:49","25-Sep-2026 18:14:50","00:00:01","https://nsearchives.nseindia.com/corporate/SBILIFE_25092026181407_RJ25092026_signed.pdf"
"SBILIFE","SBI Life Insurance Company Limited","Outcome of Board Meeting","SBI Life Insurance Company Limited has informed the Exchange regarding Outcome of Board Meeting held on September 22, 2026.","22-Sep-2026 20:43:08","2026-09-22 20:43:08","22-Sep-2026 20:43:10","00:00:02","https://nsearchives.nseindia.com/corporate/SBILIFE_22092026204216_Outcome_BM_22092026_Signed.pdf"
"SBILIFE","SBI Life Insurance Company Limited","ESOP/ESOS/ESPS","SBI Life Insurance Company Limited has informed the Exchange regarding Allotment of 55501  Shares.","17-Sep-2026 16:43:00","2026-09-17 16:43:00","17-Sep-2026 16:43:01","00:00:01","https://nsearchives.nseindia.com/corporate/SBILIFE_17092026164248_SE_17092026_signed.pdf"
"SBILIFE","SBI Life Insurance Company Limited","General Updates","SBI Life Insurance Company Limited has informed the Exchange about appointment of Joint Statutory Auditors for the Financial Year 2026-27","09-Sep-2026 22:52:46","2026-09-09 22:52:46","09-Sep-2026 22:52:48","00:00:02","https://nsearchives.nseindia.com/corporate/SBILIFE_09092026225156_Intimation_-_Appointment_of_auditor_signed.pdf"
"SBILIFE","SBI Life Insurance Company Limited","Analysts/Institutional Investor Meet/Con. Call Updates","SBI Life Insurance Company Limited has informed the Exchange about Schedule of meet","08-Sep-2026 18:44:03","2026-09-08 18:44:03","08-Sep-2026 18:44:04","00:00:01","https://nsearchives.nseindia.com/corporate/SBILIFE_08092026184309_SE08092026.pdf"
"SBILIFE","SBI Life Insurance Company Limited","Analysts/Institutional Investor Meet/Con. Call Updates","SBI Life Insurance Company Limited has informed the Exchange about Schedule of meet","26-Aug-2026 22:38:11","2026-08-26 22:38:11","26-Aug-2026 22:38:12","00:00:01","https://nsearchives.nseindia.com/corporate/SBILIFE_26082026223758_SE26082026_signed.pdf"
"SBILIFE","SBI Life Insurance Company Limited","Analysts/Institutional Investor Meet/Con. Call Updates","SBI Life Insurance Company Limited has informed the Exchange about Schedule of meet","23-Aug-2026 15:03:58","2026-08-23 15:03:58","23-Aug-2026 15:03:59","00:00:01","https://nsearchives.nseindia.com/corporate/SBILIFE_23082026150341_SE23082026_signed.pdf"
"SBILIFE","SBI Life Insurance Company Limited","Change in Director(s)","SBI Life Insurance Company Limited has informed the Exchange regarding Change in Director(s) of the company.","19-Aug-2026 19:43:47","2026-08-19 19:43:47","19-Aug-2026 19:43:48","00:00:01","https://nsearchives.nseindia.com/corporate/SBILIFE_19082026194302_SENS19082026_signed.pdf"
"SBILIFE","SBI Life Insurance Company Limited","ESOP/ESOS/ESPS","SBI Life Insurance Company Limited has informed the Exchange regarding of Allotment 88522 equity shares pursuant to ESOP through Circular resolution of the Board Stakeholders' Relationship and Sustainability Committee passed on August 18, 2026.","18-Aug-2026 22:30:16","2026-08-18 22:30:16","18-Aug-2026 22:30:17","00:00:01","https://nsearchives.nseindia.com/corporate/SBILIFE_18082026223000_SE_18082026_signed.pdf"
"SBILIFE","SBI Life Insurance Company Limited","Shareholders meeting","SBI Life Insurance Company Limited has submitted the Exchange a copy Srutinizers report of  Annual General Meeting held on August 14, 2026. Further, the company has informed the Exchange regarding voting results.","14-Aug-2026 23:48:50","2026-08-14 23:48:50","14-Aug-2026 23:48:51","00:00:01","https://nsearchives.nseindia.com/corporate/SBILIFE_14082026234831_SE14082026AGM2026VR_signed.pdf"
"SBILIFE","SBI Life Insurance Company Limited","Shareholders meeting","SBI Life Insurance Company Limited has informed the Exchange regarding Proceedings of Annual General Meeting held on August 14, 2026","14-Aug-2026 23:42:12","2026-08-14 23:42:12","14-Aug-2026 23:42:13","00:00:01","https://nsearchives.nseindia.com/corporate/SBILIFE_14082026234139_SE14082026AGMPr2026_signed.pdf"
"SBILIFE","SBI Life Insurance Company Limited","Analysts/Institutional Investor Meet/Con. Call Updates","SBI Life Insurance Company Limited has informed the Exchange about Schedule of meet","08-Aug-2026 15:21:17","2026-08-08 15:21:17","08-Aug-2026 15:21:17","00:00:00","https://nsearchives.nseindia.com/corporate/SBILIFE_08082026152034_SE08082026-signed.pdf"
"SBILIFE","SBI Life Insurance Company Limited","Analysts/Institutional Investor Meet/Con. Call Updates","SBI Life Insurance Company Limited has informed the Exchange about Transcript","30-Jul-2026 18:53:10","2026-07-30 18:53:10","30-Jul-2026 18:53:11","00:00:01","https://nsearchives.nseindia.com/corporate/SBILIFE_30072026185215_SE30072025_signed.pdf"
"SBILIFE","SBI Life Insurance Company Limited","Analysts/Institutional Investor Meet/Con. Call Updates","SBI Life Insurance Company Limited has informed the Exchange about Link of Recording","24-Jul-2026 20:39:53","2026-07-24 20:39:53","24-Jul-2026 20:39:54","00:00:01","https://nsearchives.nseindia.com/corporate/SBILIFE_24072026203935_AR24072026_signed.pdf"
"SBILIFE","SBI Life Insurance Company Limited","Copy of Newspaper Publication","SBI Life Insurance Company Limited has informed the Exchange about Copy of Newspaper Publication","24-Jul-2026 15:11:22","2026-07-24 15:11:22","24-Jul-2026 15:11:23","00:00:01","https://nsearchives.nseindia.com/corporate/SBILIFE_24072026151109_SEPostN24072026_signed.pdf"
"SBILIFE","SBI Life Insurance Company Limited","Press Release","SBI Life Insurance Company Limited has informed the Exchange regarding a press release dated July 24, 2026, titled ""Performance for the quarter ended June 30, 2026"".","24-Jul-2026 14:58:56","2026-07-24 14:58:56","24-Jul-2026 14:58:56","00:00:00","https://nsearchives.nseindia.com/corporate/SBILIFE_24072026145845_SEPR24072026_signed.pdf"
"SBILIFE","SBI Life Insurance Company Limited","Outcome of Board Meeting","SBI Life Insurance Company Limited has submitted to the Exchange, the financial results for the period ended Jun 30, 2026.","24-Jul-2026 14:40:58","2026-07-24 14:40:58","24-Jul-2026 14:40:59","00:00:01","https://nsearchives.nseindia.com/corporate/SBILIFE_24072026144041_SEBM24072026_signed.pdf"
"SBILIFE","SBI Life Insurance Company Limited","Shareholders meeting","SBI Life Insurance Company Limited has informed the Exchange regarding Notice of Annual General Meeting to be held on August 14, 2026","23-Jul-2026 21:53:31","2026-07-23 21:53:31","23-Jul-2026 21:53:33","00:00:02","https://nsearchives.nseindia.com/corporate/SBILIFE_23072026215320_SENoticeAR23072026_signed.pdf"
"SBILIFE","SBI Life Insurance Company Limited","Analysts/Institutional Investor Meet/Con. Call Updates","SBI Life Insurance Company Limited has informed the Exchange about Schedule of meet","20-Jul-2026 23:20:06","2026-07-20 23:20:06","20-Jul-2026 23:20:07","00:00:01","https://nsearchives.nseindia.com/corporate/SBILIFE_20072026231946_EC20072026_signed.pdf"
"SBILIFE","SBI Life Insurance Company Limited","Copy of Newspaper Publication","SBI Life Insurance Company Limited has informed the Exchange about Copy of Newspaper Publication","17-Jul-2026 22:16:32","2026-07-17 22:16:32","17-Jul-2026 22:16:33","00:00:01","https://nsearchives.nseindia.com/corporate/SBILIFE_17072026221609_SE17072026_signed.pdf"
"SBILIFE","SBI Life Insurance Company Limited","General Updates","SBI Life Insurance Company Limited has informed the Exchange about Intimation of 26th Annual General Meeting","13-Jul-2026 18:30:13","2026-07-13 18:30:13","13-Jul-2026 18:30:15","00:00:02","https://nsearchives.nseindia.com/corporate/SBILIFE_13072026183000_Outcome_BM_13072026_signed.pdf"
"SBILIFE","SBI Life Insurance Company Limited","ESOP/ESOS/ESPS","SBI Life Insurance Company Limited has informed the Exchange regarding Grant of 894910  Options.","13-Jul-2026 13:02:27","2026-07-13 13:02:27","13-Jul-2026 13:02:28","00:00:01","https://nsearchives.nseindia.com/corporate/SBILIFE_13072026130210_SEESOPGrantIntimation13072026_Signed.pdf"
"SBILIFE","SBI Life Insurance Company Limited","Certificate under SEBI (Depositories and Participants) Regulations, 2018","SBI Life Insurance Company Limited has informed the Exchange about Certificate under SEBI (Depositories and Participants) Regulations, 2018","10-Jul-2026 23:14:24","2026-07-10 23:14:24","10-Jul-2026 23:14:25","00:00:01","https://nsearchives.nseindia.com/corporate/SBILIFE_10072026231410_SE10072026_Signed.pdf"
"SBILIFE","SBI Life Insurance Company Limited","ESOP/ESOS/ESPS","SBI Life Insurance Company Limited has informed the Exchange regarding allotment of 20,516 equity shares pursuant to ESOP through Circular resolution of the Board Stakeholders Relationship and Sustainability Committee passed on July 07, 2026.","07-Jul-2026 20:28:50","2026-07-07 20:28:50","07-Jul-2026 20:28:51","00:00:01","https://nsearchives.nseindia.com/corporate/SBILIFE_07072026202809_SE_07072026_signed.pdf"
"SBILIFE","SBI Life Insurance Company Limited","Trading Window","SBI Life Insurance Company Limited has informed the Exchange regarding the Trading Window closure pursuant to SEBI (Prohibition of Insider Trading) Regulations, 2015","25-Jun-2026 19:57:01","2026-06-25 19:57:01","25-Jun-2026 19:57:02","00:00:01","https://nsearchives.nseindia.com/corporate/SBILIFE_25062026195643_CTW25062026_Signed.pdf"
"SBILIFE","SBI Life Insurance Company Limited","ESOP/ESOS/ESPS","SBI Life Insurance Company Limited has informed the Exchange regarding of Allotment 68993 equity shares pursuant to ESOP through Circular resolution of the Board Stakeholders Relationship and Sustainability Committee passed on June 16, 2026.","16-Jun-2026 19:32:58","2026-06-16 19:32:58","16-Jun-2026 19:32:59","00:00:01","https://nsearchives.nseindia.com/corporate/SBILIFE_16062026192757_SE_16062026_signed.pdf"
"SBILIFE","SBI Life Insurance Company Limited","Analysts/Institutional Investor Meet/Con. Call Updates","SBI Life Insurance Company Limited has informed the Exchange about Schedule of meet","08-Jun-2026 20:31:01","2026-06-08 20:31:01","08-Jun-2026 20:31:02","00:00:01","https://nsearchives.nseindia.com/corporate/SBILIFE_08062026203045_Intimation08062026.pdf"
"SBILIFE","SBI Life Insurance Company Limited","Disclosure under SEBI Takeover Regulations","State Bank of India has Submitted to the Exchange a copy of Disclosure under Regulation 31(4) of the Securities and Exchange Board of India (Substantial Acquisition of Shares and Takeovers) Regulations, 2011.","05-Jun-2026 10:54:04","2026-06-05 10:54:04","05-Jun-2026 10:54:06","00:00:02","https://nsearchives.nseindia.com/corporate/team_sandeshc_21052026120000_SBI.pdf"
"SBILIFE","SBI Life Insurance Company Limited","General Updates","SBI Life Insurance Company Limited has informed the Exchange that with reference to our letter dated May 29, 2026, bearing reference number SBIL/CS/NSE-BSE/2627/35 and pursuant to Regulation 30 of the SEBI (Listing Obligations and Disclosure Requirements) Regulations, 2015,  due to exigency, participation in the  group investor meetings as detailed in the attached intimation has been cancelled.","04-Jun-2026 18:30:01","2026-06-04 18:30:01","04-Jun-2026 18:30:02","00:00:01","https://nsearchives.nseindia.com/corporate/SBILIFE_04062026182306_IM04062026_signed.pdf"
"SBILIFE","SBI Life Insurance Company Limited","Retirement","SBI Life Insurance Company Limited has informed the Exchange about superannuation of Mr. Durgadas G, President - Operations & IT.","30-May-2026 18:02:02","2026-05-30 18:02:02","30-May-2026 18:02:03","00:00:01","https://nsearchives.nseindia.com/corporate/SBILIFE_30052026180134_DG30052026_signed.pdf"
"SBILIFE","SBI Life Insurance Company Limited","Appointment","SBI Life Insurance Company Limited has informed the Exchange regarding Appointment of Mr Ramesh Venkateshamurthy as Deputy Chief Executive Officer of the company w.e.f. May 29, 2026.","29-May-2026 19:23:05","2026-05-29 19:23:05","29-May-2026 19:23:06","00:00:01","https://nsearchives.nseindia.com/corporate/SBILIFE_29052026192254_KMP29052026_signed.pdf"
"SBILIFE","SBI Life Insurance Company Limited","Analysts/Institutional Investor Meet/Con. Call Updates","SBI Life Insurance Company Limited has informed the Exchange about Schedule of meet","29-May-2026 18:57:39","2026-05-29 18:57:39","29-May-2026 18:57:40","00:00:01","https://nsearchives.nseindia.com/corporate/SBILIFE_29052026185716_IM29052026_signed.pdf"
"SBILIFE","SBI Life Insurance Company Limited","Change in Management","SBI Life Insurance Company Limited has informed the Exchange about change in Management","18-May-2026 21:31:31","2026-05-18 21:31:31","18-May-2026 21:31:32","00:00:01","https://nsearchives.nseindia.com/corporate/SBILIFE_18052026213115_DD18052026_signed.pdf"
"SBILIFE","SBI Life Insurance Company Limited","ESOP/ESOS/ESPS","SBI Life Insurance Company Limited has informed the Exchange regarding Allotment of 79420 Shares pursuant to ESOP through circular resolution of the Board Stakeholders' Relationship and Sustainability Committee passed on May 15, 2026.","15-May-2026 15:40:03","2026-05-15 15:40:03","15-May-2026 15:40:04","00:00:01","https://nsearchives.nseindia.com/corporate/SBILIFE_15052026153950_SE_15052026_signed.pdf"
"SBILIFE","SBI Life Insurance Company Limited","Analysts/Institutional Investor Meet/Con. Call Updates","SBI Life Insurance Company Limited has informed the Exchange about Transcript","28-Apr-2026 20:41:26","2026-04-28 20:41:26","28-Apr-2026 20:41:27","00:00:01","https://nsearchives.nseindia.com/corporate/SBILIFE_28042026203957_ECTranscriptSE28042026_signed.pdf"
"SBILIFE","SBI Life Insurance Company Limited","General Updates","SBI Life Insurance Company Limited has informed the Exchange about General Updates","24-Apr-2026 22:27:49","2026-04-24 22:27:49","24-Apr-2026 22:27:50","00:00:01","https://nsearchives.nseindia.com/corporate/SBILIFE_24042026222717_BH24042026_signed.pdf"
"SBILIFE","SBI Life Insurance Company Limited","Analysts/Institutional Investor Meet/Con. Call Updates","SBI Life Insurance Company Limited has informed the Exchange about Link of Recording","22-Apr-2026 21:50:33","2026-04-22 21:50:33","22-Apr-2026 21:50:34","00:00:01","https://nsearchives.nseindia.com/corporate/SBILIFE_22042026215022_SEAR22042026_signed.pdf"
"SBILIFE","SBI Life Insurance Company Limited","Press Release (Revised)","SBI Life Insurance Company Limited has informed the Exchange regarding a revised press release dated April 22, 2026, titled ""Corrigendum - Press Release & Investor Presentation"".","22-Apr-2026 21:39:47","2026-04-22 21:39:47","22-Apr-2026 21:39:48","00:00:01","https://nsearchives.nseindia.com/corporate/SBILIFE_22042026213921_SEPRREVISED22042026.pdf"
"SBILIFE","SBI Life Insurance Company Limited","Press Release","SBI Life Insurance Company Limited has informed the Exchange regarding a press release dated April 22, 2026, titled ""Performance for the year ended March 31, 2026"".","22-Apr-2026 15:45:05","2026-04-22 15:45:05","22-Apr-2026 15:45:05","00:00:00","https://nsearchives.nseindia.com/corporate/SBILIFE_22042026154453_SEPR22042026_signed.pdf"
"SBILIFE","SBI Life Insurance Company Limited","Outcome of Board Meeting","SBI Life Insurance Company Limited has submitted to the Exchange, the financial results for the period ended March 31, 2026.","22-Apr-2026 15:31:56","2026-04-22 15:31:56","22-Apr-2026 15:31:56","00:00:00","https://nsearchives.nseindia.com/corporate/SBILIFE_22042026153018_SEBM22042026_signed.pdf"
"SBILIFE","SBI Life Insurance Company Limited","Analysts/Institutional Investor Meet/Con. Call Updates","SBI Life Insurance Company Limited has informed the Exchange about Schedule of meet","16-Apr-2026 21:12:41","2026-04-16 21:12:41","16-Apr-2026 21:12:42","00:00:01","https://nsearchives.nseindia.com/corporate/SBILIFE_16042026211205_SEEC16042026_signed.pdf"
"SBILIFE","SBI Life Insurance Company Limited","Certificate under SEBI (Depositories and Participants) Regulations, 2018","SBI Life Insurance Company Limited has informed the Exchange about Certificate under SEBI (Depositories and Participants) Regulations, 2018","14-Apr-2026 12:06:04","2026-04-14 12:06:04","14-Apr-2026 12:06:06","00:00:02","https://nsearchives.nseindia.com/corporate/SBILIFE_14042026120543_SE14042026_Signed.pdf"
"SBILIFE","SBI Life Insurance Company Limited","Change in Management","SBI Life Insurance Company Limited has informed the Exchange about change in Management","06-Apr-2026 16:33:02","2026-04-06 16:33:02","06-Apr-2026 16:33:03","00:00:01","https://nsearchives.nseindia.com/corporate/SBILIFE_06042026163223_KMP02042026_Signed.pdf"
"SBILIFE","SBI Life Insurance Company Limited","Shareholders meeting","SBI Life Insurance Company Limited has submitted the Exchange a copy Srutinizers report of  Postal Ballot. Further, the company has informed the Exchange regarding voting results.","31-Mar-2026 20:01:42","2026-03-31 20:01:42","31-Mar-2026 20:01:42","00:00:00","https://nsearchives.nseindia.com/corporate/SBILIFE_31032026200046_SE31032026_signed.pdf"
"SBILIFE","SBI Life Insurance Company Limited","Trading Window","SBI Life Insurance Company Limited has informed the Exchange regarding the Trading Window closure pursuant to SEBI (Prohibition of Insider Trading) Regulations, 2015","25-Mar-2026 19:58:19","2026-03-25 19:58:19","25-Mar-2026 19:58:21","00:00:02","https://nsearchives.nseindia.com/corporate/SBILIFE_25032026195727_CTW25032026_signed.pdf"
"SBILIFE","SBI Life Insurance Company Limited","Allotment of Securities","SBI Life Insurance Company Limited has informed the Exchange regarding allotment of 75325 equity shares pursuant to ESOP through circular resolution of the Board Stakeholders' Relationship and Sustainability Committee passed on March 17, 2026.","17-Mar-2026 21:53:53","2026-03-17 21:53:53","17-Mar-2026 21:53:54","00:00:01","https://nsearchives.nseindia.com/corporate/SBILIFE_17032026215339_SE_17032026_Signed.pdf"
"SBILIFE","SBI Life Insurance Company Limited","General Updates","SBI Life Insurance Company Limited has informed the Exchange about General Updates","13-Mar-2026 22:00:13","2026-03-13 22:00:13","13-Mar-2026 22:00:14","00:00:01","https://nsearchives.nseindia.com/corporate/SBILIFE_13032026220000_MP13032026_Signed.pdf"
"SBILIFE","SBI Life Insurance Company Limited","Analysts/Institutional Investor Meet/Con. Call Updates","SBI Life Insurance Company Limited has informed the Exchange about Schedule of meet","13-Mar-2026 21:58:08","2026-03-13 21:58:08","13-Mar-2026 21:58:09","00:00:01","https://nsearchives.nseindia.com/corporate/SBILIFE_13032026215732_IM13032026_Signed.pdf"
"SBILIFE","SBI Life Insurance Company Limited","General Updates","SBI Life Insurance Company Limited has informed the Exchange about General Updates","11-Mar-2026 16:06:27","2026-03-11 16:06:27","11-Mar-2026 16:06:28","00:00:01","https://nsearchives.nseindia.com/corporate/SBILIFE_11032026160541_IT11032026_signed.pdf"
"SBILIFE","SBI Life Insurance Company Limited","General Updates","SBI Life Insurance Company Limited has informed the Exchange about General Updates","04-Mar-2026 23:12:06","2026-03-04 23:12:06","04-Mar-2026 23:12:07","00:00:01","https://nsearchives.nseindia.com/corporate/SBILIFE_04032026231115_MH04032026_signed.pdf"
"SBILIFE","SBI Life Insurance Company Limited","Copy of Newspaper Publication","SBI Life Insurance Company Limited has informed the Exchange about Copy of Newspaper Publication","01-Mar-2026 18:31:51","2026-03-01 18:31:51","01-Mar-2026 18:31:52","00:00:01","https://nsearchives.nseindia.com/corporate/SBILIFE_01032026183048_Advertisement_SE_Intimation_Signed.pdf"
"SBILIFE","SBI Life Insurance Company Limited","Shareholders meeting","SBI Life Insurance Company Limited has informed the Exchange regarding Notice of Postal Ballot","28-Feb-2026 15:57:09","2026-02-28 15:57:09","28-Feb-2026 15:57:09","00:00:00","https://nsearchives.nseindia.com/corporate/SBILIFE_28022026155657_Postal_Ballot_Notice_Signed.pdf"
"SBILIFE","SBI Life Insurance Company Limited","Dividend","SBI Life Insurance Company Limited has informed the Exchange that Board of Directors at its meeting held on February 25, 2026, declared Interim Dividend of Rs. 2.70 per equity share.","25-Feb-2026 18:35:56","2026-02-25 18:35:56","25-Feb-2026 18:35:58","00:00:02","https://nsearchives.nseindia.com/corporate/SBILIFE_25022026183536_OutcomeBM25022026signed.pdf"
"SBILIFE","SBI Life Insurance Company Limited","Outcome of Board Meeting","SBI Life Insurance Company Limited has informed the Exchange regarding Outcome of Board Meeting held on February 25, 2026.","25-Feb-2026 18:31:52","2026-02-25 18:31:52","25-Feb-2026 18:31:53","00:00:01","https://nsearchives.nseindia.com/corporate/SBILIFE_25022026183133_OutcomeBM25022026signed.pdf"
"SBILIFE","SBI Life Insurance Company Limited","Record Date","SBI Life Insurance Company Limited has informed the Exchange that Record date for the purpose of Interim Dividend  is 06-Mar-2026.","21-Feb-2026 19:10:53","2026-02-21 19:10:53","21-Feb-2026 19:10:54","00:00:01","https://nsearchives.nseindia.com/corporate/SBILIFE_21022026191015_Intimation.pdf"
"SBILIFE","SBI Life Insurance Company Limited","Trading Window","SBI Life Insurance Company Limited has informed the Exchange regarding the Trading Window closure pursuant to SEBI (Prohibition of Insider Trading) Regulations, 2015","21-Feb-2026 19:08:29","2026-02-21 19:08:29","21-Feb-2026 19:08:30","00:00:01","https://nsearchives.nseindia.com/corporate/SBILIFE_21022026190812_Intimation.pdf"
"SBILIFE","SBI Life Insurance Company Limited","General Updates","SBI Life Insurance Company Limited has informed the Exchange about General Updates","20-Feb-2026 21:59:02","2026-02-20 21:59:02","20-Feb-2026 21:59:04","00:00:02","https://nsearchives.nseindia.com/corporate/SBILIFE_20022026215549_MH20022026_signed.pdf"
"SBILIFE","SBI Life Insurance Company Limited","Allotment of Securities","SBI Life Insurance Company Limited has informed the Exchange regarding Allotment of 186958 Equity Shares pursuant to ESOP through circular resolution of the Board Stakeholders' Relationship and Sustainability Committee passed on February 17, 2026.","17-Feb-2026 18:11:21","2026-02-17 18:11:21","17-Feb-2026 18:11:22","00:00:01","https://nsearchives.nseindia.com/corporate/SBILIFE_17022026181055_SE_17022026_signed.pdf"
"SBILIFE","SBI Life Insurance Company Limited","General Updates","SBI Life Insurance Company Limited has informed the Exchange about General Updates","03-Feb-2026 23:00:04","2026-02-03 23:00:04","03-Feb-2026 23:00:05","00:00:01","https://nsearchives.nseindia.com/corporate/SBILIFE_03022026225944_SE_IEPF_signed.pdf"
"SBILIFE","SBI Life Insurance Company Limited","Analysts/Institutional Investor Meet/Con. Call Updates","SBI Life Insurance Company Limited has informed the Exchange about Transcript","03-Feb-2026 19:42:16","2026-02-03 19:42:16","03-Feb-2026 19:42:17","00:00:01","https://nsearchives.nseindia.com/corporate/SBILIFE_03022026194100_SEECTranscript_03022026_signed.pdf"
"SBILIFE","SBI Life Insurance Company Limited","Analysts/Institutional Investor Meet/Con. Call Updates","SBI Life Insurance Company Limited has informed the Exchange about Link of Recording","28-Jan-2026 18:52:42","2026-01-28 18:52:42","28-Jan-2026 18:52:42","00:00:00","https://nsearchives.nseindia.com/corporate/SBILIFE_28012026185102_AR28012026_Signed.pdf"
"SBILIFE","SBI Life Insurance Company Limited","Press Release","SBI Life Insurance Company Limited has informed the Exchange regarding a press release dated January 28, 2026, titled ""Performance for the nine-month ended December 31, 2025"".","28-Jan-2026 15:05:44","2026-01-28 15:05:44","28-Jan-2026 15:05:45","00:00:01","https://nsearchives.nseindia.com/corporate/SBILIFE_28012026150529_PR28012025_Signed.pdf"
"SBILIFE","SBI Life Insurance Company Limited","Outcome of Board Meeting","SBI Life Insurance Company Limited has submitted to the Exchange, the financial results for the period ended December 31, 2025.","28-Jan-2026 14:43:29","2026-01-28 14:43:29","28-Jan-2026 14:43:30","00:00:01","https://nsearchives.nseindia.com/corporate/SBILIFE_28012026144048_BM28012026_Signed.pdf"
"SBILIFE","SBI Life Insurance Company Limited","Copy of Newspaper Publication","SBI Life Insurance Company Limited has informed the Exchange about Copy of Newspaper Publication intimating concerned shareholders about transfer of unclaimeddividend amount and shares to IEPF Authority.","23-Jan-2026 23:08:20","2026-01-23 23:08:20","23-Jan-2026 23:08:21","00:00:01","https://nsearchives.nseindia.com/corporate/SBILIFE_23012026230802_SE23012026_signed.pdf"
"SBILIFE","SBI Life Insurance Company Limited","Analysts/Institutional Investor Meet/Con. Call Updates","SBI Life Insurance Company Limited has informed the Exchange about Schedule of meet","22-Jan-2026 20:38:17","2026-01-22 20:38:17","22-Jan-2026 20:38:18","00:00:01","https://nsearchives.nseindia.com/corporate/SBILIFE_22012026203803_SEEC22012026_signed.pdf"
"SBILIFE","SBI Life Insurance Company Limited","Certificate under SEBI (Depositories and Participants) Regulations, 2018","SBI Life Insurance Company Limited has informed the Exchange about Certificate under SEBI (Depositories and Participants) Regulations, 2018","09-Jan-2026 18:20:57","2026-01-09 18:20:57","09-Jan-2026 18:20:58","00:00:01","https://nsearchives.nseindia.com/corporate/SBILIFE_09012026182047_SE09012026_Signed.pdf"
"SBILIFE","SBI Life Insurance Company Limited","General Updates","SBI Life Insurance Company Limited has informed the Exchange about General Updates","29-Dec-2025 22:33:50","2025-12-29 22:33:50","29-Dec-2025 22:33:52","00:00:02","https://nsearchives.nseindia.com/corporate/SBILIFE_29122025223320_IT29122025.pdf"
"SBILIFE","SBI Life Insurance Company Limited","General Updates","SBI Life Insurance Company Limited has informed the Exchange about General Updates","28-Dec-2025 17:14:45","2025-12-28 17:14:45","28-Dec-2025 17:14:45","00:00:00","https://nsearchives.nseindia.com/corporate/SBILIFE_28122025171418_DH28122025_signed.pdf"
"SBILIFE","SBI Life Insurance Company Limited","General Updates","SBI Life Insurance Company Limited has informed the Exchange about General Updates","26-Dec-2025 22:40:59","2025-12-26 22:40:59","26-Dec-2025 22:41:00","00:00:01","https://nsearchives.nseindia.com/corporate/SBILIFE_26122025224027_MH26122025_signed.pdf"
"SBILIFE","SBI Life Insurance Company Limited","Trading Window","SBI Life Insurance Company Limited has informed the Exchange regarding the Trading Window closure pursuant to SEBI (Prohibition of Insider Trading) Regulations, 2015","26-Dec-2025 18:24:06","2025-12-26 18:24:06","26-Dec-2025 18:24:06","00:00:00","https://nsearchives.nseindia.com/corporate/SBILIFE_26122025182323_CTW26122025_signed.pdf"
"SBILIFE","SBI Life Insurance Company Limited","General Updates","Intimation under Regulation 30 read with Para A of Part A of Schedule III of the Securities and Exchange Board of India (Listing Obligations and Disclosure Requirements) Regulations, 2015.","22-Dec-2025 22:17:10","2025-12-22 22:17:10","22-Dec-2025 22:17:11","00:00:01","https://nsearchives.nseindia.com/corporate/SBILIFE_22122025221617_Intimation22122025.pdf"
"SBILIFE","SBI Life Insurance Company Limited","ESOP/ESOS/ESPS","SBI Life Insurance Company Limited has informed the Exchange regarding Allotment of 124645 Equity Shares pursuant to ESOP through circular resolution of the Board Stakeholders' Relationship and Sustainability Committee passed on December 16, 2025.","16-Dec-2025 20:04:24","2025-12-16 20:04:24","16-Dec-2025 20:04:25","00:00:01","https://nsearchives.nseindia.com/corporate/Thanos_16122025200305_SE_16122025_signed.pdf"
"SBILIFE","SBI Life Insurance Company Limited","Updates","SBI Life Insurance Company Limited has informed the Exchange regarding 'Disclosure under Regulation 30 of the Securities and Exchange Board of India (Listing Obligations and Disclosure Requirements) Regulations, 2015'.","10-Dec-2025 19:22:28","2025-12-10 19:22:28","10-Dec-2025 19:22:29","00:00:01","https://nsearchives.nseindia.com/corporate/Thanos_10122025192154_SE10122025_signed.pdf"
"SBILIFE","SBI Life Insurance Company Limited","General Updates","SBI Life Insurance Company Limited has informed the Exchange about General Updates","26-Nov-2025 19:51:50","2025-11-26 19:51:50","26-Nov-2025 19:51:51","00:00:01","https://nsearchives.nseindia.com/corporate/SBILIFE_26112025194814_Intimation26112025signed.pdf"
"SBILIFE","SBI Life Insurance Company Limited","ESOP/ESOS/ESPS","SBI Life Insurance Company Limited has informed the Exchange regarding Allotment of 137191 Equity Shares pursuant to ESOP through circular resolution of the Board Stakeholders' Relationship and Sustainability Committee passed on November 18, 2025.","18-Nov-2025 18:23:29","2025-11-18 18:23:29","18-Nov-2025 18:23:30","00:00:01","https://nsearchives.nseindia.com/corporate/SBILIFE_18112025182245_SE_18112025_signed.pdf"
"SBILIFE","SBI Life Insurance Company Limited","Change in Management","SBI Life Insurance Company Limited has informed the Exchange about change in Management","13-Nov-2025 20:46:34","2025-11-13 20:46:34","13-Nov-2025 20:46:36","00:00:02","https://nsearchives.nseindia.com/corporate/SBILIFE_13112025204527_CAO13112025_Signed.pdf"
"SBILIFE","SBI Life Insurance Company Limited","Analysts/Institutional Investor Meet/Con. Call Updates","SBI Life Insurance Company Limited has informed the Exchange about Schedule of meet","12-Nov-2025 18:06:32","2025-11-12 18:06:32","12-Nov-2025 18:06:33","00:00:01","https://nsearchives.nseindia.com/corporate/SBILIFE_12112025180605_IM12112025_signed.pdf"
"SBILIFE","SBI Life Insurance Company Limited","Analysts/Institutional Investor Meet/Con. Call Updates","SBI Life Insurance Company Limited has informed the Exchange about Schedule of meet","10-Nov-2025 21:34:55","2025-11-10 21:34:55","10-Nov-2025 21:34:56","00:00:01","https://nsearchives.nseindia.com/corporate/SBILIFE_10112025212352_Intimation13112025.pdf"
"SBILIFE","SBI Life Insurance Company Limited","Copy of Newspaper Publication","SBI Life Insurance Company Limited has informed the Exchange about Copy of Newspaper Publication","07-Nov-2025 16:15:46","2025-11-07 16:15:46","07-Nov-2025 16:15:47","00:00:01","https://nsearchives.nseindia.com/corporate/SBILIFE_07112025161432_SENPIEPF07112025_signed.pdf"
"SBILIFE","SBI Life Insurance Company Limited","Analysts/Institutional Investor Meet/Con. Call Updates","SBI Life Insurance Company Limited has informed the Exchange about Transcript","31-Oct-2025 18:55:39","2025-10-31 18:55:39","31-Oct-2025 18:55:41","00:00:02","https://nsearchives.nseindia.com/corporate/SBILIFE_31102025185509_EC_Transcript_SE31102025_signed.pdf"
"SBILIFE","SBI Life Insurance Company Limited","Analysts/Institutional Investor Meet/Con. Call Updates","SBI Life Insurance Company Limited has informed the Exchange about Link of Recording","24-Oct-2025 22:23:17","2025-10-24 22:23:17","24-Oct-2025 22:23:18","00:00:01","https://nsearchives.nseindia.com/corporate/SBILIFE_24102025222152_AR24102025_signed.pdf"
"SBILIFE","SBI Life Insurance Company Limited","Press Release","SBI Life Insurance Company Limited has informed the Exchange regarding a press release dated October 24, 2025, titled ""Performance for the half year ended September 30, 2025"".","24-Oct-2025 15:32:37","2025-10-24 15:32:37","24-Oct-2025 15:32:38","00:00:01","https://nsearchives.nseindia.com/corporate/SBILIFE_24102025153208_Pressrelease24102025_signed.pdf"
"SBILIFE","SBI Life Insurance Company Limited","Outcome of Board Meeting","SBI Life Insurance Company Limited has submitted to the Exchange, the financial results for the period ended September 30, 2025.","24-Oct-2025 15:27:47","2025-10-24 15:27:47","24-Oct-2025 15:27:49","00:00:02","https://nsearchives.nseindia.com/corporate/SBILIFE_24102025152539_BM24102025_signed.pdf"
"SBILIFE","SBI Life Insurance Company Limited","Analysts/Institutional Investor Meet/Con. Call Updates","SBI Life Insurance Company Limited has informed the Exchange about Schedule of meet","13-Oct-2025 12:46:08","2025-10-13 12:46:08","13-Oct-2025 12:46:09","00:00:01","https://nsearchives.nseindia.com/corporate/SBILIFE_13102025124538_SEEC13102025_signed.pdf"
"SBILIFE","SBI Life Insurance Company Limited","Certificate under SEBI (Depositories and Participants) Regulations, 2018","SBI Life Insurance Company Limited has informed the Exchange about Certificate under SEBI (Depositories and Participants) Regulations, 2018","07-Oct-2025 14:52:02","2025-10-07 14:52:02","07-Oct-2025 14:52:03","00:00:01","https://nsearchives.nseindia.com/corporate/SBILIFE_07102025145137_SE06102025_signed.pdf"
"SBILIFE","SBI Life Insurance Company Limited","Trading Window","SBI Life Insurance Company Limited has informed the Exchange regarding the Trading Window closure pursuant to SEBI (Prohibition of Insider Trading) Regulations, 2015","24-Sep-2025 16:24:48","2025-09-24 16:24:48","24-Sep-2025 16:24:49","00:00:01","https://nsearchives.nseindia.com/corporate/SBILIFE_24092025162424_CTW24092025_signed.pdf"
"SBILIFE","SBI Life Insurance Company Limited","ESOP/ESOS/ESPS","SBI Life Insurance Company Limited has informed the Exchange regarding Grant of 830000  Options.","18-Sep-2025 16:48:22","2025-09-18 16:48:22","18-Sep-2025 16:48:23","00:00:01","https://nsearchives.nseindia.com/corporate/SBILIFE_18092025164626_SE_ESOP_Grant_Intimation_18092025_signed.pdf"
"SBILIFE","SBI Life Insurance Company Limited","ESOP/ESOS/ESPS","SBI Life Insurance Company Limited has informed the Exchange regarding allotment of 92776 equity shares pursuant to ESOP/ESPS through circular resolution of the Board Stakeholders' Relationship & Sustainability Committee passed on September 17, 2025.","17-Sep-2025 21:40:32","2025-09-17 21:40:32","17-Sep-2025 21:40:34","00:00:02","https://nsearchives.nseindia.com/corporate/SBILIFE_17092025214001_SE_17092025_signed.pdf"
"SBILIFE","SBI Life Insurance Company Limited","General Updates","SBI Life Insurance Company Limited has informed the Exchange about appointment of Joint Statutory Auditors for the Financial Year 2025-26","11-Sep-2025 21:57:20","2025-09-11 21:57:20","11-Sep-2025 21:57:22","00:00:02","https://nsearchives.nseindia.com/corporate/SBILIFE_11092025215633_SA11092025_Signed.pdf"
"SBILIFE","SBI Life Insurance Company Limited","General Updates","SBI Life Insurance Company Limited has informed the Exchange about General Updates","04-Sep-2025 22:42:09","2025-09-04 22:42:09","04-Sep-2025 22:42:10","00:00:01","https://nsearchives.nseindia.com/corporate/SBILIFE_04092025224135_GST04092025_Signed.pdf"
"SBILIFE","SBI Life Insurance Company Limited","Shareholders meeting","SBI Life Insurance Company Limited has submitted the Exchange a copy Srutinizers report of  Annual General Meeting held on August 29, 2025. Further, the company has informed the Exchange regarding voting results.","29-Aug-2025 22:43:44","2025-08-29 22:43:44","29-Aug-2025 22:43:45","00:00:01","https://nsearchives.nseindia.com/corporate/SBILIFE_29082025224214_SE29082025AGMVR_signed.pdf"
"SBILIFE","SBI Life Insurance Company Limited","Shareholders meeting","SBI Life Insurance Company Limited has informed the Exchange regarding Proceedings of Annual General Meeting held on August 29, 2025","29-Aug-2025 22:32:08","2025-08-29 22:32:08","29-Aug-2025 22:32:09","00:00:01","https://nsearchives.nseindia.com/corporate/SBILIFE_29082025223026_AGMPRO29082025_signed.pdf"
"SBILIFE","SBI Life Insurance Company Limited","Analysts/Institutional Investor Meet/Con. Call Updates","SBI Life Insurance Company Limited has informed the Exchange about Schedule of meet","29-Aug-2025 20:37:41","2025-08-29 20:37:41","29-Aug-2025 20:37:42","00:00:01","https://nsearchives.nseindia.com/corporate/SBILIFE_29082025203725_IM29082025_signed.pdf"
"SBILIFE","SBI Life Insurance Company Limited","General Updates","SBI Life Insurance Company Limited has informed the Exchange about General Updates","26-Aug-2025 19:36:06","2025-08-26 19:36:06","26-Aug-2025 19:36:07","00:00:01","https://nsearchives.nseindia.com/corporate/Thanos_26082025193526_SE26082025_signed.pdf"
"SBILIFE","SBI Life Insurance Company Limited","Allotment of Securities","SBI Life Insurance Company Limited has informed the Exchange regarding allotment of 123906 securities pursuant to ESOP/ESPS at its meeting held on August 18, 2025","18-Aug-2025 20:28:29","2025-08-18 20:28:29","18-Aug-2025 20:28:30","00:00:01","https://nsearchives.nseindia.com/corporate/SBILIFE_18082025202753_SE_18082025_signed.pdf"
"SBILIFE","SBI Life Insurance Company Limited","General Updates","SBI Life Insurance Company Limited has informed the Exchange about General Updates","14-Aug-2025 12:55:59","2025-08-14 12:55:59","14-Aug-2025 12:56:00","00:00:01","https://nsearchives.nseindia.com/corporate/SBILIFE_14082025125536_IT14082025_signed.pdf"
"SBILIFE","SBI Life Insurance Company Limited","Copy of Newspaper Publication","SBI Life Insurance Company Limited has informed the Exchange about Copy of Newspaper Publication","08-Aug-2025 16:55:47","2025-08-08 16:55:47","08-Aug-2025 16:55:48","00:00:01","https://nsearchives.nseindia.com/corporate/SBILIFE_08082025165504_SE08082025_signed.pdf"
"SBILIFE","SBI Life Insurance Company Limited","Analysts/Institutional Investor Meet/Con. Call Updates","SBI Life Insurance Company Limited has informed the Exchange about Schedule of meet","07-Aug-2025 22:07:59","2025-08-07 22:07:59","07-Aug-2025 22:08:01","00:00:02","https://nsearchives.nseindia.com/corporate/SBILIFE_07082025220728_IM07082025_Signed.pdf"
"SBILIFE","SBI Life Insurance Company Limited","Shareholders meeting","SBI Life Insurance Company Limited has informed the Exchange regarding Notice of Annual General Meeting to be held on August 29, 2025","07-Aug-2025 19:02:49","2025-08-07 19:02:49","07-Aug-2025 19:02:50","00:00:01","https://nsearchives.nseindia.com/corporate/SBILIFE_07082025185745_SE07082025AR_signed.pdf"
"SBILIFE","SBI Life Insurance Company Limited","Copy of Newspaper Publication","SBI Life Insurance Company Limited has informed the Exchange about Copy of Newspaper Publication","05-Aug-2025 16:02:07","2025-08-05 16:02:07","05-Aug-2025 16:02:08","00:00:01","https://nsearchives.nseindia.com/corporate/SBILIFE_05082025160154_SE05082025_signed.pdf"
"SBILIFE","SBI Life Insurance Company Limited","General Updates","SBI Life Insurance Company Limited has informed the Exchange about Intimation of 25th Annual General Meeting","04-Aug-2025 15:59:34","2025-08-04 15:59:34","04-Aug-2025 15:59:35","00:00:01","https://nsearchives.nseindia.com/corporate/SBILIFE_04082025155923_SEOBM04082025_signed.pdf"
"SBILIFE","SBI Life Insurance Company Limited","Analysts/Institutional Investor Meet/Con. Call Updates","SBI Life Insurance Company Limited has informed the Exchange about Transcript","31-Jul-2025 18:17:04","2025-07-31 18:17:04","31-Jul-2025 18:17:05","00:00:01","https://nsearchives.nseindia.com/corporate/SBILIFE_31072025181638_SEECTR31072025_signed.pdf"
"SBILIFE","SBI Life Insurance Company Limited","Analysts/Institutional Investor Meet/Con. Call Updates","SBI Life Insurance Company Limited has informed the Exchange about Link of Recording","24-Jul-2025 20:30:17","2025-07-24 20:30:17","24-Jul-2025 20:30:18","00:00:01","https://nsearchives.nseindia.com/corporate/SBILIFE_24072025202843_AR24072025_Signed.pdf"
"SBILIFE","SBI Life Insurance Company Limited","Press Release","SBI Life Insurance Company Limited has informed the Exchange regarding a press release dated July 24, 2025, titled ""Press Release & Investor Presentation   Performance for the Quarter ended June 30, 2025"".","24-Jul-2025 15:38:34","2025-07-24 15:38:34","24-Jul-2025 15:38:35","00:00:01","https://nsearchives.nseindia.com/corporate/SBILIFE_24072025153758_Pressrelease24072025_signed.pdf"
"SBILIFE","SBI Life Insurance Company Limited","Change in Auditors","SBI Life Insurance Company Limited has informed the Exchange regarding Change in Auditors of the company.","24-Jul-2025 15:28:02","2025-07-24 15:28:02","24-Jul-2025 15:28:02","00:00:00","https://nsearchives.nseindia.com/corporate/SBILIFE_24072025152713_BMMDSA24072025_signed.pdf"
"SBILIFE","SBI Life Insurance Company Limited","Change in Management","SBI Life Insurance Company Limited has informed the Exchange about change in Management","24-Jul-2025 15:28:02","2025-07-24 15:28:02","24-Jul-2025 15:28:02","00:00:00","https://nsearchives.nseindia.com/corporate/SBILIFE_24072025152530_BMMDSA24072025_signed.pdf"
"SBILIFE","SBI Life Insurance Company Limited","Outcome of Board Meeting","SBI Life Insurance Company Limited has submitted to the Exchange, the financial results for the period ended Jun 30, 2025.","24-Jul-2025 15:22:36","2025-07-24 15:22:36","24-Jul-2025 15:22:38","00:00:02","https://nsearchives.nseindia.com/corporate/SBILIFE_24072025152114_BMFR24072025_signed.pdf"
"SBILIFE","SBI Life Insurance Company Limited","Analysts/Institutional Investor Meet/Con. Call Updates","SBI Life Insurance Company Limited has informed the Exchange about Schedule of meet","20-Jul-2025 20:33:22","2025-07-20 20:33:22","20-Jul-2025 20:33:23","00:00:01","https://nsearchives.nseindia.com/corporate/SBILIFE_20072025203255_SE20072025_signed.pdf"
"SBILIFE","SBI Life Insurance Company Limited","Certificate under SEBI (Depositories and Participants) Regulations, 2018","SBI Life Insurance Company Limited has informed the Exchange about Certificate under SEBI (Depositories and Participants) Regulations, 2018","04-Jul-2025 17:28:09","2025-07-04 17:28:09","04-Jul-2025 17:28:10","00:00:01","https://nsearchives.nseindia.com/corporate/SBILIFE_04072025172545_SE04072025_Signed.pdf"
"SBILIFE","SBI Life Insurance Company Limited","Trading Window","SBI Life Insurance Company Limited has informed the Exchange regarding the Trading Window closure pursuant to SEBI (Prohibition of Insider Trading) Regulations, 2015","26-Jun-2025 18:14:33","2025-06-26 18:14:33","26-Jun-2025 18:14:34","00:00:01","https://nsearchives.nseindia.com/corporate/SBILIFE_26062025181412_CTW26062025_Signed.pdf"
"SBILIFE","SBI Life Insurance Company Limited","Allotment of Securities","SBI Life Insurance Company Limited has informed the Exchange regarding allotment of 168434 securities pursuant to ESOP/ESPS at its meeting held on Jun 14, 2025","14-Jun-2025 18:18:09","2025-06-14 18:18:09","14-Jun-2025 18:18:10","00:00:01","https://nsearchives.nseindia.com/corporate/SBILIFE_14062025181751_SE_14062025_Signed.pdf"
"SBILIFE","SBI Life Insurance Company Limited","Analysts/Institutional Investor Meet/Con. Call Updates","SBI Life Insurance Company Limited has informed the Exchange about Schedule of meet","23-May-2025 21:24:42","2025-05-23 21:24:42","23-May-2025 21:24:43","00:00:01","https://nsearchives.nseindia.com/corporate/SBILIFE_23052025212426_IM23052025_signed.pdf"
"SBILIFE","SBI Life Insurance Company Limited","Disclosure under SEBI Takeover Regulations","State Bank of India has Submitted to the Exchange a copy of Disclosure under Regulation 31(4) of the Securities and Exchange Board of India (Substantial Acquisition of Shares and Takeovers) Regulations, 2011.","19-May-2025 23:12:24","2025-05-19 23:12:24","19-May-2025 23:12:25","00:00:01","https://nsearchives.nseindia.com/corporate/team_sandeshc_12052025121927_SBI.pdf"
"SBILIFE","SBI Life Insurance Company Limited","Allotment of Securities","SBI Life Insurance Company Limited has informed the Exchange regarding allotment of 47803 securities pursuant to ESOP/ESPS at its meeting held on May 15, 2025","15-May-2025 18:37:03","2025-05-15 18:37:03","15-May-2025 18:37:03","00:00:00","https://nsearchives.nseindia.com/corporate/SBILIFE_15052025183623_SE_14052025_Signed.pdf"
"SBILIFE","SBI Life Insurance Company Limited","Analysts/Institutional Investor Meet/Con. Call Updates","SBI Life Insurance Company Limited has informed the Exchange about Schedule of meet","06-May-2025 17:01:20","2025-05-06 17:01:20","06-May-2025 17:01:21","00:00:01","https://nsearchives.nseindia.com/corporate/Thanos_06052025170100_IM09052025_Signed.pdf"
"SBILIFE","SBI Life Insurance Company Limited","Analysts/Institutional Investor Meet/Con. Call Updates","SBI Life Insurance Company Limited has informed the Exchange about Transcript","02-May-2025 13:33:37","2025-05-02 13:33:37","02-May-2025 13:33:37","00:00:00","https://nsearchives.nseindia.com/corporate/SBILIFE_02052025133324_SEECTR02052025_signed.pdf"
"SBILIFE","SBI Life Insurance Company Limited","Analysts/Institutional Investor Meet/Con. Call Updates","SBI Life Insurance Company Limited has informed the Exchange about Link of Recording","24-Apr-2025 21:00:35","2025-04-24 21:00:35","24-Apr-2025 21:00:35","00:00:00","https://nsearchives.nseindia.com/corporate/SBILIFE_24042025210000_AR24042025_signed.pdf"
"SBILIFE","SBI Life Insurance Company Limited","Press Release","SBI Life Insurance Company Limited has informed the Exchange regarding a press release dated April 24, 2025, titled ""Performance for the year ended March 31, 2025"".","24-Apr-2025 15:57:50","2025-04-24 15:57:50","24-Apr-2025 15:57:50","00:00:00","https://nsearchives.nseindia.com/corporate/SBILIFE_24042025155715_PressRelease24042025_signed.pdf"
"SBILIFE","SBI Life Insurance Company Limited","Outcome of Board Meeting","SBI Life Insurance Company Limited has informed the Exchange regarding Outcome of Board Meeting held on April 24, 2025.","24-Apr-2025 15:41:13","2025-04-24 15:41:13","24-Apr-2025 15:41:13","00:00:00","https://nsearchives.nseindia.com/corporate/SBILIFE_24042025153847_OBM24042025_signed.pdf"
"SBILIFE","SBI Life Insurance Company Limited","Analysts/Institutional Investor Meet/Con. Call Updates","SBI Life Insurance Company Limited has informed the Exchange about Schedule of meet","17-Apr-2025 21:23:15","2025-04-17 21:23:15","17-Apr-2025 21:23:16","00:00:01","https://nsearchives.nseindia.com/corporate/SBILIFE_17042025212302_EC17042025_signed.pdf"
"SBILIFE","SBI Life Insurance Company Limited","Certificate under SEBI (Depositories and Participants) Regulations, 2018","SBI Life Insurance Company Limited has informed the Exchange about Certificate under SEBI (Depositories and Participants) Regulations, 2018","08-Apr-2025 14:56:23","2025-04-08 14:56:23","08-Apr-2025 14:56:24","00:00:01","https://nsearchives.nseindia.com/corporate/SBILIFE_08042025145558_SE08042025_Signed.pdf"
"SBILIFE","SBI Life Insurance Company Limited","Shareholders meeting","SBI Life Insurance Company Limited has submitted the Exchange a copy Srutinizers report of  Postal Ballot. Further, the company has informed the Exchange regarding voting results.","01-Apr-2025 16:24:49","2025-04-01 16:24:49","01-Apr-2025 16:24:50","00:00:01","https://nsearchives.nseindia.com/corporate/SBILIFE_01042025162330_PBO01042025_signed.pdf"
"SBILIFE","SBI Life Insurance Company Limited","General Updates","SBI Life Insurance Company Limited has informed the Exchange about General Updates","27-Mar-2025 18:30:57","2025-03-27 18:30:57","27-Mar-2025 18:30:58","00:00:01","https://nsearchives.nseindia.com/corporate/Thanos_27032025182901_IT027032025_signed.pdf"
"SBILIFE","SBI Life Insurance Company Limited","Trading Window","SBI Life Insurance Company Limited has informed the Exchange regarding the Trading Window closure pursuant to SEBI (Prohibition of Insider Trading) Regulations, 2015","26-Mar-2025 19:30:38","2025-03-26 19:30:38","26-Mar-2025 19:30:39","00:00:01","https://nsearchives.nseindia.com/corporate/Thanos_26032025192958_CTW26032025_signed.pdf"
"SBILIFE","SBI Life Insurance Company Limited","General Updates","SBI Life Insurance Company Limited has informed the Exchange about General Updates","26-Mar-2025 19:24:53","2025-03-26 19:24:53","26-Mar-2025 19:24:54","00:00:01","https://nsearchives.nseindia.com/corporate/Thanos_26032025192323_IT026032025_Signed.pdf"
"SBILIFE","SBI Life Insurance Company Limited","General Updates","SBI Life Insurance Company Limited has informed the Exchange about General Updates","24-Mar-2025 20:46:46","2025-03-24 20:46:46","24-Mar-2025 20:46:47","00:00:01","https://nsearchives.nseindia.com/corporate/Thanos_24032025204552_IT024032025_signed.pdf"
"SBILIFE","SBI Life Insurance Company Limited","General Updates","SBI Life Insurance Company Limited has informed the Exchange about General Updates","20-Mar-2025 22:34:50","2025-03-20 22:34:50","20-Mar-2025 22:34:52","00:00:02","https://nsearchives.nseindia.com/corporate/Thanos_20032025223436_SEBimaSugam20032025.pdf"
"SBILIFE","SBI Life Insurance Company Limited","Copy of Newspaper Publication","SBI Life Insurance Company Limited has informed the Exchange about Copy of Newspaper Publication","20-Mar-2025 19:42:21","2025-03-20 19:42:21","20-Mar-2025 19:42:22","00:00:01","https://nsearchives.nseindia.com/corporate/Thanos_20032025194206_IM20032025_signed.pdf"
"SBILIFE","SBI Life Insurance Company Limited","Analysts/Institutional Investor Meet/Con. Call Updates","SBI Life Insurance Company Limited has informed the Exchange about Disclosure under regulation 30 of SEBI (LODR) 2015","19-Mar-2025 19:35:49","2025-03-19 19:35:49","19-Mar-2025 19:35:50","00:00:01","https://nsearchives.nseindia.com/corporate/Thanos_19032025192914_IM19032025_signed.pdf"
"SBILIFE","SBI Life Insurance Company Limited","Allotment of Securities","SBI Life Insurance Company Limited has informed the Exchange regarding allotment of 18112 securities pursuant to ESOP/ESPS at its meeting held on March 13, 2025","13-Mar-2025 21:55:12","2025-03-13 21:55:12","13-Mar-2025 21:55:13","00:00:01","https://nsearchives.nseindia.com/corporate/Thanos_13032025215330_SE_13032025_signed.pdf"
"SBILIFE","SBI Life Insurance Company Limited","Analysts/Institutional Investor Meet/Con. Call Updates","SBI Life Insurance Company Limited has informed the Exchange about disclosure under Regulation 30 of SEBI (Listing Obligations and Disclosure Requirements) Regulations, 2015","12-Mar-2025 23:13:40","2025-03-12 23:13:40","12-Mar-2025 23:13:41","00:00:01","https://nsearchives.nseindia.com/corporate/Thanos_12032025231308_IM12032025_Signed.pdf"
"SBILIFE","SBI Life Insurance Company Limited","Analysts/Institutional Investor Meet/Con. Call Updates","SBI Life Insurance Company Limited has informed the Exchange about Schedule of meet","07-Mar-2025 19:30:17","2025-03-07 19:30:17","07-Mar-2025 19:30:18","00:00:01","https://nsearchives.nseindia.com/corporate/SBILIFE_07032025193001_IM1219032025.pdf"
"SBILIFE","SBI Life Insurance Company Limited","Copy of Newspaper Publication","SBI Life Insurance Company Limited has informed the Exchange about Copy of Newspaper Publication","02-Mar-2025 14:47:02","2025-03-02 14:47:02","02-Mar-2025 14:47:02","00:00:00","https://nsearchives.nseindia.com/corporate/SBILIFE_02032025144641_Post_Advertisement_SE_Intimation_Signed.pdf"
"SBILIFE","SBI Life Insurance Company Limited","Shareholders meeting","SBI Life Insurance Company Limited has informed the Exchange regarding Notice of Postal Ballot","01-Mar-2025 18:42:14","2025-03-01 18:42:14","01-Mar-2025 18:42:15","00:00:01","https://nsearchives.nseindia.com/corporate/SBILIFE_01032025184125_Postal_Ballot_Intimation_February_2025_Signed.pdf"
"SBILIFE","SBI Life Insurance Company Limited","General Updates","SBI Life Insurance Company Limited has informed the Exchange about General Updates","01-Mar-2025 11:32:19","2025-03-01 11:32:19","01-Mar-2025 11:32:20","00:00:01","https://nsearchives.nseindia.com/corporate/SBILIFE_01032025113147_HN01032025.pdf"
"SBILIFE","SBI Life Insurance Company Limited","Change in Auditors","SBI Life Insurance Company Limited has informed the Exchange regarding Change in Auditors of the company.","28-Feb-2025 21:09:34","2025-02-28 21:09:34","28-Feb-2025 21:09:35","00:00:01","https://nsearchives.nseindia.com/corporate/SBILIFE_28022025210141_Outcome_BM_28022025_signed.pdf"
"SBILIFE","SBI Life Insurance Company Limited","Change in Director(s)","SBI Life Insurance Company Limited has informed the Exchange regarding Change in Director(s) of the company.","28-Feb-2025 21:09:33","2025-02-28 21:09:33","28-Feb-2025 21:09:35","00:00:02","https://nsearchives.nseindia.com/corporate/SBILIFE_28022025210042_Outcome_BM_28022025_signed.pdf"
"SBILIFE","SBI Life Insurance Company Limited","Outcome of Board Meeting","SBI Life Insurance Company Limited has informed the Exchange regarding Outcome of Board meeting held on February 28, 2025.","28-Feb-2025 20:46:13","2025-02-28 20:46:13","28-Feb-2025 20:46:14","00:00:01","https://nsearchives.nseindia.com/corporate/SBILIFE_28022025204601_Outcome_BM_28022025_signed.pdf"
"SBILIFE","SBI Life Insurance Company Limited","Dividend","SBI Life Insurance Company Limited has informed the Exchange that Board of Directors at its meeting held on February 28, 2025, declared Interim Dividend of Rs. 2.7 per equity share.","28-Feb-2025 20:29:41","2025-02-28 20:29:41","28-Feb-2025 20:29:42","00:00:01","https://nsearchives.nseindia.com/corporate/SBILIFE_28022025202819_Outcome_BM_28022025_signed.pdf"
"SBILIFE","SBI Life Insurance Company Limited","General Updates","SBI Life Insurance Company Limited has informed the Exchange about General Updates","26-Feb-2025 17:39:19","2025-02-26 17:39:19","26-Feb-2025 17:39:20","00:00:01","https://nsearchives.nseindia.com/corporate/SBILIFE_26022025173806_MH26022025.pdf"
"SBILIFE","SBI Life Insurance Company Limited","General Updates","SBI Life Insurance Company Limited has informed the Exchange about General Updates","25-Feb-2025 19:43:57","2025-02-25 19:43:57","25-Feb-2025 19:43:58","00:00:01","https://nsearchives.nseindia.com/corporate/SBILIFE_25022025194111_TN25022025_signed.pdf"
"SBILIFE","SBI Life Insurance Company Limited","Appointment","SBI Life Insurance Company Limited has informed the Exchange regarding Appointment of Mr Dorababu Daparti as Deputy Chief Executive Officer of the company w.e.f. February 24, 2025.","24-Feb-2025 20:22:33","2025-02-24 20:22:33","24-Feb-2025 20:22:34","00:00:01","https://nsearchives.nseindia.com/corporate/Thanos_24022025202216_SE24022025DyCEO.pdf"
"SBILIFE","SBI Life Insurance Company Limited","Record Date","SBI Life Insurance Company Limited has informed the Exchange that Record date for the purpose of Dividend  is 07-Mar-2025.","24-Feb-2025 09:17:46","2025-02-24 09:17:46","24-Feb-2025 09:17:46","00:00:00","https://nsearchives.nseindia.com/corporate/Thanos_24022025091233_SEPI24022025_signed.pdf"
"SBILIFE","SBI Life Insurance Company Limited","Trading Window","SBI Life Insurance Company Limited has informed the Exchange regarding the Trading Window closure pursuant to SEBI (Prohibition of Insider Trading) Regulations, 2015","24-Feb-2025 08:55:49","2025-02-24 08:55:49","24-Feb-2025 08:55:50","00:00:01","https://nsearchives.nseindia.com/corporate/Thanos_24022025085522_SEPI24022025_signed.pdf"
"SBILIFE","SBI Life Insurance Company Limited","General Updates","SBI Life Insurance Company Limited has informed the Exchange about General Updates","22-Feb-2025 17:32:08","2025-02-22 17:32:08","22-Feb-2025 17:32:09","00:00:01","https://nsearchives.nseindia.com/corporate/Thanos_22022025173154_UK22022025_signed.pdf"
"SBILIFE","SBI Life Insurance Company Limited","General Updates","SBI Life Insurance Company Limited has informed the Exchange about General Updates","22-Feb-2025 17:25:51","2025-02-22 17:25:51","22-Feb-2025 17:25:51","00:00:00","https://nsearchives.nseindia.com/corporate/Thanos_22022025172533_TN22022025_signed.pdf"
"SBILIFE","SBI Life Insurance Company Limited","Analysts/Institutional Investor Meet/Con. Call Updates","SBI Life Insurance Company Limited has informed the Exchange about Disclosure under Regulation 30 of SEBI (Listing Obligations and Disclosure Requirements) Regulations, 2015","21-Feb-2025 17:37:29","2025-02-21 17:37:29","21-Feb-2025 17:37:30","00:00:01","https://nsearchives.nseindia.com/corporate/Thanos_21022025173717_IM21022025_final.pdf"
"SBILIFE","SBI Life Insurance Company Limited","General Updates","SBI Life Insurance Company Limited has informed the Exchange about General Updates","20-Feb-2025 16:02:29","2025-02-20 16:02:29","20-Feb-2025 16:02:29","00:00:00","https://nsearchives.nseindia.com/corporate/SBILIFE_20022025160210_PA20022025_signed.pdf"
"SBILIFE","SBI Life Insurance Company Limited","Analysts/Institutional Investor Meet/Con. Call Updates","SBI Life Insurance Company Limited has informed the Exchange about Schedule of meet","17-Feb-2025 22:26:10","2025-02-17 22:26:10","17-Feb-2025 22:26:11","00:00:01","https://nsearchives.nseindia.com/corporate/SBILIFE_17022025222441_IM17022025_signed.pdf"
"SBILIFE","SBI Life Insurance Company Limited","Allotment of Securities","SBI Life Insurance Company Limited has informed the Exchange regarding allotment of 27971 securities pursuant to ESOP/ESPS at its meeting held on February 14, 2025","14-Feb-2025 17:59:29","2025-02-14 17:59:29","14-Feb-2025 17:59:30","00:00:01","https://nsearchives.nseindia.com/corporate/SBILIFE_14022025175758_SE_14022025_signed.pdf"
"SBILIFE","SBI Life Insurance Company Limited","Shareholders meeting","SBI Life Insurance Company Limited has submitted the Exchange a copy Srutinizers report of  Postal Ballot. Further, the company has informed the Exchange regarding voting results.","05-Feb-2025 21:44:26","2025-02-05 21:44:26","05-Feb-2025 21:44:27","00:00:01","https://nsearchives.nseindia.com/corporate/Thanos_05022025214208_PBO05022025.pdf"
"SBILIFE","SBI Life Insurance Company Limited","General Updates","SBI Life Insurance Company Limited has informed the Exchange about General Updates","03-Feb-2025 16:06:55","2025-02-03 16:06:55","03-Feb-2025 16:06:56","00:00:01","https://nsearchives.nseindia.com/corporate/Thanos_03022025160615_MH03022025.pdf"
"SBILIFE","SBI Life Insurance Company Limited","Analysts/Institutional Investor Meet/Con. Call Updates","SBI Life Insurance Company Limited has informed the Exchange about Transcript","24-Jan-2025 12:47:22","2025-01-24 12:47:22","24-Jan-2025 12:47:23","00:00:01","https://nsearchives.nseindia.com/corporate/SBILIFE_24012025124706_SEECTR24012025.pdf"
"SBILIFE","SBI Life Insurance Company Limited","Integrated Filing- Financial","Please find enclosed Integrated Filing w.r.t. financial results.","17-Jan-2025 19:37:37","2025-01-17 19:37:37","17-Jan-2025 19:37:38","00:00:01","https://nsearchives.nseindia.com/corporate/Thanos_17012025193712_Integrated_Filing-_Financial_Q3_FY25_Signed.pdf"
"SBILIFE","SBI Life Insurance Company Limited","Analysts/Institutional Investor Meet/Con. Call Updates","SBI Life Insurance Company Limited has informed the Exchange about Link of Recording","17-Jan-2025 19:09:26","2025-01-17 19:09:26","17-Jan-2025 19:09:26","00:00:00","https://nsearchives.nseindia.com/corporate/Thanos_17012025190914_AR17012025_final_signed.pdf"
"SBILIFE","SBI Life Insurance Company Limited","Press Release (Revised)","SBI Life Insurance Company Limited has informed the Exchange regarding a revised press release dated January 17, 2025, titled ""Performance for the nine months ended December 31, 2024"".","17-Jan-2025 18:59:28","2025-01-17 18:59:28","17-Jan-2025 18:59:28","00:00:00","https://nsearchives.nseindia.com/corporate/Thanos_17012025185908_PressRelease170125_Signed.pdf"
"SBILIFE","SBI Life Insurance Company Limited","Press Release","SBI Life Insurance Company Limited has informed the Exchange regarding a press release dated January 17, 2025, titled ""Performance for the nine months ended December 31, 2024"".","17-Jan-2025 14:48:30","2025-01-17 14:48:30","17-Jan-2025 14:48:31","00:00:01","https://nsearchives.nseindia.com/corporate/Thanos_17012025144754_PressRelease170125_Signed.pdf"
"SBILIFE","SBI Life Insurance Company Limited","Outcome of Board Meeting","SBI Life Insurance Company Limited has informed the Exchange regarding  Board meeting held on January 17, 2025.","17-Jan-2025 14:37:14","2025-01-17 14:37:14","17-Jan-2025 14:37:15","00:00:01","https://nsearchives.nseindia.com/corporate/Thanos_17012025143650_OBM17012025.pdf"
"SBILIFE","SBI Life Insurance Company Limited","Financial Result Updates"," SBI Life Insurance Company Limited has submitted to the Exchange, the financial results for the period ended December 31, 2024.","17-Jan-2025 14:35:42","2025-01-17 14:35:42","17-Jan-2025 14:35:43","00:00:01","https://nsearchives.nseindia.com/corporate/OBM17012025_17012025143542.pdf"
"SBILIFE","SBI Life Insurance Company Limited","Certificate under SEBI (Depositories and Participants) Regulations, 2018","SBI Life Insurance Company Limited has informed the Exchange about Certificate under SEBI (Depositories and Participants) Regulations, 2018","13-Jan-2025 22:30:33","2025-01-13 22:30:33","13-Jan-2025 22:30:33","00:00:00","https://nsearchives.nseindia.com/corporate/Thanos_13012025223017_SE13012025_signed.pdf"
"SBILIFE","SBI Life Insurance Company Limited","Analysts/Institutional Investor Meet/Con. Call Updates","SBI Life Insurance Company Limited has informed the Exchange about Schedule of meet","13-Jan-2025 22:14:38","2025-01-13 22:14:38","13-Jan-2025 22:14:38","00:00:00","https://nsearchives.nseindia.com/corporate/Thanos_13012025221400_EC13012025.pdf"
"SBILIFE","SBI Life Insurance Company Limited","Copy of Newspaper Publication","SBI Life Insurance Company Limited has informed the Exchange about Copy of Newspaper Publication","07-Jan-2025 20:49:12","2025-01-07 20:49:12","07-Jan-2025 20:49:13","00:00:01","https://nsearchives.nseindia.com/corporate/Thanos_07012025204845_Advertisement_SE_Intimation_07012025.pdf"
"SBILIFE","SBI Life Insurance Company Limited","Shareholders meeting","SBI Life Insurance Company Limited has informed the Exchange regarding Notice of Postal Ballot","06-Jan-2025 20:28:58","2025-01-06 20:28:58","06-Jan-2025 20:28:59","00:00:01","https://nsearchives.nseindia.com/corporate/Thanos_06012025202656_Postal_Ballot_Intimation_06012025.pdf"
"SBILIFE","SBI Life Insurance Company Limited","General Updates","SBI Life Insurance Company Limited has informed the Exchange about General Updates","31-Dec-2024 21:46:34","2024-12-31 21:46:34","31-Dec-2024 21:46:35","00:00:01","https://nsearchives.nseindia.com/corporate/Thanos_31122024214557_AS31122024_final_signed.pdf"
"SBILIFE","SBI Life Insurance Company Limited","Outcome of Board Meeting","SBI Life Insurance Company Limited has informed the Exchange regarding Outcome of Board Meeting held on December 30, 2024.","30-Dec-2024 18:31:30","2024-12-30 18:31:30","30-Dec-2024 18:31:31","00:00:01","https://nsearchives.nseindia.com/corporate/Thanos_30122024183115_Outcome_BM_06122024_signed.pdf"
"SBILIFE","SBI Life Insurance Company Limited","Outcome of Board Meeting","SBI Life Insurance Company Limited has informed the Exchange regarding Outcome of Board Meeting held on December 30, 2024.","30-Dec-2024 18:28:32","2024-12-30 18:28:32","30-Dec-2024 18:28:32","00:00:00","https://nsearchives.nseindia.com/corporate/Thanos_30122024182805_SE30122024_Acq_signed.pdf"
"SBILIFE","SBI Life Insurance Company Limited","Trading Window","SBI Life Insurance Company Limited has informed the Exchange regarding the Trading Window closure pursuant to SEBI (Prohibition of Insider Trading) Regulations, 2015","27-Dec-2024 18:27:21","2024-12-27 18:27:21","27-Dec-2024 18:27:22","00:00:01","https://nsearchives.nseindia.com/corporate/Thanos_27122024182701_CTW27122024.pdf"
"SBILIFE","SBI Life Insurance Company Limited","Allotment of Securities","SBI Life Insurance Company Limited has informed the Exchange regarding allotment of 43966 securities pursuant to ESOP/ESPS at its meeting held on December 17, 2024","17-Dec-2024 18:45:46","2024-12-17 18:45:46","17-Dec-2024 18:45:46","00:00:00","https://nsearchives.nseindia.com/corporate/SBILIFE_17122024184546_SE_17122024.pdf"
"SBILIFE","SBI Life Insurance Company Limited","Updates","SBI Life Insurance Company Limited has informed the Exchange regarding 'Intimation under Regulation 30 of the SEBI Listing Regulations  - Clarification on news in media'.","28-Nov-2024 17:39:44","2024-11-28 17:39:44","28-Nov-2024 17:39:45","00:00:01","https://nsearchives.nseindia.com/corporate/SBILIFE_28112024173944_SE28112024.pdf"
"SBILIFE","SBI Life Insurance Company Limited","Analysts/Institutional Investor Meet/Con. Call Updates","SBI Life Insurance Company Limited has informed the Exchange about disclosure under Regulation 30 of SEBI (Listing Obligations and Disclosure Requirements) Regulations, 2015","21-Nov-2024 16:39:35","2024-11-21 16:39:35","21-Nov-2024 16:39:36","00:00:01","https://nsearchives.nseindia.com/corporate/SBILIFE_21112024163935_IM21112024_Final.pdf"
"SBILIFE","SBI Life Insurance Company Limited","Allotment of Securities","SBI Life Insurance Company Limited has informed the Exchange regarding allotment of 121080 securities pursuant to ESOP/ESPS at its meeting held on November 14, 2024","14-Nov-2024 23:24:29","2024-11-14 23:24:29","14-Nov-2024 23:24:30","00:00:01","https://nsearchives.nseindia.com/corporate/SBILIFE_14112024232429_SE14112024_signed.pdf"
"SBILIFE","SBI Life Insurance Company Limited","Analysts/Institutional Investor Meet/Con. Call Updates","SBI Life Insurance Company Limited has informed the Exchange about disclosure under Regulation 30 of SEBI (Listing Obligations and Disclosure Requirements) Regulations, 2015","14-Nov-2024 17:57:38","2024-11-14 17:57:38","14-Nov-2024 17:57:39","00:00:01","https://nsearchives.nseindia.com/corporate/SBILIFE_14112024175738_IM14112024_final_Signed.pdf"
"SBILIFE","SBI Life Insurance Company Limited","Analysts/Institutional Investor Meet/Con. Call Updates","SBI Life Insurance Company Limited has informed the Exchange about disclosure under Regulation 30 of SEBI (Listing Obligations and Disclosure Requirements) Regulations, 2015","13-Nov-2024 19:37:18","2024-11-13 19:37:18","13-Nov-2024 19:37:18","00:00:00","https://nsearchives.nseindia.com/corporate/SBILIFE_13112024193718_IM13112024_signed.pdf"
"SBILIFE","SBI Life Insurance Company Limited","Change in Director(s)","SBI Life Insurance Company Limited has informed the Exchange regarding Change in Director(s) of the company.","12-Nov-2024 19:07:13","2024-11-12 19:07:13","12-Nov-2024 19:07:14","00:00:01","https://nsearchives.nseindia.com/corporate/SBILIFE_12112024190714_SE121124_signed.pdf"
"SBILIFE","SBI Life Insurance Company Limited","General Updates","SBI Life Insurance Company Limited has informed the Exchange about General Updates","11-Nov-2024 22:50:02","2024-11-11 22:50:02","11-Nov-2024 22:50:03","00:00:01","https://nsearchives.nseindia.com/corporate/SBILIFE_11112024225002_Bima_Sugam_Signed.pdf"
"SBILIFE","SBI Life Insurance Company Limited","Analysts/Institutional Investor Meet/Con. Call Updates","SBI Life Insurance Company Limited has informed the Exchange about Schedule of meet","08-Nov-2024 19:41:56","2024-11-08 19:41:56","08-Nov-2024 19:41:56","00:00:00","https://nsearchives.nseindia.com/corporate/SBILIFE_08112024194156_IM08112024_signed.pdf"
"SBILIFE","SBI Life Insurance Company Limited","General Updates","SBI Life Insurance Company Limited has informed the Exchange about Intimation under Regulation 30 read with Para A of Part A of Schedule III of the Securities and Exchange Board of India (Listing Obligations and Disclosure Requirements) Regulations, 2015","07-Nov-2024 20:48:45","2024-11-07 20:48:45","07-Nov-2024 20:48:46","00:00:01","https://nsearchives.nseindia.com/corporate/SBILIFE_07112024204846_TN07112024.pdf"
"SBILIFE","SBI Life Insurance Company Limited","Analysts/Institutional Investor Meet/Con. Call Updates","SBI Life Insurance Company Limited has informed the Exchange about Transcript","30-Oct-2024 13:27:59","2024-10-30 13:27:59","30-Oct-2024 13:27:59","00:00:00","https://nsearchives.nseindia.com/corporate/SBILIFE_30102024132759_ET30102024_signed.pdf"
"SBILIFE","SBI Life Insurance Company Limited","Analysts/Institutional Investor Meet/Con. Call Updates","SBI Life Insurance Company Limited has informed the Exchange about Link of Recording","23-Oct-2024 20:46:11","2024-10-23 20:46:11","23-Oct-2024 20:46:12","00:00:01","https://nsearchives.nseindia.com/corporate/SBILIFE_23102024204611_AR23102024_signed.pdf"
"SBILIFE","SBI Life Insurance Company Limited","Press Release","SBI Life Insurance Company Limited has informed the Exchange regarding a press release dated October 23, 2024, titled ""Performance for the Half Year ended September 30, 2024"".","23-Oct-2024 15:00:24","2024-10-23 15:00:24","23-Oct-2024 15:00:25","00:00:01","https://nsearchives.nseindia.com/corporate/SBILIFE_23102024150024_SEPressRelease231024_signed.pdf"
"SBILIFE","SBI Life Insurance Company Limited","Outcome of Board Meeting","SBI Life Insurance Company Limited has informed the Exchange regarding Outcome of Board Meeting held on October 23, 2024.","23-Oct-2024 14:42:19","2024-10-23 14:42:19","23-Oct-2024 14:42:20","00:00:01","https://nsearchives.nseindia.com/corporate/SBILIFE_23102024144219_OBM23102024_signed.pdf"
"SBILIFE","SBI Life Insurance Company Limited","Financial Result Updates"," SBI Life Insurance Company Limited has submitted to the Exchange, the financial results for the period ended September 30, 2024.","23-Oct-2024 14:40:42","2024-10-23 14:40:42","23-Oct-2024 14:40:42","00:00:00","https://nsearchives.nseindia.com/corporate/OBM23102024_signed_23102024144042.pdf"
"SBILIFE","SBI Life Insurance Company Limited","Analysts/Institutional Investor Meet/Con. Call Updates","SBI Life Insurance Company Limited has informed the Exchange about Schedule of meet","19-Oct-2024 13:01:15","2024-10-19 13:01:15","19-Oct-2024 13:01:16","00:00:01","https://nsearchives.nseindia.com/corporate/SBILIFE_19102024130115_EC19102024.pdf"
"SBILIFE","SBI Life Insurance Company Limited","General Updates","SBI Life Insurance Company Limited has informed the Exchange about General Updates","11-Oct-2024 23:04:23","2024-10-11 23:04:23","11-Oct-2024 23:04:24","00:00:01","https://nsearchives.nseindia.com/corporate/SBILIFE_11102024230423_ADT11102024_signed.pdf"
"SBILIFE","SBI Life Insurance Company Limited","Certificate under SEBI (Depositories and Participants) Regulations, 2018","SBI Life Insurance Company Limited has informed the Exchange about Certificate under SEBI (Depositories and Participants) Regulations, 2018","10-Oct-2024 20:17:36","2024-10-10 20:17:36","10-Oct-2024 20:17:37","00:00:01","https://nsearchives.nseindia.com/corporate/SBILIFE_10102024201736_SE10102024_signed.pdf"
"SBILIFE","SBI Life Insurance Company Limited","General Updates","SBI Life Insurance Company Limited has informed the Exchange about Appointment of Joint Statutory Auditors for the Financial year 2024-25","02-Oct-2024 00:24:25","2024-10-02 00:24:25","02-Oct-2024 00:24:26","00:00:01","https://nsearchives.nseindia.com/corporate/SBILIFE_02102024002425_ADT01102024_Signed.pdf"
"SBILIFE","SBI Life Insurance Company Limited","Trading Window","SBI Life Insurance Company Limited has informed the Exchange regarding the Trading Window closure pursuant to SEBI (Prohibition of Insider Trading) Regulations, 2015","26-Sep-2024 18:29:13","2024-09-26 18:29:13","26-Sep-2024 18:29:14","00:00:01","https://nsearchives.nseindia.com/corporate/SBILIFE_26092024182913_CTW26092024.pdf"
"SBILIFE","SBI Life Insurance Company Limited","General Updates","SBI Life Insurance Company Limited has informed the Exchange about Cancellation of Investor/Analyst meet","23-Sep-2024 16:16:00","2024-09-23 16:16:00","23-Sep-2024 16:16:02","00:00:02","https://nsearchives.nseindia.com/corporate/SBILIFE_23092024161600_IM23092024.pdf"
"SBILIFE","SBI Life Insurance Company Limited","Analysts/Institutional Investor Meet/Con. Call Updates","SBI Life Insurance Company Limited has informed the Exchange about Disclosure under Regulation 30 of SEBI (Listing Obligations and Disclosure Requirements) Regulations, 2015","20-Sep-2024 21:42:13","2024-09-20 21:42:13","20-Sep-2024 21:42:14","00:00:01","https://nsearchives.nseindia.com/corporate/SBILIFE_20092024214213_IM20092024.pdf"
"SBILIFE","SBI Life Insurance Company Limited","Updates","SBI Life Insurance Company Limited has informed the Exchange regarding 'Disclosure under Regulation 30 of SEBI (Listing Obligations and Disclosure Requirements) Regulations, 2015   Rescheduling of Investor/ Analyst Meet'.","18-Sep-2024 22:36:02","2024-09-18 22:36:02","18-Sep-2024 22:36:02","00:00:00","https://nsearchives.nseindia.com/corporate/SBILIFE_18092024223602_IM18092024signed.pdf"
"SBILIFE","SBI Life Insurance Company Limited","Analysts/Institutional Investor Meet/Con. Call Updates","SBI Life Insurance Company Limited has informed the Exchange about Disclosure under SEBI (LODR) Regulation, 2015","18-Sep-2024 22:24:53","2024-09-18 22:24:53","18-Sep-2024 22:24:54","00:00:01","https://nsearchives.nseindia.com/corporate/SBILIFE_18092024222454_IM18092024signed.pdf"
"SBILIFE","SBI Life Insurance Company Limited","Analysts/Institutional Investor Meet/Con. Call Updates","SBI Life Insurance Company Limited has informed the Exchange about Schedule of meet","17-Sep-2024 21:38:45","2024-09-17 21:38:45","17-Sep-2024 21:38:46","00:00:01","https://nsearchives.nseindia.com/corporate/SBILIFE_17092024213845_IM17092024.pdf"
"SBILIFE","SBI Life Insurance Company Limited","Allotment of Securities","SBI Life Insurance Company Limited has informed the Exchange regarding allotment of 135353 securities pursuant to ESOP/ESPS at its meeting held on September 17, 2024","17-Sep-2024 16:58:51","2024-09-17 16:58:51","17-Sep-2024 16:58:52","00:00:01","https://nsearchives.nseindia.com/corporate/SBILIFE_17092024165852_SE17092024.pdf"
"SBILIFE","SBI Life Insurance Company Limited","Analysts/Institutional Investor Meet/Con. Call Updates","SBI Life Insurance Company Limited has informed the Exchange about Disclosure under regulation 30 of SEBI (LODR) 2015","13-Sep-2024 19:51:54","2024-09-13 19:51:54","13-Sep-2024 19:51:55","00:00:01","https://nsearchives.nseindia.com/corporate/SBILIFE_13092024195154_IM13092024.pdf"
"SBILIFE","SBI Life Insurance Company Limited","Analysts/Institutional Investor Meet/Con. Call Updates","SBI Life Insurance Company Limited has informed the Exchange about Schedule of meet","10-Sep-2024 17:39:10","2024-09-10 17:39:10","10-Sep-2024 17:39:10","00:00:00","https://nsearchives.nseindia.com/corporate/SBILIFE_10092024173910_IM10092024.pdf"
"SBILIFE","SBI Life Insurance Company Limited","Updates","SBI Life Insurance Company Limited has informed the Exchange regarding 'Intimation under Regulation 30 read with Para A of Part A of Schedule III of the Securities and Exchange Board of India (Listing Obligations and Disclosure Requirements) Regulations, 2015'.","07-Sep-2024 14:14:58","2024-09-07 14:14:58","07-Sep-2024 14:14:59","00:00:01","https://nsearchives.nseindia.com/corporate/SBILIFE_07092024141458_IRDAI07092024.pdf"
"SBILIFE","SBI Life Insurance Company Limited","Updates","SBI Life Insurance Company Limited has informed the Exchange regarding 'Intimation under Regulation 30 read with Para A of Part A of Schedule III of the Securities and Exchange Board of India (Listing Obligations and Disclosure Requirements) Regulations, 2015'.","31-Aug-2024 21:58:44","2024-08-31 21:58:44","31-Aug-2024 21:58:44","00:00:00","https://nsearchives.nseindia.com/corporate/SBILIFE_31082024215844_MP31082024.pdf"
"SBILIFE","SBI Life Insurance Company Limited","Updates","SBI Life Insurance Company Limited has informed the Exchange regarding 'Intimation under Regulation 30 read with Para A of Part A of Schedule III of the Securities and Exchange Board of India (Listing Obligations and Disclosure Requirements) Regulations, 2015'.","31-Aug-2024 16:04:53","2024-08-31 16:04:53","31-Aug-2024 16:04:54","00:00:01","https://nsearchives.nseindia.com/corporate/SBILIFE_31082024160453_BH31082024.pdf"
"SBILIFE","SBI Life Insurance Company Limited","Updates","SBI Life Insurance Company Limited has informed the Exchange regarding 'Intimation under Regulation 30 read with Para A of Part A of Schedule III of the Securities and Exchange Board of India (Listing Obligations and Disclosure Requirements) Regulations, 2015'.","30-Aug-2024 22:41:49","2024-08-30 22:41:49","30-Aug-2024 22:41:50","00:00:01","https://nsearchives.nseindia.com/corporate/SBILIFE_30082024224149_KR30082024.pdf"
"SBILIFE","SBI Life Insurance Company Limited","Updates","SBI Life Insurance Company Limited has informed the Exchange regarding 'Intimation under Regulation 30 read with Para A of Part A of Schedule III of the Securities and Exchange Board of India (Listing Obligations and Disclosure Requirements) Regulations, 2015'.","28-Aug-2024 20:18:42","2024-08-28 20:18:42","28-Aug-2024 20:18:43","00:00:01","https://nsearchives.nseindia.com/corporate/SBILIFE_28082024201842_JK28082024.pdf"
"SBILIFE","SBI Life Insurance Company Limited","Updates","SBI Life Insurance Company Limited has informed the Exchange regarding 'Intimation under Regulation 30 read with Para A of Part A of Schedule III of the Securities and Exchange Board of India (Listing Obligations and Disclosure Requirements) Regulations, 2015'.","28-Aug-2024 20:16:25","2024-08-28 20:16:25","28-Aug-2024 20:16:25","00:00:00","https://nsearchives.nseindia.com/corporate/SBILIFE_28082024201625_CG28082024.pdf"
"SBILIFE","SBI Life Insurance Company Limited","Shareholders meeting","SBI Life Insurance Company Limited has submitted the Exchange a copy Srutinizers report of  Annual General Meeting held on August 26, 2024. Further, the company has informed the Exchange regarding voting results.","28-Aug-2024 19:41:44","2024-08-28 19:41:44","28-Aug-2024 19:41:44","00:00:00","https://nsearchives.nseindia.com/corporate/SBILIFE_28082024194144_SE26082024AGMVR_signed.pdf"
"SBILIFE","SBI Life Insurance Company Limited","Change in Director(s)","SBI Life Insurance Company Limited has informed the Exchange regarding Change in Director(s) of the company.","28-Aug-2024 11:39:15","2024-08-28 11:39:15","28-Aug-2024 11:39:16","00:00:01","https://nsearchives.nseindia.com/corporate/SBILIFE_28082024113915_SE280824_signed.pdf"
"SBILIFE","SBI Life Insurance Company Limited","Shareholders meeting","SBI Life Insurance Company Limited has informed the Exchange regarding Proceedings of Annual General Meeting held on August 26, 2024","26-Aug-2024 22:56:26","2024-08-26 22:56:26","26-Aug-2024 22:56:26","00:00:00","https://nsearchives.nseindia.com/corporate/SBILIFE_26082024225626_AGMPRO26082024.pdf"
"SBILIFE","SBI Life Insurance Company Limited","Updates","SBI Life Insurance Company Limited has informed the Exchange regarding 'Intimation under Regulation 30 read with Para A of Part A of Schedule III of the Securities and Exchange Board of India (Listing Obligations and Disclosure Requirements) Regulations, 2015'.","26-Aug-2024 14:58:30","2024-08-26 14:58:30","26-Aug-2024 14:58:31","00:00:01","https://nsearchives.nseindia.com/corporate/SBILIFE_26082024145830_TN26082024.pdf"
"SBILIFE","SBI Life Insurance Company Limited","Updates","SBI Life Insurance Company Limited has informed the Exchange regarding 'Intimation under Regulation 30 read with Para A of Part A of Schedule III of the Securities and Exchange Board of India (Listing Obligations and Disclosure Requirements) Regulations, 2015'.","26-Aug-2024 14:51:42","2024-08-26 14:51:42","26-Aug-2024 14:51:43","00:00:01","https://nsearchives.nseindia.com/corporate/SBILIFE_26082024145143_WB26082024.pdf"
"SBILIFE","SBI Life Insurance Company Limited","Updates","SBI Life Insurance Company Limited has informed the Exchange regarding 'Intimation under Regulation 30 read with Para A of Part A of Schedule III of theSecurities and Exchange Board of India (Listing Obligations and Disclosure Requirements)Regulations, 2015'.","24-Aug-2024 19:53:43","2024-08-24 19:53:43","24-Aug-2024 19:53:44","00:00:01","https://nsearchives.nseindia.com/corporate/SBILIFE_24082024195343_240824_signed.pdf"
"SBILIFE","SBI Life Insurance Company Limited","Shareholders meeting","SBI Life Insurance Company Limited has submitted the Exchange a copy Srutinizers report of  Postal Ballot. Further, the company has informed the Exchange regarding voting results.","23-Aug-2024 22:11:51","2024-08-23 22:11:51","23-Aug-2024 22:11:52","00:00:01","https://nsearchives.nseindia.com/corporate/SBILIFE_23082024221151_SEIntimation_signed.pdf"
"SBILIFE","SBI Life Insurance Company Limited","Updates","SBI Life Insurance Company Limited has informed the Exchange regarding 'Intimation under Regulation 30 read with Para A of Part A of Schedule III of the Securities and Exchange Board of India (Listing Obligations and Disclosure Requirements) Regulations, 2015'.","22-Aug-2024 21:22:40","2024-08-22 21:22:40","22-Aug-2024 21:22:40","00:00:00","https://nsearchives.nseindia.com/corporate/SBILIFE_22082024212240_HY22082024.pdf"
"SBILIFE","SBI Life Insurance Company Limited","Analysts/Institutional Investor Meet/Con. Call Updates","SBI Life Insurance Company Limited has informed the Exchange about isclosure under regulation 30 of SEBI (LODR) 2015","21-Aug-2024 22:16:44","2024-08-21 22:16:44","21-Aug-2024 22:16:44","00:00:00","https://nsearchives.nseindia.com/corporate/SBILIFE_21082024221644_IM21082024.pdf"
"SBILIFE","SBI Life Insurance Company Limited","Allotment of Securities","SBI Life Insurance Company Limited has informed the Exchange regarding allotment of 211746 securities pursuant to ESOP/ESPS at its meeting held on August 21, 2024","21-Aug-2024 20:31:19","2024-08-21 20:31:19","21-Aug-2024 20:31:20","00:00:01","https://nsearchives.nseindia.com/corporate/SBILIFE_21082024203119_SE21082024_signed.pdf"
"SBILIFE","SBI Life Insurance Company Limited","Updates","SBI Life Insurance Company Limited has informed the Exchange regarding 'Intimation under Regulation 30 read with Para A of Part A of Schedule III of the Securities and Exchange Board of India (Listing Obligations and Disclosure Requirements) Regulations, 2015 ( Listing Regulations )'.","14-Aug-2024 21:07:34","2024-08-14 21:07:34","14-Aug-2024 21:07:35","00:00:01","https://nsearchives.nseindia.com/corporate/SBILIFE_14082024210734_TN14082024.pdf"
"SBILIFE","SBI Life Insurance Company Limited","Analysts/Institutional Investor Meet/Con. Call Updates","SBI Life Insurance Company Limited has informed the Exchange about Disclosure under SEBI (LODR) Regulation, 2015","13-Aug-2024 19:44:36","2024-08-13 19:44:36","13-Aug-2024 19:44:37","00:00:01","https://nsearchives.nseindia.com/corporate/SBILIFE_13082024194437_IM13082024_Signed.pdf"
"SBILIFE","SBI Life Insurance Company Limited","Updates","SBI Life Insurance Company Limited has informed the Exchange regarding 'Intimation under Regulation 30 read with Para A of Part A of Schedule III of the Securities and Exchange Board of India (Listing Obligations and Disclosure Requirements) Regulations, 2015 ( Listing Regulations )'.","13-Aug-2024 15:23:31","2024-08-13 15:23:31","13-Aug-2024 15:23:33","00:00:02","https://nsearchives.nseindia.com/corporate/SBILIFE_13082024152331_UK13082024.pdf"
"SBILIFE","SBI Life Insurance Company Limited","Analysts/Institutional Investor Meet/Con. Call Updates","SBI Life Insurance Company Limited has informed the Exchange about Schedule of meet","08-Aug-2024 20:06:57","2024-08-08 20:06:57","08-Aug-2024 20:06:58","00:00:01","https://nsearchives.nseindia.com/corporate/SBILIFE_08082024200658_IM08082024_Signed.pdf"
"SBILIFE","SBI Life Insurance Company Limited","Copy of Newspaper Publication","SBI Life Insurance Company Limited has informed the Exchange about Copy of Newspaper Publication","04-Aug-2024 13:15:02","2024-08-04 13:15:02","04-Aug-2024 13:15:03","00:00:01","https://nsearchives.nseindia.com/corporate/SBILIFE_04082024131502_SEIntimation_post_signed.pdf"
"SBILIFE","SBI Life Insurance Company Limited","Shareholders meeting","SBI Life Insurance Company Limited has informed the Exchange regarding Notice of Annual General Meeting to be held on August 26, 2024","03-Aug-2024 14:51:58","2024-08-03 14:51:58","03-Aug-2024 14:51:58","00:00:00","https://nsearchives.nseindia.com/corporate/SBILIFE_03082024145158_SEIntimation_AR_signed.pdf"
"SBILIFE","SBI Life Insurance Company Limited","Copy of Newspaper Publication","SBI Life Insurance Company Limited has informed the Exchange about Copy of Newspaper Publication","02-Aug-2024 16:16:09","2024-08-02 16:16:09","02-Aug-2024 16:16:09","00:00:00","https://nsearchives.nseindia.com/corporate/SBILIFE_02082024161609_SE02082024_Newspaper_Pre_signed.pdf"
"SBILIFE","SBI Life Insurance Company Limited","Updates","SBI Life Insurance Company Limited has informed the Exchange regarding 'Intimation of 24th Annual General Meeting'.","01-Aug-2024 19:05:41","2024-08-01 19:05:41","01-Aug-2024 19:05:42","00:00:01","https://nsearchives.nseindia.com/corporate/SBILIFE_01082024190541_SEAGMIntimation.pdf"
"SBILIFE","SBI Life Insurance Company Limited","Analysts/Institutional Investor Meet/Con. Call Updates","SBI Life Insurance Company Limited has informed the Exchange about Transcript","31-Jul-2024 20:33:50","2024-07-31 20:33:50","31-Jul-2024 20:33:51","00:00:01","https://nsearchives.nseindia.com/corporate/SBILIFE_31072024203350_EC310724.pdf"
"SBILIFE","SBI Life Insurance Company Limited","Copy of Newspaper Publication","SBI Life Insurance Company Limited has informed the Exchange about Copy of Newspaper Publication","25-Jul-2024 15:06:13","2024-07-25 15:06:13","25-Jul-2024 15:06:14","00:00:01","https://nsearchives.nseindia.com/corporate/SBILIFE_25072024150613_PBADVT25072024.pdf"
"SBILIFE","SBI Life Insurance Company Limited","Updates","SBI Life Insurance Company Limited has informed the Exchange regarding 'Audio Recording - Earnings Calls for Q1 of FY 2024-25'.","24-Jul-2024 19:44:21","2024-07-24 19:44:21","24-Jul-2024 19:44:22","00:00:01","https://nsearchives.nseindia.com/corporate/SBILIFE_24072024194421_AR24072024_signed.pdf"
"SBILIFE","SBI Life Insurance Company Limited","Shareholders meeting","SBI Life Insurance Company Limited has informed the Exchange regarding Notice of Postal Ballot","24-Jul-2024 19:14:09","2024-07-24 19:14:09","24-Jul-2024 19:14:10","00:00:01","https://nsearchives.nseindia.com/corporate/SBILIFE_24072024191409_PBNOTICE24072024.pdf"
"SBILIFE","SBI Life Insurance Company Limited","Financial Result Updates","SBI Life Insurance Company Limited has submitted to the Exchange, the financial results for the period ended June 30, 2024.","24-Jul-2024 18:50:21","2024-07-24 18:50:21","24-Jul-2024 18:50:27","00:00:06","https://nsearchives.nseindia.com/corporate/OBM240724_24072024185021.pdf"
"SBILIFE","SBI Life Insurance Company Limited","Press Release","SBI Life Insurance Company Limited has informed the Exchange regarding a press release dated July 24, 2024, titled ""Press Release & Investor Presentation   Performance for the Quarter endedJune 30, 2024"".","24-Jul-2024 15:44:23","2024-07-24 15:44:23","24-Jul-2024 15:44:24","00:00:01","https://nsearchives.nseindia.com/corporate/SBILIFE_24072024154423_PR24072024.pdf"
"SBILIFE","SBI Life Insurance Company Limited","Updates","SBI Life Insurance Company Limited has informed the Exchange regarding 'Board of Directors' approval for grant of ESOP'.","24-Jul-2024 15:36:40","2024-07-24 15:36:40","24-Jul-2024 15:36:41","00:00:01","https://nsearchives.nseindia.com/corporate/SBILIFE_24072024153640_SEESOPGrant24072024.pdf"
"SBILIFE","SBI Life Insurance Company Limited","Publish Audited Results","SBI Life Insurance Company Limited has informed the Exchange about Publish Audited Results","24-Jul-2024 15:33:14","2024-07-24 15:33:14","24-Jul-2024 15:33:15","00:00:01","https://nsearchives.nseindia.com/corporate/SBILIFE_24072024153314_OBM240724.pdf"
"SBILIFE","SBI Life Insurance Company Limited","Outcome of Board Meeting","SBI Life Insurance Company Limited has informed the Exchange regarding  Board meeting held on July 24, 2024.","24-Jul-2024 15:30:01","2024-07-24 15:30:01","24-Jul-2024 15:30:01","00:00:00","https://nsearchives.nseindia.com/corporate/SBILIFE_24072024153001_OBM240724.pdf"
"SBILIFE","SBI Life Insurance Company Limited","Updates","SBI Life Insurance Company Limited has informed the Exchange regarding 'Board of Directors' approval of Postal Ballot for re-appointment of Independent Director'.","23-Jul-2024 20:52:16","2024-07-23 20:52:16","23-Jul-2024 20:52:17","00:00:01","https://nsearchives.nseindia.com/corporate/SBILIFE_23072024205216_Outcome_BM_23072024_final_signed.pdf"
"SBILIFE","SBI Life Insurance Company Limited","Change in Director(s)","SBI Life Insurance Company Limited has informed the Exchange regarding Change in Director(s) of the company.","23-Jul-2024 20:27:00","2024-07-23 20:27:00","23-Jul-2024 20:27:01","00:00:01","https://nsearchives.nseindia.com/corporate/SBILIFE_23072024202700_Outcome_BM_23072024_final_signed.pdf"
"SBILIFE","SBI Life Insurance Company Limited","Analysts/Institutional Investor Meet/Con. Call Updates","SBI Life Insurance Company Limited has informed the Exchange about Schedule of meet","19-Jul-2024 22:26:36","2024-07-19 22:26:36","19-Jul-2024 22:26:37","00:00:01","https://nsearchives.nseindia.com/corporate/SBILIFE_19072024222636_EC19072024.pdf"
"SBILIFE","SBI Life Insurance Company Limited","ESOP/ESOS/ESPS","SBI Life Insurance Company Limited has informed the Exchange regarding Grant of 644550  Options.","17-Jul-2024 22:26:36","2024-07-17 22:26:36","17-Jul-2024 22:26:37","00:00:01","https://nsearchives.nseindia.com/corporate/SBILIFE_17072024222636_SEESOPGrant17072024.pdf"
"SBILIFE","SBI Life Insurance Company Limited","Certificate under SEBI (Depositories and Participants) Regulations, 2018","SBI Life Insurance Company Limited has informed the Exchange about Certificate under SEBI (Depositories and Participants) Regulations, 2018","09-Jul-2024 12:30:22","2024-07-09 12:30:22","09-Jul-2024 12:30:23","00:00:01","https://nsearchives.nseindia.com/corporate/SBILIFE_09072024123022_SE090724_signed.pdf"
"SBILIFE","SBI Life Insurance Company Limited","Trading Window","SBI Life Insurance Company Limited has informed the Exchange regarding the Trading Window closure pursuant to SEBI (Prohibition of Insider Trading) Regulations, 2015","28-Jun-2024 16:50:06","2024-06-28 16:50:06","28-Jun-2024 16:50:07","00:00:01","https://nsearchives.nseindia.com/corporate/SBILIFE_28062024165006_CTW28062024_signed.pdf"
"SBILIFE","SBI Life Insurance Company Limited","Allotment of Securities","SBI Life Insurance Company Limited has informed the Exchange regarding allotment of 57400 securities pursuant to ESOP/ESPS at its meeting held on Jun 14, 2024","14-Jun-2024 19:08:12","2024-06-14 19:08:12","14-Jun-2024 19:08:13","00:00:01","https://nsearchives.nseindia.com/corporate/SBILIFE_14062024190812_SE14062024_signed.pdf"
"SBILIFE","SBI Life Insurance Company Limited","Analysts/Institutional Investor Meet/Con. Call Updates","SBI Life Insurance Company Limited has informed the Exchange about Disclosure under regulation 30 of SEBI (LODR) Regulations,2015","13-Jun-2024 18:06:44","2024-06-13 18:06:44","13-Jun-2024 18:06:45","00:00:01","https://nsearchives.nseindia.com/corporate/SBILIFE_13062024180644_IM13062024_Signed.pdf"
"SBILIFE","SBI Life Insurance Company Limited","Analysts/Institutional Investor Meet/Con. Call Updates","SBI Life Insurance Company Limited has informed the Exchange about Schedule of meet","07-Jun-2024 15:16:08","2024-06-07 15:16:08","07-Jun-2024 15:16:09","00:00:01","https://nsearchives.nseindia.com/corporate/SBILIFE_07062024151608_IM07062024.pdf"
"SBILIFE","SBI Life Insurance Company Limited","Analysts/Institutional Investor Meet/Con. Call Updates","SBI Life Insurance Company Limited has informed the Exchange about Disclosure under regulation 30 of SEBI (LODR) 2015","04-Jun-2024 18:01:42","2024-06-04 18:01:42","04-Jun-2024 18:01:43","00:00:01","https://nsearchives.nseindia.com/corporate/SBILIFE_04062024180142_IM04062024_final.pdf"
"SBILIFE","SBI Life Insurance Company Limited","Analysts/Institutional Investor Meet/Con. Call Updates","SBI Life Insurance Company Limited has informed the Exchange about Schedule of meet","30-May-2024 18:58:17","2024-05-30 18:58:17","30-May-2024 18:58:18","00:00:01","https://nsearchives.nseindia.com/corporate/SBILIFE_30052024185817_IM30052024_signed.pdf"
"SBILIFE","SBI Life Insurance Company Limited","Analysts/Institutional Investor Meet/Con. Call Updates","SBI Life Insurance Company Limited has informed the Exchange about Disclosure under regulation 30 of SEBI (LODR) 2015","29-May-2024 21:10:54","2024-05-29 21:10:54","29-May-2024 21:10:55","00:00:01","https://nsearchives.nseindia.com/corporate/SBILIFE_29052024211054_IM29052024_signed.pdf"
"SBILIFE","SBI Life Insurance Company Limited","Analysts/Institutional Investor Meet/Con. Call Updates","SBI Life Insurance Company Limited has informed the Exchange about Schedule of meet","24-May-2024 20:04:59","2024-05-24 20:04:59","24-May-2024 20:05:00","00:00:01","https://nsearchives.nseindia.com/corporate/SBILIFE_24052024200459_IM24052024.pdf"
"SBILIFE","SBI Life Insurance Company Limited","Change in Management","SBI Life Insurance Company Limited has informed the Exchange about change in Management","22-May-2024 17:24:41","2024-05-22 17:24:41","22-May-2024 17:24:42","00:00:01","https://nsearchives.nseindia.com/corporate/SBILIFE_22052024172441_Intimation_DyCEO_220524.pdf"
"SBILIFE","SBI Life Insurance Company Limited","ESOP/ESOS/ESPS","SBI Life Insurance Company Limited has informed the Exchange regarding Allotment of 53990  Shares.","15-May-2024 18:31:21","2024-05-15 18:31:21","15-May-2024 18:31:27","00:00:06","https://nsearchives.nseindia.com/corporate/SBILIFE_15052024183121_SE15052024.pdf"
"SBILIFE","SBI Life Insurance Company Limited","Analysts/Institutional Investor Meet/Con. Call Updates","SBI Life Insurance Company Limited has informed the Exchange about Individual Investor Meeting","11-May-2024 14:12:45","2024-05-11 14:12:45","11-May-2024 14:12:50","00:00:05","https://nsearchives.nseindia.com/corporate/SBILIFE_11052024141246_IM11052024.pdf"
"SBILIFE","SBI Life Insurance Company Limited","Analysts/Institutional Investor Meet/Con. Call Updates","SBI Life Insurance Company Limited has informed the Exchange about Transcript","03-May-2024 19:57:02","2024-05-03 19:57:02","03-May-2024 19:57:06","00:00:04","https://nsearchives.nseindia.com/corporate/SBILIFE_03052024195702_SETranscript03052024.pdf"
"SBILIFE","SBI Life Insurance Company Limited","Updates","SBI Life Insurance Company Limited has informed the Exchange regarding 'Company has received an order under Section-73(9) of the MGST and CGST Act 2017 from the Deputy Commissioner of State Tax, Large Tax Payer Unit   1, Mumbai Maharashtra'.","30-Apr-2024 20:20:29","2024-04-30 20:20:29","30-Apr-2024 20:20:34","00:00:05","https://nsearchives.nseindia.com/corporate/SBILIFE_30042024202029_MH30042024.pdf"
"SBILIFE","SBI Life Insurance Company Limited","Updates","SBI Life Insurance Company Limited has informed the Exchange regarding 'Intimation under Regulation 30 read with Para A of Part A of Schedule III of the Securities and Exchange Board of India (Listing Obligations and Disclosure Requirements) Regulations, 2015'.","30-Apr-2024 15:13:53","2024-04-30 15:13:53","30-Apr-2024 15:13:58","00:00:05","https://nsearchives.nseindia.com/corporate/SBILIFE_30042024151353_TN30042024.pdf"
"SBILIFE","SBI Life Insurance Company Limited","Updates","SBI Life Insurance Company Limited has informed the Exchange regarding 'Intimation under Regulation 30 read with Para A of Part A of Schedule III of the Securities and Exchange Board of India (Listing Obligations and Disclosure Requirements) Regulations, 2015'.","30-Apr-2024 15:02:24","2024-04-30 15:02:24","30-Apr-2024 15:02:29","00:00:05","https://nsearchives.nseindia.com/corporate/SBILIFE_30042024150224_TL30042024.pdf"
"SBILIFE","SBI Life Insurance Company Limited","Updates","SBI Life Insurance Company Limited has informed the Exchange regarding 'Disclosure of Related Party Transactions - March 2024'.","26-Apr-2024 23:45:42","2024-04-26 23:45:42","26-Apr-2024 23:45:51","00:00:09","https://nsearchives.nseindia.com/corporate/SBILIFE_26042024234542_RPT26042024.pdf"
"SBILIFE","SBI Life Insurance Company Limited","Updates","SBI Life Insurance Company Limited has informed the Exchange regarding 'Audio Recording - Earnings Calls for Q4 of FY 2023-24'.","26-Apr-2024 20:20:09","2024-04-26 20:20:09","26-Apr-2024 20:20:13","00:00:04","https://nsearchives.nseindia.com/corporate/SBILIFE_26042024202009_AR26042024.pdf"
"SBILIFE","SBI Life Insurance Company Limited","Press Release","SBI Life Insurance Company Limited has informed the Exchange regarding a press release dated April 26, 2024, titled ""Press Release & Investor Presentation   Performance for the quarter & financial year ended March 31, 2024"".","26-Apr-2024 16:10:43","2024-04-26 16:10:43","26-Apr-2024 16:10:49","00:00:06","https://nsearchives.nseindia.com/corporate/SBILIFE_26042024161043_PRIP26042024.pdf"
"SBILIFE","SBI Life Insurance Company Limited","Outcome of Board Meeting","SBI Life Insurance Company Limited has informed the Exchange regarding  Board meeting held on April 26, 2024.","26-Apr-2024 15:54:52","2024-04-26 15:54:52","26-Apr-2024 15:54:59","00:00:07","https://nsearchives.nseindia.com/corporate/SBILIFE_26042024155452_OBM26042024signed.pdf"
"SBILIFE","SBI Life Insurance Company Limited","Financial Result Updates","SBI Life Insurance Company Limited has submitted to the Exchange, the financial results for the period ended March 31, 2024.","26-Apr-2024 15:48:48","2024-04-26 15:48:48","26-Apr-2024 15:48:53","00:00:05","https://nsearchives.nseindia.com/corporate/OBM26042024signed_26042024154848.pdf"
"SBILIFE","SBI Life Insurance Company Limited","Updates","SBI Life Insurance Company Limited has informed the Exchange regarding 'Intimation under Regulation 30 read with Para A of Part A of Schedule III of the Securities and Exchange Board of India (Listing Obligations and Disclosure Requirements) Regulations, 2015'.","22-Apr-2024 21:12:33","2024-04-22 21:12:33","22-Apr-2024 21:12:38","00:00:05","https://nsearchives.nseindia.com/corporate/SBILIFE_22042024211233_WB22042024.pdf"
"SBILIFE","SBI Life Insurance Company Limited","Analysts/Institutional Investor Meet/Con. Call Updates","SBI Life Insurance Company Limited has informed the Exchange about Schedule of meet","18-Apr-2024 23:55:47","2024-04-18 23:55:47","18-Apr-2024 23:55:54","00:00:07","https://nsearchives.nseindia.com/corporate/SBILIFE_18042024235547_EC18042024.pdf"
"SBILIFE","SBI Life Insurance Company Limited","Certificate under SEBI (Depositories and Participants) Regulations, 2018","SBI Life Insurance Company Limited has informed the Exchange about Certificate under SEBI (Depositories and Participants) Regulations, 2018","10-Apr-2024 20:25:57","2024-04-10 20:25:57","10-Apr-2024 20:26:03","00:00:06","https://nsearchives.nseindia.com/corporate/SBILIFE_10042024202557_SE10042024.pdf"
"SBILIFE","SBI Life Insurance Company Limited","Outcome of Board Meeting","SBI Life Insurance Company Limited has informed the Exchange regarding Outcome of Board Meeting held on April 08, 2024.","08-Apr-2024 19:24:34","2024-04-08 19:24:34","08-Apr-2024 19:24:42","00:00:08","https://nsearchives.nseindia.com/corporate/SBILIFE_08042024192435_OBM08042024.pdf"
"SBILIFE","SBI Life Insurance Company Limited","Updates","SBI Life Insurance Company Limited has informed the Exchange regarding 'Intimation under regulation 30 of SEBI (LODR) Regulations, 2015'.","30-Mar-2024 22:56:26","2024-03-30 22:56:26","30-Mar-2024 22:56:33","00:00:07","https://nsearchives.nseindia.com/corporate/SBILIFE_30032024225626_IT30032024.pdf"
"SBILIFE","SBI Life Insurance Company Limited","Shareholders meeting","SBI Life Insurance Company Limited has submitted the Exchange a copy Srutinizers report of  Postal Ballot. Further, the company has informed the Exchange regarding voting results.","30-Mar-2024 21:48:54","2024-03-30 21:48:54","30-Mar-2024 21:48:58","00:00:04","https://nsearchives.nseindia.com/corporate/SBILIFE_30032024214854_PBR30032024.pdf"
"SBILIFE","SBI Life Insurance Company Limited","Trading Window","SBI Life Insurance Company Limited has informed the Exchange regarding the Trading Window closure pursuant to SEBI (Prohibition of Insider Trading) Regulations, 2015","30-Mar-2024 20:48:37","2024-03-30 20:48:37","30-Mar-2024 20:48:43","00:00:06","https://nsearchives.nseindia.com/corporate/SBILIFE_30032024204837_CTW30032024.pdf"
"SBILIFE","SBI Life Insurance Company Limited","Analysts/Institutional Investor Meet/Con. Call Updates","SBI Life Insurance Company Limited has informed the Exchange about Disclosure under regulation 30 of SEBI (LODR) 2015","21-Mar-2024 20:14:17","2024-03-21 20:14:17","21-Mar-2024 20:14:22","00:00:05","https://nsearchives.nseindia.com/corporate/SBILIFE_21032024201417_IM21032024.pdf"
"SBILIFE","SBI Life Insurance Company Limited","Allotment of Securities","SBI Life Insurance Company Limited has informed the Exchange regarding allotment of 88711 securities pursuant to ESOP/ESPS at its meeting held on March 16, 2024","16-Mar-2024 22:07:44","2024-03-16 22:07:44","16-Mar-2024 22:07:51","00:00:07","https://nsearchives.nseindia.com/corporate/SBILIFE_16032024220744_SE16032024.pdf"
"SBILIFE","SBI Life Insurance Company Limited","Analysts/Institutional Investor Meet/Con. Call Updates","SBI Life Insurance Company Limited has informed the Exchange about Investor Meeting","15-Mar-2024 21:38:01","2024-03-15 21:38:01","15-Mar-2024 21:38:08","00:00:07","https://nsearchives.nseindia.com/corporate/SBILIFE_15032024213801_SEIM15032024.pdf"
"SBILIFE","SBI Life Insurance Company Limited","Analysts/Institutional Investor Meet/Con. Call Updates","SBI Life Insurance Company Limited has informed the Exchange about Investor Meeting","14-Mar-2024 21:08:46","2024-03-14 21:08:46","14-Mar-2024 21:08:50","00:00:04","https://nsearchives.nseindia.com/corporate/SBILIFE_14032024210846_SEIM14032024.pdf"
"SBILIFE","SBI Life Insurance Company Limited","Analysts/Institutional Investor Meet/Con. Call Updates","SBI Life Insurance Company Limited has informed the Exchange about Schedule of meet","11-Mar-2024 17:56:57","2024-03-11 17:56:57","11-Mar-2024 17:57:02","00:00:05","https://nsearchives.nseindia.com/corporate/SBILIFE_11032024175657_IM11032024.pdf"
"SBILIFE","SBI Life Insurance Company Limited","Dividend","SBI Life Insurance Company Limited has informed the Exchange that Board of Directors at its meeting held on March 10, 2024, declared Interim Dividend of 2.7 per equity share.","10-Mar-2024 15:45:00","2024-03-10 15:45:00","10-Mar-2024 15:45:05","00:00:05","https://nsearchives.nseindia.com/corporate/SBILIFE_10032024154500_BO10032024.pdf"
"SBILIFE","SBI Life Insurance Company Limited","Copy of Newspaper Publication","SBI Life Insurance Company Limited has informed the Exchange about Copy of Newspaper Publication","01-Mar-2024 18:44:57","2024-03-01 18:44:57","01-Mar-2024 18:45:02","00:00:05","https://nsearchives.nseindia.com/corporate/SBILIFE_01032024184457_PBADVT01032024.pdf"
"SBILIFE","SBI Life Insurance Company Limited","Shareholders meeting","SBI Life Insurance Company Limited has informed the Exchange about Shareholders meeting","29-Feb-2024 21:36:56","2024-02-29 21:36:56","29-Feb-2024 21:37:02","00:00:06","https://nsearchives.nseindia.com/corporate/SBILIFE_29022024213656_PBN29022024.pdf"
"SBILIFE","SBI Life Insurance Company Limited","Outcome of Board Meeting","SBI Life Insurance Company Limited has informed the Exchange regarding Outcome of Board Meeting held on February 28, 2024.","28-Feb-2024 20:14:03","2024-02-28 20:14:03","28-Feb-2024 20:14:09","00:00:06","https://nsearchives.nseindia.com/corporate/SBILIFE_28022024201403_BMO28022024.pdf"
"SBILIFE","SBI Life Insurance Company Limited","Analysts/Institutional Investor Meet/Con. Call Updates","SBI Life Insurance Company Limited has informed the Exchange about Conference call","22-Feb-2024 23:04:40","2024-02-22 23:04:40","22-Feb-2024 23:04:47","00:00:07","https://nsearchives.nseindia.com/corporate/SBILIFE_22022024230440_IM22022024.pdf"
"SBILIFE","SBI Life Insurance Company Limited","ESOP/ESOS/ESPS","SBI Life Insurance Company Limited has informed the Exchange regarding Allotment of 136551  Shares.","18-Feb-2024 16:57:29","2024-02-18 16:57:29","18-Feb-2024 16:57:35","00:00:06","https://nsearchives.nseindia.com/corporate/SBILIFE_18022024165730_SE18022024.pdf"
"SBILIFE","SBI Life Insurance Company Limited","Analysts/Institutional Investor Meet/Con. Call Updates","SBI Life Insurance Company Limited has informed the Exchange about Schedule of meet","13-Feb-2024 20:20:57","2024-02-13 20:20:57","13-Feb-2024 20:21:04","00:00:07","https://nsearchives.nseindia.com/corporate/SBILIFE_13022024202057_IM13022024.pdf"
"SBILIFE","SBI Life Insurance Company Limited","Outcome of Board Meeting","SBI Life Insurance Company Limited has informed the Exchange regarding  Board meeting held on February 13, 2024.","13-Feb-2024 19:54:48","2024-02-13 19:54:48","13-Feb-2024 19:54:55","00:00:07","https://nsearchives.nseindia.com/corporate/SBILIFE_13022024195448_Outcome13022024.pdf"
"SBILIFE","SBI Life Insurance Company Limited","Analysts/Institutional Investor Meet/Con. Call Updates","SBI Life Insurance Company Limited has informed the Exchange about Transcript","01-Feb-2024 16:04:23","2024-02-01 16:04:23","01-Feb-2024 16:04:30","00:00:07","https://nsearchives.nseindia.com/corporate/SBILIFE_01022024160423_SETranscript01022024.pdf"
"SBILIFE","SBI Life Insurance Company Limited","Change in Management","SBI Life Insurance Company Limited has informed the Exchange about change in Management","31-Jan-2024 19:20:25","2024-01-31 19:20:25","31-Jan-2024 19:20:30","00:00:05","https://nsearchives.nseindia.com/corporate/SBILIFE_31012024192025_SEAVS31012024.pdf"
"SBILIFE","SBI Life Insurance Company Limited","Change in Management","SBI Life Insurance Company Limited has informed the Exchange about change in Management","29-Jan-2024 20:55:07","2024-01-29 20:55:07","29-Jan-2024 20:55:14","00:00:07","https://nsearchives.nseindia.com/corporate/SBILIFE_29012024205507_RLCS29012024.pdf"
"SBILIFE","SBI Life Insurance Company Limited","Analysts/Institutional Investor Meet/Con. Call Updates","SBI Life Insurance Company Limited has informed the Exchange about Link of Recording","26-Jan-2024 01:29:49","2024-01-26 01:29:49","26-Jan-2024 01:29:53","00:00:04","https://nsearchives.nseindia.com/corporate/SBILIFE_26012024012949_AR25012024.pdf"
"SBILIFE","SBI Life Insurance Company Limited","Press Release","SBI Life Insurance Company Limited has informed the Exchange regarding a press release dated January 25, 2024, titled ""Press Release & Investor Presentation - Performance for the quarter & nine months ended December 31, 2023"".","25-Jan-2024 14:31:25","2024-01-25 14:31:25","25-Jan-2024 14:31:30","00:00:05","https://nsearchives.nseindia.com/corporate/SBILIFE_25012024143125_PRIP25012024.pdf"
"SBILIFE","SBI Life Insurance Company Limited","Financial Result Updates","SBI Life Insurance Company Limited has submitted to the Exchange, the financial results for the period ended December 31, 2023.","25-Jan-2024 14:26:32","2024-01-25 14:26:32","25-Jan-2024 14:26:36","00:00:04","https://nsearchives.nseindia.com/corporate/OBM25012024_25012024142632.pdf"
"SBILIFE","SBI Life Insurance Company Limited","Analysts/Institutional Investor Meet/Con. Call Updates","SBI Life Insurance Company Limited has informed the Exchange about Schedule of meet","22-Jan-2024 11:57:20","2024-01-22 11:57:20","22-Jan-2024 11:57:25","00:00:05","https://nsearchives.nseindia.com/corporate/SBILIFE_22012024115720_EC22012024.pdf"
"SBILIFE","SBI Life Insurance Company Limited","Certificate under SEBI (Depositories and Participants) Regulations, 2018","SBI Life Insurance Company Limited has informed the Exchange about Certificate under SEBI (Depositories and Participants) Regulations, 2018","09-Jan-2024 16:50:20","2024-01-09 16:50:20","09-Jan-2024 16:50:32","00:00:12","https://nsearchives.nseindia.com/corporate/SBILIFE_09012024165020_SE09012024.pdf"
"SBILIFE","SBI Life Insurance Company Limited","Appointment","SBI Life Insurance Company Limited has informed the Exchange regarding Appointment of Mr Ashwini Kumar Tewari as Nominee Director of the company w.e.f. January 06, 2024.","07-Jan-2024 16:05:02","2024-01-07 16:05:02","07-Jan-2024 16:05:08","00:00:06","https://nsearchives.nseindia.com/corporate/SBILIFE_07012024160502_SBILIFE.pdf"
"SBILIFE","SBI Life Insurance Company Limited","Appointment","SBI Life Insurance Company Limited has informed the Exchange regarding Appointment of Mr Ashwini Kumar Tewari as Non- Executive Director of the company w.e.f. January 06, 2024.","07-Jan-2024 12:47:19","2024-01-07 12:47:19","07-Jan-2024 12:47:24","00:00:05","https://nsearchives.nseindia.com/corporate/SBILIFE_07012024124719_SE06012024.pdf"
"SBILIFE","SBI Life Insurance Company Limited","Updates","SBI Life Insurance Company Limited has informed the Exchange regarding 'Intimation under regulation 30 of SEBI (Listing Obligations and Disclosure Requirements) Regulations, 2015 '.","03-Jan-2024 20:17:44","2024-01-03 20:17:44","03-Jan-2024 20:18:01","00:00:17","https://nsearchives.nseindia.com/corporate/SBILIFE_03012024201745_AS03012024.pdf"
"SBILIFE","SBI Life Insurance Company Limited","Updates","SBI Life Insurance Company Limited has informed the Exchange regarding 'Intimation under regulation 30 of SEBI (Listing Obligations and Disclosure Requirements) Regulations, 2015 '.","03-Jan-2024 20:17:44","2024-01-03 20:17:44","03-Jan-2024 20:18:08","00:00:24","https://nsearchives.nseindia.com/corporate/SBILIFE_03012024201746_DL03012024.pdf"
"SBILIFE","SBI Life Insurance Company Limited","Updates","SBI Life Insurance Company Limited has informed the Exchange regarding 'Intimation under regulation 30 of SEBI (Listing Obligations and Disclosure Requirements) Regulations, 2015 '.","03-Jan-2024 20:17:44","2024-01-03 20:17:44","03-Jan-2024 20:17:52","00:00:08","https://nsearchives.nseindia.com/corporate/SBILIFE_03012024201744_AP03012024.pdf"
"SBILIFE","SBI Life Insurance Company Limited","Updates","SBI Life Insurance Company Limited has informed the Exchange regarding 'Intimation under regulation 30 of SEBI (Listing Obligations and Disclosure Requirements) Regulations, 2015 '.","03-Jan-2024 20:17:44","2024-01-03 20:17:44","03-Jan-2024 20:18:15","00:00:31","https://nsearchives.nseindia.com/corporate/SBILIFE_03012024201747_TN03012024.pdf"
"SBILIFE","SBI Life Insurance Company Limited","Trading Window","SBI Life Insurance Company Limited has informed the Exchange regarding the Trading Window closure pursuant to SEBI (Prohibition of Insider Trading) Regulations, 2015","29-Dec-2023 19:37:04","2023-12-29 19:37:04","29-Dec-2023 19:37:09","00:00:05","https://nsearchives.nseindia.com/corporate/SBILIFE_29122023193704_CTW29122023.pdf"
"SBILIFE","SBI Life Insurance Company Limited","ESOP/ESOS/ESPS","SBI Life Insurance Company Limited has informed the Exchange regarding Allotment of 79005  Shares.","14-Dec-2023 19:59:57","2023-12-14 19:59:57","14-Dec-2023 20:00:05","00:00:08","https://nsearchives.nseindia.com/corporate/SBILIFE_14122023195957_SE14122023.pdf"
"SBILIFE","SBI Life Insurance Company Limited","Analysts/Institutional Investor Meet/Con. Call Updates","SBI Life Insurance Company Limited has informed the Exchange about Schedule of meet","06-Dec-2023 18:45:39","2023-12-06 18:45:39","06-Dec-2023 18:45:45","00:00:06","https://nsearchives.nseindia.com/corporate/SBILIFE_06122023184539_IM06122023outcome.pdf"
"SBILIFE","SBI Life Insurance Company Limited","Analysts/Institutional Investor Meet/Con. Call Updates","SBI Life Insurance Company Limited has informed the Exchange about Schedule of meet","02-Dec-2023 20:05:57","2023-12-02 20:05:57","02-Dec-2023 20:06:01","00:00:04","https://nsearchives.nseindia.com/corporate/SBILIFE_02122023200557_IM06122023.pdf"
"SBILIFE","SBI Life Insurance Company Limited","Shareholders meeting","SBI Life Insurance Company Limited has submitted the Exchange a copy Srutinizers report of  Postal Ballot. Further, the company has informed the Exchange regarding voting results.","29-Nov-2023 19:55:48","2023-11-29 19:55:48","29-Nov-2023 19:55:55","00:00:07","https://nsearchives.nseindia.com/corporate/SBILIFE_29112023195548_PBR29112023.pdf"
"SBILIFE","SBI Life Insurance Company Limited","Allotment of Securities","SBI Life Insurance Company Limited has informed the Exchange regarding allotment of 70889 securities pursuant to ESOP/ESPS at its meeting held on November 17, 2023","17-Nov-2023 18:46:31","2023-11-17 18:46:31","17-Nov-2023 18:46:37","00:00:06","https://nsearchives.nseindia.com/corporate/SBILIFE_17112023184631_SE17112023.pdf"
"SBILIFE","SBI Life Insurance Company Limited","Analysts/Institutional Investor Meet/Con. Call Updates","SBI Life Insurance Company Limited has informed the Exchange about Schedule of meet and Details of calls of Investors enclosed","16-Nov-2023 17:37:12","2023-11-16 17:37:12","16-Nov-2023 17:37:20","00:00:08","https://nsearchives.nseindia.com/corporate/SBILIFE_16112023173712_IM16112023.pdf"
"SBILIFE","SBI Life Insurance Company Limited","Analysts/Institutional Investor Meet/Con. Call Updates","SBI Life Insurance Company Limited has informed the Exchange about Schedule of meet","10-Nov-2023 16:08:10","2023-11-10 16:08:10","10-Nov-2023 16:08:19","00:00:09","https://nsearchives.nseindia.com/corporate/SBILIFE_10112023160810_IM10112023.pdf"
"SBILIFE","SBI Life Insurance Company Limited","Resignation","SBI Life Insurance Company Limited has informed the Exchange regarding Resignation of Mr Vinod Koyande as Company Secretary & Compliance Officer of the company w.e.f. October 31, 2023.","01-Nov-2023 11:58:26","2023-11-01 11:58:26","01-Nov-2023 11:58:33","00:00:07","https://nsearchives.nseindia.com/corporate/SBILIFE_01112023115826_RL01112023.pdf"
"SBILIFE","SBI Life Insurance Company Limited","Analysts/Institutional Investor Meet/Con. Call Updates","SBI Life Insurance Company Limited has informed the Exchange about Transcript","31-Oct-2023 20:28:11","2023-10-31 20:28:11","31-Oct-2023 20:28:19","00:00:08","https://nsearchives.nseindia.com/corporate/SBILIFE_31102023202811_ET31102023.pdf"
"SBILIFE","SBI Life Insurance Company Limited","Copy of Newspaper Publication","SBI Life Insurance Company Limited has informed the Exchange about Copy of Newspaper Publication","31-Oct-2023 19:18:19","2023-10-31 19:18:19","31-Oct-2023 19:18:30","00:00:11","https://nsearchives.nseindia.com/corporate/SBILIFE_31102023191819_NPADVT_31102023.pdf"
"SBILIFE","SBI Life Insurance Company Limited","Shareholders meeting","SBI Life Insurance Company Limited has informed the Exchange regarding Notice of Postal Ballot","30-Oct-2023 19:49:45","2023-10-30 19:49:45","30-Oct-2023 19:49:55","00:00:10","https://nsearchives.nseindia.com/corporate/SBILIFE_30102023194945_PBN31102023.pdf"
"SBILIFE","SBI Life Insurance Company Limited","Related Party Transactions","SBI Life Insurance Company Limited has informed the Exchange about related Party Transactions","27-Oct-2023 20:00:43","2023-10-27 20:00:43","27-Oct-2023 20:00:49","00:00:06","https://nsearchives.nseindia.com/corporate/SBILIFE_27102023200043_RPT27102023.pdf"
"SBILIFE","SBI Life Insurance Company Limited","Analysts/Institutional Investor Meet/Con. Call Updates","SBI Life Insurance Company Limited has informed the Exchange about Link of Recording","27-Oct-2023 19:46:46","2023-10-27 19:46:46","27-Oct-2023 19:46:51","00:00:05","https://nsearchives.nseindia.com/corporate/SBILIFE_27102023194646_AR27102023.pdf"
"SBILIFE","SBI Life Insurance Company Limited","Outcome of Board Meeting","SBI Life Insurance Company Limited has informed the Exchange regarding Outcome of Board Meeting held on October 27, 2023.","27-Oct-2023 18:36:19","2023-10-27 18:36:19","27-Oct-2023 18:36:25","00:00:06","https://nsearchives.nseindia.com/corporate/SBILIFE_27102023183619_PB27102023.pdf"
"SBILIFE","SBI Life Insurance Company Limited","Press Release","SBI Life Insurance Company Limited has informed the Exchange regarding a press release dated October 27, 2023, titled ""Press Release and Investor Presentation"".","27-Oct-2023 14:58:30","2023-10-27 14:58:30","27-Oct-2023 14:58:36","00:00:06","https://nsearchives.nseindia.com/corporate/SBILIFE_27102023145830_PR27102023.pdf"
"SBILIFE","SBI Life Insurance Company Limited","Financial Result Updates","SBI Life Insurance Company Limited has submitted to the Exchange, the financial results for the period ended September 30, 2023.","27-Oct-2023 14:50:50","2023-10-27 14:50:50","27-Oct-2023 14:50:59","00:00:09","https://nsearchives.nseindia.com/corporate/OutcomeSep23_27102023145050.pdf"
"SBILIFE","SBI Life Insurance Company Limited","Analysts/Institutional Investor Meet/Con. Call Updates","SBI Life Insurance Company Limited has informed the Exchange about Schedule of meet","23-Oct-2023 18:43:16","2023-10-23 18:43:16","23-Oct-2023 18:43:25","00:00:09","https://nsearchives.nseindia.com/corporate/SBILIFE_23102023184316_EC23102023.pdf"
"SBILIFE","SBI Life Insurance Company Limited","Updates","SBI Life Insurance Company Limited has informed the Exchange regarding 'Appointment of Joint Statutory Auditors for the Financial Year 2023-24'.","10-Oct-2023 20:31:15","2023-10-10 20:31:15","10-Oct-2023 20:31:20","00:00:05","https://nsearchives.nseindia.com/corporate/SBILIFE_10102023203115_SA10102023.pdf"
"SBILIFE","SBI Life Insurance Company Limited","Certificate under SEBI (Depositories and Participants) Regulations, 2018","SBI Life Insurance Company Limited has informed the Exchange about Certificate under SEBI (Depositories and Participants) Regulations, 2018","06-Oct-2023 17:41:38","2023-10-06 17:41:38","06-Oct-2023 17:41:42","00:00:04","https://nsearchives.nseindia.com/corporate/SBILIFE_06102023174138_SE06102023.pdf"
"SBILIFE","SBI Life Insurance Company Limited","Trading Window","SBI Life Insurance Company Limited has informed the Exchange regarding the Trading Window closure pursuant to SEBI (Prohibition of Insider Trading) Regulations, 2015","29-Sep-2023 16:48:56","2023-09-29 16:48:56","29-Sep-2023 16:48:59","00:00:03","https://nsearchives.nseindia.com/corporate/SBILIFE_29092023164856_CTW29092023.pdf"
"SBILIFE","SBI Life Insurance Company Limited","Change in Management","SBI Life Insurance Company Limited has informed the Exchange about change in Management","28-Sep-2023 17:49:05","2023-09-28 17:49:05","28-Sep-2023 17:49:08","00:00:03","https://nsearchives.nseindia.com/corporate/SBILIFE_28092023174905_SE28092023OBMFinal.pdf"
"SBILIFE","SBI Life Insurance Company Limited","Updates","SBI Life Insurance Company Limited has informed the Exchange regarding 'Intimation under Regulation 30 read with Para A of Part A of Schedule III of the Securities and Exchange Board of India (Listing Obligations and Disclosure Requirements) Regulations, 2015'.","25-Sep-2023 18:44:53","2023-09-25 18:44:53","25-Sep-2023 18:44:57","00:00:04","https://nsearchives.nseindia.com/corporate/SBILIFE_25092023184453_SE25092023.pdf"
"SBILIFE","SBI Life Insurance Company Limited","ESOP/ESOS/ESPS","SBI Life Insurance Company Limited has informed the Exchange regarding Allotment of 50267  Shares.","15-Sep-2023 19:14:33","2023-09-15 19:14:33","15-Sep-2023 19:14:50","00:00:17","https://nsearchives.nseindia.com/corporate/SBILIFE_15092023191433_SE15092023.pdf"
"SBILIFE","SBI Life Insurance Company Limited","Analysts/Institutional Investor Meet/Con. Call Updates","SBI Life Insurance Company Limited has informed the Exchange about Participants","07-Sep-2023 19:47:50","2023-09-07 19:47:50","07-Sep-2023 19:47:54","00:00:04","https://nsearchives.nseindia.com/corporate/SBILIFE_07092023194750_IM07092023.pdf"
"SBILIFE","SBI Life Insurance Company Limited","Change in Director(s)","SBI Life Insurance Company Limited has informed the Exchange regarding Change in Director(s) of the company.","06-Sep-2023 18:54:53","2023-09-06 18:54:53","06-Sep-2023 18:55:03","00:00:10","https://nsearchives.nseindia.com/corporate/SBILIFE_06092023185453_SE06092023.pdf"
"SBILIFE","SBI Life Insurance Company Limited","Analysts/Institutional Investor Meet/Con. Call Updates","SBI Life Insurance Company Limited has informed the Exchange about Schedule of meet","01-Sep-2023 18:58:33","2023-09-01 18:58:33","01-Sep-2023 18:58:43","00:00:10","https://nsearchives.nseindia.com/corporate/SBILIFE_01092023185833_IM01092023.pdf"
"SBILIFE","SBI Life Insurance Company Limited","Shareholders meeting","SBI Life Insurance Company Limited has informed the Exchange regarding Proceedings of Annual General Meeting held on August 29, 2023. Further, the company has submitted the Exchange a copy of Srutinizers report along with voting results.","29-Aug-2023 22:26:41","2023-08-29 22:26:41","29-Aug-2023 22:26:44","00:00:03","https://nsearchives.nseindia.com/corporate/SBILIFE_29082023222641_OAGM29082023.pdf"
"SBILIFE","SBI Life Insurance Company Limited","Analysts/Institutional Investor Meet/Con. Call Updates","SBI Life Insurance Company Limited has informed the Exchange about Participant of the Investor Meet","23-Aug-2023 20:50:46","2023-08-23 20:50:46","23-Aug-2023 20:50:59","00:00:13","https://nsearchives.nseindia.com/corporate/SBILIFE_23082023205046_IM23082023.pdf"
"SBILIFE","SBI Life Insurance Company Limited","Analysts/Institutional Investor Meet/Con. Call Updates","SBI Life Insurance Company Limited has informed the Exchange about Schedule of meet","17-Aug-2023 19:57:37","2023-08-17 19:57:37","17-Aug-2023 19:57:47","00:00:10","https://nsearchives.nseindia.com/corporate/SBILIFE_17082023195737_IM17082023.pdf"
"SBILIFE","SBI Life Insurance Company Limited","ESOP/ESOS/ESPS","SBI Life Insurance Company Limited has informed the Exchange regarding Allotment of 74397  Shares.","17-Aug-2023 18:04:15","2023-08-17 18:04:15","17-Aug-2023 18:04:25","00:00:10","https://nsearchives.nseindia.com/corporate/SBILIFE_17082023180415_SE17082023.pdf"
"SBILIFE","SBI Life Insurance Company Limited","Updates","SBI Life Insurance Company Limited has informed the Exchange regarding 'Update on appointment of Managing Director & CEO'.","08-Aug-2023 18:49:43","2023-08-08 18:49:43","08-Aug-2023 18:49:53","00:00:10","https://nsearchives.nseindia.com/corporate/SBILIFE_08082023184943_SE08082023.pdf"
"SBILIFE","SBI Life Insurance Company Limited","Copy of Newspaper Publication","SBI Life Insurance Company Limited has informed the Exchange about Copy of Newspaper Publication","05-Aug-2023 14:01:12","2023-08-05 14:01:12","06-Aug-2023 23:35:54","33:34:42","https://nsearchives.nseindia.com/corporate/SBILIFE_05082023140112_NPPOST05082023.pdf"
"SBILIFE","SBI Life Insurance Company Limited","Shareholders meeting","SBI Life Insurance Company Limited has informed the Exchange regarding Notice of Annual General Meeting to be held on August 29, 2023","04-Aug-2023 19:47:55","2023-08-04 19:47:55","04-Aug-2023 19:48:09","00:00:14","https://nsearchives.nseindia.com/corporate/SBILIFE_04082023194755_ARN04082023.pdf"
"SBILIFE","SBI Life Insurance Company Limited","Analysts/Institutional Investor Meet/Con. Call Updates","SBI Life Insurance Company Limited has informed the Exchange about Transcript","31-Jul-2023 18:05:00","2023-07-31 18:05:00","31-Jul-2023 18:05:32","00:00:32","https://nsearchives.nseindia.com/corporate/SBILIFE_31072023180500_ECT31072023.pdf"
"SBILIFE","SBI Life Insurance Company Limited","Shareholders meeting","SBI Life Insurance Company Limited has informed the Exchange about Shareholders meeting","31-Jul-2023 17:23:45","2023-07-31 17:23:45","31-Jul-2023 17:23:58","00:00:13","https://nsearchives.nseindia.com/corporate/SBILIFE_31072023172345_PBR31072023.pdf"
"SBILIFE","SBI Life Insurance Company Limited","Copy of Newspaper Publication","SBI Life Insurance Company Limited has informed the Exchange about Copy of Newspaper Publication","29-Jul-2023 13:33:47","2023-07-29 13:33:47","29-Jul-2023 13:33:56","00:00:09","https://nsearchives.nseindia.com/corporate/SBILIFE_29072023133347_NPPRE29072023.pdf"
"SBILIFE","SBI Life Insurance Company Limited","Updates","SBI Life Insurance Company Limited has informed the Exchange regarding 'Intimation of 23rd Annual General Meeting'.","28-Jul-2023 19:30:07","2023-07-28 19:30:07","28-Jul-2023 19:30:36","00:00:29","https://nsearchives.nseindia.com/corporate/SBILIFE_28072023193007_AGM28072023.pdf"
"SBILIFE","SBI Life Insurance Company Limited","Change in Director(s)","SBI Life Insurance Company Limited has informed the Exchange regarding Change in Director(s) of the company.","28-Jul-2023 19:21:26","2023-07-28 19:21:26","28-Jul-2023 19:21:34","00:00:08","https://nsearchives.nseindia.com/corporate/SBILIFE_28072023192126_BMO28072023.pdf"
"SBILIFE","SBI Life Insurance Company Limited","Analysts/Institutional Investor Meet/Con. Call Updates","SBI Life Insurance Company Limited has informed the Exchange about Link of Recording","25-Jul-2023 21:55:23","2023-07-25 21:55:23","25-Jul-2023 21:55:30","00:00:07","https://nsearchives.nseindia.com/corporate/SBILIFE_25072023215523_AR25072023.pdf"
"SBILIFE","SBI Life Insurance Company Limited","ESOP/ESOS/ESPS","SBI Life Insurance Company Limited has informed the Exchange regarding Grant of 725900  Options.","25-Jul-2023 19:18:59","2023-07-25 19:18:59","25-Jul-2023 19:19:17","00:00:18","https://nsearchives.nseindia.com/corporate/SBILIFE_25072023191859_SEESOP25072023.pdf"
"SBILIFE","SBI Life Insurance Company Limited","Outcome of Board Meeting","SBI Life Insurance Company Limited has informed the Exchange regarding Outcome of Board Meeting held on July 25, 2023.","25-Jul-2023 19:12:54","2023-07-25 19:12:54","25-Jul-2023 19:13:14","00:00:20","https://nsearchives.nseindia.com/corporate/SBILIFE_25072023191254_BM_MD25072023.pdf"
"SBILIFE","SBI Life Insurance Company Limited","Press Release","SBI Life Insurance Company Limited has informed the Exchange regarding a press release dated July 25, 2023, titled ""A copy of the press release and investor presentation being issued in connection with performance for the quarter ended June 30, 2023, is enclosed. The above information is also made available on the Company s website at www.sbilife.co.in "".","25-Jul-2023 18:56:17","2023-07-25 18:56:17","25-Jul-2023 18:56:25","00:00:08","https://nsearchives.nseindia.com/corporate/SBILIFE_25072023185617_NewsReleaseandPresentation.pdf"
"SBILIFE","SBI Life Insurance Company Limited","Financial Result Updates","SBI Life Insurance Company Limited has submitted to the Exchange, the financial results for the period ended June 30, 2023.","25-Jul-2023 18:47:27","2023-07-25 18:47:27","25-Jul-2023 18:47:30","00:00:03","https://nsearchives.nseindia.com/corporate/Outcome_25072023184727.pdf"
"SBILIFE","SBI Life Insurance Company Limited","Analysts/Institutional Investor Meet/Con. Call Updates","SBI Life Insurance Company Limited has informed the Exchange about Schedule of meet","20-Jul-2023 20:30:55","2023-07-20 20:30:55","20-Jul-2023 20:31:01","00:00:06","https://nsearchives.nseindia.com/corporate/SBILIFE_20072023203055_EC20072023.pdf"
"SBILIFE","SBI Life Insurance Company Limited","Disclosure under SEBI Takeover Regulations","State Bank of India has Submitted to the Exchange a copy of Disclosure under Regulation 31(4) of the Securities and Exchange Board of India (Substantial Acquisition of Shares and Takeovers) Regulations, 2011.","07-Jul-2023 18:54:52","2023-07-07 18:54:52","07-Jul-2023 18:55:09","00:00:17","https://nsearchives.nseindia.com/corporate/SBILIFE_07072023185452_SBI_SAST_31.pdf"
"SBILIFE","SBI Life Insurance Company Limited","Certificate under SEBI (Depositories and Participants) Regulations, 2018","SBI Life Insurance Company Limited has informed the Exchange about Certificate under SEBI (Depositories and Participants) Regulations, 2018","07-Jul-2023 18:47:21","2023-07-07 18:47:21","07-Jul-2023 18:47:27","00:00:06","https://nsearchives.nseindia.com/corporate/SBILIFE_07072023184721_SE07072023.pdf"
"SBILIFE","SBI Life Insurance Company Limited","Shareholders meeting","SBI Life Insurance Company Limited has informed the Exchange regarding Notice of Postal Ballot","01-Jul-2023 19:30:39","2023-07-01 19:30:39","01-Jul-2023 19:30:47","00:00:08","https://nsearchives.nseindia.com/corporate/SBILIFE_01072023193039_CPB01072023.pdf"
"SBILIFE","SBI Life Insurance Company Limited","Trading Window","SBI Life Insurance Company Limited has informed the Exchange regarding the Trading Window closure pursuant to SEBI (Prohibition of Insider Trading) Regulations, 2015","30-Jun-2023 17:57:25","2023-06-30 17:57:25","30-Jun-2023 17:57:28","00:00:03","https://nsearchives.nseindia.com/corporate/SBILIFE_30062023175725_CTW30062023.pdf"
"SBILIFE","SBI Life Insurance Company Limited","Copy of Newspaper Publication","SBI Life Insurance Company Limited has informed the Exchange about Copy of Newspaper Publication","30-Jun-2023 17:54:56","2023-06-30 17:54:56","30-Jun-2023 17:55:02","00:00:06","https://nsearchives.nseindia.com/corporate/SBILIFE_30062023175456_NPA30062023.pdf"
"SBILIFE","SBI Life Insurance Company Limited","Shareholders meeting","SBI Life Insurance Company Limited has informed the Exchange regarding Notice of Postal Ballot","29-Jun-2023 17:14:26","2023-06-29 17:14:26","29-Jun-2023 17:14:28","00:00:02","https://nsearchives.nseindia.com/corporate/SBILIFE_29062023171426_PBN29062023.pdf"
"SBILIFE","SBI Life Insurance Company Limited","Updates","SBI Life Insurance Company Limited has informed the Exchange regarding 'Pursuant to the provisions of Regulation 30 of the Securities and Exchange Board of India (Listing Obligations and Disclosure Requirements) Regulations, 2015, we would like to inform you that the Board of Directors of the Company have approved and passed the following resolution by circulation today i.e., on Wednesday, June 28, 2023 for seeking Members' approval through Postal Ballot, an item of ordinary resolution pertaining to re-appointment of Mr. Mahesh Kumar Sharma (DIN: 08740737), as a Managing Director & CEO of the Company and appointment of scrutinizer for conducting the postal ballot.The cut off date and details of e-voting are covered in the attachment.'.","28-Jun-2023 18:27:02","2023-06-28 18:27:02","28-Jun-2023 18:27:08","00:00:06","https://nsearchives.nseindia.com/corporate/SBILIFE_28062023182702_SEIntimation28062023.pdf"
"SBILIFE","SBI Life Insurance Company Limited","Analysts/Institutional Investor Meet/Con. Call Updates","SBI Life Insurance Company Limited has informed the Exchange about Schedule of meet","27-Jun-2023 19:53:03","2023-06-27 19:53:03","27-Jun-2023 19:53:08","00:00:05","https://nsearchives.nseindia.com/corporate/SBILIFE_27062023195303_IM27062023.pdf"
"SBILIFE","SBI Life Insurance Company Limited","Resignation","SBI Life Insurance Company Limited has informed the Exchange regarding Resignation of Mr Swaminathan Janakiraman as Non- Executive Director of the company w.e.f. Jun 26, 2023.","26-Jun-2023 19:41:35","2023-06-26 19:41:35","26-Jun-2023 19:41:41","00:00:06","https://nsearchives.nseindia.com/corporate/SBILIFE_26062023194135_SE26062023.pdf"
"SBILIFE","SBI Life Insurance Company Limited","Allotment of Securities","SBI Life Insurance Company Limited has informed the Exchange regarding allotment of 63959 securities pursuant to ESOP/ESPS at its meeting held on Jun 17, 2023","17-Jun-2023 15:50:14","2023-06-17 15:50:14","17-Jun-2023 15:50:19","00:00:05","https://nsearchives.nseindia.com/corporate/SBILIFE_17062023155014_SE17062023.pdf"
"SBILIFE","SBI Life Insurance Company Limited","Updates","SBI Life Insurance Company Limited has informed the Exchange regarding 'Regulation 30 of SEBI (Listing Obligations and Disclosure Requirements) Regulations, 2015'.","15-Jun-2023 20:23:17","2023-06-15 20:23:17","15-Jun-2023 20:23:20","00:00:03","https://nsearchives.nseindia.com/corporate/SBILIFE_15062023202317_SE15062023.pdf"
"SBILIFE","SBI Life Insurance Company Limited","Updates","SBI Life Insurance Company Limited has informed the Exchange regarding 'Regulation 30 of SEBI (Listing Obligations and Disclosure Requirements) Regulations, 2015'.","02-Jun-2023 21:18:22","2023-06-02 21:18:22","02-Jun-2023 21:18:28","00:00:06","https://nsearchives.nseindia.com/corporate/SBILIFE_02062023211822_SE02062023.pdf"
"SBILIFE","SBI Life Insurance Company Limited","Annual Secretarial Compliance Report","Pursuant to Regulation 24A of the SEBI (listing Obligations and Disclosure Requirements) Regulations, 2015, read with SEBI Circular No. CIR/CFD/CMD1//27/2019 dated February 8, 2019, please find enclosed herewith the Annual Secretarial Compliance Report issued by M/s. N. L. Bhatia & Associates, Practicing Company Secretaries, for the Financial Year ended 2022-23.You are requested to kindly take the same on records.","26-May-2023 18:35:25","2023-05-26 18:35:25","26-May-2023 18:35:28","00:00:03","https://nsearchives.nseindia.com/corporate/SBILIFE_26052023183525_ASCR31032023.pdf"
"SBILIFE","SBI Life Insurance Company Limited","Analysts/Institutional Investor Meet/Con. Call Updates","SBI Life Insurance Company Limited has informed the Exchange about Schedule of meet","25-May-2023 19:03:13","2023-05-25 19:03:13","25-May-2023 19:03:19","00:00:06","https://nsearchives.nseindia.com/corporate/SBILIFE_25052023190313_IM25052023.pdf"
"SBILIFE","SBI Life Insurance Company Limited","Allotment of Securities","SBI Life Insurance Company Limited has informed the Exchange regarding allotment of 6927 securities pursuant to ESOP/ESPS at its meeting held on May 16, 2023","16-May-2023 19:48:00","2023-05-16 19:48:00","16-May-2023 19:48:05","00:00:05","https://nsearchives.nseindia.com/corporate/SBILIFE_16052023194800_SE16052023.pdf"
"SBILIFE","SBI Life Insurance Company Limited","Updates","SBI Life Insurance Company Limited has informed the Exchange regarding 'Outcome of Board meeting'.","04-May-2023 20:14:16","2023-05-04 20:14:16","04-May-2023 20:14:22","00:00:06","https://nsearchives.nseindia.com/corporate/SBILIFE_04052023201416_SE04052023.pdf"
"SBILIFE","SBI Life Insurance Company Limited","Analysts/Institutional Investor Meet/Con. Call Updates","SBI Life Insurance Company Limited has informed the Exchange about Transcript","03-May-2023 17:21:26","2023-05-03 17:21:26","03-May-2023 17:21:32","00:00:06","https://nsearchives.nseindia.com/corporate/SBILIFE_03052023172126_EC_Transcript.pdf"
"SBILIFE","SBI Life Insurance Company Limited","Analysts/Institutional Investor Meet/Con. Call Updates","SBI Life Insurance Company Limited has informed the Exchange about Link of Recording","26-Apr-2023 23:37:23","2023-04-26 23:37:23","26-Apr-2023 23:37:26","00:00:03","https://nsearchives.nseindia.com/corporate/SBILIFE_26042023233723_AR26042023.pdf"
"SBILIFE","SBI Life Insurance Company Limited","Press Release","SBI Life Insurance Company Limited has informed the Exchange regarding a press release dated April 26, 2023, titled ""Press Release   Performance for the year ended March 31, 2023 "".","26-Apr-2023 20:55:57","2023-04-26 20:55:57","26-Apr-2023 20:56:00","00:00:03","https://nsearchives.nseindia.com/corporate/SBILIFE_26042023205557_PressReleaseMarch2023.pdf"
"SBILIFE","SBI Life Insurance Company Limited","Related Party Transactions","SBI Life Insurance Company Limited has informed the Exchange about related Party Transactions","26-Apr-2023 19:31:27","2023-04-26 19:31:27","26-Apr-2023 19:31:30","00:00:03","https://nsearchives.nseindia.com/corporate/SBILIFE_26042023193127_RPT31032023.pdf"
"SBILIFE","SBI Life Insurance Company Limited","Outcome of Board Meeting","SBI Life Insurance Company Limited has informed the Exchange regarding Outcome of Board Meeting held on April 26, 2023.","26-Apr-2023 19:23:47","2023-04-26 19:23:47","26-Apr-2023 19:23:51","00:00:04","https://nsearchives.nseindia.com/corporate/SBILIFE_26042023192347_BM26042023.pdf"
"SBILIFE","SBI Life Insurance Company Limited","Financial Result Updates","SBI Life Insurance Company Limited has submitted to the Exchange, the financial results for the period ended March 31, 2023.","26-Apr-2023 19:15:42","2023-04-26 19:15:42","26-Apr-2023 19:15:47","00:00:05","https://nsearchives.nseindia.com/corporate/BM26042023_26042023191542.pdf"
"SBILIFE","SBI Life Insurance Company Limited","Analysts/Institutional Investor Meet/Con. Call Updates","SBI Life Insurance Company Limited has informed the Exchange about Schedule of meet","24-Apr-2023 20:05:01","2023-04-24 20:05:01","24-Apr-2023 20:05:07","00:00:06","https://nsearchives.nseindia.com/corporate/SBILIFE_24042023200501_EC24042023.pdf"
"SBILIFE","SBI Life Insurance Company Limited","Certificate under SEBI (Depositories and Participants) Regulations, 2018","SBI Life Insurance Company Limited has informed the Exchange about Certificate under SEBI (Depositories and Participants) Regulations, 2018","10-Apr-2023 19:57:46","2023-04-10 19:57:46","10-Apr-2023 19:57:49","00:00:03","https://nsearchives.nseindia.com/corporate/SBILIFE_10042023195746_74_5__10042023.pdf"
"SBILIFE","SBI Life Insurance Company Limited","Trading Window","SBI Life Insurance Company Limited has informed the Exchange regarding the Trading Window closure pursuant to SEBI (Prohibition of Insider Trading) Regulations, 2015","31-Mar-2023 20:14:12","2023-03-31 20:14:12","31-Mar-2023 20:14:15","00:00:03","https://nsearchives.nseindia.com/corporate/SBILIFE_31032023201412_CTW31032023.pdf"
"SBILIFE","SBI Life Insurance Company Limited","Shareholders meeting","SBI Life Insurance Company Limited has submitted the Exchange a copy Srutinizers report of  Postal Ballot. Further, the company has informed the Exchange regarding voting results.","31-Mar-2023 20:03:59","2023-03-31 20:03:59","31-Mar-2023 20:04:01","00:00:02","https://nsearchives.nseindia.com/corporate/SBILIFE_31032023200359_PBR31032023.pdf"
"SBILIFE","SBI Life Insurance Company Limited","ESOP/ESOS/ESPS","SBI Life Insurance Company Limited has informed the Exchange regarding Allotment of 15970  Shares.","21-Mar-2023 19:17:06","2023-03-21 19:17:06","21-Mar-2023 19:17:08","00:00:02","https://nsearchives.nseindia.com/corporate/SBILIFE_21032023191706_SE21032023.pdf"
"SBILIFE","SBI Life Insurance Company Limited","Record Date","SBI Life Insurance Company Limited has informed the Exchange that Record date for the purpose of Dividend  is 16-Mar-2023.","10-Mar-2023 17:58:58","2023-03-10 17:58:58","10-Mar-2023 17:59:02","00:00:04","https://nsearchives.nseindia.com/corporate/SBILIFE_10032023175858_BM08032023.pdf"
"SBILIFE","SBI Life Insurance Company Limited","Dividend","SBI Life Insurance Company Limited has informed the Exchange that Board of Directors at its meeting held on March 08, 2023, declared Interim Dividend of 2.50 per equity share.","08-Mar-2023 15:13:06","2023-03-08 15:13:06","08-Mar-2023 15:13:09","00:00:03","https://nsearchives.nseindia.com/corporate/SBILIFE_08032023151306_BM08032023.pdf"
"SBILIFE","SBI Life Insurance Company Limited","Copy of Newspaper Publication","SBI Life Insurance Company Limited has informed the Exchange about Copy of Newspaper Publication","01-Mar-2023 17:42:14","2023-03-01 17:42:14","01-Mar-2023 17:42:17","00:00:03","https://nsearchives.nseindia.com/corporate/SBILIFE_01032023174214_AD01032023.pdf"
"SBILIFE","SBI Life Insurance Company Limited","Updates","SBI Life Insurance Company Limited has informed the Exchange regarding 'Intimation regarding Notice of Postal Ballot seeking approval of the Members of SBI Life Insurance Company Limited'.","28-Feb-2023 19:50:42","2023-02-28 19:50:42","28-Feb-2023 19:50:44","00:00:02","https://nsearchives.nseindia.com/corporate/SBILIFE_28022023195042_PBN28022023.pdf"
"SBILIFE","SBI Life Insurance Company Limited","Outcome of Board Meeting","SBI Life Insurance Company Limited has informed the Exchange regarding Outcome of Board Meeting held on February 27, 2023.","27-Feb-2023 18:51:08","2023-02-27 18:51:08","27-Feb-2023 18:51:12","00:00:04","https://nsearchives.nseindia.com/corporate/SBILIFE_27022023185108_BMO27022023.pdf"
"SBILIFE","SBI Life Insurance Company Limited","Analysts/Institutional Investor Meet/Con. Call Updates","SBI Life Insurance Company Limited has informed the Exchange about Schedule of meet","22-Feb-2023 12:53:15","2023-02-22 12:53:15","22-Feb-2023 12:53:24","00:00:09","https://nsearchives.nseindia.com/corporate/SBILIFE_22022023125315_IM22022023.pdf"
"SBILIFE","SBI Life Insurance Company Limited","Allotment of Securities","SBI Life Insurance Company Limited has informed the Exchange regarding allotment of 47598 securities pursuant to ESOP/ESPS at its meeting held on February 21, 2023","21-Feb-2023 19:19:43","2023-02-21 19:19:43","21-Feb-2023 19:19:47","00:00:04","https://nsearchives.nseindia.com/corporate/SBILIFE_21022023191943_SE21022023.pdf"
"SBILIFE","SBI Life Insurance Company Limited","Analysts/Institutional Investor Meet/Con. Call Updates","SBI Life Insurance Company Limited has informed the Exchange about Schedule of meet","14-Feb-2023 20:05:35","2023-02-14 20:05:35","14-Feb-2023 20:05:38","00:00:03","https://nsearchives.nseindia.com/corporate/SBILIFE_14022023200535_IM14022023.pdf"
"SBILIFE","SBI Life Insurance Company Limited","Analysts/Institutional Investor Meet/Con. Call Updates","SBI Life Insurance Company Limited has informed the Exchange about Schedule of meet","09-Feb-2023 20:39:52","2023-02-09 20:39:52","09-Feb-2023 20:39:56","00:00:04","https://nsearchives.nseindia.com/corporate/SBILIFE_09022023203952_IM09022023.pdf"
"SBILIFE","SBI Life Insurance Company Limited","Analysts/Institutional Investor Meet/Con. Call Updates","SBI Life Insurance Company Limited has informed the Exchange about Schedule of meet","08-Feb-2023 20:21:39","2023-02-08 20:21:39","08-Feb-2023 20:21:41","00:00:02","https://nsearchives.nseindia.com/corporate/SBILIFE_08022023202139_IM08022023.pdf"
"SBILIFE","SBI Life Insurance Company Limited","Analysts/Institutional Investor Meet/Con. Call Updates","SBI Life Insurance Company Limited has informed the Exchange about Schedule of meet","06-Feb-2023 19:59:44","2023-02-06 19:59:44","06-Feb-2023 19:59:47","00:00:03","https://nsearchives.nseindia.com/corporate/SBILIFE_06022023195944_IM06022023.pdf"
"SBILIFE","SBI Life Insurance Company Limited","Analysts/Institutional Investor Meet/Con. Call Updates","SBI Life Insurance Company Limited has informed the Exchange about Schedule of meet","03-Feb-2023 20:11:51","2023-02-03 20:11:51","03-Feb-2023 20:11:54","00:00:03","https://nsearchives.nseindia.com/corporate/SBILIFE_03022023201151_IM03022023.pdf"
"SBILIFE","SBI Life Insurance Company Limited","Analysts/Institutional Investor Meet/Con. Call Updates","SBI Life Insurance Company Limited has informed the Exchange about Schedule of meet","02-Feb-2023 20:50:32","2023-02-02 20:50:32","02-Feb-2023 20:50:37","00:00:05","https://nsearchives.nseindia.com/corporate/SBILIFE_02022023205032_IM02022023.pdf"
"SBILIFE","SBI Life Insurance Company Limited","Updates","SBI Life Insurance Company Limited has informed the Exchange regarding 'Budget Announcement   2023 (Proposal on taxation of non-linked life insurance policies)'.","02-Feb-2023 20:48:34","2023-02-02 20:48:34","02-Feb-2023 20:48:38","00:00:04","https://nsearchives.nseindia.com/corporate/SBILIFE_02022023204834_BI02022023.pdf"
"SBILIFE","SBI Life Insurance Company Limited","Analysts/Institutional Investor Meet/Con. Call Updates","SBI Life Insurance Company Limited has informed the Exchange about Transcript","27-Jan-2023 19:03:57","2023-01-27 19:03:57","27-Jan-2023 19:04:00","00:00:03","https://nsearchives.nseindia.com/corporate/SBILIFE_27012023190357_TS27012023.pdf"
"SBILIFE","SBI Life Insurance Company Limited","Updates","SBI Life Insurance Company Limited has informed the Exchange regarding 'Certificate under Regulation 74(5) of the SEBI (Depositories and Participants) Regulations, 2018'.","23-Jan-2023 12:32:16","2023-01-23 12:32:16","23-Jan-2023 12:32:27","00:00:11","https://nsearchives.nseindia.com/corporate/SBILIFE_23012023123216_DEMAT31122022.pdf"
"SBILIFE","SBI Life Insurance Company Limited","Analysts/Institutional Investor Meet/Con. Call Updates","SBI Life Insurance Company Limited has informed the Exchange about Link of Recording","21-Jan-2023 20:25:49","2023-01-21 20:25:49","21-Jan-2023 20:25:51","00:00:02","https://nsearchives.nseindia.com/corporate/SBILIFE_21012023202549_AR21012023.pdf"
"SBILIFE","SBI Life Insurance Company Limited","Financial Result Updates","SBI Life Insurance Company Limited has submitted to the Exchange, the financial results for the period ended December 31, 2022.","21-Jan-2023 17:32:05","2023-01-21 17:32:05","21-Jan-2023 17:32:11","00:00:06","https://nsearchives.nseindia.com/corporate/BM21012023_21012023173205.pdf"
"SBILIFE","SBI Life Insurance Company Limited","Analysts/Institutional Investor Meet/Con. Call Updates","SBI Life Insurance Company Limited has informed the Exchange about Schedule of meet","17-Jan-2023 20:53:29","2023-01-17 20:53:29","17-Jan-2023 20:53:33","00:00:04","https://nsearchives.nseindia.com/corporate/SBILIFE_17012023205329_EC17012023.pdf"
"SBILIFE","SBI Life Insurance Company Limited","Trading Window","SBI Life Insurance Company Limited has informed the Exchange regarding the Trading Window closure pursuant to SEBI (Prohibition of Insider Trading) Regulations, 2015","30-Dec-2022 18:47:17","2022-12-30 18:47:17","30-Dec-2022 18:47:22","00:00:05","https://nsearchives.nseindia.com/corporate/SBILIFE_30122022184717_CTW30122022.pdf"
"SBILIFE","SBI Life Insurance Company Limited","Analysts/Institutional Investor Meet/Con. Call Updates","SBI Life Insurance Company Limited has informed the Exchange about Schedule of meet","21-Dec-2022 17:42:30","2022-12-21 17:42:30","21-Dec-2022 17:42:32","00:00:02","https://nsearchives.nseindia.com/corporate/SBILIFE_21122022174230_IM21122022.pdf"
"SBILIFE","SBI Life Insurance Company Limited","Allotment of Securities","SBI Life Insurance Company Limited has informed the Exchange regarding allotment of 45168 securities pursuant to ESOP/ESPS at its meeting held on December 21, 2022","21-Dec-2022 12:58:13","2022-12-21 12:58:13","21-Dec-2022 12:58:23","00:00:10","https://nsearchives.nseindia.com/corporate/SBILIFE_21122022125813_SE20122022.pdf"
"SBILIFE","SBI Life Insurance Company Limited","Schedule of Analysts/Institutional Investor Meet/Con. Call","SBI Life Insurance Company Limited has informed the Exchange about Schedule of Analysts/Institutional Investor Meet/Con. Call ","09-Dec-2022 21:25:00","2022-12-09 21:25:00","09-Dec-2022 21:25:10","00:00:10","https://nsearchives.nseindia.com/corporate/SBILIFE_09122022212500_IM09122022.pdf"
"SBILIFE","SBI Life Insurance Company Limited","Schedule of Analysts/Institutional Investor Meet/Con. Call","SBI Life Insurance Company Limited has informed the Exchange about Schedule of Analysts/Institutional Investor Meet/Con. Call ","07-Dec-2022 20:36:12","2022-12-07 20:36:12","07-Dec-2022 20:36:15","00:00:03","https://nsearchives.nseindia.com/corporate/SBILIFE_07122022203612_IM07122022.pdf"
"SBILIFE","SBI Life Insurance Company Limited","Schedule of Analysts/Institutional Investor Meet/Con. Call","SBI Life Insurance Company Limited has informed the Exchange about Schedule of Analysts/Institutional Investor Meet/Con. Call ","06-Dec-2022 18:47:30","2022-12-06 18:47:30","06-Dec-2022 18:47:33","00:00:03","https://nsearchives.nseindia.com/corporate/SBILIFE_06122022184730_IM06122022.pdf"
"SBILIFE","SBI Life Insurance Company Limited","Schedule of Analysts/Institutional Investor Meet/Con. Call","SBI Life Insurance Company Limited has informed the Exchange about Schedule of Analysts/Institutional Investor Meet/Con. Call ","28-Nov-2022 19:00:36","2022-11-28 19:00:36","28-Nov-2022 19:00:41","00:00:05","https://nsearchives.nseindia.com/corporate/SBILIFE_28112022190036_IM28112022.pdf"
"SBILIFE","SBI Life Insurance Company Limited","Schedule of Analysts/Institutional Investor Meet/Con. Call","SBI Life Insurance Company Limited has informed the Exchange about Schedule of Analysts/Institutional Investor Meet/Con. Call ","24-Nov-2022 19:35:21","2022-11-24 19:35:21","24-Nov-2022 19:35:25","00:00:04","https://nsearchives.nseindia.com/corporate/SBILIFE_24112022193521_IM24112022.pdf"
"SBILIFE","SBI Life Insurance Company Limited","General updates","SBI Life Insurance Company Limited has informed the Exchange about Disclosure under regulation 30 read with para A of part A of Schedule III of the SEBI (Listing Obligations & Disclosure Requirements) Regulations, 2015, as amended","24-Nov-2022 15:43:09","2022-11-24 15:43:09","24-Nov-2022 15:43:13","00:00:04","https://nsearchives.nseindia.com/corporate/SBILIFE_24112022154309_SE24112022.pdf"
"SBILIFE","SBI Life Insurance Company Limited","Disclosure of other UPSI/material event","SBI Life Insurance Company Limited has informed the Exchange about Disclosure of other UPSI/material event","18-Nov-2022 19:23:18","2022-11-18 19:23:18","18-Nov-2022 19:23:22","00:00:04","https://nsearchives.nseindia.com/corporate/SBILIFE_18112022192318_SE18112022.pdf"
"SBILIFE","SBI Life Insurance Company Limited","Recording of Analysts/Institutional Investor Meet/Con. Call","Pursuant to the applicable provisions of the Securities and Exchange Board of India (Listing Obligations and Disclosure Requirements) Regulations, 2015, we wish to inform you that the Senior Management of the Company attended Investor Meetings, on November 16 & 17, 2022. The list of participants is enclosed as Annexure I.Information which is already available in public domain was shared with them.You are requested to kindly take the same on records. ","17-Nov-2022 16:23:12","2022-11-17 16:23:12","17-Nov-2022 16:23:16","00:00:04","https://nsearchives.nseindia.com/corporate/SBILIFE_17112022162312_IM17112022.pdf"
"SBILIFE","SBI Life Insurance Company Limited","Related Party Transaction","SBI Life Insurance Company Limited has informed the Exchange about related party transaction for the period ended September 2022","04-Nov-2022 15:48:57","2022-11-04 15:48:57","04-Nov-2022 15:48:59","00:00:02","https://nsearchives.nseindia.com/corporate/SBILIFE_04112022154857_RPT04112022.pdf"
"SBILIFE","SBI Life Insurance Company Limited","Transcript of Analysts/Institutional Investor Meet/Con. Call","SBI Life Insurance Company Limited has informed the Exchange about Transcript of Analysts/Institutional Investor Meet/Con. Call ","01-Nov-2022 19:23:45","2022-11-01 19:23:45","01-Nov-2022 19:23:48","00:00:03","https://nsearchives.nseindia.com/corporate/SBILIFE_01112022192345_TS01112022.pdf"
"SBILIFE","SBI Life Insurance Company Limited","Recording of Analysts/Institutional Investor Meet/Con. Call","SBI Life Insurance Company Limited has informed the Exchange about Recording of Analysts/Institutional Investor Meet/Con. Call","21-Oct-2022 22:59:18","2022-10-21 22:59:18","21-Oct-2022 22:59:20","00:00:02","https://nsearchives.nseindia.com/corporate/SBILIFE_21102022225918_AR21102022.pdf"
"SBILIFE","SBI Life Insurance Company Limited","Outcome of Board Meeting","We wish to inform you that the meeting of the Board of Directors of the Company commenced at 02:45 PM and concluded at 04:30 PM on October 21, 2022 which inter-alia approved the Audited Financial Results for the quarter and half year ended September 30, 2022. Pursuant to Regulation 33 of SEBI (Listing Obligations and Disclosure Requirements) Regulations, 2015 and other applicable requirements, a copy of the audited financial results for the half year ended September 30, 2022 together with the Audit Report in the prescribed format is enclosed. A copy of press release being issue in this connection is also enclosed.Please note that the S.K. Patodia & Associates and S.C. Bapna & Associates, the joint statutory auditors of the Company, have issued audit reports with unmodified opinion.","21-Oct-2022 16:49:06","2022-10-21 16:49:06","21-Oct-2022 16:49:09","00:00:03","https://nsearchives.nseindia.com/corporate/SBILIFE_21102022164906_OutcomeSep22.pdf"
"SBILIFE","SBI Life Insurance Company Limited","Schedule of Analysts/Institutional Investor Meet/Con. Call","SBI Life Insurance Company Limited has informed the Exchange about Schedule of Analysts/Institutional Investor Meet/Con. Call ","19-Oct-2022 18:24:18","2022-10-19 18:24:18","19-Oct-2022 18:24:21","00:00:03","https://nsearchives.nseindia.com/corporate/SBILIFE_19102022182418_EC21102022.pdf"
"SBILIFE","SBI Life Insurance Company Limited","Closure of trading window","Pursuant to the provisions of Securities and Exchange Board of India (Prohibition of Insider Trading) Regulations, 2015 and in accordance with the Company���s Code of Conduct to regulate, monitor and report trades in securities by designated persons, please note that the trading window to deal in securities of the Company will remain closed from October 01, 2022 till the expiry of two days after the dissemination of the financial results for the quarter & half year ended September 30, 2022.","30-Sep-2022 13:11:06","2022-09-30 13:11:06","30-Sep-2022 13:11:08","00:00:02","https://nsearchives.nseindia.com/corporate/SBILIFE_30092022131106_CTW29092022.pdf"
"SBILIFE","SBI Life Insurance Company Limited","Schedule of Analysts/Institutional Investor Meet/Con. Call","SBI Life Insurance Company Limited has informed the Exchange about Schedule of Analysts/Institutional Investor Meet/Con. Call ","28-Sep-2022 20:22:21","2022-09-28 20:22:21","28-Sep-2022 20:22:24","00:00:03","https://nsearchives.nseindia.com/corporate/SBILIFE_28092022202221_IM28092022.pdf"
"SBILIFE","SBI Life Insurance Company Limited","General updates","We wish to inform you that the Board Stakeholders��� Relationship Committee vide its resolution passed on September 21, 2022 has allotted 76,859 Equity Shares of Rs. 10/- each towards the exercise of vested stock options by certain employees under ���SBI Life Employee Stock Option Scheme 2018��� of the Company.Post the allotment, the paid-up share capital of the Company is Rs. 10,00,71,36,560/- consisting of 1,00,07,13,656 equity shares of Rs. 10 each.We request you to please take the above on record.","21-Sep-2022 18:31:12","2022-09-21 18:31:12","21-Sep-2022 18:31:16","00:00:04","https://nsearchives.nseindia.com/corporate/SBILIFE_21092022183112_SE21092022.pdf"
"SBILIFE","SBI Life Insurance Company Limited","Schedule of Analysts/Institutional Investor Meet/Con. Call","Pursuant to the applicable provisions of the Securities and Exchange Board of India (Listing Obligations and Disclosure Requirements) Regulations, 2015, we wish to inform you that the Senior Management of the Company attended Investor Meeting arranged by J P Morgan India Investor Summit, on September 21, 2022.","21-Sep-2022 18:26:12","2022-09-21 18:26:12","21-Sep-2022 18:26:16","00:00:04","https://nsearchives.nseindia.com/corporate/SBILIFE_21092022182612_IM21092022.pdf"
"SBILIFE","SBI Life Insurance Company Limited","Schedule of Analysts/Institutional Investor Meet/Con. Call","SBI Life Insurance Company Limited has informed the Exchange about Schedule of Analysts/Institutional Investor Meet/Con. Call ","20-Sep-2022 19:40:06","2022-09-20 19:40:06","20-Sep-2022 19:40:08","00:00:02","https://nsearchives.nseindia.com/corporate/SBILIFE_20092022194006_IM20092022.pdf"
"SBILIFE","SBI Life Insurance Company Limited","Schedule of Analysts/Institutional Investor Meet/Con. Call","SBI Life Insurance Company Limited has informed the Exchange about Schedule of Analysts/Institutional Investor Meet/Con. Call ","16-Sep-2022 19:36:48","2022-09-16 19:36:48","16-Sep-2022 19:36:56","00:00:08","https://nsearchives.nseindia.com/corporate/SBILIFE_16092022193648_IM16092022.pdf"
"SBILIFE","SBI Life Insurance Company Limited","Schedule of Analysts/Institutional Investor Meet/Con. Call","SBI Life Insurance Company Limited has informed the Exchange about Schedule of Analysts/Institutional Investor Meet/Con. Call ","15-Sep-2022 19:28:57","2022-09-15 19:28:57","15-Sep-2022 19:28:59","00:00:02","https://nsearchives.nseindia.com/corporate/SBILIFE_15092022192857_IM15092022.pdf"
"SBILIFE","SBI Life Insurance Company Limited","Appointment","We wish to inform that we are in receipt of the communication on September 14, 2022 from the Comptroller & Auditor General of India (C&AG) pertaining to appointment of Joint Statutory Auditors for the Financial Year 2022-23. The Office of C&AG has appointed the following firms of Chartered Accountants as the Joint Statutory Auditors of the Company for the financial 2022-23 vide their letter No. CA. V/ COY/CENTRAL GOVERNMENT, SBILIC(2)/777 dated September 1, 2022 received on September 14, 2022;1.	M/s. S.K. Patodia & Associates, Mumbai2.	M/s. S.C. Bapna & Associates, Mumbai  We request to take the above intimation in compliance to the regulation 30 of the SEBI (Listing Obligations and Disclosure Requirement) Regulations, 2015 (""Listing Regulations""), as amended and under Section 139 read with Section 129(4) of the Companies Act, 2013. An additional detail as required pursuant to Regulation 30 of the Listing Regulations, as amended is included herewith as Annexure A.","15-Sep-2022 17:50:03","2022-09-15 17:50:03","15-Sep-2022 17:50:11","00:00:08","https://nsearchives.nseindia.com/corporate/SBILIFE_15092022175003_SA15092022.pdf"
"SBILIFE","SBI Life Insurance Company Limited","Schedule of Analysts/Institutional Investor Meet/Con. Call","SBI Life Insurance Company Limited has informed the Exchange about Schedule of Analysts/Institutional Investor Meet/Con. Call ","13-Sep-2022 20:54:05","2022-09-13 20:54:05","13-Sep-2022 20:54:14","00:00:09","https://nsearchives.nseindia.com/corporate/SBILIFE_13092022205405_IM13092022.pdf"
"SBILIFE","SBI Life Insurance Company Limited","Schedule of Analysts/Institutional Investor Meet/Con. Call","SBI Life Insurance Company Limited has informed the Exchange about Schedule of Analysts/Institutional Investor Meet/Con. Call ","08-Sep-2022 11:20:03","2022-09-08 11:20:03","08-Sep-2022 11:20:15","00:00:12","https://nsearchives.nseindia.com/corporate/SBILIFE_08092022112003_IM08092022.pdf"
"SBILIFE","SBI Life Insurance Company Limited","Schedule of Analysts/Institutional Investor Meet/Con. Call","SBI Life Insurance Company Limited has informed the Exchange about Schedule of Analysts/Institutional Investor Meet/Con. Call ","07-Sep-2022 14:57:30","2022-09-07 14:57:30","07-Sep-2022 14:57:46","00:00:16","https://nsearchives.nseindia.com/corporate/SBILIFE_07092022145730_IM07092022.pdf"
"SBILIFE","SBI Life Insurance Company Limited","Schedule of Analysts/Institutional Investor Meet/Con. Call","SBI Life Insurance Company Limited has informed the Exchange about Schedule of Analysts/Institutional Investor Meet/Con. Call ","02-Sep-2022 18:46:42","2022-09-02 18:46:42","02-Sep-2022 18:46:46","00:00:04","https://nsearchives.nseindia.com/corporate/SBILIFE_02092022184642_IM02092022.pdf"
"SBILIFE","SBI Life Insurance Company Limited","Annual General Meeting","SBI Life Insurance Company Limited has informed the Exchange about Voting results,  Scrutinizer report and  Proceedings of Annual General Meeting held on 29-Aug-2022","29-Aug-2022 20:15:51","2022-08-29 20:15:51","29-Aug-2022 20:15:54","00:00:03","https://nsearchives.nseindia.com/corporate/SBILIFE_29082022201551_AGM29082022.pdf"
"SBILIFE","SBI Life Insurance Company Limited","Schedule of Analysts/Institutional Investor Meet/Con. Call","Pursuant to the applicable provisions of the Securities and Exchange Board of India (Listing Obligations and Disclosure Requirements) Regulations, 2015, we wish to inform you that the Senior Management of the Company had Analyst(s)/Investor(s) meeting on August 24, 2022. The name of Analyst/Investor are enclosed as Annexure I.Information which is already available in public domain was shared with them.","25-Aug-2022 17:21:39","2022-08-25 17:21:39","25-Aug-2022 17:21:42","00:00:03","https://nsearchives.nseindia.com/corporate/SBILIFE_25082022172139_IM25082022.pdf"
"SBILIFE","SBI Life Insurance Company Limited","Schedule of Analysts/Institutional Investor Meet/Con. Call","SBI Life Insurance Company Limited has informed the Exchange about Schedule of Analysts/Institutional Investor Meet/Con. Call ","24-Aug-2022 11:15:36","2022-08-24 11:15:36","24-Aug-2022 11:15:40","00:00:04","https://nsearchives.nseindia.com/corporate/SBILIFE_24082022111536_IM24082022.pdf"
"SBILIFE","SBI Life Insurance Company Limited","General updates","We wish to inform you that the Board Stakeholders��� Relationship Committee vide its resolution passed on August 23, 2022 has allotted 1,58,022 Equity Shares of Rs. 10/- each towards the exercise of vested stock options by certain employees under ���SBI Life Employee Stock Option Scheme 2018��� of the Company.Post the allotment, the paid-up share capital of the Company is Rs. 10,00,63,67,970/- consisting of 1,00,06,36,797 equity shares of Rs. 10 each.","23-Aug-2022 18:34:57","2022-08-23 18:34:57","23-Aug-2022 18:35:01","00:00:04","https://nsearchives.nseindia.com/corporate/SBILIFE_23082022183457_SE23082022.pdf"
"SBILIFE","SBI Life Insurance Company Limited","Schedule of Analysts/Institutional Investor Meet/Con. Call","Pursuant to the applicable provisions of the Securities and Exchange Board of India (Listing Obligations and Disclosure Requirements) Regulations, 2015, we wish to inform you that the Senior Management of the Company had Investor(s) Meetings arranged by HSBC Securities and Capital Markets, Singapore on August 19, 2022. The list of Investors are enclosed as Annexure I.Information which is already available in public domain was shared with them.","19-Aug-2022 18:07:06","2022-08-19 18:07:06","19-Aug-2022 18:07:10","00:00:04","https://nsearchives.nseindia.com/corporate/SBILIFE_19082022180706_IM19082022.pdf"
"SBILIFE","SBI Life Insurance Company Limited","Schedule of Analysts/Institutional Investor Meet/Con. Call","Pursuant to the applicable provisions of the Securities and Exchange Board of India (Listing Obligations and Disclosure Requirements) Regulations, 2015, we wish to inform you that the Senior Management of the Company had Analyst(s)/Investor(s) meeting on August 18, 2022. The name of Analyst/Investor are enclosed as Annexure I.Information which is already available in public domain was shared with them.","18-Aug-2022 19:37:39","2022-08-18 19:37:39","18-Aug-2022 19:37:42","00:00:03","https://nsearchives.nseindia.com/corporate/SBILIFE_18082022193739_IM18082022.pdf"
"SBILIFE","SBI Life Insurance Company Limited","Schedule of Analysts/Institutional Investor Meet/Con. Call","SBI Life Insurance Company Limited has informed the Exchange about Schedule of Analysts/Institutional Investor Meet/Con. Call ","12-Aug-2022 18:03:35","2022-08-12 18:03:35","12-Aug-2022 18:03:40","00:00:05","https://nsearchives.nseindia.com/corporate/SBILIFE_12082022180335_IM12082022.pdf"
"SBILIFE","SBI Life Insurance Company Limited","Schedule of Analysts/Institutional Investor Meet/Con. Call","Pursuant to the applicable provisions of the Securities and Exchange Board of India (Listing Obligations and Disclosure Requirements) Regulations, 2015, we wish to inform you that the Senior Management of the Company had Analyst(s)/Investor(s) meeting on August 10, 2022. The name of Analyst/Investor are enclosed as Annexure I.","10-Aug-2022 20:21:09","2022-08-10 20:21:09","10-Aug-2022 20:21:12","00:00:03","https://nsearchives.nseindia.com/corporate/SBILIFE_10082022202109_IM10082022.pdf"
"SBILIFE","SBI Life Insurance Company Limited","Newspaper Advertisements","SBI Life Insurance Company Limited has informed the Exchange about Newspaper Advertisements","06-Aug-2022 13:49:51","2022-08-06 13:49:51","06-Aug-2022 13:49:54","00:00:03","https://nsearchives.nseindia.com/corporate/SBILIFE_06082022134951_SE06082022.pdf"
"SBILIFE","SBI Life Insurance Company Limited","Schedule of Analysts/Institutional Investor Meet/Con. Call","SBI Life Insurance Company Limited has informed the Exchange about Schedule of Analysts/Institutional Investor Meet/Con. Call ","04-Aug-2022 19:18:00","2022-08-04 19:18:00","04-Aug-2022 19:18:06","00:00:06","https://nsearchives.nseindia.com/corporate/SBILIFE_04082022191800_IM04082022.pdf"
"SBILIFE","SBI Life Insurance Company Limited","Recording of Analysts/Institutional Investor Meet/Con. Call","Pursuant to the applicable provisions of the Securities and Exchange Board of India (Listing Obligations and Disclosure Requirements) Regulations, 2015, we wish to inform you that the Senior Management of the Company had Analyst(s)/ lnvestor(s) meeting on August 03, 2022.The name of Analyst/ Investor is enclosed as Annexure I. Information which is already available in public domain was shared with them. You are requested to kindly take the same on records.","04-Aug-2022 10:48:48","2022-08-04 10:48:48","04-Aug-2022 10:48:51","00:00:03","https://nsearchives.nseindia.com/corporate/SBILIFE_04082022104848_IM03082022.pdf"
"SBILIFE","SBI Life Insurance Company Limited","Transcript of Analysts/Institutional Investor Meet/Con. Call","This is in continuation to our intimation letter ref. No.: SBIL/F&A-CS/NSE-BSE/2223/114 dated July 26, 2022 and in compliance with the provision of Regulation 30 read with Schedule III (Part A) (Para A) (15) of SEBI (Listing Obligations and Disclosure Requirements) Regulations, 2015.Transcript of the earnings call held on July 28, 2022 with analysts/ investors were uploaded on the Company's website at www.sbilife.co.in","03-Aug-2022 19:19:00","2022-08-03 19:19:00","03-Aug-2022 19:19:05","00:00:05","https://nsearchives.nseindia.com/corporate/SBILIFE_03082022191900_TS03082022.pdf"
"SBILIFE","SBI Life Insurance Company Limited","Schedule of Analysts/Institutional Investor Meet/Con. Call","SBI Life Insurance Company Limited has informed the Exchange about Schedule of Analysts/Institutional Investor Meet/Con. Call ","02-Aug-2022 12:40:03","2022-08-02 12:40:03","02-Aug-2022 12:40:16","00:00:13","https://nsearchives.nseindia.com/corporate/SBILIFE_02082022124003_IM01082022.pdf"
"SBILIFE","SBI Life Insurance Company Limited","Newspaper Advertisements","Pursuant to provisions of the SEBI (Listing Obligations and Disclosure Requirements) Regulations, 2015, please find enclosed herewith the copies of newspaper publication w.r.t. notice of 22nd Annual General Meeting published in Financial Express and Loksatta on July 30, 2022 with regard to captioned subject.The said newspaper publication are also hosted on the Company's website at www.sbilife.co.in","30-Jul-2022 15:56:48","2022-07-30 15:56:48","30-Jul-2022 15:56:51","00:00:03","https://nsearchives.nseindia.com/corporate/SBILIFE_30072022155648_SE29072022.pdf"
"SBILIFE","SBI Life Insurance Company Limited","Recording of Analysts/Institutional Investor Meet/Con. Call","We wish to inform you that pursuant to the provisions of Regulation 30 read with Schedule III Part A of SEBI (Listing Obligations and Disclosure Requirements) Regulations, 2015, the audio recording of the earnings conference call with analysts and investors held on July 28, 2022, with respect to the financial results of the Company for the quarter ended June 30, 2022, has been hosted on the Company���s website.","29-Jul-2022 17:03:27","2022-07-29 17:03:27","29-Jul-2022 17:03:29","00:00:02","https://nsearchives.nseindia.com/corporate/SBILIFE_29072022170327_AR29072022.pdf"
"SBILIFE","SBI Life Insurance Company Limited","Outcome of Board Meeting","SBI Life Insurance Company Limited  has informed the Exchange about Board Meeting held on 28-Jul-2022 to consider financial statements for the period ended June 2022","28-Jul-2022 18:14:48","2022-07-28 18:14:48","28-Jul-2022 18:14:51","00:00:03","https://nsearchives.nseindia.com/corporate/SBILIFE_28072022181448_1.pdf"
"SBILIFE","SBI Life Insurance Company Limited","ESOP/ESPS/SBEB Scheme","In terms of provisions of Regulation 30 of Securities and Exchange Board of India (Listing Obligations and Disclosure Requirements) Regulations, 2015 and relevant provisions of Circular No. CIR/CFD/CMD/4/2015 dated September 9, 2015 issued by Securities and Exchange Board of India, we wish to inform you that Nomination and Remuneration Committee of Directors of the Company at its meeting held today i.e. July 27, 2022 has approved the grant of the employee stock options (""Options"") under the provisions of ESOS - 2018","27-Jul-2022 17:45:33","2022-07-27 17:45:33","27-Jul-2022 17:45:36","00:00:03","https://nsearchives.nseindia.com/corporate/SBILIFE_27072022174533_GRANT27072022.pdf"
"SBILIFE","SBI Life Insurance Company Limited","Schedule of Analysts/Institutional Investor Meet/Con. Call","The Company will be hosting an earnings conference call with analysts and investors at 18:30 (IST) on July 28, 2022 to update the performance of the Company for the quarter ended June 30, 2022. An audio recording and transcript of the earnings call will be hosted on the Company's website at www.sbilife.co.in","26-Jul-2022 15:40:42","2022-07-26 15:40:42","26-Jul-2022 15:40:45","00:00:03","https://nsearchives.nseindia.com/corporate/SBILIFE_26072022154042_EC28072022.pdf"
"SBILIFE","SBI Life Insurance Company Limited","Appointment","SBI Life Insurance Company Limited  has informed the Exchange about appointment of Mr Swaminathan Janakiraman  as Nominee Director of the company w.e.f. 20-Jul-2022","20-Jul-2022 19:32:12","2022-07-20 19:32:12","20-Jul-2022 19:32:16","00:00:04","https://nsearchives.nseindia.com/corporate/SBILIFE_20072022193212_BM20072022.pdf"
"SBILIFE","SBI Life Insurance Company Limited","General updates","Pursuant to Regulation 30 of SEBI (Listing Obligations and Disclosure Requirements) Regulations, 2015, we wish to inform you that Mr. Ashwini Kumar Tewari (DIN: 08797991) Nominee Director representing State Bank of India (SBI), has resigned as a Director of the Company with effect from July 14, 2022 due to withdrawal of his nomination by SBI.","14-Jul-2022 19:38:54","2022-07-14 19:38:54","14-Jul-2022 19:38:57","00:00:03","https://nsearchives.nseindia.com/corporate/SBILIFE_14072022193854_SE14072022.pdf"
"SBILIFE","SBI Life Insurance Company Limited","Closure of trading window","SBI Life Insurance Company Limited has informed the Exchange about Closure of trading window","30-Jun-2022 11:44:57","2022-06-30 11:44:57","30-Jun-2022 11:45:04","00:00:07","https://nsearchives.nseindia.com/corporate/SBILIFE_30062022114457_CTW30062022.pdf"
"SBILIFE","SBI Life Insurance Company Limited","Schedule of Analysts/Institutional Investor Meet/Con. Call","Pursuant to the applicable provisions of the Securities and Exchange Board of India (Listing Obligations and Disclosure Requirements) Regulations, 2015, we wish to inform you that the Senior Management of the Company had Analyst(s)/Investor(s) meeting on June 22, 2022.","22-Jun-2022 18:04:15","2022-06-22 18:04:15","22-Jun-2022 18:04:17","00:00:02","https://nsearchives.nseindia.com/corporate/SBILIFE_22062022180414_IM22062022.pdf"
"SBILIFE","SBI Life Insurance Company Limited","Disclosure of other UPSI/material event","We wish to inform you that the Board Stakeholders��� Relationship Committee vide its resolution passed on June 21, 2022 has allotted 41,350 Equity Shares of Rs. 10/- each towards the exercise of vested stock options by certain employees under ���SBI Life Employee Stock Option Scheme 2018��� of the Company.Post the allotment, the paid up share capital of the Company is Rs. 10,00,47,87,750/- consisting of 1,00,04,78,775 equity shares of Rs. 10 each.","21-Jun-2022 13:27:45","2022-06-21 13:27:45","21-Jun-2022 13:27:50","00:00:05","https://nsearchives.nseindia.com/corporate/SBILIFE_21062022132745_SE21062022.pdf"
"SBILIFE","SBI Life Insurance Company Limited","Schedule of Analysts/Institutional Investor Meet/Con. Call","SBI Life Insurance Company Limited has informed the Exchange about Schedule of Analysts/Institutional Investor Meet/Con. Call ","10-Jun-2022 13:14:10","2022-06-10 13:14:10","10-Jun-2022 13:14:17","00:00:07","https://nsearchives.nseindia.com/corporate/SBILIFE_10062022131410_IM09062022.pdf"
"SBILIFE","SBI Life Insurance Company Limited","Recording of Analysts/Institutional Investor Meet/Con. Call","SBI Life Insurance Company Limited has informed the Exchange about Recording of Analysts/Institutional Investor Meet/Con. Call","03-Jun-2022 18:33:59","2022-06-03 18:33:59","03-Jun-2022 18:34:01","00:00:02","https://nsearchives.nseindia.com/corporate/SBILIFE_03062022183359_IM03062022.pdf"
"SBILIFE","SBI Life Insurance Company Limited","Recording of Analysts/Institutional Investor Meet/Con. Call","SBI Life Insurance Company Limited has informed the Exchange about Recording of Analysts/Institutional Investor Meet/Con. Call","01-Jun-2022 22:14:41","2022-06-01 22:14:41","01-Jun-2022 22:14:46","00:00:05","https://nsearchives.nseindia.com/corporate/SBILIFE_01062022221441_IM01062022.pdf"
"SBILIFE","SBI Life Insurance Company Limited","General updates","In continuation to our letter no. SBIL/F&A-CS/NSE-BSE/2122/420 dated March 04, 2022 in respect of the submission of applications to BSE Limited (���BSE���) and National Stock Exchange of India Limited (���NSE���) for reclassification of BNP Paribas Cardif to ���Public��� category from ���Promoter��� category.In this regard, we wish to inform you that BSE and NSE vide their respective letters dated May 27, 2022 have granted their approval for the reclassification of aforementioned promoter to ���Public��� category from ���Promoter��� category.","27-May-2022 18:44:31","2022-05-27 18:44:31","27-May-2022 18:44:39","00:00:08","https://nsearchives.nseindia.com/corporate/SBILIFE_27052022184427_RE27052022.pdf"
"SBILIFE","SBI Life Insurance Company Limited","Schedule of Analysts/Institutional Investor Meet/Con. Call","SBI Life Insurance Company Limited has informed the Exchange about Schedule of Analysts/Institutional Investor Meet/Con. Call ","27-May-2022 18:40:13","2022-05-27 18:40:13","27-May-2022 18:40:21","00:00:08","https://nsearchives.nseindia.com/corporate/SBILIFE_27052022184011_IM27052022.pdf"
"SBILIFE","SBI Life Insurance Company Limited","Schedule of Analysts/Institutional Investor Meet/Con. Call","SBI Life Insurance Company Limited has informed the Exchange about Schedule of Analysts/Institutional Investor Meet/Con. Call ","27-May-2022 10:35:15","2022-05-27 10:35:15","27-May-2022 10:35:17","00:00:02","https://nsearchives.nseindia.com/corporate/SBILIFE_27052022103513_IM27052022.pdf"
"SBILIFE","SBI Life Insurance Company Limited","Schedule of Analysts/Institutional Investor Meet/Con. Call","SBI Life Insurance Company Limited has informed the Exchange about Schedule of Analysts/Institutional Investor Meet/Con. Call ","25-May-2022 18:49:45","2022-05-25 18:49:45","25-May-2022 18:49:55","00:00:10","https://nsearchives.nseindia.com/corporate/SBILIFE_25052022184944_IM25052022.pdf"
"SBILIFE","SBI Life Insurance Company Limited","Disclosure of other UPSI/material event","SBI Life Insurance Company Limited has informed the Exchange about Disclosure of other UPSI/material event","23-May-2022 18:05:42","2022-05-23 18:05:42","23-May-2022 18:05:45","00:00:03","https://nsearchives.nseindia.com/corporate/SBILIFE_23052022180535_SE23052022.pdf"
"SBILIFE","SBI Life Insurance Company Limited","Schedule of Analysts/Institutional Investor Meet/Con. Call","SBI Life Insurance Company Limited has informed the Exchange about Schedule of Analysts/Institutional Investor Meet/Con. Call ","20-May-2022 17:06:24","2022-05-20 17:06:24","20-May-2022 17:06:26","00:00:02","https://nsearchives.nseindia.com/corporate/SBILIFE_20052022170620_IM20052022.pdf"
"SBILIFE","SBI Life Insurance Company Limited","Schedule of Analysts/Institutional Investor Meet/Con. Call","SBI Life Insurance Company Limited has informed the Exchange about Schedule of Analysts/Institutional Investor Meet/Con. Call ","20-May-2022 11:02:58","2022-05-20 11:02:58","20-May-2022 11:03:01","00:00:03","https://nsearchives.nseindia.com/corporate/SBILIFE_20052022110258_IM19052022.pdf"
"SBILIFE","SBI Life Insurance Company Limited","Schedule of Analysts/Institutional Investor Meet/Con. Call","SBI Life Insurance Company Limited has informed the Exchange about Schedule of Analysts/Institutional Investor Meet/Con. Call ","12-May-2022 20:08:29","2022-05-12 20:08:29","12-May-2022 20:08:33","00:00:04","https://nsearchives.nseindia.com/corporate/SBILIFE_12052022200829_IM12052022.pdf"
"SBILIFE","SBI Life Insurance Company Limited","Related Party Transaction","SBI Life Insurance Company Limited has informed the Exchange about related party transaction for the period ended March 2022","11-May-2022 20:07:19","2022-05-11 20:07:19","11-May-2022 20:07:22","00:00:03","https://nsearchives.nseindia.com/corporate/SBILIFE_11052022200719_RPTMarch2022.pdf"
"SBILIFE","SBI Life Insurance Company Limited","Schedule of Analysts/Institutional Investor Meet/Con. Call","SBI Life Insurance Company Limited has informed the Exchange about Schedule of Analysts/Institutional Investor Meet/Con. Call ","06-May-2022 18:38:51","2022-05-06 18:38:51","06-May-2022 18:38:55","00:00:04","https://nsearchives.nseindia.com/corporate/SBILIFE_06052022183851_IM06052022.pdf"
"SBILIFE","SBI Life Insurance Company Limited","Schedule of Analysts/Institutional Investor Meet/Con. Call","SBI Life Insurance Company Limited has informed the Exchange about Schedule of Analysts/Institutional Investor Meet/Con. Call ","05-May-2022 22:19:41","2022-05-05 22:19:41","05-May-2022 22:19:44","00:00:03","https://nsearchives.nseindia.com/corporate/SBILIFE_05052022221941_IM05052022.pdf"
"SBILIFE","SBI Life Insurance Company Limited","Transcript of Analysts/Institutional Investor Meet/Con. Call","SBI Life Insurance Company Limited has informed the Exchange about Transcript of Analysts/Institutional Investor Meet/Con. Call ","05-May-2022 22:14:47","2022-05-05 22:14:47","05-May-2022 22:14:51","00:00:04","https://nsearchives.nseindia.com/corporate/SBILIFE_05052022221447_ECT28042022.pdf"
"SBILIFE","SBI Life Insurance Company Limited","Schedule of Analysts/Institutional Investor Meet/Con. Call","SBI Life Insurance Company Limited has informed the Exchange about Schedule of Analysts/Institutional Investor Meet/Con. Call ","02-May-2022 19:23:20","2022-05-02 19:23:20","02-May-2022 19:23:23","00:00:03","https://nsearchives.nseindia.com/corporate/SBILIFE_02052022192320_IM02052022.pdf"
"SBILIFE","SBI Life Insurance Company Limited","Financial Result Updates","SBI Life Insurance Company Limited has submitted to the Exchange, the financial results for the period ended March 31, 2022.","28-Apr-2022 15:14:08","2022-04-28 15:14:08","28-Apr-2022 15:16:06","00:01:58","https://nsearchives.nseindia.com/corporate/Outcome_28042022151408.pdf"
"SBILIFE","SBI Life Insurance Company Limited","Schedule of Analysts/Institutional Investor Meet/Con. Call","SBI Life Insurance Company Limited has informed the Exchange about Schedule of Analysts/Institutional Investor Meet/Con. Call ","26-Apr-2022 19:37:35","2022-04-26 19:37:35","26-Apr-2022 19:37:38","00:00:03","https://nsearchives.nseindia.com/corporate/SBILIFE_26042022193733_EC26042022.pdf"
"SBILIFE","SBI Life Insurance Company Limited","Disclosure under SEBI Takeover Regulations","Promoter/Promoter Group of SBI Life Insurance Company Limited has submitted a disclosure under Regulation 31(4) of SEBI Takeover Regulations for the year ended 31-Mar-2022","05-Apr-2022 16:41:28","2022-04-05 16:41:28","05-Apr-2022 16:41:32","00:00:04","https://nsearchives.nseindia.com/corporate/AN_O05042022164128.xlsx"
"SBILIFE","SBI Life Insurance Company Limited","Closure of trading window","SBI Life Insurance Company Limited has informed the Exchange about Closure of trading window","31-Mar-2022 16:38:33","2022-03-31 16:38:33","31-Mar-2022 16:38:52","00:00:19","https://nsearchives.nseindia.com/corporate/SBILIFE_31032022163031_CTW31032022.pdf"
"SBILIFE","SBI Life Insurance Company Limited","Postal Ballot","SBI Life Insurance Company Limited has informed the Exchange about Voting results and  Scrutinizer report of Postal Ballot","30-Mar-2022 20:01:23","2022-03-30 20:01:23","30-Mar-2022 20:01:27","00:00:04","https://nsearchives.nseindia.com/corporate/SBILIFE_30032022200111_SE30032022.pdf"
"SBILIFE","SBI Life Insurance Company Limited","Schedule of Analysts/Institutional Investor Meet/Con. Call","SBI Life Insurance Company Limited has informed the Exchange about Schedule of Analysts/Institutional Investor Meet/Con. Call ","25-Mar-2022 23:24:32","2022-03-25 23:24:32","25-Mar-2022 23:24:35","00:00:03","https://nsearchives.nseindia.com/corporate/SBILIFE_25032022232420_IM25032022.pdf"
"SBILIFE","SBI Life Insurance Company Limited","Schedule of Analysts/Institutional Investor Meet/Con. Call","SBI Life Insurance Company Limited has informed the Exchange about Schedule of Analysts/Institutional Investor Meet/Con. Call ","24-Mar-2022 19:18:21","2022-03-24 19:18:21","24-Mar-2022 19:18:35","00:00:14","https://nsearchives.nseindia.com/corporate/SBILIFE_24032022191818_IM24032022.pdf"
"SBILIFE","SBI Life Insurance Company Limited","Disclosure of other UPSI/material event","We are in receipt of the communication today from the Registrar and Share Transfer Agent (""RTA"")about the change in the name of RTA from KFIN TECHNOLOGIES PRIVATE LIMITED to KFIN TECHNOLOGIES LIMITED with effect from February 24, 2022.We hereby request you to update the name of our RTA on the website of the Stock Exchange for information of all the concerned.","23-Mar-2022 18:20:19","2022-03-23 18:20:19","23-Mar-2022 18:20:26","00:00:07","https://nsearchives.nseindia.com/corporate/SBILIFE_23032022182016_RTA23032022.pdf"
"SBILIFE","SBI Life Insurance Company Limited","Record Date","SBI Life Insurance Company Limited has informed the Exchange that Record date for the purpose of Dividend  is 30-Mar-2022.","22-Mar-2022 20:26:32","2022-03-22 20:26:32","07-Apr-2022 18:36:57","382:10:25","https://nsearchives.nseindia.com/corporate/SBILIFE_22032022202630_BM22032022.pdf"
"SBILIFE","SBI Life Insurance Company Limited","Dividend","SBI Life Insurance Company Limited has informed the Exchange that Board of Directors at its meeting held on 22-Mar-2022, declared Dividend of Rs. 2 per equity share.","22-Mar-2022 18:44:32","2022-03-22 18:44:32","22-Mar-2022 18:44:38","00:00:06","https://nsearchives.nseindia.com/corporate/SBILIFE_22032022184426_BM22032022.pdf"
"SBILIFE","SBI Life Insurance Company Limited","Outcome of Board Meeting","Pursuant to Regulation 30(6), 42 and 43 of SEBI (Listing Obligation and Disclosure Requirements) Regulations, 2015, we wish to inform that the meeting of Board of Directors of SBI Life Insurance Company Limited commenced at 05:45 P.M. and concluded at 06:30 P. M   on March 22, 2022 has declared an interim dividend of Rs 2/- (Two rupees only) per equity share with a face value of Rs.10 each (i.e. 20%) for the Financial Year 2021-22.The interim dividend for Financial Year 2021-22 will be paid to those shareholders whose names appear on the Register of Members of the Company or in the records of the Depositories as beneficial owners of the shares determined with reference to the Record Date of March 30, 2022, already announced for the purpose vide our letter no: SBIL/F&ACS/ NSE-BSE/2122/439 dated March 15, 2022. The aforesaid Interim Dividend will be paid to the Shareholders on or before April 20, 2022.","22-Mar-2022 18:44:30","2022-03-22 18:44:30","22-Mar-2022 18:44:33","00:00:03","https://nsearchives.nseindia.com/corporate/SBILIFE_22032022184426_BM22032022.pdf"
"SBILIFE","SBI Life Insurance Company Limited","Disclosure of other UPSI/material event","We wish to inform you that the Board Stakeholders' Relationship Committee vide its resolution passed on March 21 , 2022 has allotted 8,027 Equity Shares of Rs. 10/- each towards the exercise of vested stock options by certain employees under 'SBI Life Employee Stock Option Scheme 2018' of the Company.Post the allotment, the paid up share capital of the Company is Rs. 10,00,37,05,620/consisting of 100,03,70,562 equity shares of Rs. 10 each. We request you to please take the above on record.","22-Mar-2022 16:23:27","2022-03-22 16:23:27","22-Mar-2022 16:23:31","00:00:04","https://nsearchives.nseindia.com/corporate/SBILIFE_22032022162325_SE21032022.pdf"
"SBILIFE","SBI Life Insurance Company Limited","Schedule of Analysts/Institutional Investor Meet/Con. Call","SBI Life Insurance Company Limited has informed the Exchange about Schedule of Analysts/Institutional Investor Meet/Con. Call ","15-Mar-2022 23:27:03","2022-03-15 23:27:03","15-Mar-2022 23:27:08","00:00:05","https://nsearchives.nseindia.com/corporate/SBILIFE_15032022232700_IM15032022.pdf"
"SBILIFE","SBI Life Insurance Company Limited","Schedule of Analysts/Institutional Investor Meet/Con. Call","SBI Life Insurance Company Limited has informed the Exchange about Schedule of Analysts/Institutional Investor Meet/Con. Call ","08-Mar-2022 23:26:40","2022-03-08 23:26:40","08-Mar-2022 23:26:47","00:00:07","https://nsearchives.nseindia.com/corporate/SBILIFE_08032022232637_IM08032022.pdf"
"SBILIFE","SBI Life Insurance Company Limited","General updates","SBI Life Insurance Company Limited has informed the Exchange about Intimation Of Application For Reclassification Of ""Promoter"" To ""Public"" Category","04-Mar-2022 18:21:52","2022-03-04 18:21:52","04-Mar-2022 18:21:57","00:00:05","https://nsearchives.nseindia.com/corporate/SBILIFE_04032022182125_SE04032022.pdf"
"SBILIFE","SBI Life Insurance Company Limited","Newspaper Advertisements","SBI Life Insurance Company Limited has informed the Exchange about Newspaper Advertisements","01-Mar-2022 18:31:00","2022-03-01 18:31:00","01-Mar-2022 18:31:17","00:00:17","https://nsearchives.nseindia.com/corporate/SBILIFE_01032022183056_NP01032022.pdf"
"SBILIFE","SBI Life Insurance Company Limited","Postal Ballot","SBI Life Insurance Company Limited has informed the Exchange about Notice of Postal Ballot","28-Feb-2022 19:18:47","2022-02-28 19:18:47","28-Feb-2022 19:18:54","00:00:07","https://nsearchives.nseindia.com/corporate/SBILIFE_28022022191843_SE28022022.pdf"
"SBILIFE","SBI Life Insurance Company Limited","General updates","In continuation to our letter no. SBIL/F&A-CS/NSE-BSE/2122/400 dated February 21, 2022 intimating about the receipt of request letter from BNP Paribas Cardif (""BNP""), one of the Promoters of the Company, to reclassify BNP to ""Public"" category from ""Promoter"" category, in accordance with Regulation 31A of the Listing Regulations.We wish to inform you that the said letter was placed for the consideration of the Board at its meeting held today i.e. February 25, 2022. The Board at the said meeting has considered and approved the said request received from BNP to reclassify it to ""Public"" category from ""Promoter"" category, subject to the approval of the Stock Exchanges and any other Statutory/Regulatory Authorities, as may be required. ","25-Feb-2022 22:03:14","2022-02-25 22:03:14","25-Feb-2022 22:03:23","00:00:09","https://nsearchives.nseindia.com/corporate/SBILIFE_25022022220314_RE25022022.pdf"
"SBILIFE","SBI Life Insurance Company Limited","General updates","We wish to inform you that the Board of Directors of the Company at their meeting, held today i.e. February 25, 2022 have, inter alia, agreed that Members' approval be sought through Postal Ballot, on items of Special Business pertaining to material related party transactions that the Company may enter in FY 2022-23, with related parties, in the ordinary course of business and at arms' length basis, in compliance with Regulation 23 of SEBI (Listing Obligations and Disclosure Requirements) Regulations, 2015.","25-Feb-2022 21:40:11","2022-02-25 21:40:11","25-Feb-2022 21:40:19","00:00:08","https://nsearchives.nseindia.com/corporate/SBILIFE_25022022214011_SE25022022.pdf"
"SBILIFE","SBI Life Insurance Company Limited","General updates","We wish to inform you that the Board Stakeholders' Relationship Committee vide its resolution passed on February 25, 2022 has allotted 79,237 Equity Shares of Rs. 10/- each towards the exercise of vested stock options by certain employees under 'SBI Life Employee Stock Option Scheme 2018' of the Company.Post the allotment, the paid up share capital of the Company is Rs. 10,00,36,25,350 consisting of 100,03,62,535 equity shares of Rs. 10 each.","25-Feb-2022 16:22:47","2022-02-25 16:22:47","25-Feb-2022 16:23:03","00:00:16","https://nsearchives.nseindia.com/corporate/SBILIFE_25022022162247_SE25022022.pdf"
"SBILIFE","SBI Life Insurance Company Limited","Disclosure of other UPSI/material event","This is to inform you that, the Company has received request from BNP Paribas Cardif, one of the Promoters of the Company, holding 0.20% of the paid-up share capital of the Company, vide letter dated February 21, 2022 for reclassifying its shareholding in the Company from the ���Promoter and Promoter Group��� category to the ���Public��� category, in accordance with the SEBI LODR Regulations, as amended and any rules, regulations and guidelines in this regard.The aforesaid request for re-classification will be placed before Board of Directors at the ensuing Board Meeting of the Company and the necessary steps will be undertaken in accordance with the applicable regulatory provisions.","24-Feb-2022 19:48:48","2022-02-24 19:48:48","24-Feb-2022 19:52:07","00:03:19","https://nsearchives.nseindia.com/corporate/SBILIFE_24022022194848_Intimation.pdf"
"SBILIFE","SBI Life Insurance Company Limited","Analysts/Institutional Investor Meet/Con. Call Updates","SBI Life Insurance Company Limited has informed the Exchange about Schedule of meet","11-Feb-2022 19:33:06","2022-02-11 19:33:06","11-Feb-2022 19:33:18","00:00:12","https://nsearchives.nseindia.com/corporate/SBILIFE_11022022193306_IM11022022.pdf"
"SBILIFE","SBI Life Insurance Company Limited","Analysts/Institutional Investor Meet/Con. Call Updates","SBI Life Insurance Company Limited has informed the Exchange about Schedule of meet","10-Feb-2022 18:46:55","2022-02-10 18:46:55","10-Feb-2022 18:47:00","00:00:05","https://nsearchives.nseindia.com/corporate/SBILIFE_10022022184655_IM10022022.pdf"
"SBILIFE","SBI Life Insurance Company Limited","Financial Result Updates","SBI Life Insurance Company Limited has submitted to the Exchange, the financial results for the period ended December 31, 2021.","21-Jan-2022 15:08:01","2022-01-21 15:08:01","21-Jan-2022 15:10:13","00:02:12","https://nsearchives.nseindia.com/corporate/Outcome_21012022150801.pdf"
"SBILIFE","SBI Life Insurance Company Limited","Analysts/Institutional Investor Meet/Con. Call Updates","SBI Life Insurance Company Limited has informed the Exchange about Schedule of meet","20-Jan-2022 12:50:59","2022-01-20 12:50:59","20-Jan-2022 12:51:09","00:00:10","https://nsearchives.nseindia.com/corporate/SBILIFE_20012022125059_EC20012022.pdf"
"SBILIFE","SBI Life Insurance Company Limited","Trading Window","SBI Life Insurance Company Limited has informed the Exchange regarding the Trading Window closure pursuant to SEBI (Prohibition of Insider Trading) Regulations, 2015","31-Dec-2021 16:47:13","2021-12-31 16:47:13","31-Dec-2021 16:47:18","00:00:05","https://nsearchives.nseindia.com/corporate/SBILIFE_31122021164713_SE31122021.pdf"
"SBILIFE","SBI Life Insurance Company Limited","Allotment of Securities","SBI Life Insurance Company Limited has informed the Exchange regarding allotment of 21899 securities pursuant to ESOP/ESPS at its meeting held on December 22, 2021","22-Dec-2021 12:42:37","2021-12-22 12:42:37","22-Dec-2021 12:42:44","00:00:07","https://nsearchives.nseindia.com/corporate/SBILIFE_22122021124237_SE22122021.pdf"
"SBILIFE","SBI Life Insurance Company Limited","Analysts/Institutional Investor Meet/Con. Call Updates","SBI Life Insurance Company Limited has informed the Exchange about Schedule of meet","23-Nov-2021 22:45:29","2021-11-23 22:45:29","23-Nov-2021 22:45:32","00:00:03","https://nsearchives.nseindia.com/corporate/SBILIFE_23112021224529_IM23112021.pdf"
"SBILIFE","SBI Life Insurance Company Limited","Allotment of Securities","SBI Life Insurance Company Limited has informed the Exchange regarding allotment of 48086 securities pursuant to ESOP/ESPS at its meeting held on November 23, 2021","23-Nov-2021 18:35:46","2021-11-23 18:35:46","23-Nov-2021 18:35:52","00:00:06","https://nsearchives.nseindia.com/corporate/SBILIFE_23112021183546_SE23112021.pdf"
"SBILIFE","SBI Life Insurance Company Limited","Analysts/Institutional Investor Meet/Con. Call Updates","SBI Life Insurance Company Limited has informed the Exchange about Schedule of meet","18-Nov-2021 16:40:02","2021-11-18 16:40:02","18-Nov-2021 16:40:09","00:00:07","https://nsearchives.nseindia.com/corporate/SBILIFE_18112021164002_IM18112021.pdf"
"SBILIFE","SBI Life Insurance Company Limited","Analysts/Institutional Investor Meet/Con. Call Updates","SBI Life Insurance Company Limited has informed the Exchange about Schedule of meet","17-Nov-2021 17:44:03","2021-11-17 17:44:03","17-Nov-2021 17:44:10","00:00:07","https://nsearchives.nseindia.com/corporate/SBILIFE_17112021174403_IM17112021.pdf"
"SBILIFE","SBI Life Insurance Company Limited","Related Party Transactions","SBI Life Insurance Company Limited has informed the Exchange about related Party Transactions","17-Nov-2021 17:27:56","2021-11-17 17:27:56","17-Nov-2021 17:28:01","00:00:05","https://nsearchives.nseindia.com/corporate/SBILIFE_17112021172756_RPT17112021.pdf"
"SBILIFE","SBI Life Insurance Company Limited","Analysts/Institutional Investor Meet/Con. Call Updates","SBI Life Insurance Company Limited has informed the Exchange about Schedule of meet","16-Nov-2021 21:31:17","2021-11-16 21:31:17","16-Nov-2021 21:31:23","00:00:06","https://nsearchives.nseindia.com/corporate/SBILIFE_16112021213117_IM16112021.pdf"
"SBILIFE","SBI Life Insurance Company Limited","Analysts/Institutional Investor Meet/Con. Call Updates","SBI Life Insurance Company Limited has informed the Exchange about Schedule of meet","15-Nov-2021 18:08:44","2021-11-15 18:08:44","15-Nov-2021 18:08:49","00:00:05","https://nsearchives.nseindia.com/corporate/SBILIFE_15112021180844_IM15112021.pdf"
"SBILIFE","SBI Life Insurance Company Limited","Analysts/Institutional Investor Meet/Con. Call Updates","SBI Life Insurance Company Limited has informed the Exchange about Schedule of meet","12-Nov-2021 18:04:09","2021-11-12 18:04:09","12-Nov-2021 18:04:21","00:00:12","https://nsearchives.nseindia.com/corporate/SBILIFE_12112021180409_IM12112021.pdf"
"SBILIFE","SBI Life Insurance Company Limited","Analysts/Institutional Investor Meet/Con. Call Updates","SBI Life Insurance Company Limited has informed the Exchange about Schedule of meet","11-Nov-2021 18:13:20","2021-11-11 18:13:20","11-Nov-2021 18:13:26","00:00:06","https://nsearchives.nseindia.com/corporate/SBILIFE_11112021181320_IM11112021.pdf"
"SBILIFE","SBI Life Insurance Company Limited","Analysts/Institutional Investor Meet/Con. Call Updates","SBI Life Insurance Company Limited has informed the Exchange about Schedule of meet","10-Nov-2021 21:46:45","2021-11-10 21:46:45","10-Nov-2021 21:46:49","00:00:04","https://nsearchives.nseindia.com/corporate/SBILIFE_10112021214645_IM10112021.pdf"
"SBILIFE","SBI Life Insurance Company Limited","Financial Result Updates","SBI Life Insurance Company Limited has submitted to the Exchange, the financial results for the period ended September 30, 2021.","28-Oct-2021 13:20:33","2021-10-28 13:20:33","28-Oct-2021 13:22:08","00:01:35","https://nsearchives.nseindia.com/corporate/SBILFINANCIALHALFYEARENDEDSEPTEMBER2021UPLOAD_28102021132033.pdf"
"SBILIFE","SBI Life Insurance Company Limited","Outcome of Board Meeting","SBI Life Insurance Company Limited has informed the Exchange regarding  Board meeting held on October 27, 2021.","27-Oct-2021 15:39:32","2021-10-27 15:39:32","27-Oct-2021 15:39:35","00:00:03","https://nsearchives.nseindia.com/corporate/SBILIFE_27102021153932_Outcome.pdf"
"SBILIFE","SBI Life Insurance Company Limited","Analysts/Institutional Investor Meet/Con. Call Updates","SBI Life Insurance Company Limited has informed the Exchange about Schedule of meet","25-Oct-2021 18:34:10","2021-10-25 18:34:10","25-Oct-2021 18:34:15","00:00:05","https://nsearchives.nseindia.com/corporate/SBILIFE_25102021183410_EC25102021.pdf"
"SBILIFE","SBI Life Insurance Company Limited","Updates","SBI Life Insurance Company Limited has informed the Exchange regarding 'In continuation of the disclosure made by SBI Life Insurance Company Limited ( the Company ) on July 27, 2021 & August 10, 2021 with respect to Super Suraksha Matter'.","08-Oct-2021 19:41:58","2021-10-08 19:41:58","08-Oct-2021 19:42:08","00:00:10","https://nsearchives.nseindia.com/corporate/SBILIFE_08102021194158_SE08102021.pdf"
"SBILIFE","SBI Life Insurance Company Limited","Updates","SBI Life Insurance Company Limited has informed the Exchange regarding 'Closure of trading window'.","30-Sep-2021 23:09:26","2021-09-30 23:09:26","30-Sep-2021 23:09:32","00:00:06","https://nsearchives.nseindia.com/corporate/SBILIFE_30092021230926_CTW30092021.pdf"
"SBILIFE","SBI Life Insurance Company Limited","Shareholders meeting","SBI Life Insurance Company Limited has informed the Exchange regarding Proceedings of Annual General Meeting held on September 24, 2021. Further, the company has submitted the Exchange a copy of Srutinizers report along with voting results.","24-Sep-2021 23:21:56","2021-09-24 23:21:56","24-Sep-2021 23:22:03","00:00:07","https://nsearchives.nseindia.com/corporate/SBILIFE_24092021232156_AGM24092021.pdf"
"SBILIFE","SBI Life Insurance Company Limited","Allotment of Securities","SBI Life Insurance Company Limited has informed the Exchange regarding allotment of 21130 securities pursuant to ESOP/ESPS at its meeting held on September 23, 2021","23-Sep-2021 14:24:09","2021-09-23 14:24:09","23-Sep-2021 14:24:14","00:00:05","https://nsearchives.nseindia.com/corporate/SBILIFE_23092021142409_SE23092021.pdf"
"SBILIFE","SBI Life Insurance Company Limited","Analysts/Institutional Investor Meet/Con. Call Updates","SBI Life Insurance Company Limited has informed the Exchange about Analysts/Institutional Investor Meet/Con. Call Updates","21-Sep-2021 21:42:44","2021-09-21 21:42:44","21-Sep-2021 21:42:50","00:00:06","https://nsearchives.nseindia.com/corporate/SBILIFE_21092021214244_IM021092021.pdf"
"SBILIFE","SBI Life Insurance Company Limited","Analysts/Institutional Investor Meet/Con. Call Updates","SBI Life Insurance Company Limited has informed the Exchange about Analysts/Institutional Investor Meet/Con. Call Updates","17-Sep-2021 13:27:37","2021-09-17 13:27:37","17-Sep-2021 13:27:40","00:00:03","https://nsearchives.nseindia.com/corporate/SBILIFE_17092021132737_IM017092021.pdf"
"SBILIFE","SBI Life Insurance Company Limited","Analysts/Institutional Investor Meet/Con. Call Updates","SBI Life Insurance Company Limited has informed the Exchange about Analysts/Institutional Investor Meet/Con. Call Updates","16-Sep-2021 20:25:41","2021-09-16 20:25:41","16-Sep-2021 20:25:46","00:00:05","https://nsearchives.nseindia.com/corporate/SBILIFE_16092021202541_IM16092021.pdf"
"SBILIFE","SBI Life Insurance Company Limited","Analysts/Institutional Investor Meet/Con. Call Updates","SBI Life Insurance Company Limited has informed the Exchange about Analysts/Institutional Investor Meet/Con. Call Updates","15-Sep-2021 20:25:52","2021-09-15 20:25:52","15-Sep-2021 20:25:58","00:00:06","https://nsearchives.nseindia.com/corporate/SBILIFE_15092021202552_IM15092021.pdf"
"SBILIFE","SBI Life Insurance Company Limited","Updates","SBI Life Insurance Company Limited has informed the Exchange regarding 'Appointment of Joint Statutory Auditors for the Financial Year 2021-22'.","15-Sep-2021 18:42:17","2021-09-15 18:42:17","15-Sep-2021 18:42:20","00:00:03","https://nsearchives.nseindia.com/corporate/SBILIFE_15092021184216_SA15092021.pdf"
"SBILIFE","SBI Life Insurance Company Limited","Analysts/Institutional Investor Meet/Con. Call Updates","SBI Life Insurance Company Limited has informed the Exchange about Analysts/Institutional Investor Meet/Con. Call Updates","09-Sep-2021 16:58:02","2021-09-09 16:58:02","09-Sep-2021 16:58:12","00:00:10","https://nsearchives.nseindia.com/corporate/SBILIFE_09092021165802_IM09092021.pdf"
"SBILIFE","SBI Life Insurance Company Limited","Cessation","SBI Life Insurance Company Limited has informed the Exchange regarding Cessation of Ms Joji Sekhon Gill  as Non- Executive Independent Director of the company w.e.f. September 06, 2021.","06-Sep-2021 17:36:03","2021-09-06 17:36:03","06-Sep-2021 17:36:09","00:00:06","https://nsearchives.nseindia.com/corporate/SBILIFE_06092021173603_JOJI06092021.pdf"
"SBILIFE","SBI Life Insurance Company Limited","Copy of Newspaper Publication","SBI Life Insurance Company Limited has informed the Exchange about Copy of Newspaper Publication","02-Sep-2021 14:55:02","2021-09-02 14:55:02","02-Sep-2021 14:55:07","00:00:05","https://nsearchives.nseindia.com/corporate/SBILIFE_02092021145502_SE02092021.pdf"
"SBILIFE","SBI Life Insurance Company Limited","Shareholders meeting","SBI Life Insurance Company Limited has informed the Exchange regarding Notice of Annual General Meeting to be held on September 24, 2021","01-Sep-2021 18:55:39","2021-09-01 18:55:39","01-Sep-2021 18:55:44","00:00:05","https://nsearchives.nseindia.com/corporate/SBILIFE_01092021185539_SE01092021.pdf"
"SBILIFE","SBI Life Insurance Company Limited","Copy of Newspaper Publication","SBI Life Insurance Company Limited has informed the Exchange about Copy of Newspaper Publication","25-Aug-2021 15:55:31","2021-08-25 15:55:31","25-Aug-2021 15:55:36","00:00:05","https://nsearchives.nseindia.com/corporate/SBILIFE_25082021155531_SE25082021.pdf"
"SBILIFE","SBI Life Insurance Company Limited","Outcome of Board Meeting","SBI Life Insurance Company Limited has informed the Exchange regarding Outcome of Board Meeting held on August 24, 2021.","24-Aug-2021 18:56:49","2021-08-24 18:56:49","24-Aug-2021 18:56:53","00:00:04","https://nsearchives.nseindia.com/corporate/SBILIFE_24082021185649_SE24082021.pdf"
"SBILIFE","SBI Life Insurance Company Limited","Analysts/Institutional Investor Meet/Con. Call Updates","SBI Life Insurance Company Limited has informed the Exchange about Analysts/Institutional Investor Meet/Con. Call Updates","21-Aug-2021 15:25:14","2021-08-21 15:25:14","21-Aug-2021 15:25:19","00:00:05","https://nsearchives.nseindia.com/corporate/SBILIFE_21082021152514_IM21082021.pdf"
"SBILIFE","SBI Life Insurance Company Limited","ESOP/ESOS/ESPS","SBI Life Insurance Company Limited has informed the Exchange regarding Allotment of 46738  Shares.","20-Aug-2021 18:34:10","2021-08-20 18:34:10","20-Aug-2021 18:34:14","00:00:04","https://nsearchives.nseindia.com/corporate/SBILIFE_20082021183410_SE20082021.pdf"
"SBILIFE","SBI Life Insurance Company Limited","Analysts/Institutional Investor Meet/Con. Call Updates","SBI Life Insurance Company Limited has informed the Exchange about Analysts/Institutional Investor Meet/Con. Call Updates","18-Aug-2021 21:19:27","2021-08-18 21:19:27","18-Aug-2021 21:19:32","00:00:05","https://nsearchives.nseindia.com/corporate/SBILIFE_18082021211927_SE18082021.pdf"
"SBILIFE","SBI Life Insurance Company Limited","Reply to Clarification Sought","SBILIFE: The Exchange had sought clarification from SBI Life Insurance Company Limited with respect to announcement dated 27-Jul-2021, regarding update on certain orders of the Insurance Regulatory and Development Authority of India (the IRDAI ). On basis of above the Company was required to clarify following: 1. Expected financial implications, if any, due to compensation, penalty etc; 2. Quantum of claims, if any. The response of the Company is attached.","10-Aug-2021 18:57:59","2021-08-10 18:57:59","10-Aug-2021 18:58:09","00:00:10","https://nsearchives.nseindia.com/corporate/SBILIFE_10082021185759_SBILIFE.pdf"
"SBILIFE","SBI Life Insurance Company Limited","Clarification","SBILIFE: The Exchange has sought clarification from SBI Life Insurance Company Limited with respect to announcement dated 27-Jul-2021, regarding update on certain orders of the Insurance Regulatory and Development Authority of India (the IRDAI ). On basis of above the Company is required to clarify following: 1. Expected financial implications, if any, due to compensation, penalty etc; 2. Quantum of claims, if any. The response of the Company is awaited.","09-Aug-2021 11:36:01","2021-08-09 11:36:01","09-Aug-2021 11:36:13","00:00:12","-"
"SBILIFE","SBI Life Insurance Company Limited","Analysts/Institutional Investor Meet/Con. Call Updates","SBI Life Insurance Company Limited has informed the Exchange about Analysts/Institutional Investor Meet/Con. Call Updates","06-Aug-2021 18:22:45","2021-08-06 18:22:45","06-Aug-2021 18:22:50","00:00:05","https://nsearchives.nseindia.com/corporate/SBILIFE_06082021182245_IM06082021.pdf"
"SBILIFE","SBI Life Insurance Company Limited","Analysts/Institutional Investor Meet/Con. Call Updates","SBI Life Insurance Company Limited has informed the Exchange about Analysts/Institutional Investor Meet/Con. Call Updates","05-Aug-2021 17:16:43","2021-08-05 17:16:43","05-Aug-2021 17:16:47","00:00:04","https://nsearchives.nseindia.com/corporate/SBILIFE_05082021171643_IM05082021.pdf"
"SBILIFE","SBI Life Insurance Company Limited","Updates","SBI Life Insurance Company Limited has informed the Exchange regarding 'update on certain orders of the Insurance Regulatory and Development Authority of India (the  IRDAI ). '.","27-Jul-2021 14:27:04","2021-07-27 14:27:04","27-Jul-2021 14:27:11","00:00:07","https://nsearchives.nseindia.com/corporate/SBILIFE_27072021142704_SE27072021.pdf"
"SBILIFE","SBI Life Insurance Company Limited","ESOP/ESOS/ESPS","SBI Life Insurance Company Limited has informed the Exchange regarding Grant of 797850  Options.","26-Jul-2021 15:22:55","2021-07-26 15:22:55","26-Jul-2021 15:23:01","00:00:06","https://nsearchives.nseindia.com/corporate/SBILIFE_26072021152255_ESOPGRANT26072021.pdf"
"SBILIFE","SBI Life Insurance Company Limited","Financial Result Updates","SBI Life Insurance Company Limited has submitted to the Exchange, the financial results for the period ended June 30, 2021.","26-Jul-2021 15:16:13","2021-07-26 15:16:13","26-Jul-2021 15:18:07","00:01:54","https://nsearchives.nseindia.com/corporate/OutcomeJune2021_26072021151613.pdf"
"SBILIFE","SBI Life Insurance Company Limited","Analysts/Institutional Investor Meet/Con. Call Updates","SBI Life Insurance Company Limited has informed the Exchange about Analysts/Institutional Investor Meet/Con. Call Updates","24-Jul-2021 13:23:04","2021-07-24 13:23:04","24-Jul-2021 13:23:09","00:00:05","https://nsearchives.nseindia.com/corporate/SBILIFE_24072021132304_EC24072021.pdf"
"SBILIFE","SBI Life Insurance Company Limited","Trading Window","SBI Life Insurance Company Limited has informed the Exchange regarding the Trading Window closure pursuant to SEBI (Prohibition of Insider Trading) Regulations, 2015","30-Jun-2021 17:02:44","2021-06-30 17:02:44","30-Jun-2021 17:02:55","00:00:11","https://nsearchives.nseindia.com/corporate/SBILIFE_30062021170244_CTW30062021.pdf"
"SBILIFE","SBI Life Insurance Company Limited","ESOP/ESOS/ESPS","SBI Life Insurance Company Limited has informed the Exchange regarding Allotment of 35982  Shares.","22-Jun-2021 20:18:07","2021-06-22 20:18:07","22-Jun-2021 20:18:13","00:00:06","https://nsearchives.nseindia.com/corporate/SBILIFE_22062021201807_SE22062021.pdf"
"SBILIFE","SBI Life Insurance Company Limited","Analysts/Institutional Investor Meet/Con. Call Updates","SBI Life Insurance Company Limited has informed the Exchange about Analysts/Institutional Investor Meet/Con. Call Updates","16-Jun-2021 19:11:05","2021-06-16 19:11:05","16-Jun-2021 19:11:11","00:00:06","https://nsearchives.nseindia.com/corporate/SBILIFE_16062021191105_IM16062021.pdf"
"SBILIFE","SBI Life Insurance Company Limited","Analysts/Institutional Investor Meet/Con. Call Updates","SBI Life Insurance Company Limited has informed the Exchange about Analysts/Institutional Investor Meet/Con. Call Updates","15-Jun-2021 14:39:59","2021-06-15 14:39:59","15-Jun-2021 14:40:19","00:00:20","https://nsearchives.nseindia.com/corporate/SBILIFE_15062021143959_IM15062021.pdf"
"SBILIFE","SBI Life Insurance Company Limited","Analysts/Institutional Investor Meet/Con. Call Updates","SBI Life Insurance Company Limited has informed the Exchange about Analysts/Institutional Investor Meet/Con. Call Updates","11-Jun-2021 15:18:51","2021-06-11 15:18:51","11-Jun-2021 15:18:56","00:00:05","https://nsearchives.nseindia.com/corporate/SBILIFE_11062021151851_IM11062021.pdf"
"SBILIFE","SBI Life Insurance Company Limited","Analysts/Institutional Investor Meet/Con. Call Updates","SBI Life Insurance Company Limited has informed the Exchange about Analysts/Institutional Investor Meet/Con. Call Updates","10-Jun-2021 16:48:12","2021-06-10 16:48:12","10-Jun-2021 16:48:21","00:00:09","https://nsearchives.nseindia.com/corporate/SBILIFE_10062021164812_IM10062021.pdf"
"SBILIFE","SBI Life Insurance Company Limited","Analysts/Institutional Investor Meet/Con. Call Updates","SBI Life Insurance Company Limited has informed the Exchange about Analysts/Institutional Investor Meet/Con. Call Updates","08-Jun-2021 14:08:31","2021-06-08 14:08:31","08-Jun-2021 14:08:40","00:00:09","https://nsearchives.nseindia.com/corporate/SBILIFE_08062021140831_IM08062021.pdf"
"SBILIFE","SBI Life Insurance Company Limited","Analysts/Institutional Investor Meet/Con. Call Updates","SBI Life Insurance Company Limited has informed the Exchange about Analysts/Institutional Investor Meet/Con. Call Updates","04-Jun-2021 19:56:26","2021-06-04 19:56:26","04-Jun-2021 19:56:35","00:00:09","https://nsearchives.nseindia.com/corporate/SBILIFE_04062021195626_IM04062021.pdf"
"SBILIFE","SBI Life Insurance Company Limited","Allotment of Securities","SBI Life Insurance Company Limited has informed the Exchange regarding allotment of 38555 securities pursuant to ESOP/ESPS at its meeting held on May 20, 2021","20-May-2021 20:58:58","2021-05-20 20:58:58","20-May-2021 20:59:11","00:00:13","https://nsearchives.nseindia.com/corporate/SBILIFE_20052021205858_SE20052021.pdf"
"SBILIFE","SBI Life Insurance Company Limited","Related Party Transactions","SBI Life Insurance Company Limited has informed the Exchange about related Party Transactions","11-May-2021 17:53:11","2021-05-11 17:53:11","11-May-2021 17:53:21","00:00:10","https://nsearchives.nseindia.com/corporate/SBILIFE_11052021175311_RPT31032021.pdf"
"SBILIFE","SBI Life Insurance Company Limited","Analysts/Institutional Investor Meet/Con. Call Updates","SBI Life Insurance Company Limited has informed the Exchange about Analysts/Institutional Investor Meet/Con. Call Updates","11-May-2021 11:47:50","2021-05-11 11:47:50","11-May-2021 11:47:59","00:00:09","https://nsearchives.nseindia.com/corporate/SBILIFE_11052021114750_IM11052021.pdf"
"SBILIFE","SBI Life Insurance Company Limited","Outcome of Board Meeting","SBI Life Insurance Company Limited has informed the Exchange regarding  Board meeting held on May 03, 2021.","03-May-2021 15:16:31","2021-05-03 15:16:31","03-May-2021 15:16:38","00:00:07","https://nsearchives.nseindia.com/corporate/SBILIFE_03052021151631_BMOutcome.pdf"
"SBILIFE","SBI Life Insurance Company Limited","Financial Result Updates","SBI Life Insurance Company Limited has submitted to the Exchange, the financial results for the period ended March 31, 2021.","03-May-2021 14:53:20","2021-05-03 14:53:20","03-May-2021 14:55:02","00:01:42","https://nsearchives.nseindia.com/corporate/Outcome_03052021145320.pdf"
"SBILIFE","SBI Life Insurance Company Limited","Analysts/Institutional Investor Meet/Con. Call Updates","SBI Life Insurance Company Limited has informed the Exchange about Analysts/Institutional Investor Meet/Con. Call Updates","01-May-2021 15:04:03","2021-05-01 15:04:03","01-May-2021 15:04:10","00:00:07","https://nsearchives.nseindia.com/corporate/SBILIFE_01052021150403_EC01052021.pdf"
"SBILIFE","SBI Life Insurance Company Limited","Annual Disclosure","SBI Life Insurance Company Limited has submitted to the Exchange Annual Disclosure as per SEBI Circular dated November 26, 2018.","23-Apr-2021 07:04:00","2021-04-23 07:04:00","23-Apr-2021 19:53:04","12:49:04","https://nsearchives.nseindia.com/corporate/SBILIFE_23042021195202_LC23042021_021.pdf"
"SBILIFE","SBI Life Insurance Company Limited","Disclosure under SEBI Takeover Regulations","��Promoter/Member of the Promoter Group of the Company has informed the Exchange regarding disclosure under Regulation 30 of SEBI SAST Regulations, 2011��as at March 31, 2021.��","19-Apr-2021 10:23:09","2021-04-19 10:23:09","19-Apr-2021 10:23:28","00:00:19","https://nsearchives.nseindia.com/corporate/SBILIFE_19042021102309_SBILIFE.pdf"
"SBILIFE","SBI Life Insurance Company Limited","Disclosure under SEBI Takeover Regulations","Promoter/Member of the Promoter Group of the Company has informed the Exchange regarding disclosure under Regulation 30 and Regulation 31(4) of SEBI SAST Regulations 2011 as on March 31, 2021","16-Apr-2021 12:00:26","2021-04-16 12:00:26","16-Apr-2021 12:00:46","00:00:20","https://nsearchives.nseindia.com/corporate/SBILIFE_16042021120026_SBI3_16042021115955.zip"
"SBILIFE","SBI Life Insurance Company Limited","Disclosure under SEBI Takeover Regulations","��Promoter/Member of the Promoter Group of the Company has informed the Exchange regarding disclosure under Regulation 30 and Regulation 31(4) of SEBI SAST Regulations 2011��as at March 31, 2021.","15-Apr-2021 09:35:00","2021-04-15 09:35:00","15-Apr-2021 09:35:13","00:00:13","https://nsearchives.nseindia.com/corporate/SBILIFE_15042021093459_SBI_REG30_14042021083315.zip"
"SBILIFE","SBI Life Insurance Company Limited","Outcome of Board Meeting","SBI Life Insurance Company Limited has informed the Exchange regarding  Board meeting held on April 12, 2021.","12-Apr-2021 19:09:47","2021-04-12 19:09:47","12-Apr-2021 19:09:51","00:00:04","https://nsearchives.nseindia.com/corporate/SBILIFE_12042021190947_BM12042021.pdf"
"SBILIFE","SBI Life Insurance Company Limited","Trading Window","SBI Life Insurance Company Limited has informed the Exchange regarding the Trading Window closure pursuant to SEBI (Prohibition of Insider Trading) Regulations, 2015","31-Mar-2021 16:25:16","2021-03-31 16:25:16","31-Mar-2021 16:25:22","00:00:06","https://nsearchives.nseindia.com/corporate/SBILIFE_31032021162516_CTW31032021.pdf"
"SBILIFE","SBI Life Insurance Company Limited","Dividend","SBI Life Insurance Company Limited has informed the Exchange that Board of Directors at its meeting held on March 25, 2021, declared Interim Dividend of 2.5 per equity share.","25-Mar-2021 17:13:10","2021-03-25 17:13:10","25-Mar-2021 17:13:19","00:00:09","https://nsearchives.nseindia.com/corporate/SBILIFE_25032021171310_BM25032021.pdf"
"SBILIFE","SBI Life Insurance Company Limited","Record Date","SBI Life Insurance Company Limited has informed the Exchange that Record date for the purpose of Dividend  is 06-Apr-2021.","23-Mar-2021 18:34:50","2021-03-23 18:34:50","23-Mar-2021 18:34:57","00:00:07","https://nsearchives.nseindia.com/corporate/SBILIFE_23032021183449_RD22032021.pdf"
"SBILIFE","SBI Life Insurance Company Limited","Updates","SBI Life Insurance Company Limited has informed the Exchange regarding 'Revision in Record Date'.","22-Mar-2021 22:16:56","2021-03-22 22:16:56","22-Mar-2021 22:16:59","00:00:03","https://nsearchives.nseindia.com/corporate/SBILIFE_22032021221656_RD22032021.pdf"
"SBILIFE","SBI Life Insurance Company Limited","Analysts/Institutional Investor Meet/Con. Call Updates","SBI Life Insurance Company Limited has informed the Exchange about Analysts/Institutional Investor Meet/Con. Call Updates","18-Mar-2021 22:44:33","2021-03-18 22:44:33","18-Mar-2021 22:44:36","00:00:03","https://nsearchives.nseindia.com/corporate/SBILIFE_18032021224433_IM18032021.pdf"
"SBILIFE","SBI Life Insurance Company Limited","Allotment of Securities","SBI Life Insurance Company Limited has informed the Exchange regarding allotment of 1160 securities pursuant to ESOP/ESPS at its meeting held on March 18, 2021","18-Mar-2021 22:43:33","2021-03-18 22:43:33","18-Mar-2021 22:43:38","00:00:05","https://nsearchives.nseindia.com/corporate/SBILIFE_18032021224333_EA18032021.pdf"
"SBILIFE","SBI Life Insurance Company Limited","Analysts/Institutional Investor Meet/Con. Call Updates","SBI Life Insurance Company Limited has informed the Exchange about Analysts/Institutional Investor Meet/Con. Call Updates","19-Feb-2021 22:55:54","2021-02-19 22:55:54","19-Feb-2021 22:56:02","00:00:08","https://nsearchives.nseindia.com/corporate/SBILIFE_19022021225554_IM19022021.pdf"
"SBILIFE","SBI Life Insurance Company Limited","Allotment of Securities","SBI Life Insurance Company Limited has informed the Exchange regarding allotment of 11071 securities pursuant to ESOP/ESPS at its meeting held on February 19, 2021","19-Feb-2021 16:37:52","2021-02-19 16:37:52","19-Feb-2021 16:37:56","00:00:04","https://nsearchives.nseindia.com/corporate/SBILIFE_19022021163752_EA19022021.pdf"
"SBILIFE","SBI Life Insurance Company Limited","Analysts/Institutional Investor Meet/Con. Call Updates","SBI Life Insurance Company Limited has informed the Exchange about Analysts/Institutional Investor Meet/Con. Call Updates","18-Feb-2021 17:18:14","2021-02-18 17:18:14","18-Feb-2021 17:18:18","00:00:04","https://nsearchives.nseindia.com/corporate/SBILIFE_18022021171814_IM18022021.pdf"
"SBILIFE","SBI Life Insurance Company Limited","Analysts/Institutional Investor Meet/Con. Call Updates","SBI Life Insurance Company Limited has informed the Exchange about Analysts/Institutional Investor Meet/Con. Call Updates","11-Feb-2021 18:30:48","2021-02-11 18:30:48","11-Feb-2021 18:30:53","00:00:05","https://nsearchives.nseindia.com/corporate/SBILIFE_11022021183048_IM11022021.pdf"
"SBILIFE","SBI Life Insurance Company Limited","Analysts/Institutional Investor Meet/Con. Call Updates","SBI Life Insurance Company Limited has informed the Exchange about Analysts/Institutional Investor Meet/Con. Call Updates","10-Feb-2021 19:38:58","2021-02-10 19:38:58","10-Feb-2021 19:39:08","00:00:10","https://nsearchives.nseindia.com/corporate/SBILIFE_10022021193858_IM10022021.pdf"
"SBILIFE","SBI Life Insurance Company Limited","Analysts/Institutional Investor Meet/Con. Call Updates","SBI Life Insurance Company Limited has informed the Exchange about Analysts/Institutional Investor Meet/Con. Call Updates","08-Feb-2021 16:02:51","2021-02-08 16:02:51","08-Feb-2021 16:02:56","00:00:05","https://nsearchives.nseindia.com/corporate/SBILIFE_08022021160251_IM08022021.pdf"
"SBILIFE","SBI Life Insurance Company Limited","Analysts/Institutional Investor Meet/Con. Call Updates","SBI Life Insurance Company Limited has informed the Exchange about Analysts/Institutional Investor Meet/Con. Call Updates","05-Feb-2021 19:24:32","2021-02-05 19:24:32","05-Feb-2021 19:24:37","00:00:05","https://nsearchives.nseindia.com/corporate/SBILIFE_05022021192432_IM05022021.pdf"
"SBILIFE","SBI Life Insurance Company Limited","Financial Result Updates","SBI Life Insurance Company Limited has submitted to the Exchange, the financial results for the period ended December 31, 2020.","22-Jan-2021 14:12:11","2021-01-22 14:12:11","22-Jan-2021 14:14:07","00:01:56","https://nsearchives.nseindia.com/corporate/Outcome_22012021141211.zip"
"SBILIFE","SBI Life Insurance Company Limited","Analysts/Institutional Investor Meet/Con. Call Updates","SBI Life Insurance Company Limited has informed the Exchange about Analysts/Institutional Investor Meet/Con. Call Updates","20-Jan-2021 23:12:53","2021-01-20 23:12:53","20-Jan-2021 23:12:56","00:00:03","https://nsearchives.nseindia.com/corporate/SBILIFE_20012021231253_EC20012021.pdf"
"SBILIFE","SBI Life Insurance Company Limited","Trading Window","SBI Life Insurance Company Limited has informed the Exchange regarding the Trading Window closure pursuant to SEBI (Prohibition of Insider Trading) Regulations, 2015","31-Dec-2020 18:07:39","2020-12-31 18:07:39","31-Dec-2020 18:07:45","00:00:06","https://nsearchives.nseindia.com/corporate/SBILIFE_31122020180739_SE31122020.pdf"
"SBILIFE","SBI Life Insurance Company Limited","Appointment","SBI Life Insurance Company Limited has informed the Exchange regarding Appointment of Mr Shobinder Duggal as Independent Director of the company w.e.f. December 28, 2020.","28-Dec-2020 17:36:56","2020-12-28 17:36:56","28-Dec-2020 17:37:01","00:00:05","https://nsearchives.nseindia.com/corporate/SBILIFE_28122020173656_SE28122020.pdf"
"SBILIFE","SBI Life Insurance Company Limited","Acquisition","SBI Life Insurance Company Limited has informed the Exchange about Acquisition","24-Dec-2020 17:43:03","2020-12-24 17:43:03","24-Dec-2020 17:43:06","00:00:03","https://nsearchives.nseindia.com/corporate/SBILIFE_24122020174303_SE24122020.pdf"
"SBILIFE","SBI Life Insurance Company Limited","Allotment of Securities","SBI Life Insurance Company Limited has informed the Exchange regarding allotment of 9548 securities pursuant to ESOP/ESPS at its meeting held on December 22, 2020","22-Dec-2020 15:18:11","2020-12-22 15:18:11","22-Dec-2020 15:18:17","00:00:06","https://nsearchives.nseindia.com/corporate/SBILIFE_22122020151811_SE22122020.pdf"
"SBILIFE","SBI Life Insurance Company Limited","Analysts/Institutional Investor Meet/Con. Call Updates","SBI Life Insurance Company Limited has informed the Exchange about Analysts/Institutional Investor Meet/Con. Call Updates","24-Nov-2020 19:47:31","2020-11-24 19:47:31","24-Nov-2020 19:47:35","00:00:04","https://nsearchives.nseindia.com/corporate/SBILIFE_24112020194731_IM24112020.pdf"
"SBILIFE","SBI Life Insurance Company Limited","Resignation","SBI Life Insurance Company Limited has informed the Exchange regarding Resignation of Ms Sunita Sharma as Independent Director of the company w.e.f. November 23, 2020.","23-Nov-2020 18:15:00","2020-11-23 18:15:00","23-Nov-2020 18:15:07","00:00:07","https://nsearchives.nseindia.com/corporate/SBILIFE_23112020181500_SE23112020.pdf"
"SBILIFE","SBI Life Insurance Company Limited","Analysts/Institutional Investor Meet/Con. Call Updates","SBI Life Insurance Company Limited has informed the Exchange about Analysts/Institutional Investor Meet/Con. Call Updates","20-Nov-2020 20:22:42","2020-11-20 20:22:42","20-Nov-2020 20:22:47","00:00:05","https://nsearchives.nseindia.com/corporate/SBILIFE_20112020202242_IM20112020.pdf"
"SBILIFE","SBI Life Insurance Company Limited","Analysts/Institutional Investor Meet/Con. Call Updates","SBI Life Insurance Company Limited has informed the Exchange about Analysts/Institutional Investor Meet/Con. Call Updates","17-Nov-2020 19:22:56","2020-11-17 19:22:56","17-Nov-2020 19:23:01","00:00:05","https://nsearchives.nseindia.com/corporate/SBILIFE_17112020192256_IM17112020.pdf"
"SBILIFE","SBI Life Insurance Company Limited","Analysts/Institutional Investor Meet/Con. Call Updates","SBI Life Insurance Company Limited has informed the Exchange about Analysts/Institutional Investor Meet/Con. Call Updates","09-Nov-2020 19:48:54","2020-11-09 19:48:54","09-Nov-2020 19:48:58","00:00:04","https://nsearchives.nseindia.com/corporate/SBILIFE_09112020194854_IM09112020.pdf"
"SBILIFE","SBI Life Insurance Company Limited","Analysts/Institutional Investor Meet/Con. Call Updates","SBI Life Insurance Company Limited has informed the Exchange about Analysts/Institutional Investor Meet/Con. Call Updates","05-Nov-2020 21:42:32","2020-11-05 21:42:32","05-Nov-2020 21:42:36","00:00:04","https://nsearchives.nseindia.com/corporate/SBILIFE_05112020214232_IM05112020.pdf"
"SBILIFE","SBI Life Insurance Company Limited","Related Party Transactions","SBI Life Insurance Company Limited has informed the Exchange about related Party Transactions","30-Oct-2020 17:17:20","2020-10-30 17:17:20","30-Oct-2020 17:17:24","00:00:04","https://nsearchives.nseindia.com/corporate/SBILIFE_30102020171720_RPT30092020.pdf"
"SBILIFE","SBI Life Insurance Company Limited","Financial Result Updates","SBI Life Insurance Company Limited has submitted to the Exchange, the financial results for the period ended September 30, 2020.","26-Oct-2020 14:34:13","2020-10-26 14:34:13","26-Oct-2020 14:36:07","00:01:54","https://nsearchives.nseindia.com/corporate/SE26102020_26102020143413.zip"
"SBILIFE","SBI Life Insurance Company Limited","Analysts/Institutional Investor Meet/Con. Call Updates","SBI Life Insurance Company Limited has informed the Exchange about Analysts/Institutional Investor Meet/Con. Call Updates","24-Oct-2020 22:23:18","2020-10-24 22:23:18","24-Oct-2020 22:23:25","00:00:07","https://nsearchives.nseindia.com/corporate/SBILIFE_24102020222318_EC24102020.pdf"
"SBILIFE","SBI Life Insurance Company Limited","Updates","SBI Life Insurance Company Limited has informed the Exchange regarding 'Disclosure under Regulation 30 of the SEBI (Listing Obligations and Disclosure Requirements) Regulations, 2015'.","07-Oct-2020 22:50:59","2020-10-07 22:50:59","07-Oct-2020 22:51:05","00:00:06","https://nsearchives.nseindia.com/corporate/SBILIFE_07102020225059_RL07102020.pdf"
"SBILIFE","SBI Life Insurance Company Limited","Trading Window","SBI Life Insurance Company Limited has informed the Exchange regarding the Trading Window closure pursuant to SEBI (Prohibition of Insider Trading) Regulations, 2015","30-Sep-2020 17:39:47","2020-09-30 17:39:47","30-Sep-2020 17:39:53","00:00:06","https://nsearchives.nseindia.com/corporate/SBILIFE_30092020173947_SE30092020.pdf"
"SBILIFE","SBI Life Insurance Company Limited","Analysts/Institutional Investor Meet/Con. Call Updates","SBI Life Insurance Company Limited has informed the Exchange about Analysts/Institutional Investor Meet/Con. Call Updates","29-Sep-2020 22:28:21","2020-09-29 22:28:21","29-Sep-2020 22:28:28","00:00:07","https://nsearchives.nseindia.com/corporate/SBILIFE_29092020222821_IM29092020.pdf"
"SBILIFE","SBI Life Insurance Company Limited","Updates","SBI Life Insurance Company Limited has informed the Exchange regarding 'Disclosure under Regulation 30 of the SEBI (Listing Obligations and Disclosure Requirements) Regulations, 2015'.","29-Sep-2020 19:38:51","2020-09-29 19:38:51","29-Sep-2020 19:38:58","00:00:07","https://nsearchives.nseindia.com/corporate/SBILIFE_29092020193851_SE29092020.pdf"
"SBILIFE","SBI Life Insurance Company Limited","Shareholders meeting","SBI Life Insurance Company Limited has submitted the Exchange a copy Srutinizers report of  Annual General Meeting held on September 24, 2020","25-Sep-2020 16:47:45","2020-09-25 16:47:45","25-Sep-2020 16:47:51","00:00:06","https://nsearchives.nseindia.com/corporate/SBILIFE_25092020164744_SR25092020.pdf"
"SBILIFE","SBI Life Insurance Company Limited","Shareholders meeting","SBI Life Insurance Company Limited has informed the Exchange regarding Proceedings of  Annual General Meeting held on September 24, 2020. Further, the company has informed the Exchange regarding voting results.","25-Sep-2020 16:47:44","2020-09-25 16:47:44","25-Sep-2020 16:47:49","00:00:05","https://nsearchives.nseindia.com/corporate/SBILIFE_25092020164744_AGMP24092020.pdf"
"SBILIFE","SBI Life Insurance Company Limited","Allotment of Securities","SBI Life Insurance Company Limited has informed the Exchange regarding allotment of 2817 securities pursuant to ESOP/ESPS at its meeting held on September 22, 2020","23-Sep-2020 18:13:17","2020-09-23 18:13:17","23-Sep-2020 18:13:22","00:00:05","https://nsearchives.nseindia.com/corporate/SBILIFE_23092020181317_SE23092020.pdf"
"SBILIFE","SBI Life Insurance Company Limited","Analysts/Institutional Investor Meet/Con. Call Updates","SBI Life Insurance Company Limited has informed the Exchange about Analysts/Institutional Investor Meet/Con. Call Updates","22-Sep-2020 18:08:46","2020-09-22 18:08:46","22-Sep-2020 18:08:50","00:00:04","https://nsearchives.nseindia.com/corporate/SBILIFE_22092020180846_IM22092020.pdf"
"SBILIFE","SBI Life Insurance Company Limited","Analysts/Institutional Investor Meet/Con. Call Updates","SBI Life Insurance Company Limited has informed the Exchange about Analysts/Institutional Investor Meet/Con. Call Updates","16-Sep-2020 21:18:20","2020-09-16 21:18:20","16-Sep-2020 21:18:26","00:00:06","https://nsearchives.nseindia.com/corporate/SBILIFE_16092020211820_IM16092020.pdf"
"SBILIFE","SBI Life Insurance Company Limited","Analysts/Institutional Investor Meet/Con. Call Updates","SBI Life Insurance Company Limited has informed the Exchange about Analysts/Institutional Investor Meet/Con. Call Updates","15-Sep-2020 17:51:40","2020-09-15 17:51:40","15-Sep-2020 17:51:45","00:00:05","https://nsearchives.nseindia.com/corporate/SBILIFE_15092020175140_IM15092020.pdf"
"SBILIFE","SBI Life Insurance Company Limited","Updates","SBI Life Insurance Company Limited has informed the Exchange regarding 'Cessation of term of Independent Directors'.","06-Sep-2020 18:55:20","2020-09-06 18:55:20","06-Sep-2020 18:55:25","00:00:05","https://nsearchives.nseindia.com/corporate/SBILIFE_06092020185520_CE06092020.pdf"
"SBILIFE","SBI Life Insurance Company Limited","Copy of Newspaper Publication","SBI Life Insurance Company Limited has informed the Exchange about Copy of Newspaper Publication","04-Sep-2020 17:03:56","2020-09-04 17:03:56","04-Sep-2020 17:04:00","00:00:04","https://nsearchives.nseindia.com/corporate/SBILIFE_04092020170356_SE04092020.pdf"
"SBILIFE","SBI Life Insurance Company Limited","Analysts/Institutional Investor Meet/Con. Call Updates","SBI Life Insurance Company Limited has informed the Exchange about Analysts/Institutional Investor Meet/Con. Call Updates","03-Sep-2020 18:36:47","2020-09-03 18:36:47","03-Sep-2020 18:36:52","00:00:05","https://nsearchives.nseindia.com/corporate/SBILIFE_03092020183647_IM03092020.pdf"
"SBILIFE","SBI Life Insurance Company Limited","Updates","SBI Life Insurance Company Limited has informed the Exchange regarding 'Shareholder Meeting - Update on the Notice of 20th Annual General Meeting'.","03-Sep-2020 18:32:25","2020-09-03 18:32:25","03-Sep-2020 18:32:29","00:00:04","https://nsearchives.nseindia.com/corporate/SBILIFE_03092020183225_SE03092020.pdf"
"SBILIFE","SBI Life Insurance Company Limited","Resignation","SBI Life Insurance Company Limited has informed the Exchange regarding Resignation of Mr Ashutosh Pednekar as Non- Executive Independent Director of the company w.e.f. September 03, 2020.","03-Sep-2020 16:10:30","2020-09-03 16:10:30","03-Sep-2020 16:10:34","00:00:04","https://nsearchives.nseindia.com/corporate/SBILIFE_03092020161030_SE03092020.pdf"
"SBILIFE","SBI Life Insurance Company Limited","Copy of Newspaper Publication","SBI Life Insurance Company Limited has informed the Exchange about Copy of Newspaper Publication","01-Sep-2020 13:05:52","2020-09-01 13:05:52","01-Sep-2020 13:05:54","00:00:02","https://nsearchives.nseindia.com/corporate/SBILIFE_01092020130552_NP01092020.pdf"
"SBILIFE","SBI Life Insurance Company Limited","Copy of Newspaper Publication","SBI Life Insurance Company Limited has informed the Exchange about Copy of Newspaper Publication","22-Aug-2020 20:39:54","2020-08-22 20:39:54","22-Aug-2020 20:39:57","00:00:03","https://nsearchives.nseindia.com/corporate/SBILIFE_22082020203954_SE22082020.pdf"
"SBILIFE","SBI Life Insurance Company Limited","Analysts/Institutional Investor Meet/Con. Call Updates","SBI Life Insurance Company Limited has informed the Exchange about Analysts/Institutional Investor Meet/Con. Call Updates","21-Aug-2020 16:24:11","2020-08-21 16:24:11","21-Aug-2020 16:24:17","00:00:06","https://nsearchives.nseindia.com/corporate/SBILIFE_21082020162411_IM21082020.pdf"
"SBILIFE","SBI Life Insurance Company Limited","Outcome of Board Meeting","SBI Life Insurance Company Limited has informed the Exchange regarding  Board meeting held on August 20, 2020.","20-Aug-2020 21:53:10","2020-08-20 21:53:10","20-Aug-2020 21:53:14","00:00:04","https://nsearchives.nseindia.com/corporate/SBILIFE_20082020215310_BM20082020.pdf"
"SBILIFE","SBI Life Insurance Company Limited","Analysts/Institutional Investor Meet/Con. Call Updates","SBI Life Insurance Company Limited has informed the Exchange about Analysts/Institutional Investor Meet/Con. Call Updates","19-Aug-2020 21:34:44","2020-08-19 21:34:44","19-Aug-2020 21:34:46","00:00:02","https://nsearchives.nseindia.com/corporate/SBILIFE_19082020213443_IM19082020.pdf"
"SBILIFE","SBI Life Insurance Company Limited","Allotment of Securities","SBI Life Insurance Company Limited has informed the Exchange regarding allotment of 6349 securities pursuant to ESOP/ESPS at its meeting held on August 19, 2020","19-Aug-2020 21:30:06","2020-08-19 21:30:06","19-Aug-2020 21:30:09","00:00:03","https://nsearchives.nseindia.com/corporate/SBILIFE_19082020213006_AE19082020.pdf"
"SBILIFE","SBI Life Insurance Company Limited","Analysts/Institutional Investor Meet/Con. Call Updates","SBI Life Insurance Company Limited has informed the Exchange about Analysts/Institutional Investor Meet/Con. Call Updates","19-Aug-2020 21:23:25","2020-08-19 21:23:25","19-Aug-2020 21:23:28","00:00:03","https://nsearchives.nseindia.com/corporate/SBILIFE_19082020212325_IM19082020.pdf"
"SBILIFE","SBI Life Insurance Company Limited","Change in Auditors","SBI Life Insurance Company Limited has informed the Exchange regarding Change in Auditors of the company.","14-Aug-2020 20:56:02","2020-08-14 20:56:02","14-Aug-2020 20:56:08","00:00:06","https://nsearchives.nseindia.com/corporate/SBILIFE_14082020205602_SA14082020.pdf"
"SBILIFE","SBI Life Insurance Company Limited","Analysts/Institutional Investor Meet/Con. Call Updates","SBI Life Insurance Company Limited has informed the Exchange about Analysts/Institutional Investor Meet/Con. Call Updates","13-Aug-2020 20:21:11","2020-08-13 20:21:11","13-Aug-2020 20:21:15","00:00:04","https://nsearchives.nseindia.com/corporate/SBILIFE_13082020202111_IM13082020.pdf"
"SBILIFE","SBI Life Insurance Company Limited","Analysts/Institutional Investor Meet/Con. Call Updates","SBI Life Insurance Company Limited has informed the Exchange about Analysts/Institutional Investor Meet/Con. Call Updates","12-Aug-2020 22:21:22","2020-08-12 22:21:22","12-Aug-2020 22:21:27","00:00:05","https://nsearchives.nseindia.com/corporate/SBILIFE_12082020222122_IM12082020.pdf"
"SBILIFE","SBI Life Insurance Company Limited","Analysts/Institutional Investor Meet/Con. Call Updates","SBI Life Insurance Company Limited has informed the Exchange about Analysts/Institutional Investor Meet/Con. Call Updates","11-Aug-2020 21:33:18","2020-08-11 21:33:18","11-Aug-2020 21:33:21","00:00:03","https://nsearchives.nseindia.com/corporate/SBILIFE_11082020213318_IM11082020.pdf"
"SBILIFE","SBI Life Insurance Company Limited","Analysts/Institutional Investor Meet/Con. Call Updates","SBI Life Insurance Company Limited has informed the Exchange about Analysts/Institutional Investor Meet/Con. Call Updates","05-Aug-2020 20:15:51","2020-08-05 20:15:51","05-Aug-2020 20:16:03","00:00:12","https://nsearchives.nseindia.com/corporate/SBILIFE_05082020201551_IM05082020.pdf"
"SBILIFE","SBI Life Insurance Company Limited","Analysts/Institutional Investor Meet/Con. Call Updates","SBI Life Insurance Company Limited has informed the Exchange about Analysts/Institutional Investor Meet/Con. Call Updates","04-Aug-2020 18:02:51","2020-08-04 18:02:51","04-Aug-2020 18:02:58","00:00:07","https://nsearchives.nseindia.com/corporate/SBILIFE_04082020180251_IM04082020.pdf"
"SBILIFE","SBI Life Insurance Company Limited","Analysts/Institutional Investor Meet/Con. Call Updates","SBI Life Insurance Company Limited has informed the Exchange about Analysts/Institutional Investor Meet/Con. Call Updates","03-Aug-2020 21:18:20","2020-08-03 21:18:20","03-Aug-2020 21:18:23","00:00:03","https://nsearchives.nseindia.com/corporate/SBILIFE_03082020211820_IM03082020.pdf"
"SBILIFE","SBI Life Insurance Company Limited","Analysts/Institutional Investor Meet/Con. Call Updates","SBI Life Insurance Company Limited has informed the Exchange about Analysts/Institutional Investor Meet/Con. Call Updates","29-Jul-2020 21:31:00","2020-07-29 21:31:00","-","-","https://nsearchives.nseindia.com/corporate/SBILIFE_29072020213136_IM29072020.pdf"
"SBILIFE","SBI Life Insurance Company Limited","Analysts/Institutional Investor Meet/Con. Call Updates","SBI Life Insurance Company Limited has informed the Exchange about Analysts/Institutional Investor Meet/Con. Call Updates","28-Jul-2020 18:36:00","2020-07-28 18:36:00","-","-","https://nsearchives.nseindia.com/corporate/SBILIFE_28072020183631_IM28072020.pdf"
"SBILIFE","SBI Life Insurance Company Limited","Analysts/Institutional Investor Meet/Con. Call Updates","SBI Life Insurance Company Limited has informed the Exchange about Analysts/Institutional Investor Meet/Con. Call Updates","27-Jul-2020 15:39:00","2020-07-27 15:39:00","-","-","https://nsearchives.nseindia.com/corporate/SBILIFE_27072020153950_IM27072020.pdf"
"SBILIFE","SBI Life Insurance Company Limited","ESOP/ESOS/ESPS","SBI Life Insurance Company Limited has informed the Exchange regarding Grant of 924690  Options.","21-Jul-2020 20:43:00","2020-07-21 20:43:00","-","-","https://nsearchives.nseindia.com/corporate/SBILIFE_21072020204312_Grant21072020.pdf"
"SBILIFE","SBI Life Insurance Company Limited","Financial Result Updates","SBI Life Insurance Company Limited has submitted to the Exchange, the financial results for the period ended June 30, 2020.","21-Jul-2020 14:10:50","2020-07-21 14:10:50","-","-","https://nsearchives.nseindia.com/corporate/OutcomeJune20_21072020141050.zip"
"SBILIFE","SBI Life Insurance Company Limited","Analysts/Institutional Investor Meet/Con. Call Updates","SBI Life Insurance Company Limited has informed the Exchange about Analysts/Institutional Investor Meet/Con. Call Updates","17-Jul-2020 20:23:00","2020-07-17 20:23:00","-","-","https://nsearchives.nseindia.com/corporate/SBILIFE_17072020202321_EC17072020.pdf"
"SBILIFE","SBI Life Insurance Company Limited","Updates","SBI Life Insurance Company Limited has informed the Exchange regarding 'Certificate under Regulation 74(5) of the SEBI (Depositories and Participants)Regulations, 2018'.","14-Jul-2020 19:35:00","2020-07-14 19:35:00","-","-","https://nsearchives.nseindia.com/corporate/SBILIFE_14072020193534_DRC14072020.pdf"
"SBILIFE","SBI Life Insurance Company Limited","Trading Window","SBI Life Insurance Company Limited has informed the Exchange regarding the Trading Window closure pursuant to SEBI (Prohibition of Insider Trading) Regulations, 2015","29-Jun-2020 17:05:00","2020-06-29 17:05:00","-","-","https://nsearchives.nseindia.com/corporate/SBILIFE_29062020170503_CTW29062020.pdf"
"SBILIFE","SBI Life Insurance Company Limited","Analysts/Institutional Investor Meet/Con. Call Updates","SBI Life Insurance Company Limited has informed the Exchange about Analysts/Institutional Investor Meet/Con. Call Updates","26-Jun-2020 21:00:00","2020-06-26 21:00:00","-","-","https://nsearchives.nseindia.com/corporate/SBILIFE_26062020210004_IM26062020.pdf"
"SBILIFE","SBI Life Insurance Company Limited","Analysts/Institutional Investor Meet/Con. Call Updates","SBI Life Insurance Company Limited has informed the Exchange about Analysts/Institutional Investor Meet/Con. Call Updates","24-Jun-2020 20:44:00","2020-06-24 20:44:00","-","-","https://nsearchives.nseindia.com/corporate/SBILIFE_24062020204446_IM24062020.pdf"
"SBILIFE","SBI Life Insurance Company Limited","Analysts/Institutional Investor Meet/Con. Call Updates","SBI Life Insurance Company Limited has informed the Exchange about Analysts/Institutional Investor Meet/Con. Call Updates","23-Jun-2020 18:26:00","2020-06-23 18:26:00","-","-","https://nsearchives.nseindia.com/corporate/SBILIFE_23062020182647_IM23062020.pdf"
"SBILIFE","SBI Life Insurance Company Limited","Allotment of Securities","SBI Life Insurance Company Limited has informed the Exchange regarding allotment of 10168 securities pursuant to ESOP/ESPS at its meeting held on Jun 19, 2020","19-Jun-2020 20:29:00","2020-06-19 20:29:00","-","-","https://nsearchives.nseindia.com/corporate/SBILIFE_19062020202929_SE19062020.pdf"
"SBILIFE","SBI Life Insurance Company Limited","Offer for sale","State Bank of India has informed the Exchange about an announcement with respect to offer for sale through Stock Exchange Mechanism for sale upto 210,00,000 Equity shares of face value of INR 10/- each of SBI Life Insurance Company Limited. Date and time of the opening of the offer for Non-Retail Investors: June 12, 2020 at 9:15 a.m.; Date and time of the closing of the offer for Non-Retail Investors: June 12, 2020 at 3:30 p.m.; Date and time of the opening of the offer for Retail Investors: June 15, 2020 at 9:15 a.m.; Date and time of the closing of the offer for Retail Investors: June 15, 2020 at 3:30 p.m. The Sale shall continue to take place on a separate window of the Stock Exchanges commencing at 9:15 a.m. and shall close at 3:30 p.m. (Indian Standard Time) on the same date. The Floor Price for the Offer shall be INR 725 /- (Rupees Seven Twenty Five Only).","11-Jun-2020 17:47:00","2020-06-11 17:47:00","-","-","https://nsearchives.nseindia.com/corporate/SBILIFE_11062020175755_OFS.pdf"
"SBILIFE","SBI Life Insurance Company Limited","Analysts/Institutional Investor Meet/Con. Call Updates","SBI Life Insurance Company Limited has informed the Exchange regarding Analysts/Institutional Investor Meet/Con. Call Updates","01-Jun-2020 20:20:00","2020-06-01 20:20:00","-","-","https://nsearchives.nseindia.com/corporate/SBILIFE_01062020202029_IM01062020.pdf"
"SBILIFE","SBI Life Insurance Company Limited","Analysts/Institutional Investor Meet/Con. Call Updates","SBI Life Insurance Company Limited has informed the Exchange regarding Analysts/Institutional Investor Meet/Con. Call Updates","22-May-2020 20:26:00","2020-05-22 20:26:00","-","-","https://nsearchives.nseindia.com/corporate/SBILIFE_22052020202603_IM22052020.pdf"
"SBILIFE","SBI Life Insurance Company Limited","Updates","SBI Life Insurance Company Limited has informed the Exchange regarding 'Announcement under Reg 30 - Updates - Change of Key Management Person'.","20-May-2020 13:59:00","2020-05-20 13:59:00","-","-","https://nsearchives.nseindia.com/corporate/SBILIFE_20052020135928_KMP20052020.pdf"
"SBILIFE","SBI Life Insurance Company Limited","Allotment of ESOP/ESPS","SBI Life Insurance Company Limited has informed the Exchange regarding allotment of  3500 Equity Shares under ESOP","19-May-2020 22:32:00","2020-05-19 22:32:00","-","-","https://nsearchives.nseindia.com/corporate/SBILIFE_19052020223236_AL19052020.pdf"
"SBILIFE","SBI Life Insurance Company Limited","Analysts/Institutional Investor Meet/Con. Call Updates","SBI Life Insurance Company Limited has informed the Exchange regarding Analysts/Institutional Investor Meet/Con. Call Updates","19-May-2020 22:28:00","2020-05-19 22:28:00","-","-","https://nsearchives.nseindia.com/corporate/SBILIFE_19052020222840_IM19052020.pdf"
"SBILIFE","SBI Life Insurance Company Limited","Related Party Transactions","SBI Life Insurance Company Limited has informed the Exchange that Disclosure of Related Party Transactions pursuant to Regulation 23(9) of SEBI (Listing Obligations & Disclosure Requirements) 2015 as on March 31, 2020","15-May-2020 13:06:00","2020-05-15 13:06:00","-","-","https://nsearchives.nseindia.com/corporate/SBILIFE_15052020130658_RPT31032020.pdf"
"SBILIFE","SBI Life Insurance Company Limited","Outcome of Board Meeting","SBI Life Insurance Company Limited has informed the Exchange regarding  Board meeting held on May 06, 2020.","08-May-2020 22:19:00","2020-05-08 22:19:00","-","-","https://nsearchives.nseindia.com/corporate/SBILIFE_08052020221927_SE08052020.pdf"
"SBILIFE","SBI Life Insurance Company Limited","Outcome of Board Meeting","SBI Life Insurance Company Limited has informed the Exchange regarding  Board meeting held on May 05, 2020.","05-May-2020 15:45:00","2020-05-05 15:45:00","-","-","https://nsearchives.nseindia.com/corporate/SBILIFE_05052020154545_Outcome.pdf"
"SBILIFE","SBI Life Insurance Company Limited","Investor Presentation","SBI Life Insurance Company Limited has informed the Exchange regarding Investor Presentation","05-May-2020 15:34:00","2020-05-05 15:34:00","-","-","https://nsearchives.nseindia.com/corporate/SBILIFE_05052020153447_INPPT05052020.pdf"
"SBILIFE","SBI Life Insurance Company Limited","Financial Result Updates","SBI Life Insurance Company Limited has submitted to the Exchange, the financial results for the period ended March 31, 2020.","05-May-2020 15:00:29","2020-05-05 15:00:29","-","-","https://nsearchives.nseindia.com/corporate/Outcome_05052020150029.zip"
"SBILIFE","SBI Life Insurance Company Limited","Analysts/Institutional Investor Meet/Con. Call Updates","SBI Life Insurance Company Limited has informed the Exchange regarding Analysts/Institutional Investor Meet/Con. Call Updates","03-May-2020 23:37:00","2020-05-03 23:37:00","-","-","https://nsearchives.nseindia.com/corporate/SBILIFE_03052020233759_EC03052020.pdf"
"SBILIFE","SBI Life Insurance Company Limited","Disclosure under SEBI Takeover Regulations","State Bank of India has informed the Exchange regarding Disclosure under Regulation 31(4) of SEBI (Substantial Acquisition of Shares and Takeover) Regulations 2011.","27-Apr-2020 12:49:00","2020-04-27 12:49:00","-","-","https://nsearchives.nseindia.com/corporate/SBILIFE_27042020124946_SBILifeInsuranceCoLtd.pdf"
"SBILIFE","SBI Life Insurance Company Limited","Disclosure under SEBI Takeover Regulations","State Bank of India has informed the Exchange regarding Disclosure under Regulation 30(2) of the SEBI (Substantial Acquisition of Shares and Takeovers) Regulations, 2011.","23-Apr-2020 11:50:00","2020-04-23 11:50:00","-","-","https://nsearchives.nseindia.com/corporate/SBILIFE_23042020115027_sbilife.pdf"
"SBILIFE","SBI Life Insurance Company Limited","Disclosure under SEBI Takeover Regulations","BNP Paribas Cardif S.A., promoter  of SBI Life Insurance Company Limited has informed the Exchange regarding the disclosure pursuant to the provisions of Regulation 30 and 31(4) of the SEBI (Substantial Acquisition of Shares and Takeovers) Regulations, 2011 as at 31st March, 2020","23-Apr-2020 08:17:00","2020-04-23 08:17:00","-","-","https://nsearchives.nseindia.com/corporate/SBILIFE_23042020081740_SBILIFE_30_31_4__22042020225601.zip"
"SBILIFE","SBI Life Insurance Company Limited","Appointment","SBI Life Insurance Company Limited has informed the Exchange regarding Appointment of Mr Mahesh Kumar Sharma as Deputy Chief Executive Officer of the company w.e.f. April 08, 2020.","08-Apr-2020 19:54:00","2020-04-08 19:54:00","-","-","https://nsearchives.nseindia.com/corporate/SBILIFE_08042020195423_SE08042020.pdf"
"SBILIFE","SBI Life Insurance Company Limited","Resignation","SBI Life Insurance Company Limited has informed the Exchange regarding Resignation of Mr P K Gupta as Non- Executive Director of the company w.e.f. March 31, 2020.","31-Mar-2020 20:23:00","2020-03-31 20:23:00","-","-","https://nsearchives.nseindia.com/corporate/SBILIFE_31032020202343_SE31032020.pdf"
"SBILIFE","SBI Life Insurance Company Limited","Trading Window","SBI Life Insurance Company Limited has informed the Exchange regarding the Trading Window closure pursuant to SEBI (Prohibition of Insider Trading) Regulations, 2015","31-Mar-2020 19:30:00","2020-03-31 19:30:00","-","-","https://nsearchives.nseindia.com/corporate/SBILIFE_31032020193059_CTW31032020.pdf"
"SBILIFE","SBI Life Insurance Company Limited","Analysts/Institutional Investor Meet/Con. Call Updates","SBI Life Insurance Company Limited has informed the Exchange regarding Analysts/Institutional Investor Meet/Con. Call Updates","31-Mar-2020 19:23:00","2020-03-31 19:23:00","-","-","https://nsearchives.nseindia.com/corporate/SBILIFE_31032020192331_IM31032020.pdf"
"SBILIFE","SBI Life Insurance Company Limited","Resignation","SBI Life Insurance Company Limited has informed the Exchange regarding Resignation of Mr Gregory Zeluck as Non- Executive Director of the company w.e.f. March 20, 2020.","20-Mar-2020 21:01:00","2020-03-20 21:01:00","-","-","https://nsearchives.nseindia.com/corporate/SBILIFE_20032020210156_SE20032020.pdf"
"SBILIFE","SBI Life Insurance Company Limited","Allotment of ESOP/ESPS","SBI Life Insurance Company Limited has informed the Exchange regarding allotment of  4800 Equity Shares under ESOP","18-Mar-2020 19:46:00","2020-03-18 19:46:00","-","-","https://nsearchives.nseindia.com/corporate/SBILIFE_18032020194631_SEIESOP18032020.pdf"
"SBILIFE","SBI Life Insurance Company Limited","Analysts/Institutional Investor Meet/Con. Call Updates","SBI Life Insurance Company Limited has informed the Exchange regarding Analysts/Institutional Investor Meet/Con. Call Updates","11-Mar-2020 16:59:00","2020-03-11 16:59:00","-","-","https://nsearchives.nseindia.com/corporate/SBILIFE_11032020165954_IM11032020.pdf"
"SBILIFE","SBI Life Insurance Company Limited","Reappointment","SBI Life Insurance Company Limited has informed the Exchange regarding Reappointment of Director of the company.","04-Mar-2020 20:21:00","2020-03-04 20:21:00","-","-","https://nsearchives.nseindia.com/corporate/SBILIFE_04032020202149_SE04032020.pdf"
"SBILIFE","SBI Life Insurance Company Limited","Allotment of ESOP/ESPS","SBI Life Insurance Company Limited has informed the Exchange regarding allotment of  17554 Equity Shares under ESOP","19-Feb-2020 18:10:00","2020-02-19 18:10:00","-","-","https://nsearchives.nseindia.com/corporate/SBILIFE_19022020181040_SEIESOP19022020.pdf"
"SBILIFE","SBI Life Insurance Company Limited","Analysts/Institutional Investor Meet/Con. Call Updates","SBI Life Insurance Company Limited has informed the Exchange regarding Analysts/Institutional Investor Meet/Con. Call Updates","13-Feb-2020 19:22:00","2020-02-13 19:22:00","-","-","https://nsearchives.nseindia.com/corporate/SBILIFE_13022020192215_IM13022020.pdf"
"SBILIFE","SBI Life Insurance Company Limited","Analysts/Institutional Investor Meet/Con. Call Updates","SBI Life Insurance Company Limited has informed the Exchange regarding Analysts/Institutional Investor Meet/Con. Call Updates","07-Feb-2020 19:35:00","2020-02-07 19:35:00","-","-","https://nsearchives.nseindia.com/corporate/SBILIFE_07022020193528_IM07022020.pdf"
"SBILIFE","SBI Life Insurance Company Limited","Analysts/Institutional Investor Meet/Con. Call Updates","SBI Life Insurance Company Limited has informed the Exchange regarding Analysts/Institutional Investor Meet/Con. Call Updates","05-Feb-2020 16:04:00","2020-02-05 16:04:00","-","-","https://nsearchives.nseindia.com/corporate/SBILIFE_05022020160403_IM05022020.pdf"
"SBILIFE","SBI Life Insurance Company Limited","Updates","SBI Life Insurance Company Limited has informed the Exchange regarding 'Disclosure under Regulation 30 of Securities and Exchange Board of India (Listing Obligations and Disclosures Requirements) Regulations, 2015, as amended.'.","30-Jan-2020 13:35:00","2020-01-30 13:35:00","-","-","https://nsearchives.nseindia.com/corporate/SBILIFE_30012020133552_REG30INT30012020.pdf"
"SBILIFE","SBI Life Insurance Company Limited","Financial Result Updates","SBI Life Insurance Company Limited has submitted to the Exchange, the financial results for the period ended December 31, 2019.","22-Jan-2020 14:59:11","2020-01-22 14:59:11","-","-","https://nsearchives.nseindia.com/corporate/SBILFINANCIALNINEMONTHSENDEDDECEMBER2019UPLOAD_22012020145911.zip"
"SBILIFE","SBI Life Insurance Company Limited","Analysts/Institutional Investor Meet/Con. Call Updates","SBI Life Insurance Company Limited has informed the Exchange regarding Analysts/Institutional Investor Meet/Con. Call Updates","20-Jan-2020 21:01:00","2020-01-20 21:01:00","-","-","https://nsearchives.nseindia.com/corporate/VINLIFE_20012020210051_EC20012020_262.pdf"
"SBILIFE","SBI Life Insurance Company Limited","Change in Auditors","SBI Life Insurance Company Limited has informed the Exchange regarding Change in Auditors of the company.","14-Jan-2020 20:04:00","2020-01-14 20:04:00","-","-","https://nsearchives.nseindia.com/corporate/VINLIFE_14012020200333_AuditorApp14012019_317.pdf"
"SBILIFE","SBI Life Insurance Company Limited","Trading Window","SBI Life Insurance Company Limited has informed the Exchange regarding the Trading Window closure pursuant to SEBI (Prohibition of Insider Trading) Regulations, 2015","31-Dec-2019 19:07:00","2019-12-31 19:07:00","-","-","https://nsearchives.nseindia.com/corporate/VINLIFE_31122019190720_COTW31122019_159.pdf"
"SBILIFE","SBI Life Insurance Company Limited","Change in Auditors","SBI Life Insurance Company Limited has informed the Exchange regarding Change in Auditors of the company.","31-Dec-2019 13:37:00","2019-12-31 13:37:00","-","-","https://nsearchives.nseindia.com/corporate/listcontract1_31122019131725_SBILIFE01_277.pdf"
"SBILIFE","SBI Life Insurance Company Limited","Updates","SBI Life Insurance Company Limited has informed the Exchange regarding 'Resignation of Statutory Auditor'.","27-Dec-2019 19:48:00","2019-12-27 19:48:00","-","-","https://nsearchives.nseindia.com/corporate/VINLIFE_27122019194752_AR27122019_284.pdf"
"SBILIFE","SBI Life Insurance Company Limited","Updates","SBI Life Insurance Company Limited has informed the Exchange regarding 'Disclosure under Regulation 30 of the Securities and Exchange Board of India (Listing Obligations and Disclosure Requirements) Regulations, 2015'.","24-Dec-2019 18:42:00","2019-12-24 18:42:00","-","-","https://nsearchives.nseindia.com/corporate/VINLIFE_24122019184148_IRDAI24122019_185.pdf"
"SBILIFE","SBI Life Insurance Company Limited","Allotment of ESOP/ESPS","SBI Life Insurance Company Limited has informed the Exchange regarding allotment of  3941 Equity Shares under ESOP","19-Dec-2019 21:01:00","2019-12-19 21:01:00","-","-","https://nsearchives.nseindia.com/corporate/VINLIFE_19122019210105_SEIESOP19122019_192.pdf"
"SBILIFE","SBI Life Insurance Company Limited","Registrar & Share Transfer Agent Update","SBI Life Insurance Company Limited has informed the Exchange regarding the Registrar & Share Transfer Agent Update","11-Dec-2019 19:43:00","2019-12-11 19:43:00","-","-","https://nsearchives.nseindia.com/corporate/VINLIFE_11122019194157_RTA11122019_324.pdf"
"SBILIFE","SBI Life Insurance Company Limited","Analysts/Institutional Investor Meet/Con. Call Updates","SBI Life Insurance Company Limited has informed the Exchange regarding Analysts/Institutional Investor Meet/Con. Call Updates","04-Dec-2019 19:16:00","2019-12-04 19:16:00","-","-","https://nsearchives.nseindia.com/corporate/VINLIFE_04122019191525_IM04122019_294.pdf"
"SBILIFE","SBI Life Insurance Company Limited","Analysts/Institutional Investor Meet/Con. Call Updates","SBI Life Insurance Company Limited has informed the Exchange regarding Analysts/Institutional Investor Meet/Con. Call Updates","22-Nov-2019 16:47:00","2019-11-22 16:47:00","-","-","https://nsearchives.nseindia.com/corporate/VINLIFE_22112019164652_IM22112019_179.pdf"
"SBILIFE","SBI Life Insurance Company Limited","Resignation","SBI Life Insurance Company Limited has informed the Exchange regarding Resignation of Mr Somasekhar Sundaresan as Independent Director of the company w.e.f. November 21, 2019.","21-Nov-2019 19:34:00","2019-11-21 19:34:00","-","-","https://nsearchives.nseindia.com/corporate/VINLIFE_21112019193301_SE21112019_297.pdf"
"SBILIFE","SBI Life Insurance Company Limited","Analysts/Institutional Investor Meet/Con. Call Updates","SBI Life Insurance Company Limited has informed the Exchange regarding Analysts/Institutional Investor Meet/Con. Call Updates","14-Nov-2019 18:33:00","2019-11-14 18:33:00","-","-","https://nsearchives.nseindia.com/corporate/VINLIFE_14112019183218_IM14112019_058.pdf"
"SBILIFE","SBI Life Insurance Company Limited","Related Party Transactions","SBI Life Insurance Company Limited has informed the Exchange regarding Pursuant to Regulation 23(9) of Listing Regulations, please find attached herewith the disclosure of Related Party Transactions, as on March 31, 2019.","30-Oct-2019 10:05:00","2019-10-30 10:05:00","-","-","https://nsearchives.nseindia.com/corporate/listcontract1_3010201910422_RPT30092019_014.pdf"
"SBILIFE","SBI Life Insurance Company Limited","Updates","SBI Life Insurance Company Limited has informed the Exchange regarding 'Disclosure under Regulation 30 '.","25-Oct-2019 20:03:00","2019-10-25 20:03:00","-","-","https://nsearchives.nseindia.com/corporate/VINLIFE_25102019200332_25102019Reg30_406.pdf"
"SBILIFE","SBI Life Insurance Company Limited","Outcome of Board Meeting","SBI Life Insurance Company Limited has informed the Exchange regarding outcome of Board meeting held on October 15, 2019.","15-Oct-2019 20:00:00","2019-10-15 20:00:00","-","-","https://nsearchives.nseindia.com/corporate/listcontract1_15102019195819_SBI_outcome_367.pdf"
"SBILIFE","SBI Life Insurance Company Limited","Financial Result Updates","SBI Life Insurance Company Limited has submitted to the Exchange, the financial results for the period ended September 30, 2019.","15-Oct-2019 19:37:02","2019-10-15 19:37:02","-","-","https://nsearchives.nseindia.com/corporate/SBILFINANCIALHALFYEARENDEDSEPTEMBER2019UPLOAD_15102019193702.zip"
"SBILIFE","SBI Life Insurance Company Limited","Analysts/Institutional Investor Meet/Con. Call Updates","SBI Life Insurance Company Limited has informed the Exchange regarding Analysts/Institutional Investor Meet/Con. Call Updates","14-Oct-2019 16:08:00","2019-10-14 16:08:00","-","-","https://nsearchives.nseindia.com/corporate/VINLIFE_14102019160825_Earningscall_185.pdf"
"SBILIFE","SBI Life Insurance Company Limited","Updates","SBI Life Insurance Company Limited has informed the Exchange regarding 'Correspondence from Securities and Exchange Board of India (��SEBI��)'.","24-Sep-2019 20:06:00","2019-09-24 20:06:00","-","-","https://nsearchives.nseindia.com/corporate/VINLIFE_24092019200549_SE24092019_283.pdf"
"SBILIFE","SBI Life Insurance Company Limited","Analysts/Institutional Investor Meet/Con. Call Updates","SBI Life Insurance Company Limited has informed the Exchange regarding Analysts/Institutional Investor Meet/Con. Call Updates","20-Sep-2019 12:40:00","2019-09-20 12:40:00","-","-","https://nsearchives.nseindia.com/corporate/VINLIFE_20092019123935_IM20092019_046.pdf"
"SBILIFE","SBI Life Insurance Company Limited","Analysts/Institutional Investor Meet/Con. Call Updates","SBI Life Insurance Company Limited has informed the Exchange regarding Analysts/Institutional Investor Meet/Con. Call Updates","17-Sep-2019 14:25:00","2019-09-17 14:25:00","-","-","https://nsearchives.nseindia.com/corporate/VINLIFE_17092019142438_IM17092019_087.pdf"
"SBILIFE","SBI Life Insurance Company Limited","Open Offer","State bank Of India has informed the Exchange regarding Offer for sale of equity shares of SBI Life Insurance Company Limited (the ""Company"", and each equity share of the Company bearing face value of Rs. 10 each ( ""Equity Shares"") by one of its promoters, state bank of India ( the ""Seller"") by way of the stock exchange Mechanism (""Offer"") as intimated by way of the applicable notice issued in relation thereto on September 11, 2019 (Notice)","12-Sep-2019 17:16:00","2019-09-12 17:16:00","-","-","https://nsearchives.nseindia.com/corporate/listcontract3_12092019171209_SBI_Open1_088.pdf"
"SBILIFE","SBI Life Insurance Company Limited","Offer For Sale-Stock Exchange Mechanism","State bank of India has submitted to the Exchange, an announcement with respect to offer for sale through Stock Exchange Mechanism for sale upto 3,50,00,000 Equity shares of face value of Rs. 10/- each of SBI Life Insurance Company Limited. Date and time of the opening of the offer for Non-Retail Investors: September 12, 2019 at 9:15 a.m Date and time of the closing of the offer for Non-Retail Investors: September 12, 2019 at 3:30 p.m. Date and time of the opening of the offer for Retail Investors: September 13, 2019 at 9:15 a.m Date and time of the closing of the offer for Retail Investors: September 13, 2019 at 3:30 p.m. The Sale shall continue to take place on a separate window of the Stock Exchanges on T+1 day, commencing at 9:15 a.m. and shall close at 3:30 p.m. (Indian Standard Time) on the same date. The Floor Price for the Offer shall be Rs. 770 /(Rupees Seven Hundred and Seventy only)- per equity share.","11-Sep-2019 16:57:00","2019-09-11 16:57:00","-","-","https://nsearchives.nseindia.com/corporate/listcontract3_11092019165211_SBI_OFS_199.pdf"
"SBILIFE","SBI Life Insurance Company Limited","Change in Auditors","SBI Life Insurance Company Limited has informed the Exchange regarding Change in Auditors of the company.","28-Aug-2019 20:27:00","2019-08-28 20:27:00","-","-","https://nsearchives.nseindia.com/corporate/VINLIFE_28082019202616_JSA28082019_477.pdf"
"SBILIFE","SBI Life Insurance Company Limited","Shareholders meeting","SBI Life Insurance Company Limited has informed the Exchange regarding Proceedings of Annual General Meeting held on August 23, 2019","23-Aug-2019 20:40:00","2019-08-23 20:40:00","-","-","https://nsearchives.nseindia.com/corporate/VINLIFE_23082019203802_PVR23082019_384.pdf"
"SBILIFE","SBI Life Insurance Company Limited","Shareholders meeting","SBI Life Insurance Company Limited has informed the Exchange regarding voting results of  Annual General Meeting held on August 23, 2019","23-Aug-2019 20:40:00","2019-08-23 20:40:00","-","-","https://nsearchives.nseindia.com/corporate/VINLIFE_23082019204027_VotingResults_386.pdf"
"SBILIFE","SBI Life Insurance Company Limited","Shareholders meeting","SBI Life Insurance Company Limited has submitted the Exchange a copy Srutinizers report of  Annual General Meeting held on August 23, 2019","23-Aug-2019 20:40:00","2019-08-23 20:40:00","-","-","https://nsearchives.nseindia.com/corporate/VINLIFE_23082019203906_SR23082019_385.pdf"
"SBILIFE","SBI Life Insurance Company Limited","Analysts/Institutional Investor Meet/Con. Call Updates","SBI Life Insurance Company Limited has informed the Exchange regarding Analysts/Institutional Investor Meet/Con. Call Updates","22-Aug-2019 22:05:00","2019-08-22 22:05:00","-","-","https://nsearchives.nseindia.com/corporate/VINLIFE_22082019220503_IM22082019_006.pdf"
"SBILIFE","SBI Life Insurance Company Limited","Analysts/Institutional Investor Meet/Con. Call Updates","SBI Life Insurance Company Limited has informed the Exchange regarding Analysts/Institutional Investor Meet/Con. Call Updates","09-Aug-2019 19:23:00","2019-08-09 19:23:00","-","-","https://nsearchives.nseindia.com/corporate/VINLIFE_09082019192158_IM090820192ND_547.pdf"
"SBILIFE","SBI Life Insurance Company Limited","Analysts/Institutional Investor Meet/Con. Call Updates","SBI Life Insurance Company Limited has informed the Exchange regarding Analysts/Institutional Investor Meet/Con. Call Updates","09-Aug-2019 14:50:00","2019-08-09 14:50:00","-","-","https://nsearchives.nseindia.com/corporate/VINLIFE_09082019144941_IM09082019_193.pdf"
"SBILIFE","SBI Life Insurance Company Limited","Analysts/Institutional Investor Meet/Con. Call Updates","SBI Life Insurance Company Limited has informed the Exchange regarding Analysts/Institutional Investor Meet/Con. Call Updates","08-Aug-2019 18:23:00","2019-08-08 18:23:00","-","-","https://nsearchives.nseindia.com/corporate/VINLIFE_08082019182234_IM08082019_460.pdf"
"SBILIFE","SBI Life Insurance Company Limited","Analysts/Institutional Investor Meet/Con. Call Updates","SBI Life Insurance Company Limited has informed the Exchange regarding Analysts/Institutional Investor Meet/Con. Call Updates","06-Aug-2019 15:12:00","2019-08-06 15:12:00","-","-","https://nsearchives.nseindia.com/corporate/VINLIFE_06082019151233_IM06082019_207.pdf"
"SBILIFE","SBI Life Insurance Company Limited","Shareholders meeting","SBI Life Insurance Company Limited has informed the Exchange regarding Notice of Annual General Meeting to be held on August 23, 2019","02-Aug-2019 10:35:00","2019-08-02 10:35:00","-","-","https://nsearchives.nseindia.com/corporate/listcontract3_02082019102152_SE01082019_031.pdf"
"SBILIFE","SBI Life Insurance Company Limited","Updates","SBI Life Insurance Company Limited has informed the Exchange regarding 'Notice of 19th Annual General Meeting & Annual Report for the FY ended 2018-19'.","01-Aug-2019 20:19:00","2019-08-01 20:19:00","-","-","https://nsearchives.nseindia.com/corporate/VINLIFE_01082019201830_SE01082019_545.pdf"
"SBILIFE","SBI Life Insurance Company Limited","Reply to Clarification Sought","SBILIFE:The Exchange had sought clarification from SBI Life Insurance Company Limited with respect to announcement dated 27-Jun-2019, regarding Cessation of Mr Pierre de Portier de Villeneuve as Non- Executive Director of the company w.e.f. Jun 27, 2019."". The Company has clarified that since the resignation pertains to the nominee director, we confirm that there is no material reasons associated with the same.","25-Jul-2019 14:18:00","2019-07-25 14:18:00","-","-","-"
"SBILIFE","SBI Life Insurance Company Limited","ESOP/ESOS/ESPS","SBI Life Insurance Company Limited has informed the Exchange regarding Grant of 959350  Options.","23-Jul-2019 21:46:00","2019-07-23 21:46:00","-","-","https://nsearchives.nseindia.com/corporate/SBILIFE_23072019214539_SEESOPGRANT23072019_419.pdf"
"SBILIFE","SBI Life Insurance Company Limited","Outcome of Board Meeting","SBI Life Insurance Company Limited has informed the Exchange regarding  Board meeting held on July 23, 2019.","23-Jul-2019 19:36:00","2019-07-23 19:36:00","-","-","https://nsearchives.nseindia.com/corporate/listcontract3_23072019193428_SBILIFE_outcome_402.pdf"
"SBILIFE","SBI Life Insurance Company Limited","Outcome of Board Meeting","SBI Life Insurance Company Limited has informed the Exchange regarding  Board meeting held on July 23, 2019.We wish to inform you that the meeting of the Board of Directors of SBI Life Insurance Company Limited commenced at 04.30 p.m. and concluded at 06.15 p.m. on July 23, 2019 which inter-alia approved the Unaudited Condensed Financial Results for the quarter ended June 30, 2019. A) Financial ResultsPursuant to Regulation 33 of Securities and Exchange Board of India (Listing Obligation and Disclosure Requirements) Regulations, 2015 (��Listing Regulations��) and other applicable requirements, a copy of the Unaudited Condensed Financial Results for the quarter and half year ended June 30, 2019 together with the Limited Review Report in the prescribed format is enclosed. A copy of the press release being issued in this connection is also attached. B) Re-appointment of Independent DirectorsPursuant to Regulation 30 of Listing Regulations and other applicable requirements and as recommended by Nomination and Remuneration Committee, the Board of Directors has recommended to the shareholders the re-appointment of Ms. Joji Sekhon Gill (DIN 05310881) as an independent director of the Company, to the shareholders for a second term commencing with effect from September 07, 2019. Pursuant to Regulation 30 of Listing Regulations and other applicable requirements and as recommended by Nomination and Remuneration Committee, the Board of Directors has recommended to the shareholders the continuation of term of Mr. Raj Narain Bhardwaj (DIN: 01571764) as an independent director of the Company upon attaining the age of seventy five years on May 8, 2020. Please note that brief profiles of Ms. Joji Sekhon Gill (DIN 05310881) and Mr. Raj Narain Bhardwaj (DIN: 01571764) are included herewith as Annexure A and they are both not related to any Director of the Company. C) Annual General MeetingAdditionally, please note that the Board of Directors has decided to convene and hold the 19th Annual General Meeting of the Company on Friday, August 23, 2019 at 10:30 A.M. at SBI Auditorium, State Bank Bhavan, Madame Cama Road, Nariman Point, Mumbai �� 400 021.D) Intimation of change in Company SecretaryPlease also note that, pursuant to Regulation 30 of the SEBI (Listing Obligations and Disclosure Requirements) Regulations, 2015 (��Listing Regulations""), the Board of Directors has accepted the resignation of Mr. Nimesh Maniyar, Company Secretary and Compliance Officer with effect from 23rd July, 2019 and accordingly, the Board of Directors has approved the appointment of Mr. Vinod Koyande, as the Company Secretary and Compliance Officer of the Company with immediate effect. Additional details as required pursuant to Regulation 30 of the Securities and Exchange Board of India (Listing Obligations and Disclosure Requirements) Regulations, 2015, as amended (��Listing Regulations��), is included herewith as Annexure B.","23-Jul-2019 18:27:00","2019-07-23 18:27:00","-","-","https://nsearchives.nseindia.com/corporate/SBILIFE_23072019182654_SBILFINANCIALQUARTERENDEDJUNE2019UPLOAD_365.pdf"
"SBILIFE","SBI Life Insurance Company Limited","Financial Result Updates","SBI Life Insurance Company Limited has submitted to the Exchange, the financial results for the period ended June 30, 2019.","23-Jul-2019 18:20:56","2019-07-23 18:20:56","-","-","https://nsearchives.nseindia.com/corporate/SBILFINANCIALQUARTERENDEDJUNE2019UPLOAD_23072019182056.zip"
"SBILIFE","SBI Life Insurance Company Limited","Analysts/Institutional Investor Meet/Con. Call Updates","SBI Life Insurance Company Limited has informed the Exchange regarding Analysts/Institutional Investor Meet/Con. Call Updates","22-Jul-2019 10:31:00","2019-07-22 10:31:00","-","-","https://nsearchives.nseindia.com/corporate/SBILIFE_22072019103143_EarningCall_052.pdf"
"SBILIFE","SBI Life Insurance Company Limited","Clarification","SBILIFE: The Exchange has sought clarification from SBI Life Insurance Company Limited with respect to announcement dated 27-Jun-2019, regarding Cessation of Mr Pierre de Portier de Villeneuve as Non- Executive Director of the company w.e.f. Jun 27, 2019. On basis of above the Company is required to clarify following: 1. Detailed Reasons for Resignation. The response of the Company is awaited.","18-Jul-2019 16:52:00","2019-07-18 16:52:00","-","-","-"
"SBILIFE","SBI Life Insurance Company Limited","Cessation","SBI Life Insurance Company Limited has informed the Exchange regarding Cessation of Mr Pierre de Portier de Villeneuve as Non- Executive Director of the company w.e.f. Jun 27, 2019.","27-Jun-2019 20:17:00","2019-06-27 20:17:00","-","-","https://nsearchives.nseindia.com/corporate/snehaCS_27062019201731_SECessationofDirector_442.pdf"
"SBILIFE","SBI Life Insurance Company Limited","Offer For Sale-Stock Exchange Mechanism","BNP Paribas Cardif has submitted to the Exchange an announcement with respect to offer for sale through Stock Exchange Mechanism for sale upto 25000000 Equity shares of face value of Rs. 10/- each of SBI Life Insurance Company Limited. Date and time of the opening of the offer for Non-Retail Investors: June 25, 2019 9:15 a.m Date and time of the closing of the offer for Non-Retail Investors: June 25, 2019 at 3:30 p.m. Date and time of the opening of the offer for Retail Investors: June 26, 2019 at 9:15 a.m Date and time of the closing of the offer for Retail Investors: June 26, 2019 at 3:30 p.m. The Sale shall continue to take place on a separate window of the Stock Exchanges on T+1 day, commencing at 9:15 a.m. and shall close at 3:30 p.m. (Indian Standard Time) on the same date. The Floor Price for the Offer shall be Rs. 650 /- per equity share.","24-Jun-2019 17:07:00","2019-06-24 17:07:00","-","-","https://nsearchives.nseindia.com/corporate/listcontract3_24062019170150_SBI_ofs_308.pdf"
"SBILIFE","SBI Life Insurance Company Limited","Analysts/Institutional Investor Meet/Con. Call Updates","SBI Life Insurance Company Limited has informed the Exchange regarding Analysts/Institutional Investor Meet/Con. Call Updates","13-Jun-2019 18:36:00","2019-06-13 18:36:00","-","-","https://nsearchives.nseindia.com/corporate/SBILIFE_13062019183601_IM13062019_303.pdf"
"SBILIFE","SBI Life Insurance Company Limited","Analysts/Institutional Investor Meet/Con. Call Updates","SBI Life Insurance Company Limited has informed the Exchange regarding Analysts/Institutional Investor Meet/Con. Call Updates","04-Jun-2019 18:44:00","2019-06-04 18:44:00","-","-","https://nsearchives.nseindia.com/corporate/SBILIFE_04062019184302_IM04062019_283.pdf"
"SBILIFE","SBI Life Insurance Company Limited","Cessation","SBI Life Insurance Company Limited has informed the Exchange regarding Cessation of Mr Julien Hautiere Rey as Deputy CEO of the company w.e.f. May 31, 2019.","31-May-2019 18:29:00","2019-05-31 18:29:00","-","-","https://nsearchives.nseindia.com/corporate/SBILIFE_31052019182835_StockExchangeIntimation_458.pdf"
"SBILIFE","SBI Life Insurance Company Limited","Analysts/Institutional Investor Meet/Con. Call Updates","SBI Life Insurance Company Limited has informed the Exchange regarding Analysts/Institutional Investor Meet/Con. Call Updates","29-May-2019 18:59:00","2019-05-29 18:59:00","-","-","https://nsearchives.nseindia.com/corporate/SBILIFE_29052019185915_IM29052019_001.pdf"
"SBILIFE","SBI Life Insurance Company Limited","Analysts/Institutional Investor Meet/Con. Call Updates","SBI Life Insurance Company Limited has informed the Exchange regarding Analysts/Institutional Investor Meet/Con. Call Updates","27-May-2019 20:22:00","2019-05-27 20:22:00","-","-","https://nsearchives.nseindia.com/corporate/listcontract1_27052019190109_SBI_036.pdf"
"SBILIFE","SBI Life Insurance Company Limited","Analysts/Institutional Investor Meet/Con. Call Updates","SBI Life Insurance Company Limited has informed the Exchange regarding Analysts/Institutional Investor Meet/Con. Call Updates","27-May-2019 18:55:00","2019-05-27 18:55:00","-","-","https://nsearchives.nseindia.com/corporate/SBILIFE_27052019185536_IM27052019_510.pdf"
"SBILIFE","SBI Life Insurance Company Limited","Related Party Transactions","SBI Life Insurance Company Limited has submitted to the Exchange a Copy of Disclosure of Related Party Transactions, as on March 31, 2019.","24-May-2019 10:56:00","2019-05-24 10:56:00","-","-","https://nsearchives.nseindia.com/corporate/listcontract1_2452019102614_RPTDisclosure_025.pdf"
"SBILIFE","SBI Life Insurance Company Limited","Analysts/Institutional Investor Meet/Con. Call Updates","SBI Life Insurance Company Limited has informed the Exchange regarding Analysts/Institutional Investor Meet/Con. Call Updates","21-May-2019 19:44:00","2019-05-21 19:44:00","-","-","https://nsearchives.nseindia.com/corporate/SBILIFE_21052019194254_IM21052019_616.pdf"
"SBILIFE","SBI Life Insurance Company Limited","Analysts/Institutional Investor Meet/Con. Call Updates","SBI Life Insurance Company Limited has informed the Exchange regarding Analysts/Institutional Investor Meet/Con. Call Updates","30-Apr-2019 19:26:00","2019-04-30 19:26:00","-","-","https://nsearchives.nseindia.com/corporate/SBILIFE_30042019192558_IM30042019_579.pdf"
"SBILIFE","SBI Life Insurance Company Limited","Financial Result Updates","SBI Life Insurance Company Limited has submitted to the Exchange, the financial results for the period ended March 31, 2019.","25-Apr-2019 20:24:51","2019-04-25 20:24:51","-","-","https://nsearchives.nseindia.com/corporate/SBILFINANCIALYEARENDED2019UPLOAD_25042019202451.zip"
"SBILIFE","SBI Life Insurance Company Limited","Analysts/Institutional Investor Meet/Con. Call Updates","SBI Life Insurance Company Limited has informed the Exchange regarding Analysts/Institutional Investor Meet/Con. Call Updates","25-Apr-2019 14:01:00","2019-04-25 14:01:00","-","-","https://nsearchives.nseindia.com/corporate/snehaCS_25042019140037_ReviseInvestorCall_491.pdf"
"SBILIFE","SBI Life Insurance Company Limited","Analysts/Institutional Investor Meet/Con. Call Updates","SBI Life Insurance Company Limited has informed the Exchange regarding Analysts/Institutional Investor Meet/Con. Call Updates","22-Apr-2019 15:40:00","2019-04-22 15:40:00","-","-","https://nsearchives.nseindia.com/corporate/snehaCS_22042019153930_EarningCall22042019_307.pdf"
"SBILIFE","SBI Life Insurance Company Limited","Disc. under Reg.30 of SEBI (SAST) Reg.2011","The Promoter along with PAC has submitted to the Exchange a copy of Annual Disclosure under Regulation 30(1) and 30(2) of SEBI (Substantial Acquisition of Shares and Takeovers), Regulations, 2011 as on March 31, 2019.","16-Apr-2019 09:20:00","2019-04-16 09:20:00","-","-","https://nsearchives.nseindia.com/corporate/listcontract1_16042019085747_sbilife01_Redacted_039.zip"
"SBILIFE","SBI Life Insurance Company Limited","Trading Window","SBI Life Insurance Company Limited has informed the Exchange regarding the Trading Window closure pursuant to SEBI (Prohibition of Insider Trading) Regulations, 2015","30-Mar-2019 19:13:00","2019-03-30 19:13:00","-","-","https://nsearchives.nseindia.com/corporate/SBILIFE_30032019191239_ClosureoftradingwindowMarch20191_396.pdf"
"SBILIFE","SBI Life Insurance Company Limited","Updates","SBI Life Insurance Company Limited has informed the Exchange regarding 'Receipt of Disclosure under Regulation 7(2) of Securities and Exchange Board of India (Prohibition of Insider Trading) Regulations, 2015.'.","29-Mar-2019 16:43:00","2019-03-29 16:43:00","-","-","https://nsearchives.nseindia.com/corporate/SBILIFE_29032019164128_PIT29032019_235.pdf"
"SBILIFE","SBI Life Insurance Company Limited","Updates","SBI Life Insurance Company Limited has informed the Exchange regarding 'Intimation under Regulation 8(2) of the SEBI (Prohibition of Insider Trading) Regulations, 2015'.","26-Mar-2019 20:07:00","2019-03-26 20:07:00","-","-","https://nsearchives.nseindia.com/corporate/SBILIFE_26032019200630_SE26032019_326.pdf"
"SBILIFE","SBI Life Insurance Company Limited","Dividend","SBI Life Insurance Company Limited has informed the Exchange that Board of Directors at its meeting held on March 26, 2019, declared Interim Dividend of 2 per equity share.","26-Mar-2019 13:10:00","2019-03-26 13:10:00","-","-","https://nsearchives.nseindia.com/corporate/SBILIFE_26032019130350_OutcomeofBoardMeeting_095.pdf"
"SBILIFE","SBI Life Insurance Company Limited","Record Date","SBI Life Insurance Company Limited has informed the Exchange that the Company has fixed Record Date as April 4, 2019 for the purpose of Interim dividend","19-Mar-2019 18:15:00","2019-03-19 18:15:00","-","-","https://nsearchives.nseindia.com/corporate/listcontract3_19032019180515_SBI_RD_165.pdf"
"SBILIFE","SBI Life Insurance Company Limited","Resignation","SBI Life Insurance Company Limited has informed the Exchange regarding Resignation of Mr Gerard Binet as Non- Executive Director of the company w.e.f. March 09, 2019.","11-Mar-2019 21:34:00","2019-03-11 21:34:00","-","-","https://nsearchives.nseindia.com/corporate/SBILIFE_11032019213027_Sbiliferesignation_279.pdf"
"SBILIFE","SBI Life Insurance Company Limited","Analysts/Institutional Investor Meet/Con. Call Updates","SBI Life Insurance Company Limited has informed the Exchange regarding Analysts/Institutional Investor Meet/Con. Call Updates","07-Mar-2019 19:42:00","2019-03-07 19:42:00","-","-","https://nsearchives.nseindia.com/corporate/SBILIFE_07032019194138_IM07032019_192.pdf"
"SBILIFE","SBI Life Insurance Company Limited","Updates","SBI Life Insurance Company Limited has informed the Exchange regarding 'Disclosure under the Securities and Exchange Board of India (Listing Obligations and Disclosure Requirements) Regulations, 2015, as amended.'.","01-Mar-2019 13:12:00","2019-03-01 13:12:00","-","-","https://nsearchives.nseindia.com/corporate/SBILIFE_01032019131151_01032019_073.pdf"
"SBILIFE","SBI Life Insurance Company Limited","Analysts/Institutional Investor Meet/Con. Call Updates","SBI Life Insurance Company Limited has informed the Exchange regarding Analysts/Institutional Investor Meet/Con. Call Updates","18-Feb-2019 18:59:00","2019-02-18 18:59:00","-","-","https://nsearchives.nseindia.com/corporate/SBILIFE_18022019185850_IM18022019_274.pdf"
"SBILIFE","SBI Life Insurance Company Limited","Analysts/Institutional Investor Meet/Con. Call Updates","SBI Life Insurance Company Limited has informed the Exchange regarding Analysts/Institutional Investor Meet/Con. Call Updates","13-Feb-2019 20:27:00","2019-02-13 20:27:00","-","-","https://nsearchives.nseindia.com/corporate/snehaCS_13022019202642_IMI_12022019_600.pdf"
"SBILIFE","SBI Life Insurance Company Limited","Analysts/Institutional Investor Meet/Con. Call Updates","SBI Life Insurance Company Limited has informed the Exchange regarding Analysts/Institutional Investor Meet/Con. Call Updates","07-Feb-2019 20:43:00","2019-02-07 20:43:00","-","-","https://nsearchives.nseindia.com/corporate/snehaCS_07022019204322_07022019_496.pdf"
"SBILIFE","SBI Life Insurance Company Limited","Analysts/Institutional Investor Meet/Con. Call Updates","SBI Life Insurance Company Limited has informed the Exchange regarding Analysts/Institutional Investor Meet/Con. Call Updates","30-Jan-2019 19:08:00","2019-01-30 19:08:00","-","-","https://nsearchives.nseindia.com/corporate/SBILIFE_30012019190723_InvestorMeet29012019_414.pdf"
"SBILIFE","SBI Life Insurance Company Limited","Outcome of Board Meeting","SBI Life Insurance Company Limited has informed the Exchange regarding Outcome of Board Meeting held on January 18, 2019.","21-Jan-2019 08:39:00","2019-01-21 08:39:00","-","-","https://nsearchives.nseindia.com/corporate/listcontract3_18012019202000_SBILIFE_outcome_014.pdf"
"SBILIFE","SBI Life Insurance Company Limited","Financial Result Updates","SBI Life Insurance Company Limited has submitted to the Exchange, the financial results for the period ended December 31, 2018.","18-Jan-2019 18:19:43","2019-01-18 18:19:43","-","-","https://nsearchives.nseindia.com/corporate/SBILFINANCIALNINEMONTHSENDEDDECEMBER2018UPLOAD_18012019181943.zip"
"SBILIFE","SBI Life Insurance Company Limited","Analysts/Institutional Investor Meet/Con. Call Updates","SBI Life Insurance Company Limited has informed the Exchange regarding Analysts/Institutional Investor Meet/Con. Call Updates","15-Jan-2019 21:24:00","2019-01-15 21:24:00","-","-","https://nsearchives.nseindia.com/corporate/snehaCS_15012019212312_InvestorEarningsCall_278.pdf"
"SBILIFE","SBI Life Insurance Company Limited","Analysts/Institutional Investor Meet/Con. Call Updates","SBI Life Insurance Company Limited has informed the Exchange regarding Analysts/Institutional Investor Meet/Con. Call Updates","21-Dec-2018 19:15:00","2018-12-21 19:15:00","-","-","https://nsearchives.nseindia.com/corporate/SBILIFE_21122018191455_21122018_217.pdf"
"SBILIFE","SBI Life Insurance Company Limited","Analysts/Institutional Investor Meet/Con. Call Updates","SBI Life Insurance Company Limited has informed the Exchange regarding Analysts/Institutional Investor Meet/Con. Call Updates","18-Dec-2018 19:57:00","2018-12-18 19:57:00","-","-","https://nsearchives.nseindia.com/corporate/SBILIFE_18122018195643_18122018_175.pdf"
"SBILIFE","SBI Life Insurance Company Limited","ESOP/ESOS/ESPS","SBI Life Insurance Company Limited has informed the Exchange regarding Grant of 1041510  Options.","11-Dec-2018 19:29:00","2018-12-11 19:29:00","-","-","https://nsearchives.nseindia.com/corporate/SBILIFE_11122018192832_SE_Intimation_159.pdf"
"SBILIFE","SBI Life Insurance Company Limited","Registrar & Share Transfer Agent Update","SBI Life Insurance Company Limited has informed the Exchange regarding the Registrar & Share Transfer Agent Update","03-Dec-2018 18:34:00","2018-12-03 18:34:00","-","-","https://nsearchives.nseindia.com/corporate/SBILIFE_03122018183251_TransferofoperationsofRegistrars_323.pdf"
"SBILIFE","SBI Life Insurance Company Limited","Analysts/Institutional Investor Meet/Con. Call Updates","SBI Life Insurance Company Limited has informed the Exchange regarding Analysts/Institutional Investor Meet/Con. Call Updates","03-Dec-2018 16:05:00","2018-12-03 16:05:00","-","-","https://nsearchives.nseindia.com/corporate/SBILIFE_03122018160421_Investor_Meet_03122018_233.pdf"
"SBILIFE","SBI Life Insurance Company Limited","Analysts/Institutional Investor Meet/Con. Call Updates","SBI Life Insurance Company Limited has informed the Exchange regarding Analysts/Institutional Investor Meet/Con. Call Updates","15-Nov-2018 18:47:00","2018-11-15 18:47:00","-","-","https://nsearchives.nseindia.com/corporate/SBILIFE_15112018184650_15112018_308.pdf"
"SBILIFE","SBI Life Insurance Company Limited","Analysts/Institutional Investor Meet/Con. Call Updates","SBI Life Insurance Company Limited has informed the Exchange regarding Analysts/Institutional Investor Meet/Con. Call Updates","14-Nov-2018 18:51:00","2018-11-14 18:51:00","-","-","https://nsearchives.nseindia.com/corporate/SBILIFE_14112018185044_14112018_706.pdf"
"SBILIFE","SBI Life Insurance Company Limited","Analysts/Institutional Investor Meet/Con. Call Updates","SBI Life Insurance Company Limited has informed the Exchange regarding Analysts/Institutional Investor Meet/Con. Call Updates","12-Nov-2018 19:13:00","2018-11-12 19:13:00","-","-","https://nsearchives.nseindia.com/corporate/sbilife_12112018191217_12112018_345.pdf"
"SBILIFE","SBI Life Insurance Company Limited","Analysts/Institutional Investor Meet/Con. Call Updates","SBI Life Insurance Company Limited has informed the Exchange regarding Analysts/Institutional Investor Meet/Con. Call Updates","01-Nov-2018 19:04:00","2018-11-01 19:04:00","-","-","https://nsearchives.nseindia.com/corporate/snehaCS_01112018185909_01112018_052.pdf"
"SBILIFE","SBI Life Insurance Company Limited","Analysts/Institutional Investor Meet/Con. Call Updates","SBI Life Insurance Company Limited has informed the Exchange regarding Analysts/Institutional Investor Meet/Con. Call Updates","26-Oct-2018 20:43:00","2018-10-26 20:43:00","-","-","https://nsearchives.nseindia.com/corporate/snehaCS_26102018204131_InvestorAnalystoct26_425.pdf"
"SBILIFE","SBI Life Insurance Company Limited","Analysts/Institutional Investor Meet/Con. Call Updates","SBI Life Insurance Company Limited has informed the Exchange regarding Analysts/Institutional Investor Meet/Con. Call Updates","25-Oct-2018 18:41:00","2018-10-25 18:41:00","-","-","https://nsearchives.nseindia.com/corporate/snehaCS_25102018184018_InvestorAnlystIntimationOctober252018_829.pdf"
"SBILIFE","SBI Life Insurance Company Limited","Analysts/Institutional Investor Meet/Con. Call Updates","SBI Life Insurance Company Limited has informed the Exchange regarding Analysts/Institutional Investor Meet/Con. Call Updates","24-Oct-2018 20:25:00","2018-10-24 20:25:00","-","-","https://nsearchives.nseindia.com/corporate/sbilife_24102018202500_24102018_400.pdf"
"SBILIFE","SBI Life Insurance Company Limited","Appointment","SBI Life Insurance Company Limited has informed the Exchange regarding Appointment of Mr Nimesh Maniyar as Company Secretary of the company w.e.f. October 19, 2018.","19-Oct-2018 20:45:00","2018-10-19 20:45:00","-","-","https://nsearchives.nseindia.com/corporate/snehaCS_19102018204325_csapp_351.pdf"
"SBILIFE","SBI Life Insurance Company Limited","Outcome of Board Meeting","SBI Life Insurance Company Limited has informed the Exchange regarding Outcome of Board Meeting held on October 19, 2018.","19-Oct-2018 20:06:00","2018-10-19 20:06:00","-","-","https://nsearchives.nseindia.com/corporate/listcontract3_19102018194737_SBILIFE_outcome_344.pdf"
"SBILIFE","SBI Life Insurance Company Limited","Financial Result Updates","SBI Life Insurance Company Limited has submitted to the Exchange, the financial results for the period ended September 30, 2018.","19-Oct-2018 19:25:05","2018-10-19 19:25:05","-","-","https://nsearchives.nseindia.com/corporate/SBILFINANCIALHALFYEARENDEDSEPTEMBER2018UPLOAD_19102018192505.zip"
"SBILIFE","SBI Life Insurance Company Limited","Analysts/Institutional Investor Meet/Con. Call Updates","SBI Life Insurance Company Limited has informed the Exchange regarding Analysts/Institutional Investor Meet/Con. Call Updates","17-Oct-2018 09:36:00","2018-10-17 09:36:00","-","-","https://nsearchives.nseindia.com/corporate/sbilife_17102018093425_InvestorAnalystIntimationOctober162018_027.pdf"
"SBILIFE","SBI Life Insurance Company Limited","Analysts/Institutional Investor Meet/Con. Call Updates","SBI Life Insurance Company Limited has informed the Exchange regarding Analysts/Institutional Investor Meet/Con. Call Updates","17-Oct-2018 08:57:00","2018-10-17 08:57:00","-","-","https://nsearchives.nseindia.com/corporate/listcontract4_17102018085009_Investor_023.pdf"
"SBILIFE","SBI Life Insurance Company Limited","Analysts/Institutional Investor Meet/Con. Call Updates","SBI Life Insurance Company Limited has informed the Exchange regarding Analysts/Institutional Investor Meet/Con. Call Updates","03-Oct-2018 21:01:00","2018-10-03 21:01:00","-","-","https://nsearchives.nseindia.com/corporate/SBILIFE_03102018210049_03102018_304.pdf"
"SBILIFE","SBI Life Insurance Company Limited","Analysts/Institutional Investor Meet/Con. Call Updates","SBI Life Insurance Company Limited has informed the Exchange regarding Analysts/Institutional Investor Meet/Con. Call Updates","01-Oct-2018 20:43:00","2018-10-01 20:43:00","-","-","https://nsearchives.nseindia.com/corporate/SBILIFE_01102018204224_01102018_938.pdf"
"SBILIFE","SBI Life Insurance Company Limited","Updates","SBI Life Insurance Company Limited has informed the Exchange regarding ''.","01-Oct-2018 17:10:00","2018-10-01 17:10:00","-","-","https://nsearchives.nseindia.com/corporate/SBILIFE_01102018170926_1819360_768.pdf"
"SBILIFE","SBI Life Insurance Company Limited","Shareholders meeting","SBI Life Insurance Company Limited has submitted the Exchange a copy Srutinizers report of  Annual General Meeting held on September 27, 2018. Further, the company has informed the Exchange regarding voting results.","28-Sep-2018 20:49:00","2018-09-28 20:49:00","-","-","https://nsearchives.nseindia.com/corporate/SBILIFE_28092018204745_28092018_706.pdf"
"SBILIFE","SBI Life Insurance Company Limited","Shareholders meeting","SBI Life Insurance Company Limited has informed the Exchange regarding Proceedings of Annual General Meeting held on September 27, 2018","28-Sep-2018 10:18:00","2018-09-28 10:18:00","-","-","https://nsearchives.nseindia.com/corporate/snehaCS_28092018101636_proceedings_090.pdf"
"SBILIFE","SBI Life Insurance Company Limited","Updates","SBI Life Insurance Company Limited has informed the Exchange regarding 'Disclosure under the Securities and Exchange Board of India (Listing Obligations and Disclosure Requirements) Regulations, 2015 as amended'.","24-Sep-2018 20:01:00","2018-09-24 20:01:00","-","-","https://nsearchives.nseindia.com/corporate/SBILIFE_24092018200112_24092018_400.pdf"
"SBILIFE","SBI Life Insurance Company Limited","Analysts/Institutional Investor Meet/Con. Call Updates","SBI Life Insurance Company Limited has informed the Exchange regarding Analysts/Institutional Investor Meet/Con. Call Updates","20-Sep-2018 18:08:00","2018-09-20 18:08:00","-","-","https://nsearchives.nseindia.com/corporate/snehaCS_20092018180709_20092018_610.pdf"
"SBILIFE","SBI Life Insurance Company Limited","Analysts/Institutional Investor Meet/Con. Call Updates","SBI Life Insurance Company Limited has informed the Exchange regarding Analysts/Institutional Investor Meet/Con. Call Updates","19-Sep-2018 16:55:00","2018-09-19 16:55:00","-","-","https://nsearchives.nseindia.com/corporate/SBILIFE_19092018165325_19092018_398.pdf"
"SBILIFE","SBI Life Insurance Company Limited","Analysts/Institutional Investor Meet/Con. Call Updates","SBI Life Insurance Company Limited has informed the Exchange regarding Analysts/Institutional Investor Meet/Con. Call Updates","15-Sep-2018 16:34:00","2018-09-15 16:34:00","-","-","https://nsearchives.nseindia.com/corporate/snehaCS_15092018163323_investor_911.pdf"
"SBILIFE","SBI Life Insurance Company Limited","Updates","SBI Life Insurance Company Limited has informed the Exchange regarding 'Notice of 18th Annual General Meeting- Newspaper Advertisement'.","05-Sep-2018 18:11:00","2018-09-05 18:11:00","-","-","https://nsearchives.nseindia.com/corporate/snehaCS_05092018180944_SBIL18AGM_436.pdf"
"SBILIFE","SBI Life Insurance Company Limited","Record Date","SBI Life Insurance Company Limited has informed the Exchange that the Company has fixed Record Date as September 20, 2018 for the purpose of AGM","04-Sep-2018 21:39:00","2018-09-04 21:39:00","-","-","https://nsearchives.nseindia.com/corporate/listcontract3_04092018195124_SBI_RD_019.pdf"
"SBILIFE","SBI Life Insurance Company Limited","Shareholders meeting","SBI Life Insurance Company Limited has informed the Exchange regarding Notice of Annual General Meeting to be held on September 27, 2018","04-Sep-2018 20:16:00","2018-09-04 20:16:00","-","-","https://nsearchives.nseindia.com/corporate/snehaCS_04092018201448_notice_962.pdf"
"SBILIFE","SBI Life Insurance Company Limited","Outcome of Board Meeting","SBI Life Insurance Company Limited has informed the Exchange regarding Outcome of Board Meeting held on August 31, 2018.","31-Aug-2018 22:04:00","2018-08-31 22:04:00","-","-","https://nsearchives.nseindia.com/corporate/SBILIFE_31082018220302_SBILCS_649.pdf"
"SBILIFE","SBI Life Insurance Company Limited","Outcome of Board Meeting","SBI Life Insurance Company Limited has informed the Exchange regarding Outcome of Board Meeting held on August 31, 2018.","31-Aug-2018 20:41:00","2018-08-31 20:41:00","-","-","https://nsearchives.nseindia.com/corporate/SBILIFE_31082018203959_SBILIFE_622.pdf"
"SBILIFE","SBI Life Insurance Company Limited","Analysts/Institutional Investor Meet/Con. Call Updates","SBI Life Insurance Company Limited has informed the Exchange regarding Analysts/Institutional Investor Meet/Con. Call Updates","29-Aug-2018 21:09:00","2018-08-29 21:09:00","-","-","https://nsearchives.nseindia.com/corporate/SBILIFE_29082018210905_29082018_437.pdf"
"SBILIFE","SBI Life Insurance Company Limited","Analysts/Institutional Investor Meet/Con. Call Updates","SBI Life Insurance Company Limited has informed the Exchange regarding Analysts/Institutional Investor Meet/Con. Call Updates","24-Aug-2018 20:01:00","2018-08-24 20:01:00","-","-","https://nsearchives.nseindia.com/corporate/SBILIFE_24082018195920_24082018_416.pdf"
"SBILIFE","SBI Life Insurance Company Limited","Analysts/Institutional Investor Meet/Con. Call Updates","SBI Life Insurance Company Limited has informed the Exchange regarding Analysts/Institutional Investor Meet/Con. Call Updates","21-Aug-2018 20:10:00","2018-08-21 20:10:00","-","-","https://nsearchives.nseindia.com/corporate/SBILIFE_21082018201006_21082018_338.pdf"
"SBILIFE","SBI Life Insurance Company Limited","Change in Auditors","SBI Life Insurance Company Limited has informed the Exchange regarding Change in Auditors of the company.","21-Aug-2018 20:04:00","2018-08-21 20:04:00","-","-","https://nsearchives.nseindia.com/corporate/SBILIFE_21082018200231_STATAUD_334.pdf"
"SBILIFE","SBI Life Insurance Company Limited","Analysts/Institutional Investor Meet/Con. Call Updates","SBI Life Insurance Company Limited has informed the Exchange regarding Analysts/Institutional Investor Meet/Con. Call Updates","20-Aug-2018 19:53:00","2018-08-20 19:53:00","-","-","https://nsearchives.nseindia.com/corporate/SBILIFE_20082018195244_20082018_350.pdf"
"SBILIFE","SBI Life Insurance Company Limited","Analysts/Institutional Investor Meet/Con. Call Updates","SBI Life Insurance Company Limited has informed the Exchange regarding Analysts/Institutional Investor Meet/Con. Call Updates","09-Aug-2018 18:54:00","2018-08-09 18:54:00","-","-","https://nsearchives.nseindia.com/corporate/09082018_09082018185404_476.zip"
"SBILIFE","SBI Life Insurance Company Limited","Disc. under Reg.30 of SEBI (SAST) Reg.2011","BNP Paribas Cardif S.A. has submitted to the Exchange a copy of disclosure under Regulation 30(2) of SEBI (Substantial Acquisition of Shares & Takeovers) Regulations, 2011.","03-Aug-2018 12:03:00","2018-08-03 12:03:00","-","-","https://nsearchives.nseindia.com/corporate/Regulation30_03082018120302.zip"
"SBILIFE","SBI Life Insurance Company Limited","Analysts/Institutional Investor Meet/Con. Call Updates","SBI Life Insurance Company Limited has informed the Exchange regarding Analysts/Institutional Investor Meet/Con. Call Updates","02-Aug-2018 19:04:00","2018-08-02 19:04:00","-","-","https://nsearchives.nseindia.com/corporate/02082018_02082018190425_216.zip"
"SBILIFE","SBI Life Insurance Company Limited","Analysts/Institutional Investor Meet/Con. Call Updates","SBI Life Insurance Company Limited has informed the Exchange regarding Analysts/Institutional Investor Meet/Con. Call Updates","01-Aug-2018 18:11:00","2018-08-01 18:11:00","-","-","https://nsearchives.nseindia.com/corporate/01082018_01082018181118_544.zip"
"SBILIFE","SBI Life Insurance Company Limited","Financial Result Updates","SBI Life Insurance Company Limited has submitted to the Exchange, the financial results for the period ended June 30, 2018.","26-Jul-2018 14:54:27","2018-07-26 14:54:27","-","-","https://nsearchives.nseindia.com/corporate/SBILFINANCIALQUARTERENDEDJUNE2018UPLOAD_26072018145427.zip"
"SBILIFE","SBI Life Insurance Company Limited","Analysts/Institutional Investor Meet/Con. Call Updates","SBI Life Insurance Company Limited has informed the Exchange regarding Analysts/Institutional Investor Meet/Con. Call Updates","23-Jul-2018 19:35:00","2018-07-23 19:35:00","-","-","https://nsearchives.nseindia.com/corporate/earningcall_23072018193543_891.zip"
"SBILIFE","SBI Life Insurance Company Limited","Analysts/Institutional Investor Meet/Con. Call Updates","SBI Life Insurance Company Limited has informed the Exchange regarding Analysts/Institutional Investor Meet/Con. Call Updates","28-Jun-2018 20:22:00","2018-06-28 20:22:00","-","-","https://nsearchives.nseindia.com/corporate/28062018_28062018202254_075.zip"
"SBILIFE","SBI Life Insurance Company Limited","Analysts/Institutional Investor Meet/Con. Call Updates","SBI Life Insurance Company Limited has informed the Exchange regarding Analysts/Institutional Investor Meet/Con. Call Updates","22-Jun-2018 18:49:00","2018-06-22 18:49:00","-","-","https://nsearchives.nseindia.com/corporate/22062018_22062018184947_932.zip"
"SBILIFE","SBI Life Insurance Company Limited","Analysts/Institutional Investor Meet/Con. Call Updates","SBI Life Insurance Company Limited has informed the Exchange regarding Analysts/Institutional Investor Meet/Con. Call Updates","19-Jun-2018 18:53:00","2018-06-19 18:53:00","-","-","https://nsearchives.nseindia.com/corporate/19062018_19062018185326_187.zip"
"SBILIFE","SBI Life Insurance Company Limited","Analysts/Institutional Investor Meet/Con. Call Updates","SBI Life Insurance Company Limited has informed the Exchange regarding Analysts/Institutional Investor Meet/Con. Call Updates","15-Jun-2018 19:01:00","2018-06-15 19:01:00","-","-","https://nsearchives.nseindia.com/corporate/15062018_15062018190110_200.zip"
"SBILIFE","SBI Life Insurance Company Limited","Analysts/Institutional Investor Meet/Con. Call Updates","SBI Life Insurance Company Limited has informed the Exchange regarding Analysts/Institutional Investor Meet/Con. Call Updates","12-Jun-2018 18:46:00","2018-06-12 18:46:00","-","-","https://nsearchives.nseindia.com/corporate/june_12062018184601_201.zip"
"SBILIFE","SBI Life Insurance Company Limited","Analysts/Institutional Investor Meet/Con. Call Updates","SBI Life Insurance Company Limited has informed the Exchange regarding Analysts/Institutional Investor Meet/Con. Call Updates","11-Jun-2018 18:41:00","2018-06-11 18:41:00","-","-","https://nsearchives.nseindia.com/corporate/june_11062018184103_633.zip"
"SBILIFE","SBI Life Insurance Company Limited","Analysts/Institutional Investor Meet/Con. Call Updates","SBI Life Insurance Company Limited has informed the Exchange regarding Analysts/Institutional Investor Meet/Con. Call Updates","08-Jun-2018 19:12:00","2018-06-08 19:12:00","-","-","https://nsearchives.nseindia.com/corporate/June_08062018191225_291.zip"
"SBILIFE","SBI Life Insurance Company Limited","Analysts/Institutional Investor Meet/Con. Call Updates","SBI Life Insurance Company Limited has informed the Exchange regarding Analysts/Institutional Investor Meet/Con. Call Updates","07-Jun-2018 19:57:00","2018-06-07 19:57:00","-","-","https://nsearchives.nseindia.com/corporate/june_07062018195725_778.zip"
"SBILIFE","SBI Life Insurance Company Limited","Analysts/Institutional Investor Meet/Con. Call Updates","SBI Life Insurance Company Limited has informed the Exchange regarding Analysts/Institutional Investor Meet/Con. Call Updates","05-Jun-2018 20:02:00","2018-06-05 20:02:00","-","-","https://nsearchives.nseindia.com/corporate/meetings_05062018200237_046.zip"
"SBILIFE","SBI Life Insurance Company Limited","Analysts/Institutional Investor Meet/Con. Call Updates","SBI Life Insurance Company Limited has informed the Exchange regarding Analysts/Institutional Investor Meet/Con. Call Updates","04-Jun-2018 18:46:00","2018-06-04 18:46:00","-","-","https://nsearchives.nseindia.com/corporate/04062018_04062018184638_562.zip"
"SBILIFE","SBI Life Insurance Company Limited","Analysts/Institutional Investor Meet/Con. Call Updates","SBI Life Insurance Company Limited has informed the Exchange regarding Analysts/Institutional Investor Meet/Con. Call Updates","30-May-2018 19:53:00","2018-05-30 19:53:00","-","-","https://nsearchives.nseindia.com/corporate/30052018_30052018195309_743.zip"
"SBILIFE","SBI Life Insurance Company Limited","Analysts/Institutional Investor Meet/Con. Call Updates","SBI Life Insurance Company Limited has informed the Exchange regarding Analysts/Institutional Investor Meet/Con. Call Updates","28-May-2018 18:51:00","2018-05-28 18:51:00","-","-","https://nsearchives.nseindia.com/corporate/28052018_28052018185119_400.zip"
"SBILIFE","SBI Life Insurance Company Limited","Analysts/Institutional Investor Meet/Con. Call Updates","SBI Life Insurance Company Limited has informed the Exchange regarding Analysts/Institutional Investor Meet/Con. Call Updates","25-May-2018 20:22:00","2018-05-25 20:22:00","-","-","https://nsearchives.nseindia.com/corporate/25052018_25052018202203_600.zip"
"SBILIFE","SBI Life Insurance Company Limited","Analysts/Institutional Investor Meet/Con. Call Updates","SBI Life Insurance Company Limited has informed the Exchange regarding Analysts/Institutional Investor Meet/Con. Call Updates","24-May-2018 18:45:00","2018-05-24 18:45:00","-","-","https://nsearchives.nseindia.com/corporate/analyst_24052018184534_500.zip"
"SBILIFE","SBI Life Insurance Company Limited","Analysts/Institutional Investor Meet/Con. Call Updates","SBI Life Insurance Company Limited has informed the Exchange regarding Analysts/Institutional Investor Meet/Con. Call Updates","21-May-2018 19:47:00","2018-05-21 19:47:00","-","-","https://nsearchives.nseindia.com/corporate/21052018_21052018194731_741.zip"
"SBILIFE","SBI Life Insurance Company Limited","Analysts/Institutional Investor Meet/Con. Call Updates","SBI Life Insurance Company Limited has informed the Exchange regarding Analysts/Institutional Investor Meet/Con. Call Updates","18-May-2018 18:19:00","2018-05-18 18:19:00","-","-","https://nsearchives.nseindia.com/corporate/188052018_18052018181916_555.zip"
"SBILIFE","SBI Life Insurance Company Limited","Analysts/Institutional Investor Meet/Con. Call Updates","SBI Life Insurance Company Limited has informed the Exchange regarding Analysts/Institutional Investor Meet/Con. Call Updates","16-May-2018 19:50:00","2018-05-16 19:50:00","-","-","https://nsearchives.nseindia.com/corporate/20180516194116_16052018195033_002.zip"
"SBILIFE","SBI Life Insurance Company Limited","Analysts/Institutional Investor Meet/Con. Call Updates","SBI Life Insurance Company Limited has informed the Exchange regarding Analysts/Institutional Investor Meet/Con. Call Updates","05-May-2018 07:40:00","2018-05-05 07:40:00","-","-","https://nsearchives.nseindia.com/corporate/LETTER_05052018074037_003.zip"
"SBILIFE","SBI Life Insurance Company Limited","Financial Result Updates","SBI Life Insurance Company Limited has submitted to the Exchange, the financial results for the period ended March 31, 2018.","26-Apr-2018 15:10:06","2018-04-26 15:10:06","-","-","https://nsearchives.nseindia.com/corporate/SBILFINANCIALYEARENDED2018UPLOAD_26042018151006.zip"
"SBILIFE","SBI Life Insurance Company Limited","Analysts/Institutional Investor Meet/Con. Call Updates","SBI Life Insurance Company Limited has informed the Exchange regarding Analysts/Institutional Investor Meet/Con. Call Updates","24-Apr-2018 19:48:00","2018-04-24 19:48:00","-","-","https://nsearchives.nseindia.com/corporate/earning_24042018194848_935.zip"
"SBILIFE","SBI Life Insurance Company Limited","Disc. under Reg.30 of SEBI (SAST) Reg.2011","State bank of India has submitted to the Exchange a copy of disclosure under Regulation 30(2) of SEBI (Substantial Acquisition of Shares & Takeovers) Regulations, 2011.","12-Apr-2018 13:35:00","2018-04-12 13:35:00","-","-","https://nsearchives.nseindia.com/corporate/sbilife_12042018133547.zip"
"SBILIFE","SBI Life Insurance Company Limited","Analysts/Institutional Investor Meet/Con. Call Updates","SBI Life Insurance Company Limited has informed the Exchange regarding Analysts/Institutional Investor Meet/Con. Call Updates","03-Apr-2018 19:40:00","2018-04-03 19:40:00","-","-","https://nsearchives.nseindia.com/corporate/meet_03042018194033_589.zip"
"SBILIFE","SBI Life Insurance Company Limited","Appointment","SBI Life Insurance Company Limited has informed the Exchange regarding Appointment of Mr P K gupta as Non- Executive Director of the company w.e.f. March 23, 2018.","23-Mar-2018 15:17:00","2018-03-23 15:17:00","-","-","https://nsearchives.nseindia.com/corporate/outcomebm_23032018151728_759.zip"
"SBILIFE","SBI Life Insurance Company Limited","Dividend","SBI Life Insurance Company Limited has informed the Exchange that Board of Directors at its meeting held on March 23, 2018, declared Interim Dividend of Rs. 2.0 per equity share.","23-Mar-2018 15:11:00","2018-03-23 15:11:00","-","-","https://nsearchives.nseindia.com/corporate/outcomebm_23032018151101_756.zip"
"SBILIFE","SBI Life Insurance Company Limited","Analysts/Institutional Investor Meet/Con. Call Updates","SBI Life Insurance Company Limited has informed the Exchange regarding Analysts/Institutional Investor Meet/Con. Call Updates","20-Mar-2018 21:20:00","2018-03-20 21:20:00","-","-","https://nsearchives.nseindia.com/corporate/sbi_20032018212013_151.zip"
"SBILIFE","SBI Life Insurance Company Limited","Analysts/Institutional Investor Meet/Con. Call Updates","SBI Life Insurance Company Limited has informed the Exchange regarding Analysts/Institutional Investor Meet/Con. Call Updates","17-Mar-2018 16:16:00","2018-03-17 16:16:00","-","-","https://nsearchives.nseindia.com/corporate/investor_17032018161621_562.zip"
"SBILIFE","SBI Life Insurance Company Limited","Updates","SBI Life Insurance Company Limited has informed the Exchange regarding 'Intimation under Regulation 30 of the SEBI (Listing Obligations and Disclosure Requirements) (��LODR��) Regulations, 2015 dated  March 01, 2018'.","17-Mar-2018 14:01:00","2018-03-17 14:01:00","-","-","https://nsearchives.nseindia.com/corporate/update_17032018140134_554.zip"
"SBILIFE","SBI Life Insurance Company Limited","Record Date","SBI Life Insurance Company Limited has informed the Exchange that the Company has fixed Record Date as April 4, 2018 for the purpose of interim dividend for the Financial Year 2017-18, if any declared by the Board of Directors of the Company.","14-Mar-2018 08:51:00","2018-03-14 08:51:00","-","-","https://nsearchives.nseindia.com/corporate/SBIN_life_14032018085124.zip"
"SBILIFE","SBI Life Insurance Company Limited","Cessation","SBI Life Insurance Company Limited has informed the Exchange regarding Cessation of Mr Arijit Basu as Managing Director & CEO of the company w.e.f. March 10, 2018.","10-Mar-2018 17:49:00","2018-03-10 17:49:00","-","-","https://nsearchives.nseindia.com/corporate/SBILifeStockExchangeintimationMDCEOMarch102018_10032018174949_534.zip"
"SBILIFE","SBI Life Insurance Company Limited","Analysts/Institutional Investor Meet/Con. Call Updates","SBI Life Insurance Company Limited has informed the Exchange regarding Analysts/Institutional Investor Meet/Con. Call Updates","10-Mar-2018 17:31:00","2018-03-10 17:31:00","-","-","https://nsearchives.nseindia.com/corporate/SBILifeStockinitmationInvestormeetingMarch092018_10032018173133_529.zip"
"SBILIFE","SBI Life Insurance Company Limited","Analysts/Institutional Investor Meet/Con. Call Updates","SBI Life Insurance Company Limited has informed the Exchange regarding Analysts/Institutional Investor Meet/Con. Call Updates","08-Mar-2018 21:14:00","2018-03-08 21:14:00","-","-","https://nsearchives.nseindia.com/corporate/sbilife_08032018211437_239.zip"
"SBILIFE","SBI Life Insurance Company Limited","Updates","SBI Life Insurance Company Limited has informed the Exchange regarding 'Intimation in accordance with Regulation 30(1) of the Securities and Exchange Board of India (Listing Obligations and Disclosure Requirements) Regulations, 2015'.","05-Mar-2018 21:26:00","2018-03-05 21:26:00","-","-","https://nsearchives.nseindia.com/corporate/letter_05032018212625_333.zip"
"SBILIFE","SBI Life Insurance Company Limited","Updates","SBI Life Insurance Company Limited has informed the Exchange regarding 'Intimation under Regulation 30 of SEBI (Listing Obligations and Disclosure Requirements), 2015'.","01-Mar-2018 12:20:00","2018-03-01 12:20:00","-","-","https://nsearchives.nseindia.com/corporate/MDCEOSBILIFE_01032018122046_053.zip"
"SBILIFE","SBI Life Insurance Company Limited","Analysts/Institutional Investor Meet/Con. Call Updates","SBI Life Insurance Company Limited has informed the Exchange regarding Analysts/Institutional Investor Meet/Con. Call Updates","28-Feb-2018 21:06:00","2018-02-28 21:06:00","-","-","https://nsearchives.nseindia.com/corporate/investmeet_28022018210625_302.zip"
"SBILIFE","SBI Life Insurance Company Limited","Updates","SBI Life Insurance Company Limited has informed the Exchange regarding 'Intimation in accordance with Regulation 30(1) of the Securities and Exchange Board of India (Listing Obligations and Disclosure Requirements) Regulations, 2015'.","27-Feb-2018 13:36:00","2018-02-27 13:36:00","-","-","https://nsearchives.nseindia.com/corporate/MDCEOletter_27022018133653_842.zip"
"SBILIFE","SBI Life Insurance Company Limited","Updates","SBI Life Insurance Company Limited has informed the Exchange regarding ' Disclosure under Regulation 30 read with para A of Schedule III and Regulation 46(2) of Securities and Exchange Board of India (Listing Obligations and Disclosure Requirements) Regulations, 2015'.","09-Feb-2018 19:20:00","2018-02-09 19:20:00","-","-","https://nsearchives.nseindia.com/corporate/investormeet_09022018192037_610.zip"
"SBILIFE","SBI Life Insurance Company Limited","Updates","SBI Life Insurance Company Limited has informed the Exchange regarding 'Disclosure under Regulation 30 read with para A of Schedule III and Regulation 46(2) of Securities and Exchange Board of India (Listing Obligations and Disclosure Requirements) Regulations, 2015'.","02-Feb-2018 20:06:00","2018-02-02 20:06:00","-","-","https://nsearchives.nseindia.com/corporate/investormeetings_02022018200627_602.zip"
"SBILIFE","SBI Life Insurance Company Limited","Investor Presentation","SBI Life Insurance Company Limited has informed the Exchange regarding Investor Presentation","31-Jan-2018 19:09:00","2018-01-31 19:09:00","-","-","https://nsearchives.nseindia.com/corporate/earningscall_31012018190954_211.zip"
"SBILIFE","SBI Life Insurance Company Limited","Financial Result Updates","SBI Life Insurance Company Limited has submitted to the Exchange, the financial results for the period ended December 31, 2017.","30-Jan-2018 13:34:22","2018-01-30 13:34:22","-","-","https://nsearchives.nseindia.com/corporate/SBILifeInsuranceResultsDecember2017_30012018133422.zip"
"SBILIFE","SBI Life Insurance Company Limited","Analysts/Institutional Investor Meet/Con. Call Updates","SBI Life Insurance Company Limited has informed the Exchange regarding Analysts/Institutional Investor Meet/Con. Call Updates","28-Jan-2018 10:23:00","2018-01-28 10:23:00","-","-","https://nsearchives.nseindia.com/corporate/earningcall_28012018102311_223.zip"
"SBILIFE","SBI Life Insurance Company Limited","Shareholders meeting","SBI Life Insurance Company Limited has informed the Exchange regarding Proceedings of Extraordinary General Meeting held on January 24, 2018","25-Jan-2018 19:50:00","2018-01-25 19:50:00","-","-","https://nsearchives.nseindia.com/corporate/proceedings_25012018195033_045.zip"
"SBILIFE","SBI Life Insurance Company Limited","Shareholders meeting","SBI Life Insurance Company Limited has submitted the Exchange a copy Srutinizers report of  Extraordinary General Meeting held on January 24, 2018. Further, the company has informed the Exchange regarding voting results.","25-Jan-2018 18:04:00","2018-01-25 18:04:00","-","-","https://nsearchives.nseindia.com/corporate/ScrutinizerandVotingresults_25012018180403_952.zip"
"SBILIFE","SBI Life Insurance Company Limited","Updates","SBI Life Insurance Company Limited has informed the Exchange regarding ' Notice of Extra Ordinary General Meeting- Newspaper Advertisement'.","02-Jan-2018 17:31:00","2018-01-02 17:31:00","-","-","https://nsearchives.nseindia.com/corporate/newspaperadvertisement_02012018173127_477.zip"
"SBILIFE","SBI Life Insurance Company Limited","Shareholders meeting","SBI Life Insurance Company Limited has informed the Exchange regarding Notice of Extraordinary General Meeting to be held on January 24, 2018","01-Jan-2018 20:00:00","2018-01-01 20:00:00","-","-","https://nsearchives.nseindia.com/corporate/lettertostockexchange_01012018200028_310.zip"
"SBILIFE","SBI Life Insurance Company Limited","Updates","SBI Life Insurance Company Limited has informed the Exchange regarding 'Disclosure under Regulation 30 read with para A of Schedule III and Regulation 46(2) of Securities and Exchange Board of India (Listing Obligations and Disclosure Requirements) Regulations, 2015'.","28-Dec-2017 20:28:00","2017-12-28 20:28:00","-","-","https://nsearchives.nseindia.com/corporate/investormeet_28122017202814_037.zip"
"SBILIFE","SBI Life Insurance Company Limited","Updates","SBI Life Insurance Company Limited has informed the Exchange regarding ' Disclosure under Regulation 30 read with para A of Schedule III and Regulation 46(2) of Securities and Exchange Board of India (Listing Obligations and Disclosure Requirements) Regulations, 2015'.","15-Dec-2017 18:48:00","2017-12-15 18:48:00","-","-","https://nsearchives.nseindia.com/corporate/investormeet_15122017184809_633.zip"
"SBILIFE","SBI Life Insurance Company Limited","Updates","SBI Life Insurance Company Limited has informed the Exchange regarding 'Disclosure under Regulation 30 of SEBI (Listing Obligations and Disclosure Requirements) Regulations, 2015'.","07-Dec-2017 19:23:00","2017-12-07 19:23:00","-","-","https://nsearchives.nseindia.com/corporate/investormeet_07122017192324_615.zip"
"SBILIFE","SBI Life Insurance Company Limited","Updates","SBI Life Insurance Company Limited has informed the Exchange regarding 'Disclosure under Regulation 30 of SEBI (Listing Obligations and Disclosure Requirements) Regulations, 2015'.","05-Dec-2017 18:50:00","2017-12-05 18:50:00","-","-","https://nsearchives.nseindia.com/corporate/investormeet_05122017185037_519.zip"
"SBILIFE","SBI Life Insurance Company Limited","Analysts/Institutional Investor Meet/Con. Call Updates","SBI Life Insurance Company Limited has informed the Exchange regarding Analysts/Institutional Investor Meet/Con. Call Updates","30-Nov-2017 18:14:00","2017-11-30 18:14:00","-","-","https://nsearchives.nseindia.com/corporate/November2017_30112017181423_302.zip"
"SBILIFE","SBI Life Insurance Company Limited","Updates","SBI Life Insurance Company Limited has informed the Exchange regarding 'Subject: Disclosure under Regulation 30 of SEBI (Listing Obligations and Disclosure Requirements) Regulations, 2015'.","28-Nov-2017 19:34:00","2017-11-28 19:34:00","-","-","https://nsearchives.nseindia.com/corporate/investormeet_28112017193447_528.zip"
"SBILIFE","SBI Life Insurance Company Limited","Updates","SBI Life Insurance Company Limited has informed the Exchange regarding 'Subject: Disclosure under Regulation 30 of SEBI (Listing Obligations and Disclosure Requirements) Regulations, 2015'.","27-Nov-2017 19:14:00","2017-11-27 19:14:00","-","-","https://nsearchives.nseindia.com/corporate/investormeet_27112017191407_264.zip"
"SBILIFE","SBI Life Insurance Company Limited","Analysts/Institutional Investor Meet/Con. Call Updates","SBI Life Insurance Company Limited has informed the Exchange regarding Analysts/Institutional Investor Meet/Con. Call Updates","02-Nov-2017 18:25:00","2017-11-02 18:25:00","-","-","https://nsearchives.nseindia.com/corporate/premjiletter_02112017182551_730.zip"
"SBILIFE","SBI Life Insurance Company Limited","Investor Presentation","SBI Life Insurance Company Limited has informed the Exchange regarding Investor Presentation held on October 31,2017","01-Nov-2017 17:43:00","2017-11-01 17:43:00","-","-","https://nsearchives.nseindia.com/corporate/Presentationearningcall_01112017174301_166.zip"
"SBILIFE","SBI Life Insurance Company Limited","Financial Result Updates","SBI Life Insurance Company Limited has submitted to the Exchange, the financial results for the period ended September 30, 2017.","31-Oct-2017 14:11:42","2017-10-31 14:11:42","-","-","https://nsearchives.nseindia.com/corporate/SBILifeHalfYearEnded30September2017FinancialResult_31102017141142.zip"
"SBILIFE","SBI Life Insurance Company Limited","Analysts/Institutional Investor Meet/Con. Call Updates","SBI Life Insurance Company Limited has informed the Exchange regarding Analysts/Institutional Investor Meet/Con. Call Updates","26-Oct-2017 17:10:00","2017-10-26 17:10:00","-","-","https://nsearchives.nseindia.com/corporate/Investormeetletter_26102017171050_307.zip"
"SBILIFE","SBI Life Insurance Company Limited","Updates","SBI Life Insurance Company Limited has informed the Exchange regarding 'Brief Profile of Key Management Person (Head- HR)'.","11-Oct-2017 18:42:00","2017-10-11 18:42:00","-","-","https://nsearchives.nseindia.com/corporate/Briefprofile_11102017184241_675.zip"
"SBILIFE","SBI Life Insurance Company Limited","Updates","SBI Life Insurance Company Limited has informed the Exchange regarding 'Disclosure under Regulation 30(4) of Securities and Exchange Board of India (Listing Obligations and Disclosure Requirements) Regulations, 2015'.","06-Oct-2017 18:52:00","2017-10-06 18:52:00","-","-","https://nsearchives.nseindia.com/corporate/disclosure_06102017185220_252.zip"
"SBILIFE","SBI Life Insurance Company Limited","Updates","SBI Life Insurance Company Limited has informed the Exchange regarding 'Disclosure under Regulation 30(4) of SEBI (LODR) Regulations 2015- Board level changes in Director/Chairman'.","05-Oct-2017 16:10:00","2017-10-05 16:10:00","-","-","https://nsearchives.nseindia.com/corporate/Disclosure_05102017161057_177.zip"
"SBILIFE","SBI Life Insurance Company Limited","Updates","SBI Life Insurance Company Limited has informed the Exchange regarding 'Mrs. Manjula Kalyanasundaram has been appointed as Key Management Person of the Company with effect from October 04, 2017 and designated as EVP & Chief of HR & Management Services. '.","05-Oct-2017 08:53:00","2017-10-05 08:53:00","-","-","https://nsearchives.nseindia.com/corporate/SBILIFE_05102017085336.zip"