"SYMBOL","COMPANY NAME","SUBJECT","DETAILS","BROADCAST DATE/TIME","RECEIPT","DISSEMINATION","DIFFERENCE","ATTACHMENT"
"BEL","Bharat Electronics Limited","General Updates","Bharat Electronics Limited has informed the Exchange about ESG Rating.","30-Sep-2026 16:53:11","2026-09-30 16:53:11","30-Sep-2026 16:53:12","00:00:01","https://nsearchives.nseindia.com/corporate/BEL_30092026164929_Lettersigned.pdf"
"BEL","Bharat Electronics Limited","Trading Window","Bharat Electronics Limited has informed the Exchange regarding the Trading Window closure pursuant to SEBI (Prohibition of Insider Trading) Regulations, 2015","28-Sep-2026 10:35:19","2026-09-28 10:35:19","28-Sep-2026 10:35:21","00:00:02","https://nsearchives.nseindia.com/corporate/BEL_28092026102208_LetterSigned.pdf"
"BEL","Bharat Electronics Limited","Bagging/Receiving of orders/contracts","Bharat Electronics Limited has informed the Exchange about Bagging/Receiving of orders/contracts","17-Sep-2026 16:43:18","2026-09-17 16:43:18","17-Sep-2026 16:43:19","00:00:01","https://nsearchives.nseindia.com/corporate/BEL_17092026164308_Lettersigned.pdf"
"BEL","Bharat Electronics Limited","Appointment","Bharat Electronics Limited has informed the Exchange regarding Appointment of  M/s Rao & Emmar, Chartered Accountants as Statutory Auditors. of the company for FY 2026-27","11-Sep-2026 17:15:31","2026-09-11 17:15:31","11-Sep-2026 17:15:32","00:00:01","https://nsearchives.nseindia.com/corporate/BEL_11092026171507_Lettersigned.pdf"
"BEL","Bharat Electronics Limited","Updates","Bharat Electronics Limited has informed the Exchange regarding 'Intimation of Payment Date   Final Dividend for the Financial Year 2025-26.'.","08-Sep-2026 15:50:45","2026-09-08 15:50:45","08-Sep-2026 15:50:46","00:00:01","https://nsearchives.nseindia.com/corporate/BEL_08092026155034_Lettersigned.pdf"
"BEL","Bharat Electronics Limited","Copy of Newspaper Publication","Bharat Electronics Limited has informed the Exchange about Copy of Newspaper Publication","02-Sep-2026 17:32:28","2026-09-02 17:32:28","02-Sep-2026 17:32:29","00:00:01","https://nsearchives.nseindia.com/corporate/BEL_02092026173219_Lettersigned.pdf"
"BEL","Bharat Electronics Limited","Shareholders meeting","Bharat Electronics Limited has submitted the Exchange a copy Srutinizers report of  Annual General Meeting held on August 28, 2026. Further, the company has informed the Exchange regarding voting results.","28-Aug-2026 19:53:04","2026-08-28 19:53:04","28-Aug-2026 19:53:05","00:00:01","https://nsearchives.nseindia.com/corporate/BEL_28082026195246_Lettersigned.pdf"
"BEL","Bharat Electronics Limited","Shareholders meeting","Bharat Electronics Limited has informed the Exchange regarding Proceedings of Annual General Meeting held on August 28, 2026","28-Aug-2026 19:46:11","2026-08-28 19:46:11","28-Aug-2026 19:46:12","00:00:01","https://nsearchives.nseindia.com/corporate/BEL_28082026194601_Lettersigned.pdf"
"BEL","Bharat Electronics Limited","Bagging/Receiving of orders/contracts","Bharat Electronics Limited has informed the Exchange about Bagging/Receiving of orders/contracts","26-Aug-2026 15:43:08","2026-08-26 15:43:08","26-Aug-2026 15:43:09","00:00:01","https://nsearchives.nseindia.com/corporate/BEL_26082026153621_Lettersigned.pdf"
"BEL","Bharat Electronics Limited","Copy of Newspaper Publication","Newspaper Publication   Addendum to the Notice of the 72nd Annual General Meeting (AGM) of the Company scheduled to be held on 28 August 2026.","19-Aug-2026 18:33:42","2026-08-19 18:33:42","19-Aug-2026 18:33:43","00:00:01","https://nsearchives.nseindia.com/corporate/BEL_19082026183127_Lettersigned.pdf"
"BEL","Bharat Electronics Limited","Shareholders meeting","Addendum to the Notice of the 72nd Annual General Meeting of the Company scheduled to be held on 28 August 2026.","18-Aug-2026 21:28:08","2026-08-18 21:28:08","18-Aug-2026 21:28:08","00:00:00","https://nsearchives.nseindia.com/corporate/BEL_18082026212759_Lettersigned.pdf"
"BEL","Bharat Electronics Limited","Appointment","Bharat Electronics Limited has informed the Exchange regarding Appointment of  Shri. Partha Pratim Pathak as Independent Director of the company w.e.f. August 18, 2026.","18-Aug-2026 18:16:19","2026-08-18 18:16:19","18-Aug-2026 18:16:19","00:00:00","https://nsearchives.nseindia.com/corporate/BEL_18082026181609_Lettersigned.pdf"
"BEL","Bharat Electronics Limited","Change in Director(s)","Bharat Electronics Limited has informed the Exchange regarding Change in Director(s) of the company.","13-Aug-2026 17:48:45","2026-08-13 17:48:45","13-Aug-2026 17:48:46","00:00:01","https://nsearchives.nseindia.com/corporate/BEL_13082026174654_Lettersigned.pdf"
"BEL","Bharat Electronics Limited","Bagging/Receiving of orders/contracts","Bharat Electronics Limited has informed the Exchange about Bagging/Receiving of orders/contracts","10-Aug-2026 17:35:59","2026-08-10 17:35:59","10-Aug-2026 17:36:00","00:00:01","https://nsearchives.nseindia.com/corporate/BEL_10082026173144_Lettersigned.pdf"
"BEL","Bharat Electronics Limited","Copy of Newspaper Publication","Bharat Electronics Limited has informed the Exchange about Copy of Newspaper Publication","05-Aug-2026 21:22:30","2026-08-05 21:22:30","05-Aug-2026 21:22:30","00:00:00","https://nsearchives.nseindia.com/corporate/BEL_05082026212159_Lettersigned.pdf"
"BEL","Bharat Electronics Limited","General Updates","Bharat Electronics Limited has informed the Exchange about BRSR Report for FY 2025-26","05-Aug-2026 21:17:59","2026-08-05 21:17:59","05-Aug-2026 21:18:00","00:00:01","https://nsearchives.nseindia.com/corporate/BEL_05082026211750_Lettersigned.pdf"
"BEL","Bharat Electronics Limited","General Updates","Bharat Electronics Limited has informed the Exchange about Book Closure dates.","05-Aug-2026 21:09:43","2026-08-05 21:09:43","05-Aug-2026 21:09:44","00:00:01","https://nsearchives.nseindia.com/corporate/BEL_05082026210844_Lettersigned.pdf"
"BEL","Bharat Electronics Limited","Record Date","Bharat Electronics Limited has informed the Exchange that Record date for the purpose of Final Dividend is 13-Aug-2026, if declared at the AGM.","05-Aug-2026 21:02:19","2026-08-05 21:02:19","05-Aug-2026 21:02:21","00:00:02","https://nsearchives.nseindia.com/corporate/BEL_05082026205920_Lettersigned.pdf"
"BEL","Bharat Electronics Limited","Shareholders meeting","Bharat Electronics Limited has informed the Exchange regarding Notice of 72nd Annual General Meeting to be held on August 28, 2026","05-Aug-2026 20:35:19","2026-08-05 20:35:19","05-Aug-2026 20:35:20","00:00:01","https://nsearchives.nseindia.com/corporate/BEL_05082026203450_Lettersigned.pdf"
"BEL","Bharat Electronics Limited","Change in Management","Bharat Electronics Limited has informed the Exchange about change in Senior Management.","01-Aug-2026 12:35:49","2026-08-01 12:35:49","01-Aug-2026 12:35:50","00:00:01","https://nsearchives.nseindia.com/corporate/BEL_01082026123541_Lettersigned.pdf"
"BEL","Bharat Electronics Limited","Bagging/Receiving of orders/contracts","Bharat Electronics Limited has informed the Exchange about Bagging/Receiving of orders/contracts","31-Jul-2026 18:34:13","2026-07-31 18:34:13","31-Jul-2026 18:34:14","00:00:01","https://nsearchives.nseindia.com/corporate/BEL_31072026183351_Lettersigned.pdf"
"BEL","Bharat Electronics Limited","Copy of Newspaper Publication","Bharat Electronics Limited has informed the Exchange about Copy of Newspaper Publication","28-Jul-2026 21:49:18","2026-07-28 21:49:18","28-Jul-2026 21:49:19","00:00:01","https://nsearchives.nseindia.com/corporate/BEL_28072026214910_Lettersigned.pdf"
"BEL","Bharat Electronics Limited","Analysts/Institutional Investor Meet/Con. Call Updates","Bharat Electronics Limited has informed the Exchange about Transcript","28-Jul-2026 14:03:25","2026-07-28 14:03:25","28-Jul-2026 14:03:26","00:00:01","https://nsearchives.nseindia.com/corporate/BEL_28072026140315_Lettersigned.pdf"
"BEL","Bharat Electronics Limited","Analysts/Institutional Investor Meet/Con. Call Updates","Bharat Electronics Limited has informed the Exchange about Link of Recording","27-Jul-2026 21:35:34","2026-07-27 21:35:34","27-Jul-2026 21:35:35","00:00:01","https://nsearchives.nseindia.com/corporate/BEL_27072026213502_Lettersigned.pdf"
"BEL","Bharat Electronics Limited","Outcome of Board Meeting","Bharat Electronics Limited has submitted to the Exchange, the financial results for the period ended Jun 30, 2026 and approval for increase in Authorised Share Capital.","27-Jul-2026 16:06:24","2026-07-27 16:06:24","27-Jul-2026 16:06:24","00:00:00","https://nsearchives.nseindia.com/corporate/BEL_27072026160426_Lettersigned.pdf"
"BEL","Bharat Electronics Limited","Analysts/Institutional Investor Meet/Con. Call Updates","Bharat Electronics Limited has informed the Exchange about Schedule of meet","22-Jul-2026 16:51:30","2026-07-22 16:51:30","22-Jul-2026 16:51:31","00:00:01","https://nsearchives.nseindia.com/corporate/BEL_22072026165109_Lettersigned.pdf"
"BEL","Bharat Electronics Limited","Bagging/Receiving of orders/contracts","Bharat Electronics Limited has informed the Exchange about Bagging/Receiving of orders/contracts","13-Jul-2026 17:23:14","2026-07-13 17:23:14","13-Jul-2026 17:23:15","00:00:01","https://nsearchives.nseindia.com/corporate/BEL_13072026172057_Lettersigned.pdf"
"BEL","Bharat Electronics Limited","Certificate under SEBI (Depositories and Participants) Regulations, 2018","Bharat Electronics Limited has informed the Exchange about Certificate under SEBI (Depositories and Participants) Regulations, 2018","10-Jul-2026 16:23:13","2026-07-10 16:23:13","10-Jul-2026 16:23:14","00:00:01","https://nsearchives.nseindia.com/corporate/BEL_10072026162304_Lettersigned.pdf"
"BEL","Bharat Electronics Limited","Change in Director(s)","Bharat Electronics Limited has informed the Exchange regarding Change in Director(s) of the company.","01-Jul-2026 10:34:16","2026-07-01 10:34:16","01-Jul-2026 10:34:17","00:00:01","https://nsearchives.nseindia.com/corporate/BEL_01072026103247_Intimation_of_change_in_Director.pdf"
"BEL","Bharat Electronics Limited","Trading Window","Bharat Electronics Limited has informed the Exchange regarding the Trading Window closure pursuant to SEBI (Prohibition of Insider Trading) Regulations, 2015","26-Jun-2026 12:20:54","2026-06-26 12:20:54","26-Jun-2026 12:20:55","00:00:01","https://nsearchives.nseindia.com/corporate/BEL_26062026121936_Lettersigned.pdf"
"BEL","Bharat Electronics Limited","Press Release","Bharat Electronics Limited has informed the Exchange regarding a press release dated Jun 22, 2026, titled ""BEL receives order worth Rs.1081 Crore."".","22-Jun-2026 16:08:22","2026-06-22 16:08:22","22-Jun-2026 16:08:23","00:00:01","https://nsearchives.nseindia.com/corporate/BEL_22062026160613_Lettersigned.pdf"
"BEL","Bharat Electronics Limited","Analysts/Institutional Investor Meet/Con. Call Updates","Bharat Electronics Limited has informed the Exchange about Schedule of meet","19-Jun-2026 16:14:30","2026-06-19 16:14:30","19-Jun-2026 16:14:31","00:00:01","https://nsearchives.nseindia.com/corporate/BEL_19062026161417_Covering_letter_1906_signed.pdf"
"BEL","Bharat Electronics Limited","Change in Management","Bharat Electronics Limited has informed the Exchange about change in Senior Management","01-Jun-2026 10:42:26","2026-06-01 10:42:26","01-Jun-2026 10:42:27","00:00:01","https://nsearchives.nseindia.com/corporate/BEL_01062026104138_Letter_SM_signed.pdf"
"BEL","Bharat Electronics Limited","Bagging/Receiving of orders/contracts","Bharat Electronics Limited has informed the Exchange about Bagging/Receiving of orders/contracts","25-May-2026 16:21:38","2026-05-25 16:21:38","25-May-2026 16:21:39","00:00:01","https://nsearchives.nseindia.com/corporate/BEL_25052026162125_PR_Letter_signed.pdf"
"BEL","Bharat Electronics Limited","Analysts/Institutional Investor Meet/Con. Call Updates","Bharat Electronics Limited has informed the Exchange about Transcript","22-May-2026 12:04:53","2026-05-22 12:04:53","22-May-2026 12:04:54","00:00:01","https://nsearchives.nseindia.com/corporate/BEL_22052026120346_Letter_signed.pdf"
"BEL","Bharat Electronics Limited","Analysts/Institutional Investor Meet/Con. Call Updates","Bharat Electronics Limited has informed the Exchange about Link of Recording","20-May-2026 20:10:36","2026-05-20 20:10:36","20-May-2026 20:10:37","00:00:01","https://nsearchives.nseindia.com/corporate/BEL_20052026200229_CL_Audio_recording_signed.pdf"
"BEL","Bharat Electronics Limited","Copy of Newspaper Publication","Bharat Electronics Limited has informed the Exchange about Copy of Newspaper Publication","20-May-2026 15:42:43","2026-05-20 15:42:43","20-May-2026 15:42:44","00:00:01","https://nsearchives.nseindia.com/corporate/BEL_20052026154201_Covering_Letter_NPP_signed.pdf"
"BEL","Bharat Electronics Limited","Appointment","Bharat Electronics Limited has informed the Exchange regarding Appointment of  Cost Auditor for FY 2026-27.","19-May-2026 16:12:05","2026-05-19 16:12:05","19-May-2026 16:12:06","00:00:01","https://nsearchives.nseindia.com/corporate/BEL_19052026161139_CAletter_signed.pdf"
"BEL","Bharat Electronics Limited","Dividend","Bharat Electronics Limited has informed the Exchange that Board of Directors at its meeting held on May 19, 2026, recommended Final Dividend of Rs. 0.55 per equity share.","19-May-2026 16:08:29","2026-05-19 16:08:29","19-May-2026 16:08:30","00:00:01","https://nsearchives.nseindia.com/corporate/BEL_19052026160758_Letter_signed.pdf"
"BEL","Bharat Electronics Limited","Outcome of Board Meeting","Bharat Electronics Limited has submitted to the Exchange, the financial results for the period ended March 31, 2026 and recommendation of Final Dividend for FY 2025-26.","19-May-2026 15:23:04","2026-05-19 15:23:04","19-May-2026 15:23:05","00:00:01","https://nsearchives.nseindia.com/corporate/BEL_19052026151725_Letter_signed.pdf"
"BEL","Bharat Electronics Limited","Analysts/Institutional Investor Meet/Con. Call Updates","Bharat Electronics Limited has informed the Exchange about Schedule of meet","15-May-2026 16:53:35","2026-05-15 16:53:35","15-May-2026 16:53:36","00:00:01","https://nsearchives.nseindia.com/corporate/BEL_15052026165302_Concall_Invite_signed.pdf"
"BEL","Bharat Electronics Limited","Bagging/Receiving of orders/contracts","Bharat Electronics Limited has informed the Exchange about Bagging/Receiving of orders/contracts","05-May-2026 15:25:17","2026-05-05 15:25:17","05-May-2026 15:25:18","00:00:01","https://nsearchives.nseindia.com/corporate/BEL_05052026152508_PR_Letter_Signed.pdf"
"BEL","Bharat Electronics Limited","Change in Management","Bharat Electronics Limited has informed the Exchange about change in Management","30-Apr-2026 17:26:43","2026-04-30 17:26:43","30-Apr-2026 17:26:44","00:00:01","https://nsearchives.nseindia.com/corporate/BEL_30042026172632_Letter_SM_Signed.pdf"
"BEL","Bharat Electronics Limited","Cessation","Bharat Electronics Limited has informed the Exchange regarding Cessation of Lt. General  Vishwambhar Singh (Retd.) as Independent Director of the company w.e.f. April 23, 2026.","23-Apr-2026 11:47:15","2026-04-23 11:47:15","23-Apr-2026 11:47:16","00:00:01","https://nsearchives.nseindia.com/corporate/BEL_23042026114636_Letter_signed.pdf"
"BEL","Bharat Electronics Limited","Bagging/Receiving of orders/contracts","Bharat Electronics Limited has informed the Exchange about Bagging/Receiving of orders/contracts","22-Apr-2026 15:49:28","2026-04-22 15:49:28","22-Apr-2026 15:49:29","00:00:01","https://nsearchives.nseindia.com/corporate/BEL_22042026154627_PR_22042026.pdf"
"BEL","Bharat Electronics Limited","Certificate under SEBI (Depositories and Participants) Regulations, 2018","Bharat Electronics Limited has informed the Exchange about Certificate under SEBI (Depositories and Participants) Regulations, 2018","15-Apr-2026 17:05:57","2026-04-15 17:05:57","15-Apr-2026 17:05:58","00:00:01","https://nsearchives.nseindia.com/corporate/BEL_15042026170547_Lettersigned.pdf"
"BEL","Bharat Electronics Limited","Change in Management","Bharat Electronics Limited has informed the Exchange about change in Management","01-Apr-2026 12:09:56","2026-04-01 12:09:56","01-Apr-2026 12:09:57","00:00:01","https://nsearchives.nseindia.com/corporate/BEL_01042026120817_Letter_SM_Signed.pdf"
"BEL","Bharat Electronics Limited","Retirement","Bharat Electronics Limited has informed the Exchange about Retirement","01-Apr-2026 11:57:26","2026-04-01 11:57:26","01-Apr-2026 11:57:27","00:00:01","https://nsearchives.nseindia.com/corporate/BEL_01042026115717_Letter_DHR_Signed.pdf"
"BEL","Bharat Electronics Limited","Press Release","Bharat Electronics Limited has informed the Exchange regarding a press release dated April 01, 2026, titled ""BEL achieves record turnover of Rs.26,750 Crores."".","01-Apr-2026 11:27:21","2026-04-01 11:27:21","01-Apr-2026 11:27:22","00:00:01","https://nsearchives.nseindia.com/corporate/BEL_01042026112524_Letter_Signed.pdf"
"BEL","Bharat Electronics Limited","Press Release","Bharat Electronics Limited has informed the Exchange regarding a press release dated March 31, 2026, titled ""BEL receives orders worth Rs . 6795Crore"".","31-Mar-2026 21:29:52","2026-03-31 21:29:52","31-Mar-2026 21:29:53","00:00:01","https://nsearchives.nseindia.com/corporate/BEL_31032026212942_Order_Press_Release_SIGNED.pdf"
"BEL","Bharat Electronics Limited","Bagging/Receiving of orders/contracts","Bharat Electronics Limited has informed the Exchange about Bagging/Receiving of orders/contracts","30-Mar-2026 14:15:49","2026-03-30 14:15:49","30-Mar-2026 14:15:51","00:00:02","https://nsearchives.nseindia.com/corporate/BEL_30032026141536_Letter_PR_Signed.pdf"
"BEL","Bharat Electronics Limited","Trading Window","Bharat Electronics Limited has informed the Exchange regarding the Trading Window closure pursuant to SEBI (Prohibition of Insider Trading) Regulations, 2015","27-Mar-2026 11:47:53","2026-03-27 11:47:53","27-Mar-2026 11:47:54","00:00:01","https://nsearchives.nseindia.com/corporate/BEL_27032026114724_Letter_TWC_signed.pdf"
"BEL","Bharat Electronics Limited","Bagging/Receiving of orders/contracts","Bharat Electronics Limited has informed the Exchange about Bagging/Receiving of orders/contracts","17-Mar-2026 15:23:30","2026-03-17 15:23:30","17-Mar-2026 15:23:30","00:00:00","https://nsearchives.nseindia.com/corporate/BEL_17032026152306_Letter_signed.pdf"
"BEL","Bharat Electronics Limited","Record Date","Bharat Electronics Limited has informed the Exchange that Revised Record date for the purpose of Interim Dividend  is 06-Mar-2026.","02-Mar-2026 13:29:45","2026-03-02 13:29:45","02-Mar-2026 13:29:46","00:00:01","https://nsearchives.nseindia.com/corporate/BEL_02032026132831_RD_Revised_Signed.pdf"
"BEL","Bharat Electronics Limited","Change in Management","Bharat Electronics Limited has informed the Exchange about change in Management","28-Feb-2026 10:23:24","2026-02-28 10:23:24","28-Feb-2026 10:23:25","00:00:01","https://nsearchives.nseindia.com/corporate/BEL_28022026102308_Covering_Letter_Change_in_SM.pdf"
"BEL","Bharat Electronics Limited","Record Date","Bharat Electronics Limited has informed the Exchange that Record date for the purpose of Interim Dividend  is 05-Mar-2026.","27-Feb-2026 18:41:53","2026-02-27 18:41:53","27-Feb-2026 18:41:53","00:00:00","https://nsearchives.nseindia.com/corporate/BEL_27022026184042_SE_Letter_Signed.pdf"
"BEL","Bharat Electronics Limited","Dividend","Bharat Electronics Limited has informed the Exchange that Board of Directors at its meeting held on February 27, 2026, declared Interim Dividend of Rs. 1.95 per equity share.","27-Feb-2026 18:37:07","2026-02-27 18:37:07","27-Feb-2026 18:37:08","00:00:01","https://nsearchives.nseindia.com/corporate/BEL_27022026183647_Letter_signed.pdf"
"BEL","Bharat Electronics Limited","Bagging/Receiving of orders/contracts","Bharat Electronics Limited has informed the Exchange about Bagging/Receiving of orders/contracts","25-Feb-2026 14:27:52","2026-02-25 14:27:52","25-Feb-2026 14:27:54","00:00:02","https://nsearchives.nseindia.com/corporate/BEL_25022026142408_Letter_signed.pdf"
"BEL","Bharat Electronics Limited","Credit Rating","Bharat Electronics Limited has informed the Exchange about Credit Rating","20-Feb-2026 16:56:50","2026-02-20 16:56:50","20-Feb-2026 16:56:51","00:00:01","https://nsearchives.nseindia.com/corporate/BEL_20022026165437_Letter_signed.pdf"
"BEL","Bharat Electronics Limited","Trading Window","Bharat Electronics Limited has informed the Exchange regarding the Trading Window closure pursuant to SEBI (Prohibition of Insider Trading) Regulations, 2015","18-Feb-2026 15:38:48","2026-02-18 15:38:48","18-Feb-2026 15:38:49","00:00:01","https://nsearchives.nseindia.com/corporate/BEL_18022026153625_TWC_Letter_Signed.pdf"
"BEL","Bharat Electronics Limited","Agreements","Bharat Electronics Limited has informed the Exchange about JV Agreement.","15-Feb-2026 19:59:09","2026-02-15 19:59:09","15-Feb-2026 19:59:10","00:00:01","https://nsearchives.nseindia.com/corporate/BEL_15022026195557_Lettersigned.pdf"
"BEL","Bharat Electronics Limited","Bagging/Receiving of orders/contracts","Bharat Electronics Limited has informed the Exchange about Bagging/Receiving of orders/contracts","06-Feb-2026 15:20:05","2026-02-06 15:20:05","06-Feb-2026 15:20:06","00:00:01","https://nsearchives.nseindia.com/corporate/BEL_06022026151744_PR_Letter_Signed.pdf"
"BEL","Bharat Electronics Limited","General Updates","Bharat Electronics Limited has informed the Exchange about General Updates","03-Feb-2026 17:46:34","2026-02-03 17:46:34","03-Feb-2026 17:46:35","00:00:01","https://nsearchives.nseindia.com/corporate/BEL_03022026174611_Letter_Disclosure_Signed.pdf"
"BEL","Bharat Electronics Limited","Copy of Newspaper Publication","Bharat Electronics Limited has informed the Exchange about Copy of Newspaper Publication","29-Jan-2026 17:05:47","2026-01-29 17:05:47","29-Jan-2026 17:05:49","00:00:02","https://nsearchives.nseindia.com/corporate/BEL_29012026170536_NPP_signed.pdf"
"BEL","Bharat Electronics Limited","Analysts/Institutional Investor Meet/Con. Call Updates","Bharat Electronics Limited has informed the Exchange about Transcript","29-Jan-2026 16:58:21","2026-01-29 16:58:21","29-Jan-2026 16:58:22","00:00:01","https://nsearchives.nseindia.com/corporate/BEL_29012026165726_Transcript_signed.pdf"
"BEL","Bharat Electronics Limited","Analysts/Institutional Investor Meet/Con. Call Updates","Bharat Electronics Limited has informed the Exchange about Link of Recording","28-Jan-2026 18:12:51","2026-01-28 18:12:51","28-Jan-2026 18:12:52","00:00:01","https://nsearchives.nseindia.com/corporate/BEL_28012026180853_Letter_AL_signed.pdf"
"BEL","Bharat Electronics Limited","Outcome of Board Meeting","Bharat Electronics Limited has submitted to the Exchange, the financial results for the period ended December 31, 2025.","28-Jan-2026 14:05:10","2026-01-28 14:05:10","28-Jan-2026 14:05:11","00:00:01","https://nsearchives.nseindia.com/corporate/BEL_28012026140350_FIN_Q3_signed.pdf"
"BEL","Bharat Electronics Limited","Bagging/Receiving of orders/contracts","Bharat Electronics Limited has informed the Exchange about Bagging/Receiving of orders/contracts","23-Jan-2026 11:11:30","2026-01-23 11:11:30","23-Jan-2026 11:11:31","00:00:01","https://nsearchives.nseindia.com/corporate/BEL_23012026110948_Letter_Pr_Signed.pdf"
"BEL","Bharat Electronics Limited","Analysts/Institutional Investor Meet/Con. Call Updates","Bharat Electronics Limited has informed the Exchange about Schedule of meet","21-Jan-2026 17:09:20","2026-01-21 17:09:20","21-Jan-2026 17:09:21","00:00:01","https://nsearchives.nseindia.com/corporate/BEL_21012026170529_Letter_Signed.pdf"
"BEL","Bharat Electronics Limited","Certificate under SEBI (Depositories and Participants) Regulations, 2018","Bharat Electronics Limited has informed the Exchange about Certificate under SEBI (Depositories and Participants) Regulations, 2018","09-Jan-2026 11:48:29","2026-01-09 11:48:29","09-Jan-2026 11:48:30","00:00:01","https://nsearchives.nseindia.com/corporate/BEL_09012026114402_Letter_signed.pdf"
"BEL","Bharat Electronics Limited","Bagging/Receiving of orders/contracts","Bharat Electronics Limited has informed the Exchange about Bagging/Receiving of orders/contracts","08-Jan-2026 18:47:57","2026-01-08 18:47:57","08-Jan-2026 18:47:58","00:00:01","https://nsearchives.nseindia.com/corporate/BEL_08012026184523_Letter_Pr_signed.pdf"
"BEL","Bharat Electronics Limited","Bagging/Receiving of orders/contracts","Bharat Electronics Limited has informed the Exchange about Bagging/Receiving of orders/contracts","01-Jan-2026 15:04:53","2026-01-01 15:04:53","01-Jan-2026 15:04:54","00:00:01","https://nsearchives.nseindia.com/corporate/BEL_01012026150427_Letter_Signed.pdf"
"BEL","Bharat Electronics Limited","Trading Window","Bharat Electronics Limited has informed the Exchange regarding the Trading Window closure pursuant to SEBI (Prohibition of Insider Trading) Regulations, 2015","30-Dec-2025 13:54:00","2025-12-30 13:54:00","30-Dec-2025 13:54:02","00:00:02","https://nsearchives.nseindia.com/corporate/BEL_30122025135331_Letter_signed.pdf"
"BEL","Bharat Electronics Limited","Press Release","Bharat Electronics Limited has informed the Exchange regarding a press release dated December 29, 2025, titled ""BEL receives orders worth Rs.569 Crore."".","29-Dec-2025 15:30:44","2025-12-29 15:30:44","29-Dec-2025 15:30:45","00:00:01","https://nsearchives.nseindia.com/corporate/BEL_29122025152829_Press_Release_Signed.pdf"
"BEL","Bharat Electronics Limited","Press Release","Bharat Electronics Limited has informed the Exchange regarding a press release dated December 12, 2025, titled ""BEL Receives Order worth Rs.776 Crores"".","12-Dec-2025 15:35:54","2025-12-12 15:35:54","12-Dec-2025 15:35:55","00:00:01","https://nsearchives.nseindia.com/corporate/BEL_12122025153531_Press_Release_12122025.pdf"
"BEL","Bharat Electronics Limited","General Updates","Intimation of ESG Rating.","10-Dec-2025 16:38:40","2025-12-10 16:38:40","10-Dec-2025 16:38:40","00:00:00","https://nsearchives.nseindia.com/corporate/BEL_10122025163826_Lettersigned.pdf"
"BEL","Bharat Electronics Limited","Bagging/Receiving of orders/contracts","Bharat Electronics Limited has informed the Exchange about Bagging/Receiving of orders/contracts","14-Nov-2025 12:30:33","2025-11-14 12:30:33","14-Nov-2025 12:30:35","00:00:02","https://nsearchives.nseindia.com/corporate/BEL_14112025123000_Letter_PR_Signed.pdf"
"BEL","Bharat Electronics Limited","Bagging/Receiving of orders/contracts","Bharat Electronics Limited has informed the Exchange about Bagging/Receiving of orders/contracts","10-Nov-2025 14:39:16","2025-11-10 14:39:16","10-Nov-2025 14:39:17","00:00:01","https://nsearchives.nseindia.com/corporate/BEL_10112025143835_Letter_Signed.pdf"
"BEL","Bharat Electronics Limited","Analysts/Institutional Investor Meet/Con. Call Updates","Bharat Electronics Limited has informed the Exchange about Transcript","04-Nov-2025 17:48:24","2025-11-04 17:48:24","04-Nov-2025 17:48:25","00:00:01","https://nsearchives.nseindia.com/corporate/BEL_04112025174322_Covering_Letter__transcript_of_con_call_Signed.pdf"
"BEL","Bharat Electronics Limited","Copy of Newspaper Publication","Bharat Electronics Limited has informed the Exchange about Copy of Newspaper Publication","03-Nov-2025 15:34:54","2025-11-03 15:34:54","03-Nov-2025 15:34:55","00:00:01","https://nsearchives.nseindia.com/corporate/BEL_03112025152840_Letter_NPP_Signed.pdf"
"BEL","Bharat Electronics Limited","Analysts/Institutional Investor Meet/Con. Call Updates","Bharat Electronics Limited has informed the Exchange about Link of Recording","31-Oct-2025 18:39:40","2025-10-31 18:39:40","31-Oct-2025 18:39:41","00:00:01","https://nsearchives.nseindia.com/corporate/BEL_31102025183557_Audio_recording_30092025_signed.pdf"
"BEL","Bharat Electronics Limited","Outcome of Board Meeting","Bharat Electronics Limited has submitted to the Exchange, the financial results for the period ended September 30, 2025.","31-Oct-2025 13:01:00","2025-10-31 13:01:00","31-Oct-2025 13:01:01","00:00:01","https://nsearchives.nseindia.com/corporate/BEL_31102025130019_Q2_2025-26_Signed.pdf"
"BEL","Bharat Electronics Limited","Bagging/Receiving of orders/contracts","Bharat Electronics Limited has informed the Exchange about Bagging/Receiving of orders/contracts","30-Oct-2025 15:43:15","2025-10-30 15:43:15","30-Oct-2025 15:43:16","00:00:01","https://nsearchives.nseindia.com/corporate/BEL_30102025154129_Press_Release_Covering_Letter_Signed.pdf"
"BEL","Bharat Electronics Limited","General Updates","Bharat Electronics Limited has informed the Exchange about Intimation of ESG Rating","28-Oct-2025 12:22:59","2025-10-28 12:22:59","28-Oct-2025 12:23:00","00:00:01","https://nsearchives.nseindia.com/corporate/BEL_28102025121917_Covering_Letter_ESG_Rating_Signed.pdf"
"BEL","Bharat Electronics Limited","Analysts/Institutional Investor Meet/Con. Call Updates","Bharat Electronics Limited has informed the Exchange about Schedule of meet","27-Oct-2025 17:33:26","2025-10-27 17:33:26","27-Oct-2025 17:33:27","00:00:01","https://nsearchives.nseindia.com/corporate/BEL_27102025173011_Covering_letter_ConCall_Signed.pdf"
"BEL","Bharat Electronics Limited","Bagging/Receiving of orders/contracts","Bharat Electronics Limited has informed the Exchange about Bagging/Receiving of orders/contracts","22-Oct-2025 17:39:49","2025-10-22 17:39:49","22-Oct-2025 17:39:50","00:00:01","https://nsearchives.nseindia.com/corporate/BEL_22102025173812_Letter_Signed.pdf"
"BEL","Bharat Electronics Limited","Bagging/Receiving of orders/contracts","Bharat Electronics Limited has informed the Exchange about Bagging/Receiving of orders/contracts","15-Oct-2025 18:06:04","2025-10-15 18:06:04","15-Oct-2025 18:06:05","00:00:01","https://nsearchives.nseindia.com/corporate/BEL_15102025180240_Letter_PR_Signed.pdf"
"BEL","Bharat Electronics Limited","Certificate under SEBI (Depositories and Participants) Regulations, 2018","Bharat Electronics Limited has informed the Exchange about Certificate under SEBI (Depositories and Participants) Regulations, 2018","15-Oct-2025 16:27:23","2025-10-15 16:27:23","15-Oct-2025 16:27:24","00:00:01","https://nsearchives.nseindia.com/corporate/BEL_15102025162249_Letter_74_5__Signed.pdf"
"BEL","Bharat Electronics Limited","Trading Window","Bharat Electronics Limited has informed the Exchange regarding the Trading Window closure pursuant to SEBI (Prohibition of Insider Trading) Regulations, 2015","30-Sep-2025 11:01:04","2025-09-30 11:01:04","30-Sep-2025 11:01:05","00:00:01","https://nsearchives.nseindia.com/corporate/BEL_30092025105930_Letter_Signed.pdf"
"BEL","Bharat Electronics Limited","Bagging/Receiving of orders/contracts","Bharat Electronics Limited has informed the Exchange about Bagging/Receiving of orders/contracts","29-Sep-2025 17:48:32","2025-09-29 17:48:32","29-Sep-2025 17:48:33","00:00:01","https://nsearchives.nseindia.com/corporate/BEL_29092025174811_CL_PR_29092025_signed.pdf"
"BEL","Bharat Electronics Limited","Bagging/Receiving of orders/contracts","Bharat Electronics Limited has informed the Exchange about Bagging/Receiving of orders/contracts","16-Sep-2025 17:10:46","2025-09-16 17:10:46","16-Sep-2025 17:10:47","00:00:01","https://nsearchives.nseindia.com/corporate/BEL_16092025171026_Letter_Signed.pdf"
"BEL","Bharat Electronics Limited","Change in Auditors","Bharat Electronics Limited has informed the Exchange regarding Change in Auditors of the company.","15-Sep-2025 17:30:53","2025-09-15 17:30:53","15-Sep-2025 17:30:54","00:00:01","https://nsearchives.nseindia.com/corporate/BEL_15092025172849_SA_Appt_Signed.pdf"
"BEL","Bharat Electronics Limited","Updates","Bharat Electronics Limited has informed the Exchange regarding 'Intimation of Payment Date - Final Dividend for the Financial Year 2024-25'.","09-Sep-2025 17:49:44","2025-09-09 17:49:44","09-Sep-2025 17:49:45","00:00:01","https://nsearchives.nseindia.com/corporate/BEL_09092025174603_Final_Dividend_Intimation_Signed.pdf"
"BEL","Bharat Electronics Limited","Bagging/Receiving of orders/contracts","Bharat Electronics Limited has informed the Exchange about Bagging/Receiving of orders/contracts.","01-Sep-2025 16:58:50","2025-09-01 16:58:50","01-Sep-2025 16:58:51","00:00:01","https://nsearchives.nseindia.com/corporate/BEL_01092025165836_PR_01092025_signed.pdf"
"BEL","Bharat Electronics Limited","Change in Management","Bharat Electronics Limited has informed the Exchange about change in Senior Management","01-Sep-2025 16:45:15","2025-09-01 16:45:15","01-Sep-2025 16:45:16","00:00:01","https://nsearchives.nseindia.com/corporate/BEL_01092025164502_Promotion_of_GM_signed.pdf"
"BEL","Bharat Electronics Limited","Shareholders meeting","Bharat Electronics Limited has submitted the Exchange Voting Results and a copy Srutinizer's report of  71st Annual General Meeting held on August 28, 2025","28-Aug-2025 20:37:31","2025-08-28 20:37:31","28-Aug-2025 20:37:32","00:00:01","https://nsearchives.nseindia.com/corporate/BEL_28082025203443_Letter_Signed.pdf"
"BEL","Bharat Electronics Limited","Shareholders meeting","Bharat Electronics Limited has informed the Exchange regarding Proceedings of Annual General Meeting held on August 28, 2025","28-Aug-2025 19:56:39","2025-08-28 19:56:39","28-Aug-2025 19:56:40","00:00:01","https://nsearchives.nseindia.com/corporate/BEL_28082025195239_Proceedings_of_AGM_2025_signed.pdf"
"BEL","Bharat Electronics Limited","Copy of Newspaper Publication","Bharat Electronics Limited has informed the Exchange about Copy of Newspaper Publication of Notice of 71st AGM, E-Voting and Book Closure.","06-Aug-2025 14:27:39","2025-08-06 14:27:39","06-Aug-2025 14:27:40","00:00:01","https://nsearchives.nseindia.com/corporate/BEL_06082025142717_Letter_NP_Signed.pdf"
"BEL","Bharat Electronics Limited","Record Date","Bharat Electronics Limited has informed the Exchange that Book Closure for the purpose of Dividend & AGM","05-Aug-2025 21:11:37","2025-08-05 21:11:37","05-Aug-2025 21:11:48","00:00:11","https://nsearchives.nseindia.com/corporate/BEL_05082025211116_Notice_of_Book_Closure_SE_Signed.pdf"
"BEL","Bharat Electronics Limited","Shareholders meeting","Bharat Electronics Limited has informed the Exchange regarding Notice of Annual General Meeting to be held on August 28, 2025","05-Aug-2025 20:39:51","2025-08-05 20:39:51","05-Aug-2025 20:39:52","00:00:01","https://nsearchives.nseindia.com/corporate/BEL_05082025203833_Letter_Signed_IAR_Notice.pdf"
"BEL","Bharat Electronics Limited","Analysts/Institutional Investor Meet/Con. Call Updates","Bharat Electronics Limited has informed the Exchange about Transcript","04-Aug-2025 17:05:06","2025-08-04 17:05:06","04-Aug-2025 17:05:07","00:00:01","https://nsearchives.nseindia.com/corporate/BEL_04082025170329_Covering_Letter__transcript_of_con_call_signed.pdf"
"BEL","Bharat Electronics Limited","Change in Management","Bharat Electronics Limited has informed the Exchange about change in Management","01-Aug-2025 15:25:03","2025-08-01 15:25:03","01-Aug-2025 15:25:04","00:00:01","https://nsearchives.nseindia.com/corporate/BEL_01082025152355_Covering_Letter_senior_management_Signed.pdf"
"BEL","Bharat Electronics Limited","Analysts/Institutional Investor Meet/Con. Call Updates","Bharat Electronics Limited has informed the Exchange about Link of Recording","30-Jul-2025 18:33:46","2025-07-30 18:33:46","30-Jul-2025 18:33:47","00:00:01","https://nsearchives.nseindia.com/corporate/BEL_30072025182646_Audio_recording_30072025_signed.pdf"
"BEL","Bharat Electronics Limited","Bagging/Receiving of orders/contracts","Bharat Electronics Limited has informed the Exchange about Bagging/Receiving of orders/contracts","30-Jul-2025 14:06:55","2025-07-30 14:06:55","30-Jul-2025 14:06:56","00:00:01","https://nsearchives.nseindia.com/corporate/BEL_30072025140642_PR_CL_Signed.pdf"
"BEL","Bharat Electronics Limited","General Updates","Bharat Electronics Limited has informed the Exchange about Extracts of Standalone & Consolidated Unaudited Financial Results for the Quarter Ended 30.06.2025.","29-Jul-2025 12:37:00","2025-07-29 12:37:00","29-Jul-2025 12:37:00","00:00:00","https://nsearchives.nseindia.com/corporate/BEL_29072025123650_Covering_Letter_NPP_signed.pdf"
"BEL","Bharat Electronics Limited","Appointment","Bharat Electronics Limited has informed the Exchange regarding Appointment of  M/s GNV and Associates as Cost Auditor of the company w.e.f. July 28, 2025.","28-Jul-2025 17:11:23","2025-07-28 17:11:23","28-Jul-2025 17:11:24","00:00:01","https://nsearchives.nseindia.com/corporate/BEL_28072025171048_CA_APPT_2025_26.pdf"
"BEL","Bharat Electronics Limited","Appointment","Bharat Electronics Limited has informed the Exchange regarding Appointment of  M/s Thirupal Gorige & Associates LLP. as Secretarial Auditor of the company w.e.f. July 28, 2025.","28-Jul-2025 16:42:13","2025-07-28 16:42:13","28-Jul-2025 16:42:14","00:00:01","https://nsearchives.nseindia.com/corporate/BEL_28072025164127_SA_APPT_BEL.pdf"
"BEL","Bharat Electronics Limited","Outcome of Board Meeting","Bharat Electronics Limited has submitted to the Exchange, the financial results for the period ended Jun 30, 2025.","28-Jul-2025 16:06:30","2025-07-28 16:06:30","28-Jul-2025 16:06:37","00:00:07","https://nsearchives.nseindia.com/corporate/BEL_28072025160433_Financial_Results_Q1NEW.pdf"
"BEL","Bharat Electronics Limited","Outcome of Board Meeting","Bharat Electronics Limited has informed the Exchange regarding  Board meeting held on July 28, 2025.","28-Jul-2025 15:26:07","2025-07-28 15:26:07","28-Jul-2025 15:26:09","00:00:02","https://nsearchives.nseindia.com/corporate/BEL_28072025152557_Financial_Results_Q1NEW.pdf"
"BEL","Bharat Electronics Limited","Outcome of Board Meeting","Bharat Electronics Limited has informed the Exchange regarding  Board meeting held on July 28, 2025.","28-Jul-2025 15:01:20","2025-07-28 15:01:20","28-Jul-2025 15:01:22","00:00:02","https://nsearchives.nseindia.com/corporate/BEL_28072025145914_Financial_Results_Q1.pdf"
"BEL","Bharat Electronics Limited","Awarding of order(s)/contract(s)","Bharat Electronics Limited has informed the Exchange about Awarding of order(s)/contract(s)","25-Jul-2025 14:24:37","2025-07-25 14:24:37","25-Jul-2025 14:24:38","00:00:01","https://nsearchives.nseindia.com/corporate/BEL_25072025142409_CL_Press_release_25072025_Signed.pdf"
"BEL","Bharat Electronics Limited","Analysts/Institutional Investor Meet/Con. Call Updates","Bharat Electronics Limited has informed the Exchange about Schedule of meet","24-Jul-2025 18:47:10","2025-07-24 18:47:10","24-Jul-2025 18:47:10","00:00:00","https://nsearchives.nseindia.com/corporate/BEL_24072025184658_Covering_Letter-Conference_Call_Signed.pdf"
"BEL","Bharat Electronics Limited","Bagging/Receiving of orders/contracts","Bharat Electronics Limited has informed the Exchange about Bagging/Receiving of orders/contracts","24-Jul-2025 18:28:30","2025-07-24 18:28:30","24-Jul-2025 18:28:30","00:00:00","https://nsearchives.nseindia.com/corporate/BEL_24072025182531_PR_Covering_Signed.pdf"
"BEL","Bharat Electronics Limited","Change in Director(s)","Bharat Electronics Limited has informed the Exchange regarding Change in Director(s) of the company.","17-Jul-2025 20:26:48","2025-07-17 20:26:48","17-Jul-2025 20:26:49","00:00:01","https://nsearchives.nseindia.com/corporate/BEL_17072025202509_Letter_Signed.pdf"
"BEL","Bharat Electronics Limited","Appointment","Bharat Electronics Limited has informed the Exchange regarding Appointment of Mrs Meera Mohanty as Government Nominee Director of the company w.e.f. July 16, 2025.","17-Jul-2025 11:16:42","2025-07-17 11:16:42","17-Jul-2025 11:16:43","00:00:01","https://nsearchives.nseindia.com/corporate/BEL_17072025111322_Letter_Appt_signed.pdf"
"BEL","Bharat Electronics Limited","Appointment","Bharat Electronics Limited has informed the Exchange regarding Appointment of Mr Kamesh Kasana as Additional Director [Director (Other Units)] w.e.f 14th July 2025..","15-Jul-2025 11:07:41","2025-07-15 11:07:41","15-Jul-2025 11:07:42","00:00:01","https://nsearchives.nseindia.com/corporate/BEL_15072025110701_Letter_signed.pdf"
"BEL","Bharat Electronics Limited","Certificate under SEBI (Depositories and Participants) Regulations, 2018","Bharat Electronics Limited has informed the Exchange about Certificate under SEBI (Depositories and Participants) Regulations, 2018","11-Jul-2025 17:13:58","2025-07-11 17:13:58","11-Jul-2025 17:13:59","00:00:01","https://nsearchives.nseindia.com/corporate/BEL_11072025171006_BSE_NSECertificate_74_5_Signed.pdf"
"BEL","Bharat Electronics Limited","Change in Management","Bharat Electronics Limited has informed the Exchange about change in Management","01-Jul-2025 10:24:19","2025-07-01 10:24:19","01-Jul-2025 10:24:20","00:00:01","https://nsearchives.nseindia.com/corporate/BEL_01072025102204_signedLetter_SM.pdf"
"BEL","Bharat Electronics Limited","Press Release","Bharat Electronics Limited has informed the Exchange regarding a press release dated Jun 30, 2025, titled ""BEL receives orders worth Rs.528 Crore."".","30-Jun-2025 16:24:56","2025-06-30 16:24:56","30-Jun-2025 16:24:56","00:00:00","https://nsearchives.nseindia.com/corporate/BEL_30062025162421_Letter_PR_Signed.pdf"
"BEL","Bharat Electronics Limited","Trading Window","Bharat Electronics Limited has informed the Exchange regarding the Trading Window closure pursuant to SEBI (Prohibition of Insider Trading) Regulations, 2015","26-Jun-2025 17:30:24","2025-06-26 17:30:24","26-Jun-2025 17:30:25","00:00:01","https://nsearchives.nseindia.com/corporate/BEL_26062025172854_TWC_Covering_letter_Signed.pdf"
"BEL","Bharat Electronics Limited","Press Release","Bharat Electronics Limited has informed the Exchange regarding a press release dated Jun 20, 2025, titled ""BEL receives orders worth Rs.585 Crore"".","20-Jun-2025 17:33:56","2025-06-20 17:33:56","20-Jun-2025 17:33:57","00:00:01","https://nsearchives.nseindia.com/corporate/BEL_20062025173312_Letter_Signed.pdf"
"BEL","Bharat Electronics Limited","Press Release","Bharat Electronics Limited has informed the Exchange regarding a press release dated Jun 06, 2025, titled ""BEL, Tata Electronics ink MoU to advance India s ambition for self-reliance in electronics & semiconductors"".","06-Jun-2025 17:31:35","2025-06-06 17:31:35","06-Jun-2025 17:31:36","00:00:01","https://nsearchives.nseindia.com/corporate/BEL_06062025172959_Lettersigned.pdf"
"BEL","Bharat Electronics Limited","Press Release","Bharat Electronics Limited has informed the Exchange regarding a press release dated Jun 05, 2025, titled ""BEL Recived Orders Worth Rs. 2323 Crores"".","05-Jun-2025 15:08:30","2025-06-05 15:08:30","05-Jun-2025 15:08:31","00:00:01","https://nsearchives.nseindia.com/corporate/BEL_05062025150614_SE_INT_PRESS_RELEASE_05062025.pdf"
"BEL","Bharat Electronics Limited","Press Release","Bharat Electronics Limited has informed the Exchange regarding a press release dated Jun 04, 2025, titled ""BEL receives orders worth Rs.537 Crores"".","04-Jun-2025 14:51:09","2025-06-04 14:51:09","04-Jun-2025 14:51:10","00:00:01","https://nsearchives.nseindia.com/corporate/BEL_04062025144850_Lettersigned.pdf"
"BEL","Bharat Electronics Limited","Analysts/Institutional Investor Meet/Con. Call Updates","Bharat Electronics Limited has informed the Exchange about Participating in Investors / Analysts.","02-Jun-2025 13:51:23","2025-06-02 13:51:23","02-Jun-2025 13:51:23","00:00:00","https://nsearchives.nseindia.com/corporate/BEL_02062025135111_lettersigned.pdf"
"BEL","Bharat Electronics Limited","Change in Director(s)","Bharat Electronics Limited has informed the Exchange regarding Change in Director(s) of the company.","01-Jun-2025 06:42:20","2025-06-01 06:42:20","01-Jun-2025 06:42:21","00:00:01","https://nsearchives.nseindia.com/corporate/BEL_01062025064123_NSEsigned.pdf"
"BEL","Bharat Electronics Limited","Retirement","Bharat Electronics Limited has informed the Exchange about Change in Senior Management.","01-Jun-2025 06:38:45","2025-06-01 06:38:45","01-Jun-2025 06:38:47","00:00:02","https://nsearchives.nseindia.com/corporate/BEL_01062025063824_NSEsigned.pdf"
"BEL","Bharat Electronics Limited","General Updates","Bharat Electronics Limited has informed the Exchange about Disclosure under Regulation 30.","30-May-2025 16:52:13","2025-05-30 16:52:13","30-May-2025 16:52:15","00:00:02","https://nsearchives.nseindia.com/corporate/BEL_30052025165159_NSEsigned.pdf"
"BEL","Bharat Electronics Limited","Analysts/Institutional Investor Meet/Con. Call Updates","Bharat Electronics Limited has informed the Exchange about Transcript","29-May-2025 17:41:02","2025-05-29 17:41:02","29-May-2025 17:41:02","00:00:00","https://nsearchives.nseindia.com/corporate/BEL_29052025174044_NSEsigned.pdf"
"BEL","Bharat Electronics Limited","Appointment","Bharat Electronics Limited has informed the Exchange regarding Appointment of Shri Bharatsinh Prabhatsinh Parmar as Independent Director of the company w.e.f. May 21, 2025.","22-May-2025 11:54:21","2025-05-22 11:54:21","22-May-2025 11:54:22","00:00:01","https://nsearchives.nseindia.com/corporate/BEL_22052025115136_NSEsigned.pdf"
"BEL","Bharat Electronics Limited","Copy of Newspaper Publication","Bharat Electronics Limited has informed the Exchange about Copy of Newspaper Publication","20-May-2025 15:12:52","2025-05-20 15:12:52","20-May-2025 15:12:53","00:00:01","https://nsearchives.nseindia.com/corporate/BEL_20052025151242_NSEsigned.pdf"
"BEL","Bharat Electronics Limited","Analysts/Institutional Investor Meet/Con. Call Updates","Bharat Electronics Limited has informed the Exchange about Link of Audio Recording of Canference Call held on 20.05.2025.","20-May-2025 15:10:07","2025-05-20 15:10:07","20-May-2025 15:10:08","00:00:01","https://nsearchives.nseindia.com/corporate/BEL_20052025150939_NSEsigned.pdf"
"BEL","Bharat Electronics Limited","Dividend","Bharat Electronics Limited has informed the Exchange that Board of Directors at its meeting held on May 19, 2025, recommended Final Dividend of Rs. 0.90 per equity share.","19-May-2025 18:31:30","2025-05-19 18:31:30","19-May-2025 18:31:31","00:00:01","https://nsearchives.nseindia.com/corporate/BEL_19052025183017_NSEsigned.pdf"
"BEL","Bharat Electronics Limited","Outcome of Board Meeting","Bharat Electronics Limited has submitted to the Exchange, the financial results for the period ended March 31, 2025 and Recommendation of Final Dividend for FY 2024-25.","19-May-2025 18:20:28","2025-05-19 18:20:28","19-May-2025 18:20:29","00:00:01","https://nsearchives.nseindia.com/corporate/BEL_19052025180828_NSEsigned.pdf"
"BEL","Bharat Electronics Limited","Appointment","Bharat Electronics Limited has informed the Exchange regarding Appointment of Mr  as Independent Director of the company w.e.f. May 16, 2025.","17-May-2025 16:24:26","2025-05-17 16:24:26","17-May-2025 16:24:27","00:00:01","https://nsearchives.nseindia.com/corporate/BEL_17052025162245_NSE_APPT_ID_SIGNED.pdf"
"BEL","Bharat Electronics Limited","Press Release","Bharat Electronics Limited has informed the Exchange regarding a press release dated May 16, 2025, titled ""BEL receives orders worth Rs. 572 Crores"".","16-May-2025 18:36:31","2025-05-16 18:36:31","16-May-2025 18:36:31","00:00:00","https://nsearchives.nseindia.com/corporate/BEL_16052025182813_NSE_SIGNED.pdf"
"BEL","Bharat Electronics Limited","Analysts/Institutional Investor Meet/Con. Call Updates","Bharat Electronics Limited has informed the Exchange about Schedule of meet","13-May-2025 15:45:27","2025-05-13 15:45:27","13-May-2025 15:45:28","00:00:01","https://nsearchives.nseindia.com/corporate/BEL_13052025154359_NSEsigned.pdf"
"BEL","Bharat Electronics Limited","Appointment","Bharat Electronics Limited has informed the Exchange regarding Appointment of Mr Hari Kumar R as Executive Director of the company w.e.f. May 02, 2025.","02-May-2025 14:51:50","2025-05-02 14:51:50","02-May-2025 14:51:50","00:00:00","https://nsearchives.nseindia.com/corporate/BEL_02052025144829_NSEsigned.pdf"
"BEL","Bharat Electronics Limited","Appointment","Bharat Electronics Limited has informed the Exchange regarding Appointment of  Lt. General Vishwambhar Singh (Retd.) as Independent Director of the company w.e.f. April 23, 2025.","23-Apr-2025 19:13:00","2025-04-23 19:13:00","23-Apr-2025 19:13:00","00:00:00","https://nsearchives.nseindia.com/corporate/BEL_23042025191249_NSEsigned.pdf"
"BEL","Bharat Electronics Limited","Certificate under SEBI (Depositories and Participants) Regulations, 2018","Bharat Electronics Limited has informed the Exchange about Certificate under SEBI (Depositories and Participants) Regulations, 2018","10-Apr-2025 17:21:30","2025-04-10 17:21:30","10-Apr-2025 17:21:30","00:00:00","https://nsearchives.nseindia.com/corporate/BEL_10042025172119_NSE_74_5_SGNED.pdf"
"BEL","Bharat Electronics Limited","Press Release","Bharat Electronics Limited has informed the Exchange regarding a press release dated April 07, 2025, titled ""BEL receives Rs.2,210 Crores order for Electronic Warfare (EW) Suite from Indian Air Force"".","07-Apr-2025 17:41:13","2025-04-07 17:41:13","07-Apr-2025 17:41:14","00:00:01","https://nsearchives.nseindia.com/corporate/BEL_07042025173732_NSEsigned.pdf"
"BEL","Bharat Electronics Limited","Press Release","Bharat Electronics Limited has informed the Exchange regarding a press release dated April 02, 2025, titled ""BEL receives orders worth Rs.593.22 Crores"".","02-Apr-2025 17:04:11","2025-04-02 17:04:11","02-Apr-2025 17:04:12","00:00:01","https://nsearchives.nseindia.com/corporate/BEL_02042025170209_NSE_PR_SIGNED_02042025.pdf"
"BEL","Bharat Electronics Limited","Press Release","Bharat Electronics Limited has informed the Exchange regarding a press release dated April 01, 2025, titled ""BEL achieves record turnover of Rs.23000 Crores"".","01-Apr-2025 14:57:36","2025-04-01 14:57:36","01-Apr-2025 14:57:37","00:00:01","https://nsearchives.nseindia.com/corporate/BEL_01042025145644_NSE_PR_01042025_SIGNED.pdf"
"BEL","Bharat Electronics Limited","Press Release","Bharat Electronics Limited has informed the Exchange regarding a press release dated March 27, 2025, titled ""BEL receives orders worth Rs.1,385 Crore"".","27-Mar-2025 19:37:01","2025-03-27 19:37:01","27-Mar-2025 19:37:02","00:00:01","https://nsearchives.nseindia.com/corporate/BEL_27032025193632_NSEsigned.pdf"
"BEL","Bharat Electronics Limited","Trading Window","Bharat Electronics Limited has informed the Exchange regarding the Trading Window closure pursuant to SEBI (Prohibition of Insider Trading) Regulations, 2015","25-Mar-2025 14:34:11","2025-03-25 14:34:11","25-Mar-2025 14:34:12","00:00:01","https://nsearchives.nseindia.com/corporate/BEL_25032025143240_NSEsigned.pdf"
"BEL","Bharat Electronics Limited","General Updates","Bharat Electronics Limited has informed the Exchange about General Updates","18-Mar-2025 17:46:58","2025-03-18 17:46:58","18-Mar-2025 17:46:59","00:00:01","https://nsearchives.nseindia.com/corporate/BEL_18032025173531_NSEsigned.pdf"
"BEL","Bharat Electronics Limited","Updates","Bharat Electronics Limited has informed the Exchange regarding 'Date of payment of  Interim Dividend FY 2024-25'.","13-Mar-2025 18:05:46","2025-03-13 18:05:46","13-Mar-2025 18:05:47","00:00:01","https://nsearchives.nseindia.com/corporate/BEL_13032025180512_NSEsigned.pdf"
"BEL","Bharat Electronics Limited","Press Release","Bharat Electronics Limited has informed the Exchange regarding a press release dated March 12, 2025, titled ""BEL receives Rs.2,463 Crore order for Ashwini Radars from Indian Air Force. "".","12-Mar-2025 16:02:26","2025-03-12 16:02:26","12-Mar-2025 16:02:27","00:00:01","https://nsearchives.nseindia.com/corporate/BEL_12032025160123_NSE_PR_SIGNED_12032025.pdf"
"BEL","Bharat Electronics Limited","Press Release","Bharat Electronics Limited has informed the Exchange regarding a press release dated March 10, 2025, titled ""BEL receives orders worth Rs . 843 Crore"".","10-Mar-2025 18:56:19","2025-03-10 18:56:19","10-Mar-2025 18:56:20","00:00:01","https://nsearchives.nseindia.com/corporate/BEL_10032025185541_NSE_Signed.pdf"
"BEL","Bharat Electronics Limited","Press Release","Bharat Electronics Limited has informed the Exchange regarding a press release dated March 06, 2025, titled ""BEL receives orders worth Rs.577 Crore "".","06-Mar-2025 17:09:38","2025-03-06 17:09:38","06-Mar-2025 17:09:39","00:00:01","https://nsearchives.nseindia.com/corporate/BEL_06032025170704_NSE_PR_SIGNED.pdf"
"BEL","Bharat Electronics Limited","Record Date","Bharat Electronics Limited has informed the Exchange that Record date for the purpose of Dividend  is 11-Mar-2025.","05-Mar-2025 12:15:50","2025-03-05 12:15:50","05-Mar-2025 12:15:52","00:00:02","https://nsearchives.nseindia.com/corporate/BEL_05032025121141_NSE_RD_SIGNED.pdf"
"BEL","Bharat Electronics Limited","Dividend","Bharat Electronics Limited has informed the Exchange that Board of Directors at its meeting held on March 05, 2025, declared Interim Dividend of Rs. 1.50 per equity share.","05-Mar-2025 12:07:20","2025-03-05 12:07:20","05-Mar-2025 12:07:21","00:00:01","https://nsearchives.nseindia.com/corporate/BEL_05032025120146_NSE_DIV_SIGNED.pdf"
"BEL","Bharat Electronics Limited","Change in Management","Bharat Electronics Limited has informed the Exchange about change in Management","28-Feb-2025 17:29:43","2025-02-28 17:29:43","28-Feb-2025 17:29:44","00:00:01","https://nsearchives.nseindia.com/corporate/BEL_28022025172929_NSE_SIGNED.pdf"
"BEL","Bharat Electronics Limited","Trading Window","Bharat Electronics Limited has informed the Exchange regarding the Trading Window closure pursuant to SEBI (Prohibition of Insider Trading) Regulations, 2015","25-Feb-2025 16:17:47","2025-02-25 16:17:47","25-Feb-2025 16:17:48","00:00:01","https://nsearchives.nseindia.com/corporate/BEL_25022025161727_signedNSE.pdf"
"BEL","Bharat Electronics Limited","Credit Rating","Bharat Electronics Limited has informed the Exchange about Credit Rating","20-Feb-2025 18:04:58","2025-02-20 18:04:58","20-Feb-2025 18:04:59","00:00:01","https://nsearchives.nseindia.com/corporate/BEL_20022025180217_NSEsigned.pdf"
"BEL","Bharat Electronics Limited","Press Release","Bharat Electronics Limited has informed the Exchange regarding a press release dated February 20, 2025, titled ""BEL receives orders worth Rs.1292 Crore including Rs.1034 Crore order for SDR and DCT from Indian Coast Guard."".","20-Feb-2025 14:43:28","2025-02-20 14:43:28","20-Feb-2025 14:43:29","00:00:01","https://nsearchives.nseindia.com/corporate/BEL_20022025143938_NSEsigned.pdf"
"BEL","Bharat Electronics Limited","Press Release","Bharat Electronics Limited has informed the Exchange regarding a press release dated February 08, 2025, titled ""BEL receives orders worth Rs.962 Cr. including EOFCS order from Indian Navy. "".","08-Feb-2025 15:17:02","2025-02-08 15:17:02","08-Feb-2025 15:17:03","00:00:01","https://nsearchives.nseindia.com/corporate/BEL_08022025151556_NSEsigned.pdf"
"BEL","Bharat Electronics Limited","Cessation","Bharat Electronics Limited has informed the Exchange regarding Cessation of  Mrs Shyama Singh as Independent Director of the company w.e.f. February 07, 2025.","07-Feb-2025 10:52:16","2025-02-07 10:52:16","07-Feb-2025 10:52:17","00:00:01","https://nsearchives.nseindia.com/corporate/BEL_07022025105208_NSEsigned.pdf"
"BEL","Bharat Electronics Limited","Analysts/Institutional Investor Meet/Con. Call Updates","Bharat Electronics Limited has informed the Exchange about Transcript","03-Feb-2025 17:42:01","2025-02-03 17:42:01","03-Feb-2025 17:42:02","00:00:01","https://nsearchives.nseindia.com/corporate/BEL_03022025174126_NSEsigned.pdf"
"BEL","Bharat Electronics Limited","Retirement","Bharat Electronics Limited has informed the Exchange about Retirement of Senior Management.","03-Feb-2025 11:03:16","2025-02-03 11:03:16","03-Feb-2025 11:03:17","00:00:01","https://nsearchives.nseindia.com/corporate/BEL_03022025110050_NSESigned.pdf"
"BEL","Bharat Electronics Limited","Copy of Newspaper Publication","Bharat Electronics Limited has informed the Exchange about Copy of Newspaper Publication","31-Jan-2025 17:35:37","2025-01-31 17:35:37","31-Jan-2025 17:35:38","00:00:01","https://nsearchives.nseindia.com/corporate/BEL_31012025173516_NSE_NP_SIGNED.pdf"
"BEL","Bharat Electronics Limited","Analysts/Institutional Investor Meet/Con. Call Updates","Bharat Electronics Limited has informed the Exchange about Link of Recording","30-Jan-2025 19:33:43","2025-01-30 19:33:43","30-Jan-2025 19:33:44","00:00:01","https://nsearchives.nseindia.com/corporate/BEL_30012025193326_NSEsigned.pdf"
"BEL","Bharat Electronics Limited","Integrated Filing- Financial","Integrated Filing (Financials) for the quarter and Nine Months ended 31st December, 2024.","30-Jan-2025 14:41:34","2025-01-30 14:41:34","30-Jan-2025 14:41:35","00:00:01","https://nsearchives.nseindia.com/corporate/BEL_30012025144112_NSE_INTEGRATED_SIGNED.pdf"
"BEL","Bharat Electronics Limited","Outcome of Board Meeting","Bharat Electronics Limited has informed the Exchange regarding  Financial Results approved in Board meeting held on January 30, 2025.","30-Jan-2025 14:05:58","2025-01-30 14:05:58","30-Jan-2025 14:05:58","00:00:00","https://nsearchives.nseindia.com/corporate/BEL_30012025140548_NSE_SIGNED.pdf"
"BEL","Bharat Electronics Limited","Financial Result Updates"," Bharat Electronics Limited has submitted to the Exchange, the financial results for the period ended December 31, 2024.","30-Jan-2025 13:58:59","2025-01-30 13:58:59","30-Jan-2025 13:58:59","00:00:00","https://nsearchives.nseindia.com/corporate/NSE_SIGNED_30012025135859.pdf"
"BEL","Bharat Electronics Limited","Press Release","Bharat Electronics Limited has informed the Exchange regarding a press release dated January 28, 2025, titled ""BEL receives orders worth Rs. 531 Crores"".","28-Jan-2025 14:39:23","2025-01-28 14:39:23","28-Jan-2025 14:39:24","00:00:01","https://nsearchives.nseindia.com/corporate/BEL_28012025143851_NSEsigned.pdf"
"BEL","Bharat Electronics Limited","Analysts/Institutional Investor Meet/Con. Call Updates","Bharat Electronics Limited has informed the Exchange about Schedule of meet","24-Jan-2025 13:37:42","2025-01-24 13:37:42","24-Jan-2025 13:37:43","00:00:01","https://nsearchives.nseindia.com/corporate/BEL_24012025133350_INVESTORCALL_NSE_Signed.pdf"
"BEL","Bharat Electronics Limited","Cessation","Bharat Electronics Limited has informed the Exchange regarding Cessation of Mr Gokulan B as Non- Executive Independent Director of the company w.e.f. January 20, 2025.","20-Jan-2025 11:30:28","2025-01-20 11:30:28","20-Jan-2025 11:30:29","00:00:01","https://nsearchives.nseindia.com/corporate/BEL_20012025112914_NSESigned.pdf"
"BEL","Bharat Electronics Limited","Press Release","Bharat Electronics Limited has informed the Exchange regarding a press release dated January 13, 2025, titled ""BEL receives orders worth Rs. 561 crores"".","13-Jan-2025 15:50:08","2025-01-13 15:50:08","13-Jan-2025 15:50:09","00:00:01","https://nsearchives.nseindia.com/corporate/BEL_13012025154838_PressRelease_NSE_Signed.pdf"
"BEL","Bharat Electronics Limited","Certificate under SEBI (Depositories and Participants) Regulations, 2018","Bharat Electronics Limited has informed the Exchange about Certificate under SEBI (Depositories and Participants) Regulations, 2018","10-Jan-2025 17:54:01","2025-01-10 17:54:01","10-Jan-2025 17:54:02","00:00:01","https://nsearchives.nseindia.com/corporate/BEL_10012025175329_NSESigned.pdf"
"BEL","Bharat Electronics Limited","Change in Management","Bharat Electronics Limited has informed the Exchange about change in Management","01-Jan-2025 12:22:23","2025-01-01 12:22:23","01-Jan-2025 12:22:24","00:00:01","https://nsearchives.nseindia.com/corporate/BEL_01012025122009_SignedNSE.pdf"
"BEL","Bharat Electronics Limited","Change in Director(s)","Bharat Electronics Limited has informed the Exchange regarding Change in Director(s) of the company.","28-Dec-2024 09:13:46","2024-12-28 09:13:46","28-Dec-2024 09:13:47","00:00:01","https://nsearchives.nseindia.com/corporate/BEL_28122024091250_NSEsigned.pdf"
"BEL","Bharat Electronics Limited","Trading Window","Bharat Electronics Limited has informed the Exchange regarding the Trading Window closure pursuant to SEBI (Prohibition of Insider Trading) Regulations, 2015","27-Dec-2024 13:59:14","2024-12-27 13:59:14","27-Dec-2024 13:59:15","00:00:01","https://nsearchives.nseindia.com/corporate/BEL_27122024135832_SignedNSE.pdf"
"BEL","Bharat Electronics Limited","Press Release","Bharat Electronics Limited has informed the Exchange regarding a press release dated December 23, 2024, titled ""BEL receives orders worth Rs.973 Crores"".","23-Dec-2024 14:01:46","2024-12-23 14:01:46","23-Dec-2024 14:01:46","00:00:00","https://nsearchives.nseindia.com/corporate/BEL_23122024135830_SignedNSE.pdf"
"BEL","Bharat Electronics Limited","Press Release","Bharat Electronics Limited has informed the Exchange regarding a press release dated December 09, 2024, titled ""BEL receives orders worth Rs.634 Crores"".","09-Dec-2024 15:49:55","2024-12-09 15:49:55","09-Dec-2024 15:49:56","00:00:01","https://nsearchives.nseindia.com/corporate/BEL_09122024154955_SignedNSE.pdf"
"BEL","Bharat Electronics Limited","Press Release","Bharat Electronics Limited has informed the Exchange regarding a press release dated November 08, 2024, titled ""BEL secures additional orders of more than Rs. 500 Cr. "".","08-Nov-2024 14:50:09","2024-11-08 14:50:09","08-Nov-2024 14:50:09","00:00:00","https://nsearchives.nseindia.com/corporate/BEL_08112024145009_SignedNSE_PRESS_RELEASE_08112024.pdf"
"BEL","Bharat Electronics Limited","Retirement","Bharat Electronics Limited has informed the Exchange about change in senior management","30-Oct-2024 15:17:26","2024-10-30 15:17:26","30-Oct-2024 15:17:27","00:00:01","https://nsearchives.nseindia.com/corporate/BEL_30102024151726_SignedNSE.pdf"
"BEL","Bharat Electronics Limited","Analysts/Institutional Investor Meet/Con. Call Updates","Bharat Electronics Limited has informed the Exchange about Transcript","29-Oct-2024 16:40:00","2024-10-29 16:40:00","29-Oct-2024 16:40:01","00:00:01","https://nsearchives.nseindia.com/corporate/BEL_29102024164000_SignedNSE.pdf"
"BEL","Bharat Electronics Limited","Analysts/Institutional Investor Meet/Con. Call Updates","Bharat Electronics Limited has informed the Exchange about Link of Recording","28-Oct-2024 18:46:49","2024-10-28 18:46:49","28-Oct-2024 18:46:49","00:00:00","https://nsearchives.nseindia.com/corporate/BEL_28102024184649_SignedNSE.pdf"
"BEL","Bharat Electronics Limited","Copy of Newspaper Publication","Bharat Electronics Limited has informed the Exchange about Copy of Newspaper Publication","28-Oct-2024 18:39:02","2024-10-28 18:39:02","28-Oct-2024 18:39:02","00:00:00","https://nsearchives.nseindia.com/corporate/BEL_28102024183902_SignedNSE.pdf"
"BEL","Bharat Electronics Limited","Analysts/Institutional Investor Meet/Con. Call Updates","Bharat Electronics Limited has informed the Exchange about Schedule of meet","28-Oct-2024 09:51:57","2024-10-28 09:51:57","28-Oct-2024 09:51:57","00:00:00","https://nsearchives.nseindia.com/corporate/BEL_28102024095157_SignedNSE.pdf"
"BEL","Bharat Electronics Limited","Financial Result Updates"," Bharat Electronics Limited has submitted to the Exchange, the financial results for the period ended September 30, 2024.","25-Oct-2024 13:35:44","2024-10-25 13:35:44","25-Oct-2024 13:35:44","00:00:00","https://nsearchives.nseindia.com/corporate/SignedNSE_25102024133544.pdf"
"BEL","Bharat Electronics Limited","Analysts/Institutional Investor Meet/Con. Call Updates","Bharat Electronics Limited has informed the Exchange about Schedule of Conference Call with Investors for Discussion on Financial Results for the quarter and half year ended 30th September,2024.","25-Oct-2024 12:35:08","2024-10-25 12:35:08","25-Oct-2024 12:35:09","00:00:01","https://nsearchives.nseindia.com/corporate/BEL_25102024123508_SignedNSE.pdf"
"BEL","Bharat Electronics Limited","Appointment","Bharat Electronics Limited has informed the Exchange regarding Appointment of  Mr. Srinivas as General Manager ( Arms & Ammunition) of the company w.e.f. October 16, 2024.","16-Oct-2024 16:14:08","2024-10-16 16:14:08","16-Oct-2024 16:14:09","00:00:01","https://nsearchives.nseindia.com/corporate/BEL_16102024161408_NSE_INT_CHANGE_SMP.pdf"
"BEL","Bharat Electronics Limited","Appointment","Bharat Electronics Limited has informed the Exchange regarding Appointment of  M/s Rao & Emmar, Chartered Accountants as Statutory Auditors of the company w.e.f. September 19, 2024 for the financial year 2024-25.","15-Oct-2024 17:18:57","2024-10-15 17:18:57","15-Oct-2024 17:18:58","00:00:01","https://nsearchives.nseindia.com/corporate/BEL_15102024171857_SignedNSE_INT_AUDITOR_APPOINTMENT.pdf"
"BEL","Bharat Electronics Limited","Certificate under SEBI (Depositories and Participants) Regulations, 2018","Bharat Electronics Limited has informed the Exchange about Certificate under SEBI (Depositories and Participants) Regulations, 2018","10-Oct-2024 16:49:19","2024-10-10 16:49:19","10-Oct-2024 16:49:20","00:00:01","https://nsearchives.nseindia.com/corporate/BEL_10102024164919_SignedNSE.pdf"
"BEL","Bharat Electronics Limited","Press Release","Bharat Electronics Limited has informed the Exchange regarding a press release dated October 07, 2024, titled ""BEL receives orders worth more than Rs.500 Crores"".","07-Oct-2024 16:54:40","2024-10-07 16:54:40","07-Oct-2024 16:54:41","00:00:01","https://nsearchives.nseindia.com/corporate/BEL_07102024165441_SignedNSE.pdf"
"BEL","Bharat Electronics Limited","General Updates","Bharat Electronics Limited has informed the Exchange about General Updates","27-Sep-2024 17:28:51","2024-09-27 17:28:51","27-Sep-2024 17:28:52","00:00:01","https://nsearchives.nseindia.com/corporate/BEL_27092024172851_SignedJointVenture_Intimation_NSE.pdf"
"BEL","Bharat Electronics Limited","Trading Window","Bharat Electronics Limited has informed the Exchange regarding the Trading Window closure pursuant to SEBI (Prohibition of Insider Trading) Regulations, 2015","25-Sep-2024 18:17:51","2024-09-25 18:17:51","25-Sep-2024 18:17:52","00:00:01","https://nsearchives.nseindia.com/corporate/BEL_25092024181751_SignedNSE.pdf"
"BEL","Bharat Electronics Limited","News Verification","The Exchange has sought clarification from Bharat Electronics Limited with respect to recent news item captioned Bharat Electronics Signs Agreement With Reliasat To Collaborate On Space Products.  The response from the Company is attached.","25-Sep-2024 12:07:03","2024-09-25 12:07:03","25-Sep-2024 12:07:04","00:00:01","https://nsearchives.nseindia.com/corporate/BEL_25092024120703_SignedNSE.pdf"
"BEL","Bharat Electronics Limited","News Verification","The Exchange has sought clarification from Bharat Electronics Limited with respect to recent news item captioned Bharat Electronics Signs Agreement With Reliasat To Collaborate On Space Products.  The response from the Company is awaited.","20-Sep-2024 18:15:52","2024-09-20 18:15:52","20-Sep-2024 18:15:52","00:00:00","-"
"BEL","Bharat Electronics Limited","Change in Director(s)","Bharat Electronics Limited has informed the Exchange regarding Change in Director(s) of the company.","11-Sep-2024 17:54:37","2024-09-11 17:54:37","11-Sep-2024 17:54:38","00:00:01","https://nsearchives.nseindia.com/corporate/BEL_11092024175437_SignedNSE.pdf"
"BEL","Bharat Electronics Limited","Press Release","Bharat Electronics Limited has informed the Exchange regarding a press release dated September 11, 2024, titled ""BEL receives orders worth Rs.1,155 Crores."".","11-Sep-2024 14:56:11","2024-09-11 14:56:11","11-Sep-2024 14:56:13","00:00:02","https://nsearchives.nseindia.com/corporate/BEL_11092024145612_SignedNSE.pdf"
"BEL","Bharat Electronics Limited","Date of payment of dividend","Bharat Electronics Limited has informed the Exchange about Date of payment of dividend","05-Sep-2024 17:40:02","2024-09-05 17:40:02","05-Sep-2024 17:40:03","00:00:01","https://nsearchives.nseindia.com/corporate/BEL_05092024174002_SignedNSE.pdf"
"BEL","Bharat Electronics Limited","Change in Management","Bharat Electronics Limited has informed the Exchange about change in Management","30-Aug-2024 17:31:57","2024-08-30 17:31:57","30-Aug-2024 17:31:58","00:00:01","https://nsearchives.nseindia.com/corporate/BEL_30082024173157_SignedNSE.pdf"
"BEL","Bharat Electronics Limited","Shareholders meeting","Bharat Electronics Limited has submitted the Exchange a copy Srutinizers report of  Annual General Meeting held on August 28, 2024. Further, the company has informed the Exchange regarding voting results.","29-Aug-2024 18:10:05","2024-08-29 18:10:05","29-Aug-2024 18:10:06","00:00:01","https://nsearchives.nseindia.com/corporate/BEL_29082024181005_SIGNED_VOTING_RESULTSNSE.pdf"
"BEL","Bharat Electronics Limited","Shareholders meeting","Bharat Electronics Limited has informed the Exchange regarding Proceedings of Annual General Meeting held on August 28, 2024","28-Aug-2024 18:20:24","2024-08-28 18:20:24","28-Aug-2024 18:20:25","00:00:01","https://nsearchives.nseindia.com/corporate/BEL_28082024182024_SignedProceedingsNSE.pdf"
"BEL","Bharat Electronics Limited","Press Release","Bharat Electronics Limited has informed the Exchange regarding a press release dated August 22, 2024, titled ""BEL receives orders worth Rs 695 Crore"".","22-Aug-2024 15:18:18","2024-08-22 15:18:18","22-Aug-2024 15:18:18","00:00:00","https://nsearchives.nseindia.com/corporate/BEL_22082024151818_NSE_22082024.pdf"
"BEL","Bharat Electronics Limited","Change in Director(s)","Bharat Electronics Limited has informed the Exchange regarding Change in Director(s) of the company.","10-Aug-2024 16:27:57","2024-08-10 16:27:57","10-Aug-2024 16:27:58","00:00:01","https://nsearchives.nseindia.com/corporate/BEL_10082024162757_Coveringletter_NSE.pdf"
"BEL","Bharat Electronics Limited","Copy of Newspaper Publication","Bharat Electronics Limited has informed the Exchange about Copy of Newspaper Publication","06-Aug-2024 17:38:04","2024-08-06 17:38:04","06-Aug-2024 17:38:06","00:00:02","https://nsearchives.nseindia.com/corporate/BEL_06082024173804_Signed_NSE.pdf"
"BEL","Bharat Electronics Limited","Updates","Bharat Electronics Limited has informed the Exchange regarding 'BRSR Report'.","05-Aug-2024 20:46:16","2024-08-05 20:46:16","05-Aug-2024 20:46:17","00:00:01","https://nsearchives.nseindia.com/corporate/BEL_05082024204616_SignedNSE.pdf"
"BEL","Bharat Electronics Limited","Shareholders meeting","Bharat Electronics Limited has informed the Exchange regarding Notice of Annual General Meeting to be held on August 28, 2024","05-Aug-2024 19:09:23","2024-08-05 19:09:23","05-Aug-2024 19:09:24","00:00:01","https://nsearchives.nseindia.com/corporate/BEL_05082024190923_SignedNSE.pdf"
"BEL","Bharat Electronics Limited","Book Closure","Bharat Electronics Limited has informed the Exchange that Register of Members & Share Transfer Books of the Company will remain closed from 16-Aug-2024 to 18-Aug-2024 for the purpose of Dividend & Meeting.","02-Aug-2024 16:42:29","2024-08-02 16:42:29","02-Aug-2024 16:42:30","00:00:01","https://nsearchives.nseindia.com/corporate/BEL_02082024164229_SignedBOOK_CLOSURE_NSE.pdf"
"BEL","Bharat Electronics Limited","Analysts/Institutional Investor Meet/Con. Call Updates","Bharat Electronics Limited has informed the Exchange about Transcript","01-Aug-2024 18:42:16","2024-08-01 18:42:16","01-Aug-2024 18:42:16","00:00:00","https://nsearchives.nseindia.com/corporate/BEL_01082024184216_Transcript_NSE.pdf"
"BEL","Bharat Electronics Limited","Analysts/Institutional Investor Meet/Con. Call Updates","Bharat Electronics Limited has informed the Exchange about Transcript","01-Aug-2024 18:22:48","2024-08-01 18:22:48","01-Aug-2024 18:22:49","00:00:01","https://nsearchives.nseindia.com/corporate/BEL_01082024182248_Transcript_NSE.pdf"
"BEL","Bharat Electronics Limited","Change in Management","Bharat Electronics Limited has informed the Exchange about change in Management","31-Jul-2024 18:36:14","2024-07-31 18:36:14","31-Jul-2024 18:36:15","00:00:01","https://nsearchives.nseindia.com/corporate/BEL_31072024183614_SignedNSE.pdf"
"BEL","Bharat Electronics Limited","Analysts/Institutional Investor Meet/Con. Call Updates","Bharat Electronics Limited has informed the Exchange about Link of Recording","29-Jul-2024 19:51:18","2024-07-29 19:51:18","29-Jul-2024 19:51:18","00:00:00","https://nsearchives.nseindia.com/corporate/BEL_29072024195118_SignedNSE.pdf"
"BEL","Bharat Electronics Limited","Financial Result Updates"," Bharat Electronics Limited has submitted to the Exchange, the financial results for the period ended June 30, 2024.","29-Jul-2024 14:01:33","2024-07-29 14:01:33","29-Jul-2024 14:01:33","00:00:00","https://nsearchives.nseindia.com/corporate/SignedNSE_29072024140133.pdf"
"BEL","Bharat Electronics Limited","Analysts/Institutional Investor Meet/Con. Call Updates","Bharat Electronics Limited has informed the Exchange about Schedule of meet","29-Jul-2024 09:23:15","2024-07-29 09:23:15","29-Jul-2024 09:23:16","00:00:01","https://nsearchives.nseindia.com/corporate/BEL_29072024092315_SignedNSE.pdf"
"BEL","Bharat Electronics Limited","Press Release","Bharat Electronics Limited has informed the Exchange regarding a press release dated July 12, 2024, titled ""BEL receives export orders worth Euro 25.75 Million"".","12-Jul-2024 15:00:37","2024-07-12 15:00:37","12-Jul-2024 15:00:38","00:00:01","https://nsearchives.nseindia.com/corporate/BEL_12072024150037_SignedNSE.pdf"
"BEL","Bharat Electronics Limited","Certificate under SEBI (Depositories and Participants) Regulations, 2018","Bharat Electronics Limited has informed the Exchange about Certificate under SEBI (Depositories and Participants) Regulations, 2018","10-Jul-2024 16:42:35","2024-07-10 16:42:35","10-Jul-2024 16:42:36","00:00:01","https://nsearchives.nseindia.com/corporate/BEL_10072024164235_SignedNSE.pdf"
"BEL","Bharat Electronics Limited","Change in Management","Bharat Electronics Limited has informed the Exchange about change in Management","01-Jul-2024 11:43:37","2024-07-01 11:43:37","01-Jul-2024 11:43:38","00:00:01","https://nsearchives.nseindia.com/corporate/BEL_01072024114337_SignedNSE.pdf"
"BEL","Bharat Electronics Limited","Press Release","Bharat Electronics Limited has informed the Exchange regarding a press release dated Jun 28, 2024, titled ""BEL receives orders worth Rs.3,172 Crores"".","28-Jun-2024 15:28:58","2024-06-28 15:28:58","28-Jun-2024 15:28:59","00:00:01","https://nsearchives.nseindia.com/corporate/BEL_28062024152858_SignedNSE.pdf"
"BEL","Bharat Electronics Limited","Trading Window","Bharat Electronics Limited has informed the Exchange regarding the Trading Window closure pursuant to SEBI (Prohibition of Insider Trading) Regulations, 2015","26-Jun-2024 15:08:04","2024-06-26 15:08:04","26-Jun-2024 15:08:05","00:00:01","https://nsearchives.nseindia.com/corporate/BEL_26062024150804_SignedNSE.pdf"
"BEL","Bharat Electronics Limited","Reply to Clarification- Financial results","The Exchange had sought clarification from Bharat Electronics Limited for the quarter ended 31-Mar-2024 with respect to Regulation 33 of the SEBI (Listing Obligations and Disclosure Requirements) Regulations, 2015. On basis of above the Company was required to clarify the following:   -1. The company has not submitted the Statement of Modified Opinion or in case of unmodified opinion(s), a declaration to that effect to the Stock Exchange. The response of the Company is enclosed.","21-Jun-2024 19:10:04","2024-06-21 19:10:04","21-Jun-2024 19:10:05","00:00:01","https://nsearchives.nseindia.com/corporate/BEL_21062024191004_1SignedNSE.pdf"
"BEL","Bharat Electronics Limited","Appointment","Bharat Electronics Limited has informed the Exchange regarding Appointment of Mr Manoj Jain as Chairman & Managing Director of the company w.e.f. Jun 20, 2024.","20-Jun-2024 13:59:44","2024-06-20 13:59:44","20-Jun-2024 13:59:45","00:00:01","https://nsearchives.nseindia.com/corporate/BEL_20062024135944_SignedNSE.pdf"
"BEL","Bharat Electronics Limited","Clarification - Financial Results","The Exchange has sought clarification from Bharat Electronics Limited for the quarter ended 31-Mar-2024 with respect to Regulation 33 of the SEBI (Listing Obligations and Disclosure Requirements) Regulations, 2015. On basis of above the Company is required to clarify the following:  -1. The company has not submitted the Statement of Modified Opinion or in case of unmodified opinion(s), a declaration to that effect to the Stock Exchange. The response of the Company is awaited.","06-Jun-2024 09:27:57","2024-06-06 09:27:57","06-Jun-2024 09:27:58","00:00:01","-"
"BEL","Bharat Electronics Limited","Analysts/Institutional Investor Meet/Con. Call Updates","Bharat Electronics Limited has informed the Exchange about Transcript","24-May-2024 18:05:41","2024-05-24 18:05:41","24-May-2024 18:05:42","00:00:01","https://nsearchives.nseindia.com/corporate/BEL_24052024180541_NSignedSE.pdf"
"BEL","Bharat Electronics Limited","Analysts/Institutional Investor Meet/Con. Call Updates","Bharat Electronics Limited has informed the Exchange about Link of Recording","22-May-2024 16:02:03","2024-05-22 16:02:03","22-May-2024 16:02:03","00:00:00","https://nsearchives.nseindia.com/corporate/BEL_22052024160203_SignedNSE.pdf"
"BEL","Bharat Electronics Limited","Press Release","Bharat Electronics Limited has informed the Exchange regarding a press release dated May 22, 2024, titled ""BEL wins orders worth Rs.1,150 Crores"".","22-May-2024 14:55:11","2024-05-22 14:55:11","22-May-2024 14:55:12","00:00:01","https://nsearchives.nseindia.com/corporate/BEL_22052024145511_SignedNSE.pdf"
"BEL","Bharat Electronics Limited","Copy of Newspaper Publication","Bharat Electronics Limited has informed the Exchange about Copy of Newspaper Publication","21-May-2024 14:27:40","2024-05-21 14:27:40","21-May-2024 14:27:40","00:00:00","https://nsearchives.nseindia.com/corporate/BEL_21052024142740_SignedNSE.pdf"
"BEL","Bharat Electronics Limited","Updates","Bharat Electronics Limited has informed the Exchange regarding 'Appointment of Cost Auditor.'.","20-May-2024 19:49:21","2024-05-20 19:49:21","20-May-2024 19:49:21","00:00:00","https://nsearchives.nseindia.com/corporate/BEL_20052024194921_SignedNSE.pdf"
"BEL","Bharat Electronics Limited","Dividend","Bharat Electronics Limited has informed the Exchange that Board of Directors at its meeting held on May 20, 2024, recommended Final Dividend of 0.80 per equity share.","20-May-2024 18:14:25","2024-05-20 18:14:25","20-May-2024 18:14:26","00:00:01","https://nsearchives.nseindia.com/corporate/BEL_20052024181425_SignedNSE.pdf"
"BEL","Bharat Electronics Limited","Financial Result Updates","Bharat Electronics Limited has submitted to the Exchange, the financial results for the period ended March 31, 2024.","20-May-2024 18:10:05","2024-05-20 18:10:05","20-May-2024 18:10:10","00:00:05","https://nsearchives.nseindia.com/corporate/SignedNSE_20052024181005.pdf"
"BEL","Bharat Electronics Limited","Analysts/Institutional Investor Meet/Con. Call Updates","Bharat Electronics Limited has informed the Exchange about Schedule of meet","17-May-2024 15:33:10","2024-05-17 15:33:10","17-May-2024 15:33:15","00:00:05","https://nsearchives.nseindia.com/corporate/BEL_17052024153310_SignedNSE.pdf"
"BEL","Bharat Electronics Limited","Change in Management","Bharat Electronics Limited has informed the Exchange about change in Management","30-Apr-2024 17:44:37","2024-04-30 17:44:37","30-Apr-2024 17:44:54","00:00:17","https://nsearchives.nseindia.com/corporate/BEL_30042024174437_NSE_ChangeSM_30042024_1.pdf"
"BEL","Bharat Electronics Limited","Certificate under SEBI (Depositories and Participants) Regulations, 2018","Bharat Electronics Limited has informed the Exchange about Certificate under SEBI (Depositories and Participants) Regulations, 2018","12-Apr-2024 17:54:05","2024-04-12 17:54:05","12-Apr-2024 17:54:12","00:00:07","https://nsearchives.nseindia.com/corporate/BEL_12042024175405_SignedNSE.pdf"
"BEL","Bharat Electronics Limited","Credit Rating","Bharat Electronics Limited has informed the Exchange about Credit Rating","10-Apr-2024 19:12:18","2024-04-10 19:12:18","10-Apr-2024 19:12:23","00:00:05","https://nsearchives.nseindia.com/corporate/BEL_10042024191218_SignedNSE.pdf"
"BEL","Bharat Electronics Limited","Press Release","Bharat Electronics Limited has informed the Exchange regarding a press release dated April 01, 2024, titled ""Press_Release_Turnover"".","01-Apr-2024 15:12:47","2024-04-01 15:12:47","01-Apr-2024 15:12:53","00:00:06","https://nsearchives.nseindia.com/corporate/BEL_01042024151247_NSE_01042024_F.pdf"
"BEL","Bharat Electronics Limited","Trading Window","Bharat Electronics Limited has informed the Exchange regarding the Trading Window closure pursuant to SEBI (Prohibition of Insider Trading) Regulations, 2015","28-Mar-2024 16:08:25","2024-03-28 16:08:25","28-Mar-2024 16:08:31","00:00:06","https://nsearchives.nseindia.com/corporate/BEL_28032024160825_NSE_28032024_2.pdf"
"BEL","Bharat Electronics Limited","Dividend","Bharat Electronics Limited has informed the Exchange that Board of Directors at its meeting held on March 15, 2024, declared Second Interim Dividend of 0.70 per equity share.","15-Mar-2024 17:08:01","2024-03-15 17:08:01","15-Mar-2024 17:08:07","00:00:06","https://nsearchives.nseindia.com/corporate/BEL_15032024170801_SignedNSE.pdf"
"BEL","Bharat Electronics Limited","Press Release","Bharat Electronics Limited has informed the Exchange regarding a press release dated March 14, 2024, titled ""BEL receives orders worth Rs.1,940.35 Cr"".","14-Mar-2024 15:19:16","2024-03-14 15:19:16","14-Mar-2024 15:19:28","00:00:12","https://nsearchives.nseindia.com/corporate/BEL_14032024151916_SignedNSE.pdf"
"BEL","Bharat Electronics Limited","Record Date","Bharat Electronics Limited has informed the Exchange that Record date for the purpose of second interim dividend  is 23-Mar-2024.","07-Mar-2024 16:16:54","2024-03-07 16:16:54","07-Mar-2024 16:16:59","00:00:05","https://nsearchives.nseindia.com/corporate/BEL_07032024161655_SignedNSE.pdf"
"BEL","Bharat Electronics Limited","Trading Window","Bharat Electronics Limited has informed the Exchange regarding the Trading Window closure pursuant to SEBI (Prohibition of Insider Trading) Regulations, 2015","07-Mar-2024 15:29:19","2024-03-07 15:29:19","07-Mar-2024 15:29:26","00:00:07","https://nsearchives.nseindia.com/corporate/BEL_07032024152919_SignedNSE.pdf"
"BEL","Bharat Electronics Limited","Change in Management","Bharat Electronics Limited has informed the Exchange about change in Management","01-Mar-2024 12:43:59","2024-03-01 12:43:59","01-Mar-2024 12:44:06","00:00:07","https://nsearchives.nseindia.com/corporate/BEL_01032024124359_SignedNSE.pdf"
"BEL","Bharat Electronics Limited","Credit Rating","Bharat Electronics Limited has informed the Exchange about Credit Rating","21-Feb-2024 18:21:54","2024-02-21 18:21:54","21-Feb-2024 18:22:04","00:00:10","https://nsearchives.nseindia.com/corporate/BEL_21022024182154_SignedNSE.pdf"
"BEL","Bharat Electronics Limited","Press Release","Bharat Electronics Limited has informed the Exchange regarding a press release dated February 13, 2024, titled "" BEL receives orders worth Rs.2282.06 Crs "".","13-Feb-2024 17:45:16","2024-02-13 17:45:16","13-Feb-2024 17:45:26","00:00:10","https://nsearchives.nseindia.com/corporate/BEL_13022024174516_SignedNSE.pdf"
"BEL","Bharat Electronics Limited","Date of payment of dividend","Bharat Electronics Limited has informed the Exchange about Date of payment of dividend","12-Feb-2024 16:44:26","2024-02-12 16:44:26","12-Feb-2024 16:44:39","00:00:13","https://nsearchives.nseindia.com/corporate/BEL_12022024164426_SignedNSE.pdf"
"BEL","Bharat Electronics Limited","Loss of Share Certificates","Bharat Electronics Limited has informed the Exchange about Loss of Share Certificates","06-Feb-2024 18:10:23","2024-02-06 18:10:23","06-Feb-2024 18:10:28","00:00:05","https://nsearchives.nseindia.com/corporate/BEL_06022024181023_SignedNSE.pdf"
"BEL","Bharat Electronics Limited","Analysts/Institutional Investor Meet/Con. Call Updates","Bharat Electronics Limited has informed the Exchange about Transcript","02-Feb-2024 17:53:10","2024-02-02 17:53:10","02-Feb-2024 17:53:17","00:00:07","https://nsearchives.nseindia.com/corporate/BEL_02022024175310_SignedNSE.pdf"
"BEL","Bharat Electronics Limited","Analysts/Institutional Investor Meet/Con. Call Updates","Bharat Electronics Limited has informed the Exchange about Link of Recording","31-Jan-2024 14:49:34","2024-01-31 14:49:34","31-Jan-2024 14:49:39","00:00:05","https://nsearchives.nseindia.com/corporate/BEL_31012024144934_SignedNSE.pdf"
"BEL","Bharat Electronics Limited","Copy of Newspaper Publication","Bharat Electronics Limited has informed the Exchange about Copy of Newspaper Publication","31-Jan-2024 13:56:02","2024-01-31 13:56:02","31-Jan-2024 13:56:10","00:00:08","https://nsearchives.nseindia.com/corporate/BEL_31012024135602_SignedNSE.pdf"
"BEL","Bharat Electronics Limited","Press Release","Bharat Electronics Limited has informed the Exchange regarding a press release dated January 30, 2024, titled ""BEL wins orders worth Rs 847 Cr"".","30-Jan-2024 14:37:58","2024-01-30 14:37:58","30-Jan-2024 14:38:04","00:00:06","https://nsearchives.nseindia.com/corporate/BEL_30012024143758_NSE_PR_30012024.pdf"
"BEL","Bharat Electronics Limited","Record Date","Bharat Electronics Limited has informed the Exchange that Record date for the purpose of payment of Interim Dividend for the FY 2023-24 is 10-Feb-2024.","29-Jan-2024 14:04:14","2024-01-29 14:04:14","29-Jan-2024 14:04:22","00:00:08","https://nsearchives.nseindia.com/corporate/BEL_29012024140414_SignedNSE.pdf"
"BEL","Bharat Electronics Limited","Dividend","Bharat Electronics Limited has informed the Exchange that Board of Directors at its meeting held on January 29, 2024, declared Interim Dividend of 0.70 per equity share.","29-Jan-2024 13:49:28","2024-01-29 13:49:28","29-Jan-2024 13:49:34","00:00:06","https://nsearchives.nseindia.com/corporate/BEL_29012024134928_SignedNSE.pdf"
"BEL","Bharat Electronics Limited","Financial Result Updates","Bharat Electronics Limited has submitted to the Exchange, the financial results for the period ended December 31, 2023.","29-Jan-2024 13:41:13","2024-01-29 13:41:13","29-Jan-2024 13:41:18","00:00:05","https://nsearchives.nseindia.com/corporate/SignedNSE_29012024134113.pdf"
"BEL","Bharat Electronics Limited","Analysts/Institutional Investor Meet/Con. Call Updates","Bharat Electronics Limited has informed the Exchange about Schedule of meet","25-Jan-2024 11:17:15","2024-01-25 11:17:15","25-Jan-2024 11:17:20","00:00:05","https://nsearchives.nseindia.com/corporate/BEL_25012024111715_SignedNSE.pdf"
"BEL","Bharat Electronics Limited","Press Release","Bharat Electronics Limited has informed the Exchange regarding a press release dated January 17, 2024, titled ""BEL receives orders worth Rs.1034.31 Crore"".","17-Jan-2024 14:48:17","2024-01-17 14:48:17","17-Jan-2024 14:48:22","00:00:05","https://nsearchives.nseindia.com/corporate/BEL_17012024144817_SignedNSE.pdf"
"BEL","Bharat Electronics Limited","Loss of Share Certificates","Bharat Electronics Limited has informed the Exchange about Loss of Share Certificates","09-Jan-2024 16:30:27","2024-01-09 16:30:27","09-Jan-2024 16:30:35","00:00:08","https://nsearchives.nseindia.com/corporate/BEL_09012024163027_SignedNSE.pdf"
"BEL","Bharat Electronics Limited","Updates","Bharat Electronics Limited has informed the Exchange regarding 'Certificate u/r 74(5) of SEBI (DP) Regulations '.","05-Jan-2024 20:18:20","2024-01-05 20:18:20","05-Jan-2024 20:18:27","00:00:07","https://nsearchives.nseindia.com/corporate/BEL_05012024201820_SignedNSE.pdf"
"BEL","Bharat Electronics Limited","Change in Management","Bharat Electronics Limited has informed the Exchange about change in Management","01-Jan-2024 11:51:58","2024-01-01 11:51:58","01-Jan-2024 11:52:06","00:00:08","https://nsearchives.nseindia.com/corporate/BEL_01012024115158_SignedNSE.pdf"
"BEL","Bharat Electronics Limited","Trading Window","Bharat Electronics Limited has informed the Exchange regarding the Trading Window closure pursuant to SEBI (Prohibition of Insider Trading) Regulations, 2015","28-Dec-2023 15:20:45","2023-12-28 15:20:45","28-Dec-2023 15:20:51","00:00:06","https://nsearchives.nseindia.com/corporate/BEL_28122023152045_SignedNSE.pdf"
"BEL","Bharat Electronics Limited","Press Release","Bharat Electronics Limited has informed the Exchange regarding a press release dated December 26, 2023, titled ""BEL receives orders worth Rs.678 Crores"".","26-Dec-2023 12:26:26","2023-12-26 12:26:26","26-Dec-2023 12:26:32","00:00:06","https://nsearchives.nseindia.com/corporate/BEL_26122023122626_SignedNSE.pdf"
"BEL","Bharat Electronics Limited","Press Release","Bharat Electronics Limited has informed the Exchange regarding a press release dated December 22, 2023, titled ""Press Release"".","22-Dec-2023 12:39:27","2023-12-22 12:39:27","22-Dec-2023 12:39:32","00:00:05","https://nsearchives.nseindia.com/corporate/BEL_22122023123927_NSE_22122023.pdf"
"BEL","Bharat Electronics Limited","Press Release","BEL receives orders worth Rs 4,878 Crores","15-Dec-2023 14:29:18","2023-12-15 14:29:18","15-Dec-2023 14:29:23","00:00:05","https://nsearchives.nseindia.com/corporate/BEL_15122023142918_NSE_15122023.pdf"
"BEL","Bharat Electronics Limited","Press Release","Bharat Electronics Limited has informed the Exchange regarding a press release dated December 06, 2023, titled ""BEL receives orders worth Rs.3,915 Crore "".","06-Dec-2023 17:16:39","2023-12-06 17:16:39","06-Dec-2023 17:16:43","00:00:04","https://nsearchives.nseindia.com/corporate/BEL_06122023171639_SignedNSE.pdf"
"BEL","Bharat Electronics Limited","Updates","Bharat Electronics Limited has informed the Exchange regarding ''.","23-Nov-2023 16:20:58","2023-11-23 16:20:58","23-Nov-2023 16:21:04","00:00:06","https://nsearchives.nseindia.com/corporate/BEL_23112023162058_SignedNSE.pdf"
"BEL","Bharat Electronics Limited","Analysts/Institutional Investor Meet/Con. Call Updates","Bharat Electronics Limited has informed the Exchange about Transcript","06-Nov-2023 13:01:44","2023-11-06 13:01:44","06-Nov-2023 13:01:58","00:00:14","https://nsearchives.nseindia.com/corporate/BEL_06112023130144_SignedNSE.pdf"
"BEL","Bharat Electronics Limited","Analysts/Institutional Investor Meet/Con. Call Updates","Bharat Electronics Limited has informed the Exchange about Link of Recording","31-Oct-2023 17:25:57","2023-10-31 17:25:57","31-Oct-2023 17:26:04","00:00:07","https://nsearchives.nseindia.com/corporate/BEL_31102023172557_signedNSE.pdf"
"BEL","Bharat Electronics Limited","Copy of Newspaper Publication","Bharat Electronics Limited has informed the Exchange about Copy of Newspaper Publication","30-Oct-2023 16:23:48","2023-10-30 16:23:48","30-Oct-2023 16:23:59","00:00:11","https://nsearchives.nseindia.com/corporate/BEL_30102023162348_SignedNSE.pdf"
"BEL","Bharat Electronics Limited","Related Party Transactions","Bharat Electronics Limited has informed the Exchange about related Party Transactions","28-Oct-2023 14:25:05","2023-10-28 14:25:05","28-Oct-2023 14:25:12","00:00:07","https://nsearchives.nseindia.com/corporate/BEL_28102023142505_NSE_1.pdf"
"BEL","Bharat Electronics Limited","Financial Result Updates","Bharat Electronics Limited has submitted to the Exchange, the financial results for the period ended September 30, 2023.","28-Oct-2023 12:29:09","2023-10-28 12:29:09","28-Oct-2023 12:29:14","00:00:05","https://nsearchives.nseindia.com/corporate/NSE_28102023122909.pdf"
"BEL","Bharat Electronics Limited","Analysts/Institutional Investor Meet/Con. Call Updates","Bharat Electronics Limited has informed the Exchange about Schedule of Conference Call","26-Oct-2023 13:34:38","2023-10-26 13:34:38","26-Oct-2023 13:34:48","00:00:10","https://nsearchives.nseindia.com/corporate/BEL_26102023133438_SignedNSE.pdf"
"BEL","Bharat Electronics Limited","Updates","Bharat Electronics Limited has informed the Exchange regarding 'Intimation of Appointment of Statutory Auditors.'.","12-Oct-2023 18:08:14","2023-10-12 18:08:14","12-Oct-2023 18:08:18","00:00:04","https://nsearchives.nseindia.com/corporate/BEL_12102023180814_signedNSE.pdf"
"BEL","Bharat Electronics Limited","Certificate under SEBI (Depositories and Participants) Regulations, 2018","Bharat Electronics Limited has informed the Exchange about Certificate under SEBI (Depositories and Participants) Regulations, 2018","10-Oct-2023 17:41:14","2023-10-10 17:41:14","10-Oct-2023 17:41:20","00:00:06","https://nsearchives.nseindia.com/corporate/BEL_10102023174114_NSE_DSC.pdf"
"BEL","Bharat Electronics Limited","Trading Window","Bharat Electronics Limited has informed the Exchange regarding the Trading Window closure pursuant to SEBI (Prohibition of Insider Trading) Regulations, 2015","28-Sep-2023 18:09:00","2023-09-28 18:09:00","28-Sep-2023 18:09:05","00:00:05","https://nsearchives.nseindia.com/corporate/BEL_28092023180900_NSE_28092023_S.pdf"
"BEL","Bharat Electronics Limited","Press Release","Bharat Electronics Limited has informed the Exchange regarding a press release dated September 15, 2023, titled ""BEL receives orders worth Rs. 3,000 Crore"".","15-Sep-2023 17:28:25","2023-09-15 17:28:25","15-Sep-2023 17:28:31","00:00:06","https://nsearchives.nseindia.com/corporate/BEL_15092023172825_signedNSE.pdf"
"BEL","Bharat Electronics Limited","Date of payment of dividend","Bharat Electronics Limited has informed the Exchange about Date of payment of dividend","12-Sep-2023 17:46:16","2023-09-12 17:46:16","12-Sep-2023 17:46:32","00:00:16","https://nsearchives.nseindia.com/corporate/BEL_12092023174616_NSE_Signed.pdf"
"BEL","Bharat Electronics Limited","Updates","Bharat Electronics Limited has informed the Exchange regarding 'Disclosure under Regulation 30 of SEBI (LODR) Regulations, 2015.'.","30-Aug-2023 18:20:46","2023-08-30 18:20:46","30-Aug-2023 18:20:49","00:00:03","https://nsearchives.nseindia.com/corporate/BEL_30082023182046_NSE_Signed.pdf"
"BEL","Bharat Electronics Limited","Shareholders meeting","Bharat Electronics Limited has submitted the Exchange a copy Srutinizers report of  Annual General Meeting held on August 28, 2023. Further, the company has informed the Exchange regarding voting results.","29-Aug-2023 17:18:33","2023-08-29 17:18:33","29-Aug-2023 17:18:44","00:00:11","https://nsearchives.nseindia.com/corporate/BEL_29082023171833_SignedNSE.pdf"
"BEL","Bharat Electronics Limited","Shareholders meeting","Bharat Electronics Limited has informed the Exchange regarding Proceedings of Annual General Meeting held on August 28, 2023","28-Aug-2023 17:45:19","2023-08-28 17:45:19","28-Aug-2023 17:45:22","00:00:03","https://nsearchives.nseindia.com/corporate/BEL_28082023174519_SignedNSE.pdf"
"BEL","Bharat Electronics Limited","Press Release","Bharat Electronics Limited has informed the Exchange regarding a press release dated August 25, 2023, titled ""BEL receives orders worth Rs.3,289 Crore"".","25-Aug-2023 20:27:16","2023-08-25 20:27:16","25-Aug-2023 20:27:19","00:00:03","https://nsearchives.nseindia.com/corporate/BEL_25082023202716_SignedNSE.pdf"
"BEL","Bharat Electronics Limited","Copy of Newspaper Publication","Bharat Electronics Limited has informed the Exchange about Copy of Newspaper Publication","07-Aug-2023 18:07:14","2023-08-07 18:07:14","07-Aug-2023 18:07:41","00:00:27","https://nsearchives.nseindia.com/corporate/BEL_07082023180714_NSE_Signed.pdf"
"BEL","Bharat Electronics Limited","Shareholders meeting","Bharat Electronics Limited has informed the Exchange regarding Notice of Annual General Meeting to be held on August 28, 2023","04-Aug-2023 20:50:57","2023-08-04 20:50:57","04-Aug-2023 20:51:10","00:00:13","https://nsearchives.nseindia.com/corporate/BEL_04082023205057_NSESigned.pdf"
"BEL","Bharat Electronics Limited","Book Closure","Bharat Electronics Limited has informed the Exchange that Register of Members & Share Transfer Books of the Company will remain closed from 18-Aug-2023 to 20-Aug-2023 for the purpose of Dividend & Meeting.","04-Aug-2023 20:38:37","2023-08-04 20:38:37","04-Aug-2023 20:39:02","00:00:25","https://nsearchives.nseindia.com/corporate/BEL_04082023203837_NSE_Signed.pdf"
"BEL","Bharat Electronics Limited","Analysts/Institutional Investor Meet/Con. Call Updates","Bharat Electronics Limited has informed the Exchange about Transcript of the Conference Call with Investors/Analysts held on 28.07.2023.","02-Aug-2023 13:54:50","2023-08-02 13:54:50","02-Aug-2023 13:55:04","00:00:14","https://nsearchives.nseindia.com/corporate/BEL_02082023135450_NSE_Signed.pdf"
"BEL","Bharat Electronics Limited","Change in Director(s)","Bharat Electronics Limited has informed the Exchange regarding Change in Director(s) of the company.","01-Aug-2023 14:04:53","2023-08-01 14:04:53","01-Aug-2023 14:05:22","00:00:29","https://nsearchives.nseindia.com/corporate/BEL_01082023140453_NSE_Signed.pdf"
"BEL","Bharat Electronics Limited","Analysts/Institutional Investor Meet/Con. Call Updates","Bharat Electronics Limited has informed the Exchange about Audio Recording of Conference Call with Investors/Analysts.","28-Jul-2023 16:05:31","2023-07-28 16:05:31","28-Jul-2023 16:06:12","00:00:41","https://nsearchives.nseindia.com/corporate/BEL_28072023160531_NSE_Signed.pdf"
"BEL","Bharat Electronics Limited","Updates","Bharat Electronics Limited has informed the Exchange regarding 'Intimation of Appointment of Auditors.'.","27-Jul-2023 18:38:29","2023-07-27 18:38:29","27-Jul-2023 18:38:37","00:00:08","https://nsearchives.nseindia.com/corporate/BEL_27072023183829_NSE_Signed.pdf"
"BEL","Bharat Electronics Limited","Financial Result Updates","Bharat Electronics Limited has submitted to the Exchange, the financial results for the period ended June 30, 2023.","27-Jul-2023 18:24:09","2023-07-27 18:24:09","27-Jul-2023 18:24:14","00:00:05","https://nsearchives.nseindia.com/corporate/NSE_signed_27072023182409.pdf"
"BEL","Bharat Electronics Limited","Analysts/Institutional Investor Meet/Con. Call Updates","Bharat Electronics Limited has informed the Exchange about Conference Call with Investors for Discussion on Financial Results for the quarter ended 30th June, 2023.","25-Jul-2023 18:03:35","2023-07-25 18:03:35","25-Jul-2023 18:03:51","00:00:16","https://nsearchives.nseindia.com/corporate/BEL_25072023180335_NSE_Signed.pdf"
"BEL","Bharat Electronics Limited","Certificate under SEBI (Depositories and Participants) Regulations, 2018","Bharat Electronics Limited has informed the Exchange about Certificate under SEBI (Depositories and Participants) Regulations, 2018","10-Jul-2023 17:39:50","2023-07-10 17:39:50","10-Jul-2023 17:40:16","00:00:26","https://nsearchives.nseindia.com/corporate/BEL_10072023173950_NSE_signed.pdf"
"BEL","Bharat Electronics Limited","Press Release","Bharat Electronics Limited has informed the Exchange regarding a press release dated Jun 30, 2023, titled ""Bharat Electronics Limited (BEL) receives Orders worth Rs.2,191 Crore"".","30-Jun-2023 14:53:47","2023-06-30 14:53:47","30-Jun-2023 14:53:51","00:00:04","https://nsearchives.nseindia.com/corporate/BEL_30062023145347_SignedNSE.pdf"
"BEL","Bharat Electronics Limited","Trading Window","Bharat Electronics Limited has informed the Exchange regarding the Trading Window closure pursuant to SEBI (Prohibition of Insider Trading) Regulations, 2015","28-Jun-2023 11:49:34","2023-06-28 11:49:34","28-Jun-2023 11:49:44","00:00:10","https://nsearchives.nseindia.com/corporate/BEL_28062023114934_NSE_Signed.pdf"
"BEL","Bharat Electronics Limited","Press Release","Bharat Electronics Limited has informed the Exchange regarding a press release dated Jun 20, 2023, titled ""Bharat Electronics (BEL) receives Orders worth Rs.5900 Crore"".","20-Jun-2023 14:53:43","2023-06-20 14:53:43","20-Jun-2023 14:53:53","00:00:10","https://nsearchives.nseindia.com/corporate/BEL_20062023145343_NSE_signed_pdf.pdf"
"BEL","Bharat Electronics Limited","Appointment","Bharat Electronics Limited has informed the Exchange regarding Appointment of Mr K V Suresh Kumar as Director (Marketing) of the company w.e.f. Jun 16, 2023.","16-Jun-2023 16:38:49","2023-06-16 16:38:49","16-Jun-2023 16:38:51","00:00:02","https://nsearchives.nseindia.com/corporate/BEL_16062023163849_SignedNSE.pdf"
"BEL","Bharat Electronics Limited","Appointment","Bharat Electronics Limited has informed the Exchange regarding Appointment of Mr Nagarajan Vikraman as Director (Human Resources) of the company w.e.f. Jun 01, 2023.","01-Jun-2023 15:46:14","2023-06-01 15:46:14","01-Jun-2023 15:46:22","00:00:08","https://nsearchives.nseindia.com/corporate/BEL_01062023154614_SignedNSE.pdf"
"BEL","Bharat Electronics Limited","Annual Secretarial Compliance Report","Annual Secretarial Compliance Report for the year ended 31.03.2023.","30-May-2023 20:13:56","2023-05-30 20:13:56","30-May-2023 20:14:34","00:00:38","https://nsearchives.nseindia.com/corporate/BEL_30052023201356_SignedNSE.pdf"
"BEL","Bharat Electronics Limited","Analysts/Institutional Investor Meet/Con. Call Updates","Bharat Electronics Limited has informed the Exchange about Transcript","30-May-2023 19:56:24","2023-05-30 19:56:24","30-May-2023 19:57:14","00:00:50","https://nsearchives.nseindia.com/corporate/BEL_30052023195625_SignedNSE.pdf"
"BEL","Bharat Electronics Limited","Updates","Bharat Electronics Limited has informed the Exchange regarding 'Management Participation at B&K Annual Flagship Conference   Trinity India. '.","30-May-2023 19:17:34","2023-05-30 19:17:34","30-May-2023 19:17:44","00:00:10","https://nsearchives.nseindia.com/corporate/BEL_30052023191734_signedNSE.pdf"
"BEL","Bharat Electronics Limited","Analysts/Institutional Investor Meet/Con. Call Updates","Bharat Electronics Limited has informed the Exchange about Link of Recording","24-May-2023 17:20:08","2023-05-24 17:20:08","24-May-2023 17:20:37","00:00:29","https://nsearchives.nseindia.com/corporate/BEL_24052023172008_NSEsigned.pdf"
"BEL","Bharat Electronics Limited","Copy of Newspaper Publication","Bharat Electronics Limited has informed the Exchange about Copy of Newspaper Publication- Extracts of Standalone & Consolidated Audited Financial Results for the Quarter and Year Ended 31.03.2023.","22-May-2023 18:01:06","2023-05-22 18:01:06","22-May-2023 18:01:18","00:00:12","https://nsearchives.nseindia.com/corporate/BEL_22052023180106_NSEsigned.pdf"
"BEL","Bharat Electronics Limited","Analysts/Institutional Investor Meet/Con. Call Updates","Bharat Electronics Limited has informed the Exchange about Schedule of meet","22-May-2023 10:51:52","2023-05-22 10:51:52","22-May-2023 10:51:56","00:00:04","https://nsearchives.nseindia.com/corporate/BEL_22052023105152_NSEsigned.pdf"
"BEL","Bharat Electronics Limited","Related Party Transactions","Bharat Electronics Limited has informed the Exchange about related Party Transactions","20-May-2023 19:16:33","2023-05-20 19:16:33","20-May-2023 19:16:37","00:00:04","https://nsearchives.nseindia.com/corporate/BEL_20052023191633_NSE.pdf"
"BEL","Bharat Electronics Limited","Dividend","Bharat Electronics Limited has informed the Exchange that Board of Directors at its meeting held on May 20, 2023, recommended Final Dividend of 0.60 per equity share.","20-May-2023 18:44:17","2023-05-20 18:44:17","20-May-2023 18:44:19","00:00:02","https://nsearchives.nseindia.com/corporate/BEL_20052023184417_NSE.pdf"
"BEL","Bharat Electronics Limited","Financial Result Updates","Bharat Electronics Limited has submitted to the Exchange, the financial results for the period ended March 31, 2023.","20-May-2023 18:36:44","2023-05-20 18:36:44","20-May-2023 18:36:47","00:00:03","https://nsearchives.nseindia.com/corporate/NSE_20052023183644.pdf"
"BEL","Bharat Electronics Limited","Updates","Bharat Electronics Limited has informed the Exchange regarding 'Certificate under Regulation 74(5) of SEBI (Depositories and Participants) Regulations, 2018 for the quarter ended 31.03.2023.'.","13-Apr-2023 20:41:36","2023-04-13 20:41:36","13-Apr-2023 20:41:40","00:00:04","https://nsearchives.nseindia.com/corporate/BEL_13042023204136_NSEsigned.pdf"
"BEL","Bharat Electronics Limited","Press Release","Bharat Electronics Limited has informed the Exchange regarding a press release dated April 01, 2023, titled ""BEL achieves record turnover of Rs.17300 Crores."".","01-Apr-2023 13:49:33","2023-04-01 13:49:33","01-Apr-2023 13:49:36","00:00:03","https://nsearchives.nseindia.com/corporate/BEL_01042023134933_NSEsigned.pdf"
"BEL","Bharat Electronics Limited","Press Release","Bharat Electronics Limited has informed the Exchange regarding a press release dated March 31, 2023, titled ""BEL receives Export Orders worth 52 Mn USD (approx.)"".","31-Mar-2023 13:06:14","2023-03-31 13:06:14","31-Mar-2023 13:06:22","00:00:08","https://nsearchives.nseindia.com/corporate/BEL_31032023130614_NSEsigned.pdf"
"BEL","Bharat Electronics Limited","Press Release","Bharat Electronics Limited has informed the Exchange regarding a press release dated March 30, 2023, titled ""MoD Signs 02 Contracts worth Rs.2,696 Crore with Bharat Electronics Limited (BEL) for Indian Armed Forces"".","30-Mar-2023 17:19:49","2023-03-30 17:19:49","30-Mar-2023 17:19:54","00:00:05","https://nsearchives.nseindia.com/corporate/BEL_30032023171949_NSEsigned.pdf"
"BEL","Bharat Electronics Limited","Press Release","Bharat Electronics Limited has informed the Exchange regarding a press release dated March 30, 2023, titled ""MoD Signs 10 Contracts worth Rs.5,498 Crore with Bharat Electronics Limited (BEL) for Indian Armed Forces"".","30-Mar-2023 12:30:35","2023-03-30 12:30:35","30-Mar-2023 12:30:37","00:00:02","https://nsearchives.nseindia.com/corporate/BEL_30032023123035_NSEsigned.pdf"
"BEL","Bharat Electronics Limited","Trading Window","Bharat Electronics Limited has informed the Exchange regarding the Trading Window closure pursuant to SEBI (Prohibition of Insider Trading) Regulations, 2015","28-Mar-2023 17:15:33","2023-03-28 17:15:33","28-Mar-2023 17:15:36","00:00:03","https://nsearchives.nseindia.com/corporate/BEL_28032023171533_NSE_signedpdf.pdf"
"BEL","Bharat Electronics Limited","Press Release","Bharat Electronics Limited has informed the Exchange regarding a press release dated March 24, 2023, titled ""Pursuant to Regulation 30 of SEBI (LODR) Regulations, 2015, we are enclosing herewith a copy of the press release titled ""BEL wins Orders worth Rs 4300 Crore fromIndian Armv and Indian Navyy"".","24-Mar-2023 18:11:10","2023-03-24 18:11:10","24-Mar-2023 18:11:13","00:00:03","https://nsearchives.nseindia.com/corporate/BEL_24032023181110_NSEsigned.pdf"
"BEL","Bharat Electronics Limited","Press Release","Bharat Electronics Limited has informed the Exchange regarding a press release dated March 23, 2023, titled ""MoD Signs Contracts with BEL and Indian Air Force"".","23-Mar-2023 18:53:06","2023-03-23 18:53:06","23-Mar-2023 18:53:10","00:00:04","https://nsearchives.nseindia.com/corporate/BEL_23032023185306_NSEsigned.pdf"
"BEL","Bharat Electronics Limited","Dividend","Bharat Electronics Limited has informed the Exchange that Board of Directors at its meeting held on March 17, 2023, declared Second Interim Dividend of 0.60 per equity share.","17-Mar-2023 12:44:20","2023-03-17 12:44:20","17-Mar-2023 12:44:26","00:00:06","https://nsearchives.nseindia.com/corporate/BEL_17032023124420_NSEsigned.pdf"
"BEL","Bharat Electronics Limited","Record Date","Bharat Electronics Limited has informed the Exchange that the Record Date for the purpose of ascertaining the eligibility of the shareholder for payment of Second Interim Dividend on Equity Shares of the Company for the Financial Year 2022-23, if declared, will be Saturday, the 25th March, 2023.","10-Mar-2023 17:35:18","2023-03-10 17:35:18","10-Mar-2023 17:35:23","00:00:05","https://nsearchives.nseindia.com/corporate/BEL_10032023173518_NSE_signed.pdf"
"BEL","Bharat Electronics Limited","Credit Rating","Bharat Electronics Limited has informed the Exchange about Credit Rating","07-Mar-2023 14:52:46","2023-03-07 14:52:46","07-Mar-2023 14:52:48","00:00:02","https://nsearchives.nseindia.com/corporate/BEL_07032023145246_NSEsigned.pdf"
"BEL","Bharat Electronics Limited","Loss of Share Certificates","Bharat Electronics Limited has informed Intimation of Confirmation under Regulation 39(3) of the SEBI (Listing Obligations and Disclosure Requirements) Regulations, 2015 (SEBI Listing Regulations, 2015).","02-Mar-2023 18:29:26","2023-03-02 18:29:26","02-Mar-2023 18:29:30","00:00:04","https://nsearchives.nseindia.com/corporate/BEL_02032023182926_NSEsigned.pdf"
"BEL","Bharat Electronics Limited","Trading Window","Bharat Electronics Limited has informed the Exchange regarding the Trading Window closure pursuant to SEBI (Prohibition of Insider Trading) Regulations, 2015","02-Mar-2023 18:18:15","2023-03-02 18:18:15","02-Mar-2023 18:18:18","00:00:03","https://nsearchives.nseindia.com/corporate/BEL_02032023181815_NSEsigned.pdf"
"BEL","Bharat Electronics Limited","Press Release","Bharat Electronics Limited has informed the Exchange regarding a press release dated February 28, 2023, titled "" BEL signs Frame Supply Agreement with Thales Reliance Defence Systems "".","28-Feb-2023 17:43:39","2023-02-28 17:43:39","28-Feb-2023 17:43:44","00:00:05","https://nsearchives.nseindia.com/corporate/BEL_28022023174339_NSE_signed.pdf"
"BEL","Bharat Electronics Limited","Press Release","Bharat Electronics Limited has informed the Exchange regarding a press release dated February 24, 2023, titled ""BEL opens new Software Development Centre in Visakhapatnam"".","24-Feb-2023 16:35:33","2023-02-24 16:35:33","24-Feb-2023 16:35:38","00:00:05","https://nsearchives.nseindia.com/corporate/BEL_24022023163533_NSEsigned.pdf"
"BEL","Bharat Electronics Limited","Press Release","Bharat Electronics Limited has informed the Exchange regarding a press release dated February 21, 2023, titled "" BEL signs MoU with ADA, DRDO, for Advanced Medium Combat Aircraft programme "".","21-Feb-2023 17:08:43","2023-02-21 17:08:43","21-Feb-2023 17:08:48","00:00:05","https://nsearchives.nseindia.com/corporate/BEL_21022023170843_NSEsigned.pdf"
"BEL","Bharat Electronics Limited","Press Release","Bharat Electronics Limited has informed the Exchange regarding a press release dated February 18, 2023, titled ""Delhi Metro launches India's first ever indigenously developed Signalling System (I-Ats), jointly developed with BEL for operations on its red line"".","20-Feb-2023 20:18:51","2023-02-20 20:18:51","20-Feb-2023 20:18:56","00:00:05","https://nsearchives.nseindia.com/corporate/BEL_20022023201851_NSEsigned.pdf"
"BEL","Bharat Electronics Limited","Press Release","Bharat Electronics Limited has informed the Exchange regarding a press releases dated February 16, 2023, titled ""(i)  BEL signs MoU with Globals for Cyberwarfare & Cyber Defence Systems  (ii)  BEL & IISc, Bengaluru, ink MoU for synergy in AI and ML  & (iii)  IAI, Israel, & BEL to form JV to provide Product Support for India s Defence Forces ."".","17-Feb-2023 14:10:01","2023-02-17 14:10:01","17-Feb-2023 14:10:11","00:00:10","https://nsearchives.nseindia.com/corporate/BEL_17022023141001_NSEsigned.pdf"
"BEL","Bharat Electronics Limited","Date of payment of dividend","Bharat Electronics Limited has informed the Exchange about Date of payment of dividend","16-Feb-2023 17:43:42","2023-02-16 17:43:42","16-Feb-2023 17:43:46","00:00:04","https://nsearchives.nseindia.com/corporate/BEL_16022023174342_NSEsigned.pdf"
"BEL","Bharat Electronics Limited","Press Release","Bharat Electronics Limited has informed the Exchange regarding a press release dated February 15, 2023, titled ""BEL signs MoU with IAI for LORA Weapon System"".","16-Feb-2023 14:57:20","2023-02-16 14:57:20","16-Feb-2023 14:57:28","00:00:08","https://nsearchives.nseindia.com/corporate/BEL_16022023145720_NSE_signed.pdf"
"BEL","Bharat Electronics Limited","Press Release","Bharat Electronics Limited has informed the Exchange regarding a press release dated February 14, 2023, titled ""BEL, GSL sign MoU to Address Global Market Opportunities for Naval Platforms"".","15-Feb-2023 18:03:47","2023-02-15 18:03:47","15-Feb-2023 18:03:49","00:00:02","https://nsearchives.nseindia.com/corporate/BEL_15022023180347_NSEsigned.pdf"
"BEL","Bharat Electronics Limited","Analysts/Institutional Investor Meet/Con. Call Updates","Bharat Electronics Limited has informed the Exchange about Transcript of the Conference Call with Investors/Analysts held on 02.02.2023.","07-Feb-2023 16:19:15","2023-02-07 16:19:15","07-Feb-2023 16:19:18","00:00:03","https://nsearchives.nseindia.com/corporate/BEL_07022023161915_NSEsigned.pdf"
"BEL","Bharat Electronics Limited","Analysts/Institutional Investor Meet/Con. Call Updates","Bharat Electronics Limited has informed the Exchange about Audio Recording of Conference Call with Investors/Analysts held on 02.02.2023.","02-Feb-2023 15:02:16","2023-02-02 15:02:16","02-Feb-2023 15:02:23","00:00:07","https://nsearchives.nseindia.com/corporate/BEL_02022023150216_NSE.pdf"
"BEL","Bharat Electronics Limited","Copy of Newspaper Publication","Bharat Electronics Limited has informed the Exchange about Copy of Newspaper Publication","30-Jan-2023 18:17:59","2023-01-30 18:17:59","30-Jan-2023 18:18:02","00:00:03","https://nsearchives.nseindia.com/corporate/BEL_30012023181759_NSEsigned.pdf"
"BEL","Bharat Electronics Limited","Analysts/Institutional Investor Meet/Con. Call Updates","Bharat Electronics Limited has informed the Exchange about Schedule of Conference Call with Investors for Discussion on Financial Results for the quarter and nine months ended 31st December, 2022.","30-Jan-2023 16:14:32","2023-01-30 16:14:32","30-Jan-2023 16:14:36","00:00:04","https://nsearchives.nseindia.com/corporate/BEL_30012023161432_NSEsigned.pdf"
"BEL","Bharat Electronics Limited","Updates","Bharat Electronics Limited has informed the Exchange regarding 'Disclosure Under Reg.30(5) of SEBI (Listing Obligations and Disclosure Requirements) Regulations 2015.'.","28-Jan-2023 13:58:38","2023-01-28 13:58:38","28-Jan-2023 13:58:42","00:00:04","https://nsearchives.nseindia.com/corporate/BEL_28012023135838_NSEsigned.pdf"
"BEL","Bharat Electronics Limited","Appointment","Bharat Electronics Limited has informed the Exchange regarding Appointment of Mr Damodar S Bhattad  as Chief Financial Officer of the company w.e.f. January 28, 2023.","28-Jan-2023 13:48:02","2023-01-28 13:48:02","28-Jan-2023 13:48:07","00:00:05","https://nsearchives.nseindia.com/corporate/BEL_28012023134802_NSEsigned.pdf"
"BEL","Bharat Electronics Limited","Record Date","Bharat Electronics Limited has informed the Exchange that Record date for the purpose of Payment of Interim Dividend for the FY 2022-23 is 10-Feb-2023.","28-Jan-2023 13:33:16","2023-01-28 13:33:16","28-Jan-2023 13:33:18","00:00:02","https://nsearchives.nseindia.com/corporate/BEL_28012023133316_NSE_Signed.pdf"
"BEL","Bharat Electronics Limited","Dividend","Bharat Electronics Limited has informed the Exchange that Board of Directors at its meeting held on January 28, 2023, declared Interim Dividend of Rs. 0.60 per equity share.","28-Jan-2023 13:24:58","2023-01-28 13:24:58","28-Jan-2023 13:25:02","00:00:04","https://nsearchives.nseindia.com/corporate/BEL_28012023132458_NSEsigned.pdf"
"BEL","Bharat Electronics Limited","Financial Result Updates","Bharat Electronics Limited has submitted to the Exchange, the financial results for the period ended December 31, 2022.","28-Jan-2023 13:18:10","2023-01-28 13:18:10","28-Jan-2023 13:18:18","00:00:08","https://nsearchives.nseindia.com/corporate/NSE_Signed_28012023131810.pdf"
"BEL","Bharat Electronics Limited","Loss of Share Certificates","Bharat Electronics Limited has informed the Exchange about Loss of Share Certificates","23-Jan-2023 19:01:36","2023-01-23 19:01:36","23-Jan-2023 19:01:39","00:00:03","https://nsearchives.nseindia.com/corporate/BEL_23012023190136_NSE.pdf"
"BEL","Bharat Electronics Limited","Loss of Share Certificates","Bharat Electronics Limited has informed the Exchange about Loss of Share Certificates","13-Jan-2023 15:48:47","2023-01-13 15:48:47","13-Jan-2023 15:48:50","00:00:03","https://nsearchives.nseindia.com/corporate/BEL_13012023154847_NSESigned.pdf"
"BEL","Bharat Electronics Limited","Appointment","Bharat Electronics Limited has informed the Exchange regarding Appointment of Mr Damodar S Bhattad as Executive Director of the company w.e.f. January 11, 2023.","12-Jan-2023 17:16:23","2023-01-12 17:16:23","12-Jan-2023 17:16:28","00:00:05","https://nsearchives.nseindia.com/corporate/BEL_12012023171623_NSESigned.pdf"
"BEL","Bharat Electronics Limited","Updates","Bharat Electronics Limited has informed the Exchange regarding 'Certificate under Regulation 74(5) of SEBI (Depositories and Participants) Regulations, 2018 for the quarter ended 31.12.2022.'.","11-Jan-2023 17:07:54","2023-01-11 17:07:54","11-Jan-2023 17:07:57","00:00:03","https://nsearchives.nseindia.com/corporate/BEL_11012023170754_NSE.pdf"
"BEL","Bharat Electronics Limited","Appointment","Bharat Electronics Limited has informed the Exchange regarding Appointment of Mr T Natarajan as Non- Executive Director - Government Nominee Director of the Company w.e.f. January 02, 2023.","03-Jan-2023 17:18:48","2023-01-03 17:18:48","03-Jan-2023 17:18:51","00:00:03","https://nsearchives.nseindia.com/corporate/BEL_03012023171848_NSE_signed.pdf"
"BEL","Bharat Electronics Limited","Trading Window","Bharat Electronics Limited has informed the Exchange regarding the Trading Window closure pursuant to SEBI (Prohibition of Insider Trading) Regulations, 2015","28-Dec-2022 11:37:37","2022-12-28 11:37:37","28-Dec-2022 11:37:44","00:00:07","https://nsearchives.nseindia.com/corporate/BEL_28122022113737_NSEsigned.pdf"
"BEL","Bharat Electronics Limited","Cessation","Bharat Electronics Limited has informed the Exchange regarding Cessation of Mr Anurag Bajpai as Government Nominee Director of the company w.e.f. December 23, 2022.","23-Dec-2022 19:05:30","2022-12-23 19:05:30","23-Dec-2022 19:05:35","00:00:05","https://nsearchives.nseindia.com/corporate/BEL_23122022190530_NSESigned.pdf"
"BEL","Bharat Electronics Limited","Shareholders meeting","Bharat Electronics Limited has submitted the Exchange a copy Srutinizers report of  Extraordinary General Meeting held on December 23, 2022. Further, the company has informed the Exchange regarding voting results.","23-Dec-2022 18:53:33","2022-12-23 18:53:33","23-Dec-2022 18:53:38","00:00:05","https://nsearchives.nseindia.com/corporate/BEL_23122022185332_NSESigned.pdf"
"BEL","Bharat Electronics Limited","Shareholders meeting","Bharat Electronics Limited has informed the Exchange regarding Proceedings of Extraordinary General Meeting held on December 23, 2022","23-Dec-2022 18:43:13","2022-12-23 18:43:13","23-Dec-2022 18:43:16","00:00:03","https://nsearchives.nseindia.com/corporate/BEL_23122022184313_NSESigned.pdf"
"BEL","Bharat Electronics Limited","Reply to Clarification Sought","The Exchange had sought clarification from Bharat Electronics Limited with respect to announcement dated 21-Apr-2022 regarding Appointment.On the basis of aforesaid disclosure, the Company was required to clarify the following:1. Disclosure of relationships between directors  (in  case  of  appointment  of  a director)2. Affirmation that the Director being appointed is not debarred from holding the office of director by virtue of any SEBI order or any other such authorityThe response of the company is attached.","16-Dec-2022 13:13:21","2022-12-16 13:13:21","16-Dec-2022 13:13:23","00:00:02","https://nsearchives.nseindia.com/corporate/BEL_16122022131321_ClarificationforNSE.pdf"
"BEL","Bharat Electronics Limited","Recording of Analysts/Institutional Investor Meet/Con. Call","Bharat Electronics Limited has informed the Exchange about Recording of Analysts/Institutional Investor Meet/Con. Call","08-Dec-2022 19:05:18","2022-12-08 19:05:18","08-Dec-2022 19:05:23","00:00:05","https://nsearchives.nseindia.com/corporate/BEL_08122022190518_NSE_Signed.pdf"
"BEL","Bharat Electronics Limited","General updates","Bharat Electronics Limited has informed the Exchange about Intimation of Management Participation - Motilal Oswal Capex Conclave.","06-Dec-2022 15:58:48","2022-12-06 15:58:48","06-Dec-2022 15:58:52","00:00:04","https://nsearchives.nseindia.com/corporate/BEL_06122022155848_NSE_Signed.pdf"
"BEL","Bharat Electronics Limited","Newspaper Advertisements","Newspaper Advertisement ��� Notice of Extraordinary General Meeting (EGM) and E-voting Information.","01-Dec-2022 16:23:09","2022-12-01 16:23:09","01-Dec-2022 16:23:18","00:00:09","https://nsearchives.nseindia.com/corporate/BEL_01122022162309_NSE_Signed.pdf"
"BEL","Bharat Electronics Limited","Extra Ordinary Meeting","Bharat Electronics Limited has informed the Exchange about Notice of Extra Ordinary General Meeting to be held on 23-Dec-2022","30-Nov-2022 15:23:09","2022-11-30 15:23:09","30-Nov-2022 15:23:16","00:00:07","https://nsearchives.nseindia.com/corporate/BEL_30112022152309_NSE_Signed.pdf"
"BEL","Bharat Electronics Limited","General updates","Bharat Electronics Limited has informed the Exchange about Intimation of Date of Extraordinary General Meeting (EGM) scheduled to be held on 23rd December, 2022 through Video Conferencing (VC)/ Other Audio-Visual Means (OAVM) in pursuance of Regulation 17(1C) of SEBI (LODR) Regulations, 2015.","22-Nov-2022 15:36:42","2022-11-22 15:36:42","22-Nov-2022 15:37:17","00:00:35","https://nsearchives.nseindia.com/corporate/BEL_22112022153642_NSE_Signed.pdf"
"BEL","Bharat Electronics Limited","Press Release","Bharat Electronics Limited has informed the Exchange about press release dated 18-Nov-2022 titled BEL signs LATOT with CASDIC, DRDO.","18-Nov-2022 14:23:33","2022-11-18 14:23:33","18-Nov-2022 14:23:38","00:00:05","https://nsearchives.nseindia.com/corporate/BEL_18112022142333_NSE_Signed.pdf"
"BEL","Bharat Electronics Limited","Press Release","Bharat Electronics Limited has informed the Exchange about press release dated 18-Nov-2022 titled BEL signs JDA with IIT Madras.","18-Nov-2022 14:20:27","2022-11-18 14:20:27","18-Nov-2022 14:20:32","00:00:05","https://nsearchives.nseindia.com/corporate/BEL_18112022142027_NSE_Signed.pdf"
"BEL","Bharat Electronics Limited","Press Release","Bharat Electronics Limited has informed the Exchange about press release dated 18-Nov-2022 titled BEL signs LAToT with CHESS, DRDO.","18-Nov-2022 14:15:54","2022-11-18 14:15:54","18-Nov-2022 14:15:57","00:00:03","https://nsearchives.nseindia.com/corporate/BEL_18112022141554_NSE_Signed.pdf"
"BEL","Bharat Electronics Limited","Press Release","Bharat Electronics Limited has informed the Exchange about press release dated 18-Nov-2022 titled BEL signs LAToT with DRDL, IRDE, for manufacture of Laser Based End Game Fuze.","18-Nov-2022 14:12:18","2022-11-18 14:12:18","18-Nov-2022 14:12:22","00:00:04","https://nsearchives.nseindia.com/corporate/BEL_18112022141218_NSE_Signed.pdf"
"BEL","Bharat Electronics Limited","Press Release","Bharat Electronics Limited has informed the Exchange about press release dated 18-Nov-2022 titled BEL signs LAToT with R&DE (E), DRDO, for manufacturing of Unexploded Ordnance Handling Robot.","18-Nov-2022 14:06:45","2022-11-18 14:06:45","18-Nov-2022 14:06:54","00:00:09","https://nsearchives.nseindia.com/corporate/BEL_18112022140645_NSE_Signed.pdf"
"BEL","Bharat Electronics Limited","Press Release","Bharat Electronics Limited has informed the Exchange about press release dated 18-Nov-2022 titled BEL signs MoU with IITM Pravartak Technologies Foundation.","18-Nov-2022 13:53:12","2022-11-18 13:53:12","18-Nov-2022 13:53:21","00:00:09","https://nsearchives.nseindia.com/corporate/BEL_18112022135312_NSE_Signed.pdf"
"BEL","Bharat Electronics Limited","Press Release","Bharat Electronics Limited has informed the Exchange about press release dated 17-Nov-2022 titled BEL signs MoU with AVNL (AVANI)","17-Nov-2022 17:34:33","2022-11-17 17:34:33","17-Nov-2022 17:34:36","00:00:03","https://nsearchives.nseindia.com/corporate/BEL_17112022173433_NSE_Signed.pdf"
"BEL","Bharat Electronics Limited","Press Release","Bharat Electronics Limited has informed the Exchange about press release dated 17-Nov-2022 titled BEL signs MoU with AWEIL","17-Nov-2022 17:31:00","2022-11-17 17:31:00","17-Nov-2022 17:31:06","00:00:06","https://nsearchives.nseindia.com/corporate/BEL_17112022173100_NSE_Signed.pdf"
"BEL","Bharat Electronics Limited","Press Release","Bharat Electronics Limited has informed the Exchange about press release dated 15-Nov-2022 titled BEL signs MoU with YIL","15-Nov-2022 17:48:54","2022-11-15 17:48:54","15-Nov-2022 17:49:07","00:00:13","https://nsearchives.nseindia.com/corporate/BEL_15112022174854_NSE_Signed.pdf"
"BEL","Bharat Electronics Limited","Press Release","Bharat Electronics Limited has informed the Exchange about press release dated 15-Nov-2022 titled BEL signs MoU with Profense LLC, US.","15-Nov-2022 17:41:15","2022-11-15 17:41:15","15-Nov-2022 17:41:19","00:00:04","https://nsearchives.nseindia.com/corporate/BEL_15112022174115_NSE_Signed.pdf"
"BEL","Bharat Electronics Limited","Press Release","Bharat Electronics Limited has informed the Exchange about press release dated 15-Nov-2022 titled BEL signs MoU with SVC TECH VENTURES LLP.","15-Nov-2022 17:32:33","2022-11-15 17:32:33","15-Nov-2022 17:32:38","00:00:05","https://nsearchives.nseindia.com/corporate/BEL_15112022173233_NSE_Signed.pdf"
"BEL","Bharat Electronics Limited","Press Release","Bharat Electronics Limited has informed the Exchange about press release dated 15-Nov-2022 titled BEL signs MoU with HSL","15-Nov-2022 17:23:12","2022-11-15 17:23:12","15-Nov-2022 17:23:16","00:00:04","https://nsearchives.nseindia.com/corporate/BEL_15112022172312_NSE_Signed.pdf"
"BEL","Bharat Electronics Limited","News Verification","BEL : The Exchange has sought clarification from Bharat Electronics Limited with respect to recent news item captioned BEL signs MoU with Aerosense Tech to leverage complementary strengths.  The response from the Company is attached.","14-Nov-2022 12:04:18","2022-11-14 12:04:18","14-Nov-2022 12:04:23","00:00:05","https://nsearchives.nseindia.com/corporate/BEL_14112022120418_NSE_Signed.pdf"
"BEL","Bharat Electronics Limited","News Verification","BEL : The Exchange has sought clarification from Bharat Electronics Limited with respect to recent news item captioned BEL signs MoU with Aerosense Tech to leverage complementary strengths.  The response from the Company is awaited.","10-Nov-2022 17:52:15","2022-11-10 17:52:15","10-Nov-2022 17:52:18","00:00:03","-"
"BEL","Bharat Electronics Limited","News Verification","BEL : The Exchange has sought clarification from Bharat Electronics Limited with respect to recent news item captioned Bharat Electronics joins hands with Motorola in broadband, push-to-talk service field.  The response from the Company is attached.","10-Nov-2022 16:09:30","2022-11-10 16:09:30","10-Nov-2022 16:09:33","00:00:03","https://nsearchives.nseindia.com/corporate/BEL_10112022160930_NSE_Signed.pdf"
"BEL","Bharat Electronics Limited","Press Release","Bharat Electronics Limited has informed the Exchange about press release dated 09-Nov-2022 titled BEL signs MoU with Goa Shipyard Limited.","10-Nov-2022 12:21:54","2022-11-10 12:21:54","10-Nov-2022 12:21:57","00:00:03","https://nsearchives.nseindia.com/corporate/BEL_10112022122154_NSE_Signed.pdf"
"BEL","Bharat Electronics Limited","News Verification","BEL : The Exchange has sought clarification from Bharat Electronics Limited with respect to recent news item captioned BEL signs MoU with INERY, Singapore.  The response from the Company is attached.","09-Nov-2022 18:06:33","2022-11-09 18:06:33","09-Nov-2022 18:06:36","00:00:03","https://nsearchives.nseindia.com/corporate/BEL_09112022180633_NSE_Signed.pdf"
"BEL","Bharat Electronics Limited","Related Party Transaction","Bharat Electronics Limited has informed the Exchange about related party transaction for the period ended September 2022","08-Nov-2022 17:34:06","2022-11-08 17:34:06","08-Nov-2022 17:34:11","00:00:05","https://nsearchives.nseindia.com/corporate/BEL_08112022173406_NSE_Signed.pdf"
"BEL","Bharat Electronics Limited","Press Release","Bharat Electronics Limited has informed the Exchange about press release dated 07-Nov-2022 titled Press Release ��� BEL signs MoU with DMRC for joint development of Indigenous Communication-based Train Control System.","07-Nov-2022 17:48:03","2022-11-07 17:48:03","07-Nov-2022 17:48:10","00:00:07","https://nsearchives.nseindia.com/corporate/BEL_07112022174803_NSE_Signed.pdf"
"BEL","Bharat Electronics Limited","News Verification","BEL : The Exchange has sought clarification from Bharat Electronics Limited with respect to recent news item captioned BEL signs MoU with INERY, Singapore.  The response from the Company is awaited.","07-Nov-2022 16:26:03","2022-11-07 16:26:03","07-Nov-2022 16:26:14","00:00:11","-"
"BEL","Bharat Electronics Limited","News Verification","BEL : The Exchange has sought clarification from Bharat Electronics Limited with respect to recent news item captioned Bharat Electronics joins hands with Motorola in broadband, push-to-talk service field.  The response from the Company is awaited.","04-Nov-2022 16:46:00","2022-11-04 16:46:00","04-Nov-2022 16:46:10","00:00:10","-"
"BEL","Bharat Electronics Limited","Transcript of Analysts/Institutional Investor Meet/Con. Call","Bharat Electronics Limited has informed the Exchange about Transcript of Investor Meet/Con. Call.","04-Nov-2022 16:36:48","2022-11-04 16:36:48","04-Nov-2022 16:37:08","00:00:20","https://nsearchives.nseindia.com/corporate/BEL_04112022163648_NSE_Signed.pdf"
"BEL","Bharat Electronics Limited","News Verification","BEL : The Exchange has sought clarification from Bharat Electronics Limited with respect to recent news item captioned Bharat Electronics signs pact with Meslova for developing products, services in artificial intelligence/machine learning.  The response from the Company is attached.","01-Nov-2022 13:40:15","2022-11-01 13:40:15","01-Nov-2022 13:40:21","00:00:06","https://nsearchives.nseindia.com/corporate/BEL_01112022134015_NSE_Signed.pdf"
"BEL","Bharat Electronics Limited","Communication to shareholders as per Reg 30","Bharat Electronics Limited has informed the Exchange about communication to shareholders as per Regulation 30 of SEBI (Listing Obligations and Disclosure Requirements) Regulations, 2015","31-Oct-2022 19:18:30","2022-10-31 19:18:30","31-Oct-2022 19:18:34","00:00:04","https://nsearchives.nseindia.com/corporate/BEL_31102022191830_NSESigned.pdf"
"BEL","Bharat Electronics Limited","Communication to shareholders as per Reg 30","Bharat Electronics Limited has informed the Exchange about communication to shareholders as per Regulation 30 of SEBI (Listing Obligations and Disclosure Requirements) Regulations, 2015","31-Oct-2022 19:17:00","2022-10-31 19:17:00","31-Oct-2022 19:17:03","00:00:03","https://nsearchives.nseindia.com/corporate/BEL_31102022191700_NSE_Signed.pdf"
"BEL","Bharat Electronics Limited","Recording of Analysts/Institutional Investor Meet/Con. Call","Bharat Electronics Limited has informed the Exchange about Recording of Analysts/Institutional Investor Meet/Con. Call","31-Oct-2022 18:42:57","2022-10-31 18:42:57","31-Oct-2022 18:43:00","00:00:03","https://nsearchives.nseindia.com/corporate/BEL_31102022184257_NSESigned.pdf"
"BEL","Bharat Electronics Limited","News Verification","BEL : The Exchange has sought clarification from Bharat Electronics Limited with respect to recent news item captioned Bharat Electronics signs pact with Meslova for developing products, services in artificial intelligence/machine learning.  The response from the Company is awaited.","28-Oct-2022 18:15:30","2022-10-28 18:15:30","28-Oct-2022 18:15:52","00:00:22","-"
"BEL","Bharat Electronics Limited","Schedule of Analysts/Institutional Investor Meet/Con. Call","Bharat Electronics Limited has informed the Exchange about Schedule of Con. Call ","28-Oct-2022 15:00:39","2022-10-28 15:00:39","28-Oct-2022 15:00:43","00:00:04","https://nsearchives.nseindia.com/corporate/BEL_28102022150039_NSE_Signed.pdf"
"BEL","Bharat Electronics Limited","Outcome of Board Meeting","Bharat Electronics Limited  has informed the Exchange about Board Meeting held on 27-Oct-2022 to consider financial statements for the period ended September 2022","27-Oct-2022 13:07:03","2022-10-27 13:07:03","27-Oct-2022 13:07:18","00:00:15","https://nsearchives.nseindia.com/corporate/BEL_27102022130703_NSE_Signed.pdf"
"BEL","Bharat Electronics Limited","Press Release","Bharat Electronics Limited has informed the Exchange about press release dated 19-Oct-2022 titled Triton Electric Vehicle India Pvt Ltd issues Rs. 8060 Crore LoI to BEL for Purchase of Battery Packs for Electric Trucks.","19-Oct-2022 18:49:09","2022-10-19 18:49:09","19-Oct-2022 18:49:12","00:00:03","https://nsearchives.nseindia.com/corporate/BEL_19102022184909_NSESigned.pdf"
"BEL","Bharat Electronics Limited","Press Release","Bharat Electronics Limited has informed the Exchange about press release dated 18-Oct-2022 titled BEL signs MoU with Triton Electric Vehicle (TEV).","19-Oct-2022 16:32:18","2022-10-19 16:32:18","19-Oct-2022 16:32:23","00:00:05","https://nsearchives.nseindia.com/corporate/BEL_19102022163218_NSE_Signed.pdf"
"BEL","Bharat Electronics Limited","Press Release","Bharat Electronics Limited has informed the Exchange about press release dated 18-Oct-2022 titled BEL signs MoU with MIL","18-Oct-2022 18:25:18","2022-10-18 18:25:18","18-Oct-2022 18:25:22","00:00:04","https://nsearchives.nseindia.com/corporate/BEL_18102022182518_NSE_Signed.pdf"
"BEL","Bharat Electronics Limited","General updates","Bharat Electronics Limited has informed the Exchange about Certificate under Regulation 74(5) of SEBI (Depositories and Participants) Regulations, 2018 for the quarter ended 30.09.2022.","12-Oct-2022 20:07:30","2022-10-12 20:07:30","12-Oct-2022 20:07:34","00:00:04","https://nsearchives.nseindia.com/corporate/BEL_12102022200730_NSE_Signed.pdf"
"BEL","Bharat Electronics Limited","Reply to Clarification Sought","The Exchange had sought clarification from Bharat Electronics Limited with respect to announcement dated 27-Sep-2022 informing about Appointment. On the basis of aforesaid announcement, the Company was required to provide/clarify the following: 1. Disclosure of relationships between directors (in case of appointment of a director) The response of the company is attached.","30-Sep-2022 16:15:26","2022-09-30 16:15:26","30-Sep-2022 16:15:31","00:00:05","https://nsearchives.nseindia.com/corporate/BEL_30092022161526_NSE_Signed.pdf"
"BEL","Bharat Electronics Limited","Closure of trading window","Bharat Electronics Limited has informed the Exchange about Closure of trading window","27-Sep-2022 18:19:15","2022-09-27 18:19:15","27-Sep-2022 18:19:17","00:00:02","https://nsearchives.nseindia.com/corporate/BEL_27092022181915_NSE_Signed.pdf"
"BEL","Bharat Electronics Limited","Clarification","The Exchange has sought clarification from Bharat Electronics Limited with respect to announcement dated 27-Sep-2022 informing about Appointment.On the basis of aforesaid announcement, the Company is required to provide/clarify the following: 1. Disclosure of relationships between directors  (in  case  of  appointment  of  a director) The response of the company is awaited.","27-Sep-2022 16:34:57","2022-09-27 16:34:57","27-Sep-2022 16:35:03","00:00:06","-"
"BEL","Bharat Electronics Limited","Appointment","Bharat Electronics Limited  has informed the Exchange about appointment of Manoj Jain  as Executive Director of the company w.e.f. 26-Sep-2022","27-Sep-2022 13:05:27","2022-09-27 13:05:27","27-Sep-2022 13:05:33","00:00:06","https://nsearchives.nseindia.com/corporate/BEL_27092022130527_NSE_Signed.pdf"
"BEL","Bharat Electronics Limited","Dividend","Intimation of Payment Date ��� Final Dividend for the Financial Year 2021-22.","23-Sep-2022 15:13:33","2022-09-23 15:13:33","23-Sep-2022 15:13:36","00:00:03","https://nsearchives.nseindia.com/corporate/BEL_23092022151333_NSE_Signed.pdf"
"BEL","Bharat Electronics Limited","Communication to shareholders as per Reg 30","Bharat Electronics Limited has informed the Exchange about communication to shareholders as per Regulation 30 of SEBI (Listing Obligations and Disclosure Requirements) Regulations, 2015 -  Allotment of Bonus Equity Shares","22-Sep-2022 17:05:06","2022-09-22 17:05:06","22-Sep-2022 17:05:10","00:00:04","https://nsearchives.nseindia.com/corporate/BEL_22092022170506_NSE.pdf"
"BEL","Bharat Electronics Limited","Communication to shareholders as per Reg 30","Bharat Electronics Limited has informed the Exchange about communication to shareholders as per Regulation 30 of SEBI (Listing Obligations and Disclosure Requirements) Regulations, 2015 - Allotment of Bonus Equity Shares","19-Sep-2022 12:42:18","2022-09-19 12:42:18","19-Sep-2022 12:42:24","00:00:06","https://nsearchives.nseindia.com/corporate/BEL_19092022124218_NSE.pdf"
"BEL","Bharat Electronics Limited","Schedule of Analysts/Institutional Investor Meet/Con. Call","Bharat Electronics Limited has informed the Exchange about Investor Outreach Program.","12-Sep-2022 12:37:25","2022-09-12 12:37:25","12-Sep-2022 12:37:30","00:00:05","https://nsearchives.nseindia.com/corporate/BEL_12092022123725_NSE.pdf"
"BEL","Bharat Electronics Limited","News Verification","BEL : The Exchange has sought clarification from Bharat Electronics Limited with respect to recent news item captioned BEL signs MoU with Smiths Detection to manufacture high-energy scanning systems in India.  The response from the Company is attached.","05-Sep-2022 14:31:24","2022-09-05 14:31:24","05-Sep-2022 14:31:28","00:00:04","https://nsearchives.nseindia.com/corporate/BEL_05092022143124_NSE.pdf"
"BEL","Bharat Electronics Limited","Record Date","Bharat Electronics Limited has informed the Exchange that Record date for the purpose of Bonus  is 16-Sep-2022.","05-Sep-2022 11:07:45","2022-09-05 11:07:45","05-Sep-2022 11:07:51","00:00:06","https://nsearchives.nseindia.com/corporate/BEL_05092022110745_NSE.pdf"
"BEL","Bharat Electronics Limited","News Verification","BEL : The Exchange has sought clarification from Bharat Electronics Limited with respect to recent news item captioned BEL signs MoU with Smiths Detection to manufacture high-energy scanning systems in India.  The response from the Company is awaited.","02-Sep-2022 16:30:03","2022-09-02 16:30:03","02-Sep-2022 16:30:13","00:00:10","-"
"BEL","Bharat Electronics Limited","General updates","Bharat Electronics Limited has informed the Exchange about Intimation of Change in Directorate - Regulation 30(2) of SEBI (LODR) Regulations 2015.","02-Sep-2022 15:17:51","2022-09-02 15:17:51","02-Sep-2022 15:17:56","00:00:05","https://nsearchives.nseindia.com/corporate/BEL_02092022151751_NSE.pdf"
"BEL","Bharat Electronics Limited","General updates","Bharat Electronics Limited has informed the Exchange about Intimation of Change in Directorate - Regulation 30(2) of SEBI (LODR) Regulations 2015.","01-Sep-2022 08:46:06","2022-09-01 08:46:06","01-Sep-2022 08:46:08","00:00:02","https://nsearchives.nseindia.com/corporate/BEL_01092022084606_NSE.pdf"
"BEL","Bharat Electronics Limited","Cessation","Bharat Electronics Limited  has informed the Exchange about cessation of Rajasekhar M V as Executive Director of the company w.e.f. 31-Aug-2022","01-Sep-2022 08:33:51","2022-09-01 08:33:51","01-Sep-2022 08:33:54","00:00:03","https://nsearchives.nseindia.com/corporate/BEL_01092022083351_NSE.pdf"
"BEL","Bharat Electronics Limited","Cessation","Bharat Electronics Limited  has informed the Exchange about cessation of Anandi Ramalingam as Executive Director of the company w.e.f. 31-Aug-2022","01-Sep-2022 08:32:12","2022-09-01 08:32:12","01-Sep-2022 08:32:14","00:00:02","https://nsearchives.nseindia.com/corporate/BEL_01092022083212_NSE.pdf"
"BEL","Bharat Electronics Limited","Annual General Meeting","Bharat Electronics Limited has informed the Exchange about Voting results and  Scrutinizer report of Annual General Meeting held on 30-Aug-2022","31-Aug-2022 13:23:00","2022-08-31 13:23:00","31-Aug-2022 13:23:10","00:00:10","https://nsearchives.nseindia.com/corporate/BEL_31082022132300_NSE.pdf"
"BEL","Bharat Electronics Limited","Annual General Meeting","Bharat Electronics Limited has informed the Exchange about  Proceedings of Annual General Meeting held on 30-Aug-2022","30-Aug-2022 17:48:30","2022-08-30 17:48:30","30-Aug-2022 17:48:34","00:00:04","https://nsearchives.nseindia.com/corporate/BEL_30082022174830_NSE.pdf"
"BEL","Bharat Electronics Limited","Investor Presentation","Bharat Electronics Limited has informed the Exchange about Analyst/Investor Presentation","30-Aug-2022 13:53:09","2022-08-30 13:53:09","30-Aug-2022 13:53:16","00:00:07","https://nsearchives.nseindia.com/corporate/BEL_30082022135309_NSE.pdf"
"BEL","Bharat Electronics Limited","News Verification","BEL : The Exchange has sought clarification from Bharat Electronics Limited with respect to recent news item captioned NHPC inks MoU with BEL.  The response from the Company is awaited.","23-Aug-2022 17:08:48","2022-08-23 17:08:48","23-Aug-2022 17:08:56","00:00:08","-"
"BEL","Bharat Electronics Limited","Clarification","The Exchange has sought clarification from Bharat Electronics Limited with respect to announcement dated 21-Apr-2022 informing about Appointment of Shri Bhanu Prakash Srivastava.On the basis of aforesaid announcement, the Company is required to provide/clarify the following:Change in directors, key managerial personnel (Managing Director, Chief Executive Officer, Chief Financial Officer, Company Secretary etc.), Auditor and Compliance Officer: 1. Disclosure of relationships between directors  (in  case  of  appointment  of  a director) 2. Affirmation that the Director being appointed is not debarred from holding the office of director by virtue of any SEBI order or any other such authority The response of the company is awaited.","19-Aug-2022 17:52:48","2022-08-19 17:52:48","19-Aug-2022 17:52:51","00:00:03","-"
"BEL","Bharat Electronics Limited","Schedule of Analysts/Institutional Investor Meet/Con. Call","Bharat Electronics Limited has informed the Exchange about Schedule of Analysts Meet on 30.08.2022","09-Aug-2022 14:37:15","2022-08-09 14:37:15","09-Aug-2022 14:37:19","00:00:04","https://nsearchives.nseindia.com/corporate/BEL_09082022143715_NSE.pdf"
"BEL","Bharat Electronics Limited","Newspaper Advertisements","Newspaper Publication ��� Corrigendum to Notice of 68th Annual General Meeting (AGM), Remote E-voting and Book Closure","05-Aug-2022 17:59:57","2022-08-05 17:59:57","05-Aug-2022 17:59:59","00:00:02","https://nsearchives.nseindia.com/corporate/BEL_05082022175957_NSE.pdf"
"BEL","Bharat Electronics Limited","Outcome of Board Meeting","Outcome of the Board Meeting held on 4th August, 2022 ��� Approval for Issue of Bonus Shares and Holding of 68th Annual General Meeting (AGM) of the Company.","04-Aug-2022 15:01:27","2022-08-04 15:01:27","04-Aug-2022 15:01:31","00:00:04","https://nsearchives.nseindia.com/corporate/BEL_04082022150127_NSE.pdf"
"BEL","Bharat Electronics Limited","Closure of trading window","Bharat Electronics Limited has informed the Exchange about Closure of trading window","01-Aug-2022 14:59:03","2022-08-01 14:59:03","01-Aug-2022 14:59:12","00:00:09","https://nsearchives.nseindia.com/corporate/BEL_01082022145903_NSE_TWC.pdf"
"BEL","Bharat Electronics Limited","Newspaper Advertisements","Newspaper Advertisement ��� Notice of 68th Annual General Meeting (AGM), Remote E-voting and Book Closure.","29-Jul-2022 19:49:09","2022-07-29 19:49:09","29-Jul-2022 19:49:12","00:00:03","https://nsearchives.nseindia.com/corporate/BEL_29072022194909_NSE.pdf"
"BEL","Bharat Electronics Limited","Book Closure","Bharat Electronics Limited has informed the Exchange that Register of Members & Share Transfer Books of the Company will remain closed from 11-Aug-2022 to 14-Aug-2022 for the purpose of  payment of final dividend and 68th Annual General Meeting (AGM) of the Company.","28-Jul-2022 13:46:38","2022-07-28 13:46:38","28-Jul-2022 13:46:47","00:00:09","https://nsearchives.nseindia.com/corporate/BEL_28072022134638_NSE.pdf"
"BEL","Bharat Electronics Limited","Transcript of Analysts/Institutional Investor Meet/Con. Call","Bharat Electronics Limited has informed the Exchange about Transcript of Analysts/Institutional Investor Meet/Con. Call ","27-Jul-2022 13:13:36","2022-07-27 13:13:36","27-Jul-2022 13:13:39","00:00:03","https://nsearchives.nseindia.com/corporate/BEL_27072022131336_NSE.pdf"
"BEL","Bharat Electronics Limited","General updates","Bharat Electronics Limited has informed the Exchange about Certificate under Regulation 74(5) of SEBI (Depositories and Participants) Regulations, 2018 for the quarter ended 30.06.2022.","25-Jul-2022 18:39:54","2022-07-25 18:39:54","25-Jul-2022 18:39:59","00:00:05","https://nsearchives.nseindia.com/corporate/BEL_25072022183954_NSE.pdf"
"BEL","Bharat Electronics Limited","Press Release","Bharat Electronics Limited has informed the Exchange about press release dated 22-Jul-2022 titled ���BEL signs Rs.250 Crore contract with MoD, GOI���","22-Jul-2022 15:33:51","2022-07-22 15:33:51","22-Jul-2022 15:33:54","00:00:03","https://nsearchives.nseindia.com/corporate/BEL_22072022153351_NSE.pdf"
"BEL","Bharat Electronics Limited","Recording of Analysts/Institutional Investor Meet/Con. Call","Bharat Electronics Limited has informed the Exchange about Recording of Analysts/Institutional Investor Meet/Con. Call","21-Jul-2022 12:43:33","2022-07-21 12:43:33","21-Jul-2022 12:43:35","00:00:02","https://nsearchives.nseindia.com/corporate/BEL_21072022124333_NSE.pdf"
"BEL","Bharat Electronics Limited","Schedule of Analysts/Institutional Investor Meet/Con. Call","Bharat Electronics Limited has informed the Exchange about Schedule of Conference Call. ","19-Jul-2022 10:38:03","2022-07-19 10:38:03","19-Jul-2022 10:38:13","00:00:10","https://nsearchives.nseindia.com/corporate/BEL_19072022103803_NSE.pdf"
"BEL","Bharat Electronics Limited","Retirement","Bharat Electronics Limited  has informed the Exchange about retirement of Sunil Kumar Kohli as Independent Director of the company w.e.f. 17-Jul-2022","18-Jul-2022 18:00:42","2022-07-18 18:00:42","18-Jul-2022 18:00:46","00:00:04","https://nsearchives.nseindia.com/corporate/BEL_18072022180042_NSE.pdf"
"BEL","Bharat Electronics Limited","Outcome of Board Meeting","Bharat Electronics Limited  has informed the Exchange about Board Meeting held on 16-Jul-2022 to consider financial statements for the period ended June 2022","16-Jul-2022 17:09:09","2022-07-16 17:09:09","16-Jul-2022 17:09:13","00:00:04","https://nsearchives.nseindia.com/corporate/BEL_16072022170909_NSE.pdf"
"BEL","Bharat Electronics Limited","Appointment","Bharat Electronics Limited  has informed the Exchange about appointment of Binoy Kumar Das as Nominee Director of the company w.e.f. 04-Jul-2022","05-Jul-2022 16:25:09","2022-07-05 16:25:09","05-Jul-2022 16:25:11","00:00:02","https://nsearchives.nseindia.com/corporate/BEL_05072022162509_NSE.pdf"
"BEL","Bharat Electronics Limited","Closure of trading window","Bharat Electronics Limited has informed the Exchange about Closure of trading window","28-Jun-2022 16:48:18","2022-06-28 16:48:18","28-Jun-2022 16:48:20","00:00:02","https://nsearchives.nseindia.com/corporate/BEL_28062022164818_NSE.pdf"
"BEL","Bharat Electronics Limited","Related Party Transaction","Bharat Electronics Limited has informed the Exchange about related party transaction for the period ended March 2022","17-Jun-2022 13:31:40","2022-06-17 13:31:40","17-Jun-2022 13:31:50","00:00:10","https://nsearchives.nseindia.com/corporate/BEL_17062022133140_NSE.pdf"
"BEL","Bharat Electronics Limited","Press Release","In pursuance of the provisions of Regulation 30 of SEBI (LODR) Regulations, 2015, we are enclosing therewith press release titled ���Performance Highlights of 2021-22��� and copy of presentation made at the Press Conference held on 25th May, 2022���. ","25-May-2022 14:37:42","2022-05-25 14:37:42","25-May-2022 14:37:58","00:00:16","https://nsearchives.nseindia.com/corporate/BEL_25052022143731_NSE.pdf"
"BEL","Bharat Electronics Limited","General updates","Bharat Electronics Limited has informed the Exchange about Press Conference on 25th May, 2022.","24-May-2022 16:52:10","2022-05-24 16:52:10","24-May-2022 16:52:18","00:00:08","https://nsearchives.nseindia.com/corporate/BEL_24052022165204_NSE.pdf"
"BEL","Bharat Electronics Limited","Dividend","Pursuant to Regulation 30(2) of SEBI (Listing Obligations and Disclosure Requirements) Regulations, 2015, we wish to inform you that the Board of Directors of the Company at their meeting held on 23rd May, 2022, inter alia, has recommended a final dividend of  Rs.1.50/- per equity share (150%) of Rs.1/- each fully paid-up for the financial year 2021-22 subject to approval by the shareholders in the next Annual General Meeting of the Company.","23-May-2022 16:41:36","2022-05-23 16:41:36","23-May-2022 16:41:40","00:00:04","https://nsearchives.nseindia.com/corporate/BEL_23052022164100_NSE.pdf"
"BEL","Bharat Electronics Limited","Financial Result Updates","Bharat Electronics Limited has submitted to the Exchange, the financial results for the period ended March 31, 2022.","23-May-2022 16:29:36","2022-05-23 16:29:36","23-May-2022 16:30:26","00:00:50","https://nsearchives.nseindia.com/corporate/NSE_23052022162936.pdf"
"BEL","Bharat Electronics Limited","Cessation","Bharat Electronics Limited  has informed the Exchange about cessation of Manjula Jillellamudi as Nominee Director of the company w.e.f. 01-May-2022","05-May-2022 16:58:51","2022-05-05 16:58:51","05-May-2022 16:58:55","00:00:04","https://nsearchives.nseindia.com/corporate/BEL_05052022165851_NSE.pdf"
"BEL","Bharat Electronics Limited","Appointment","Bharat Electronics Limited  has informed the Exchange about appointment of Shri. Bhanu Prakash Srivastava  as Director (Other Units) of the company w.e.f. 20-Apr-2022","21-Apr-2022 15:55:37","2022-04-21 15:55:37","21-Apr-2022 15:55:39","00:00:02","https://nsearchives.nseindia.com/corporate/BEL_21042022155531_NSE.pdf"
"BEL","Bharat Electronics Limited","General updates","Bharat Electronics Limited has informed the Exchange about Certificate under Regulation 74(5) of SEBI (D&P) Regulations, 2018","19-Apr-2022 19:43:03","2022-04-19 19:43:03","19-Apr-2022 19:43:06","00:00:03","https://nsearchives.nseindia.com/corporate/BEL_19042022194302_NSE.pdf"
"BEL","Bharat Electronics Limited","Press Release","Bharat Electronics Limited has informed the Exchange about press release dated 01-Apr-2022 titled 'BEL achieves record turnover of Rs.15000 Crores'.","01-Apr-2022 13:23:02","2022-04-01 13:23:02","01-Apr-2022 13:23:23","00:00:21","https://nsearchives.nseindia.com/corporate/BEL_01042022132302_NSE.pdf"
"BEL","Bharat Electronics Limited","Closure of trading window","Bharat Electronics Limited has informed the Exchange about Closure of trading window","30-Mar-2022 09:34:32","2022-03-30 09:34:32","30-Mar-2022 09:34:37","00:00:05","https://nsearchives.nseindia.com/corporate/BEL_30032022093427_NSE.pdf"
"BEL","Bharat Electronics Limited","Press Release","Press Releases ��� BEL signs contract worth Rs.3102 crore with MoD.","30-Mar-2022 09:30:50","2022-03-30 09:30:50","30-Mar-2022 09:30:55","00:00:05","https://nsearchives.nseindia.com/corporate/BEL_30032022093048_NSE.pdf"
"BEL","Bharat Electronics Limited","Dividend","In continuation to our earlier letter dated 3rd March, 2022, we wish to inform you that Board of Directors of the Company at its meeting held on 17th March, 2022, inter alia, has declared second interim dividend of Rs.1.50/- (150%) per equity share of Rs.1/- each fully paid-up for the financial year 2021-22. ","17-Mar-2022 17:04:42","2022-03-17 17:04:42","17-Mar-2022 17:04:44","00:00:02","https://nsearchives.nseindia.com/corporate/BEL_17032022170437_NSE.pdf"
"BEL","Bharat Electronics Limited","Record Date","Bharat Electronics Limited has informed the Exchange that Record date for the purpose of Second Interim Dividend is 26-Mar-2022.","03-Mar-2022 19:06:40","2022-03-03 19:06:40","07-Apr-2022 18:36:28","839:29:48","https://nsearchives.nseindia.com/corporate/BEL_03032022190612_NSE.pdf"
"BEL","Bharat Electronics Limited","Closure of trading window","Bharat Electronics Limited has informed the Exchange about Closure of trading window","03-Mar-2022 19:00:30","2022-03-03 19:00:30","03-Mar-2022 19:00:38","00:00:08","https://nsearchives.nseindia.com/corporate/BEL_03032022190004_NSE.pdf"
"BEL","Bharat Electronics Limited","Press Release","Bharat Electronics Limited has informed the Exchange about press release dated 28-Feb-2022 titled ���MoD signs contract worth Rs. 1075 crore with BEL for Retro ��� Modification of Commander sight for T ��� 90 Tanks���.","28-Feb-2022 11:32:40","2022-02-28 11:32:40","28-Feb-2022 11:32:47","00:00:07","https://nsearchives.nseindia.com/corporate/BEL_28022022113240_NSE_PressRelease_28022022.pdf"
"BEL","Bharat Electronics Limited","Credit Rating","Bharat Electronics Limited has informed the Exchange about Extension of Validity of Credit Rating.","25-Feb-2022 14:16:50","2022-02-25 14:16:50","25-Feb-2022 14:16:59","00:00:09","https://nsearchives.nseindia.com/corporate/BEL_25022022141650_NSE.pdf"
"BEL","Bharat Electronics Limited","Date of payment of dividend","Bharat Electronics Limited has informed the Exchange about Date of payment of dividend","18-Feb-2022 13:30:40","2022-02-18 13:30:40","18-Feb-2022 13:30:50","00:00:10","https://nsearchives.nseindia.com/corporate/BEL_18022022133040_NSE.pdf"
"BEL","Bharat Electronics Limited","Appointment","Bharat Electronics Limited has informed the Exchange regarding Appointment of Mrs SHYAMA SINGH as Non- Executive Independent Director of the company w.e.f. February 07, 2022.","08-Feb-2022 16:14:03","2022-02-08 16:14:03","08-Feb-2022 16:14:12","00:00:09","https://nsearchives.nseindia.com/corporate/BEL_08022022161403_NSE.pdf"
"BEL","Bharat Electronics Limited","Analysts/Institutional Investor Meet/Con. Call Updates","Bharat Electronics Limited has informed the Exchange about Schedule of meet","28-Jan-2022 18:42:15","2022-01-28 18:42:15","28-Jan-2022 18:42:23","00:00:08","https://nsearchives.nseindia.com/corporate/BEL_28012022184215_NSE_Conference_Call.pdf"
"BEL","Bharat Electronics Limited","Record Date","Bharat Electronics Limited has informed the Exchange that Record date for the purpose of Interim Dividend for the financial year 2021-22  is 10-Feb-2022.","28-Jan-2022 17:37:05","2022-01-28 17:37:05","28-Jan-2022 17:37:14","00:00:09","https://nsearchives.nseindia.com/corporate/BEL_28012022173705_NSE_RecordDate.pdf"
"BEL","Bharat Electronics Limited","Financial Result Updates","Bharat Electronics Limited has submitted to the Exchange, the financial results for the period ended December 31, 2021.","28-Jan-2022 17:30:43","2022-01-28 17:30:43","28-Jan-2022 17:32:04","00:01:21","https://nsearchives.nseindia.com/corporate/NSE_UFR_28012022173043.pdf"
"BEL","Bharat Electronics Limited","Outcome of Board Meeting","Bharat Electronics Limited has informed the Exchange regarding  increase in Authorised Capital of the Company subject to the approval of Administrative Ministry & Shareholders in its Board meeting held on January 28, 2022.","28-Jan-2022 17:25:57","2022-01-28 17:25:57","28-Jan-2022 17:26:12","00:00:15","https://nsearchives.nseindia.com/corporate/BEL_28012022172557_NSE_Outcome.pdf"
"BEL","Bharat Electronics Limited","Dividend","Bharat Electronics Limited has informed the Exchange that Board of Directors at its meeting held on January 28, 2022, declared Interim Dividend of 1.5 per equity share.","28-Jan-2022 17:17:17","2022-01-28 17:17:17","28-Jan-2022 17:17:24","00:00:07","https://nsearchives.nseindia.com/corporate/BEL_28012022171717_NSE_Outcome.pdf"
"BEL","Bharat Electronics Limited","Press Release","Bharat Electronics Limited has informed the Exchange regarding a press release dated January 27, 2022, titled ""BEL signs USD 73 Million contract with Hyperion Global Group LLC, USA, for supply of IoT devices to the US"".","27-Jan-2022 10:14:23","2022-01-27 10:14:23","27-Jan-2022 10:14:31","00:00:08","https://nsearchives.nseindia.com/corporate/BEL_27012022101423_NSE_Press_release.pdf"
"BEL","Bharat Electronics Limited","Appointment","Bharat Electronics Limited has informed the Exchange regarding Appointment of Mr Gokulan Bangakandy as Independent Director of the company w.e.f. January 20, 2022.","21-Jan-2022 18:10:34","2022-01-21 18:10:34","21-Jan-2022 18:10:50","00:00:16","https://nsearchives.nseindia.com/corporate/BEL_21012022181034_NSE.pdf"
"BEL","Bharat Electronics Limited","Credit Rating","Bharat Electronics Limited has informed the Exchange about Credit Rating","21-Jan-2022 15:06:14","2022-01-21 15:06:14","21-Jan-2022 15:06:24","00:00:10","https://nsearchives.nseindia.com/corporate/BEL_21012022150614_NSE.pdf"
"BEL","Bharat Electronics Limited","Certificate under SEBI (Depositories and Participants) Regulations, 2018","Bharat Electronics Limited has informed the Exchange about Certificate under SEBI (Depositories and Participants) Regulations, 2018","11-Jan-2022 18:28:30","2022-01-11 18:28:30","11-Jan-2022 18:28:36","00:00:06","https://nsearchives.nseindia.com/corporate/BEL_11012022182830_NSE.pdf"
"BEL","Bharat Electronics Limited","Trading Window","Bharat Electronics Limited has informed the Exchange regarding the Trading Window closure pursuant to SEBI (Prohibition of Insider Trading) Regulations, 2015","30-Dec-2021 11:24:29","2021-12-30 11:24:29","30-Dec-2021 11:24:39","00:00:10","https://nsearchives.nseindia.com/corporate/BEL_30122021112429_NSE.pdf"
"BEL","Bharat Electronics Limited","Change in Director(s)","Bharat Electronics Limited has informed the Exchange regarding Change in Director(s) of the company.","29-Dec-2021 15:09:56","2021-12-29 15:09:56","29-Dec-2021 15:10:16","00:00:20","https://nsearchives.nseindia.com/corporate/BEL_29122021150956_NSE.pdf"
"BEL","Bharat Electronics Limited","Press Release","Bharat Electronics Limited has informed the Exchange regarding a press release dated December 16, 2021, titled ""Press Release   BEL receives biggest Avionics Order ever from HAL."".","16-Dec-2021 11:05:47","2021-12-16 11:05:47","16-Dec-2021 11:05:53","00:00:06","https://nsearchives.nseindia.com/corporate/BEL_16122021110547_NSE.pdf"
"BEL","Bharat Electronics Limited","Press Release","Bharat Electronics Limited has informed the Exchange regarding a press release dated November 22, 2021, titled ""BEL receives biggest Export Order ever -  Airbus signs contract with BEL for C295 aircraft programme "".","22-Nov-2021 13:21:37","2021-11-22 13:21:37","22-Nov-2021 13:21:44","00:00:07","https://nsearchives.nseindia.com/corporate/BEL_22112021132137_NSE.pdf"
"BEL","Bharat Electronics Limited","Related Party Transactions","Bharat Electronics Limited has informed the Exchange about related Party Transactions","12-Nov-2021 12:28:46","2021-11-12 12:28:46","12-Nov-2021 12:28:57","00:00:11","https://nsearchives.nseindia.com/corporate/BEL_12112021122846_NSE.pdf"
"BEL","Bharat Electronics Limited","Financial Result Updates","Bharat Electronics Limited has submitted to the Exchange, the financial results for the period ended September 30, 2021.","29-Oct-2021 13:08:41","2021-10-29 13:08:41","29-Oct-2021 17:05:03","03:56:22","https://nsearchives.nseindia.com/corporate/NSE_29102021130841.pdf"
"BEL","Bharat Electronics Limited","Certificate under SEBI (Depositories and Participants) Regulations, 2018","Bharat Electronics Limited has informed the Exchange about Certificate under SEBI (Depositories and Participants) Regulations, 2018","12-Oct-2021 18:39:28","2021-10-12 18:39:28","12-Oct-2021 18:39:32","00:00:04","https://nsearchives.nseindia.com/corporate/BEL_12102021183927_NSE.pdf"
"BEL","Bharat Electronics Limited","Shareholders meeting","Bharat Electronics Limited has submitted the Exchange a copy Srutinizers report of  Annual General Meeting held on September 28, 2021. Further, the company has informed the Exchange regarding voting results.","30-Sep-2021 11:14:10","2021-09-30 11:14:10","30-Sep-2021 11:14:17","00:00:07","https://nsearchives.nseindia.com/corporate/BEL_30092021111410_NSE.pdf"
"BEL","Bharat Electronics Limited","Trading Window","Bharat Electronics Limited has informed the Exchange regarding the Trading Window closure pursuant to SEBI (Prohibition of Insider Trading) Regulations, 2015","29-Sep-2021 18:30:33","2021-09-29 18:30:33","29-Sep-2021 18:30:38","00:00:05","https://nsearchives.nseindia.com/corporate/BEL_29092021183033_NSE.pdf"
"BEL","Bharat Electronics Limited","Shareholders meeting","Bharat Electronics Limited has informed the Exchange regarding Proceedings of Annual General Meeting held on September 28, 2021","29-Sep-2021 09:54:16","2021-09-29 09:54:16","29-Sep-2021 09:54:21","00:00:05","https://nsearchives.nseindia.com/corporate/BEL_29092021095416_NSE.pdf"
"BEL","Bharat Electronics Limited","Investor Presentation","Bharat Electronics Limited has informed the Exchange about Investor Presentation","28-Sep-2021 14:27:24","2021-09-28 14:27:24","28-Sep-2021 14:27:30","00:00:06","https://nsearchives.nseindia.com/corporate/BEL_28092021142723_NSE.pdf"
"BEL","Bharat Electronics Limited","Retirement","Bharat Electronics Limited has informed the Exchange about Retirement of Director (HR).","07-Sep-2021 11:03:20","2021-09-07 11:03:20","07-Sep-2021 11:03:26","00:00:06","https://nsearchives.nseindia.com/corporate/BEL_07092021110320_NSE.pdf"
"BEL","Bharat Electronics Limited","Analysts/Institutional Investor Meet/Con. Call Updates","Bharat Electronics Limited has informed the Exchange about Analysts/Institutional Investor Meet/Con. Call Updates","06-Sep-2021 19:21:32","2021-09-06 19:21:32","06-Sep-2021 19:21:35","00:00:03","https://nsearchives.nseindia.com/corporate/BEL_06092021192132_NSE.pdf"
"BEL","Bharat Electronics Limited","Book Closure","Bharat Electronics Limited has informed the Exchange that Register of Members & Share Transfer Books of the Company will remain closed from 16-Sep-2021 to 19-Sep-2021 for the purpose of 67th AGM of BEL and payment of final dividend for the FY 2020-21, if declared at the 67th AGM. .","03-Sep-2021 16:06:11","2021-09-03 16:06:11","03-Sep-2021 16:06:17","00:00:06","https://nsearchives.nseindia.com/corporate/BEL_03092021160611_NSE.pdf"
"BEL","Bharat Electronics Limited","Analysts/Institutional Investor Meet/Con. Call Updates","Bharat Electronics Limited has informed the Exchange about Analysts/Institutional Investor Meet/Con. Call Updates","06-Aug-2021 17:57:49","2021-08-06 17:57:49","06-Aug-2021 17:57:52","00:00:03","https://nsearchives.nseindia.com/corporate/BEL_06082021175749_NSE.pdf"
"BEL","Bharat Electronics Limited","Financial Result Updates","Bharat Electronics Limited has submitted to the Exchange, the financial results for the period ended June 30, 2021.","06-Aug-2021 16:28:56","2021-08-06 16:28:56","06-Aug-2021 16:30:27","00:01:31","https://nsearchives.nseindia.com/corporate/NSE_06082021162856.pdf"
"BEL","Bharat Electronics Limited","Certificate under SEBI (Depositories and Participants) Regulations, 2018","Bharat Electronics Limited has informed the Exchange about Certificate under SEBI (Depositories and Participants) Regulations, 2018","13-Jul-2021 19:02:53","2021-07-13 19:02:53","13-Jul-2021 19:02:59","00:00:06","https://nsearchives.nseindia.com/corporate/BEL_13072021190253_NSE.pdf"
"BEL","Bharat Electronics Limited","Retirement","Bharat Electronics Limited has informed the Exchange Corrigendum - Our letter dated 1st July, 2021 Regarding Intimation of Retirement of Chairman and Managing Director","01-Jul-2021 17:50:10","2021-07-01 17:50:10","01-Jul-2021 17:50:29","00:00:19","https://nsearchives.nseindia.com/corporate/BEL_01072021175010_NSE.pdf"
"BEL","Bharat Electronics Limited","Retirement","Bharat Electronics Limited has informed the Exchange about Retirement of Chairman and Managing Director","01-Jul-2021 16:03:34","2021-07-01 16:03:34","01-Jul-2021 16:03:45","00:00:11","https://nsearchives.nseindia.com/corporate/BEL_01072021160334_NSE.pdf"
"BEL","Bharat Electronics Limited","Related Party Transactions","Bharat Electronics Limited has informed the Exchange about related Party Transactions for the half year ended 31st March, 2021.","01-Jul-2021 15:42:45","2021-07-01 15:42:45","01-Jul-2021 15:42:52","00:00:07","https://nsearchives.nseindia.com/corporate/BEL_01072021154245_NSE.pdf"
"BEL","Bharat Electronics Limited","Trading Window","Bharat Electronics Limited has informed the Exchange regarding the Trading Window closure pursuant to SEBI (Prohibition of Insider Trading) Regulations, 2015","29-Jun-2021 17:26:05","2021-06-29 17:26:05","29-Jun-2021 17:26:18","00:00:13","https://nsearchives.nseindia.com/corporate/BEL_29062021172605_NSE.pdf"
"BEL","Bharat Electronics Limited","Dividend Updates","Bharat Electronics Limited has informed the Exchange about Final Dividend Recommended by the Board of Directors.","22-Jun-2021 18:26:15","2021-06-22 18:26:15","22-Jun-2021 18:26:24","00:00:09","https://nsearchives.nseindia.com/corporate/BEL_22062021182615_NSE.pdf"
"BEL","Bharat Electronics Limited","Financial Result Updates","Bharat Electronics Limited has submitted to the Exchange, the financial results for the period ended March 31, 2021.","22-Jun-2021 18:20:01","2021-06-22 18:20:01","22-Jun-2021 18:22:03","00:02:02","https://nsearchives.nseindia.com/corporate/NSE_22062021182001.pdf"
"BEL","Bharat Electronics Limited","Analysts/Institutional Investor Meet/Con. Call Updates","Bharat Electronics Limited has informed the Exchange about Analysts/Institutional Investor Meet/Con. Call Updates","22-Jun-2021 10:49:37","2021-06-22 10:49:37","22-Jun-2021 10:49:48","00:00:11","https://nsearchives.nseindia.com/corporate/BEL_22062021104937_NSE.pdf"
"BEL","Bharat Electronics Limited","Change in Director(s)","Bharat Electronics Limited has informed the Exchange regarding Change in Director(s) of the company.","08-May-2021 17:14:29","2021-05-08 17:14:29","08-May-2021 17:14:35","00:00:06","https://nsearchives.nseindia.com/corporate/BEL_08052021171429_NSE.pdf"
"BEL","Bharat Electronics Limited","Disclosure under SEBI Takeover Regulations","Bharat Electronics Limited��has informed the Exchange regarding disclosure under Regulation 30 of SEBI SAST Regulations, 2011��as at March 31, 2021.","16-Apr-2021 11:15:17","2021-04-16 11:15:17","16-Apr-2021 11:15:25","00:00:08","https://nsearchives.nseindia.com/corporate/BEL_16042021111517_BEL.pdf"
"BEL","Bharat Electronics Limited","Certificate under SEBI (Depositories and Participants) Regulations, 2018","Bharat Electronics Limited has informed the Exchange about Certificate under SEBI (Depositories and Participants) Regulations, 2018","08-Apr-2021 18:53:05","2021-04-08 18:53:05","08-Apr-2021 18:53:08","00:00:03","https://nsearchives.nseindia.com/corporate/BEL_08042021185305_NSE.pdf"
"BEL","Bharat Electronics Limited","Annual Disclosure","Bharat Electronics Limited has submitted to the Exchange Annual Disclosure as per SEBI Circular dated November 26, 2018.","08-Apr-2021 05:04:01","2021-04-08 05:04:01","08-Apr-2021 17:13:07","12:09:06","https://nsearchives.nseindia.com/corporate/BEL_08042021171155_NSE_024.pdf"
"BEL","Bharat Electronics Limited","Press Release","Bharat Electronics Limited has informed the Exchange regarding a press release dated April 01, 2021, titled ""BEL achieves record turnover of Rs.13500 Crores"".","01-Apr-2021 12:37:03","2021-04-01 12:37:03","01-Apr-2021 12:37:07","00:00:04","https://nsearchives.nseindia.com/corporate/BEL_01042021123703_NSE.pdf"
"BEL","Bharat Electronics Limited","Press Release","Bharat Electronics Limited has informed the Exchange regarding a press release dated March 30, 2021, titled ""BEL pays Rs. 174 Crore Second Interim Dividend to Government of India "".","30-Mar-2021 18:00:25","2021-03-30 18:00:25","30-Mar-2021 18:00:33","00:00:08","https://nsearchives.nseindia.com/corporate/BEL_30032021180025_NSE_PressRelease_30032021.pdf"
"BEL","Bharat Electronics Limited","Trading Window","Bharat Electronics Limited has informed the Exchange regarding the Trading Window closure pursuant to SEBI (Prohibition of Insider Trading) Regulations, 2015","26-Mar-2021 16:36:38","2021-03-26 16:36:38","26-Mar-2021 16:36:42","00:00:04","https://nsearchives.nseindia.com/corporate/BEL_26032021163638_NSE.pdf"
"BEL","Bharat Electronics Limited","Date of payment of dividend","Bharat Electronics Limited has informed the Exchange about Date of payment of dividend","26-Mar-2021 16:33:46","2021-03-26 16:33:46","26-Mar-2021 16:33:50","00:00:04","https://nsearchives.nseindia.com/corporate/BEL_26032021163346_NSE.pdf"
"BEL","Bharat Electronics Limited","Dividend","Bharat Electronics Limited has informed the Exchange that Board of Directors at its meeting held on March 16, 2021, declared Second Interim Dividend of 1.40 per equity share.","16-Mar-2021 13:35:43","2021-03-16 13:35:43","16-Mar-2021 13:35:45","00:00:02","https://nsearchives.nseindia.com/corporate/BEL_16032021133543_NSE.pdf"
"BEL","Bharat Electronics Limited","Trading Window","Bharat Electronics Limited has informed the Exchange regarding the Trading Window closure pursuant to SEBI (Prohibition of Insider Trading) Regulations, 2015","25-Feb-2021 13:01:13","2021-02-25 13:01:13","25-Feb-2021 13:01:19","00:00:06","https://nsearchives.nseindia.com/corporate/BEL_25022021130112_NSE.pdf"
"BEL","Bharat Electronics Limited","Record Date","Bharat Electronics Limited has informed the Exchange that Record date for the purpose of Dividend  is 24-Mar-2021.","25-Feb-2021 12:47:25","2021-02-25 12:47:25","25-Feb-2021 12:47:29","00:00:04","https://nsearchives.nseindia.com/corporate/BEL_25022021124725_NSE.pdf"
"BEL","Bharat Electronics Limited","Credit Rating","Bharat Electronics Limited has informed the Exchange about Credit Rating","18-Feb-2021 17:56:13","2021-02-18 17:56:13","18-Feb-2021 17:56:17","00:00:04","https://nsearchives.nseindia.com/corporate/BEL_18022021175613_NSE.pdf"
"BEL","Bharat Electronics Limited","Date of payment of dividend","Bharat Electronics Limited has informed the Exchange about Date of payment of interim dividend for the financial year 2020-21.","17-Feb-2021 13:30:09","2021-02-17 13:30:09","17-Feb-2021 13:30:24","00:00:15","https://nsearchives.nseindia.com/corporate/BEL_17022021133009_NSE.pdf"
"BEL","Bharat Electronics Limited","Press Release","Bharat Electronics Limited has informed the Exchange regarding a press release dated February 09, 2021, titled ""MoD and BEL sign contract for procurement of Software Defined Radio (Tactical) worth over Rs.1,000 crore"".","09-Feb-2021 14:56:33","2021-02-09 14:56:33","09-Feb-2021 14:56:36","00:00:03","https://nsearchives.nseindia.com/corporate/BEL_09022021145633_NSE.pdf"
"BEL","Bharat Electronics Limited","Press Release","Bharat Electronics Limited has informed the Exchange regarding a press release dated February 04, 2021, titled ""BEL signs MoU with BPL Medical Technologies Pvt Ltd"".","04-Feb-2021 19:48:08","2021-02-04 19:48:08","04-Feb-2021 19:48:12","00:00:04","https://nsearchives.nseindia.com/corporate/BEL_04022021194808_NSE2.pdf"
"BEL","Bharat Electronics Limited","Press Release","Bharat Electronics Limited has informed the Exchange regarding a press release dated February 04, 2021, titled ""BEL enters into Offset Contract with JSC Rosoboronexport"".","04-Feb-2021 19:39:42","2021-02-04 19:39:42","04-Feb-2021 19:39:47","00:00:05","https://nsearchives.nseindia.com/corporate/BEL_04022021193942_NSE2.pdf"
"BEL","Bharat Electronics Limited","Updates","Bharat Electronics Limited has informed the Exchange regarding 'Highlights of 2020-21 Q3.'.","02-Feb-2021 10:40:13","2021-02-02 10:40:13","02-Feb-2021 10:40:17","00:00:04","https://nsearchives.nseindia.com/corporate/BEL_02022021104013_NSE.pdf"
"BEL","Bharat Electronics Limited","Revised Record date","Bharat Electronics Limited had intimated the 05-Feb-2021 as the record date. The Company has now informed the Exchange that the Record date has been revised to 09-Feb-2021 for the purpose of Interim Dividend for the FY 2020-21.","28-Jan-2021 19:00:56","2021-01-28 19:00:56","28-Jan-2021 19:01:05","00:00:09","https://nsearchives.nseindia.com/corporate/BEL_28012021190056_NSE.pdf"
"BEL","Bharat Electronics Limited","Record Date","Bharat Electronics Limited has informed the Exchange that Record date for the purpose of interim Dividend  is 05-Feb-2021.","28-Jan-2021 17:47:14","2021-01-28 17:47:14","28-Jan-2021 17:47:20","00:00:06","https://nsearchives.nseindia.com/corporate/BEL_28012021174714_NSE.pdf"
"BEL","Bharat Electronics Limited","Dividend","Bharat Electronics Limited has informed the Exchange that Board of Directors at its meeting held on January 28, 2021, declared Interim Dividend of 1.40 per equity share (140%) for the financial year 2020-21.","28-Jan-2021 17:40:58","2021-01-28 17:40:58","28-Jan-2021 17:41:00","00:00:02","https://nsearchives.nseindia.com/corporate/BEL_28012021174058_NSE.pdf"
"BEL","Bharat Electronics Limited","Financial Result Updates","Bharat Electronics Limited has submitted to the Exchange, the financial results for the period ended December 31, 2020.","28-Jan-2021 17:32:59","2021-01-28 17:32:59","28-Jan-2021 17:34:09","00:01:10","https://nsearchives.nseindia.com/corporate/NSE_28012021173259.zip"
"BEL","Bharat Electronics Limited","Certificate under SEBI (Depositories and Participants) Regulations, 2018","Bharat Electronics Limited has informed the Exchange about Certificate under SEBI (Depositories and Participants) Regulations, 2018","11-Jan-2021 19:48:01","2021-01-11 19:48:01","11-Jan-2021 19:48:08","00:00:07","https://nsearchives.nseindia.com/corporate/BEL_11012021194801_NSE.pdf"
"BEL","Bharat Electronics Limited","Trading Window","Bharat Electronics Limited has informed the Exchange regarding the Trading Window closure pursuant to SEBI (Prohibition of Insider Trading) Regulations, 2015","29-Dec-2020 13:51:02","2020-12-29 13:51:02","29-Dec-2020 13:51:06","00:00:04","https://nsearchives.nseindia.com/corporate/BEL_29122020135102_NSE.pdf"
"BEL","Bharat Electronics Limited","Related Party Transactions","Bharat Electronics Limited has informed the Exchange about related Party Transactions","27-Nov-2020 14:59:53","2020-11-27 14:59:53","27-Nov-2020 14:59:59","00:00:06","https://nsearchives.nseindia.com/corporate/BEL_27112020145953_NSE.pdf"
"BEL","Bharat Electronics Limited","Analysts/Institutional Investor Meet/Con. Call Updates","Bharat Electronics Limited has informed the Exchange about 'Presentations Made at Analysts Meet held on 19th November, 2020.'","19-Nov-2020 14:17:57","2020-11-19 14:17:57","19-Nov-2020 14:18:01","00:00:04","https://nsearchives.nseindia.com/corporate/BEL_19112020141757_NSE.pdf"
"BEL","Bharat Electronics Limited","Updates","Bharat Electronics Limited has informed the Exchange regarding 'Please find enclosed herewith a statement containing the Highlights of 2020-21 Q2.'.","06-Nov-2020 20:48:17","2020-11-06 20:48:17","06-Nov-2020 20:48:21","00:00:04","https://nsearchives.nseindia.com/corporate/BEL_06112020204817_NSE.pdf"
"BEL","Bharat Electronics Limited","Financial Result Updates","Bharat Electronics Limited has submitted to the Exchange, the financial results for the period ended September 30, 2020.","06-Nov-2020 18:33:29","2020-11-06 18:33:29","06-Nov-2020 18:35:02","00:01:33","https://nsearchives.nseindia.com/corporate/NSE_06112020183329.zip"
"BEL","Bharat Electronics Limited","Change in Director(s)","Bharat Electronics Limited has informed the Exchange regarding Change in Director(s) of the company.","04-Nov-2020 16:01:19","2020-11-04 16:01:19","04-Nov-2020 16:01:25","00:00:06","https://nsearchives.nseindia.com/corporate/BEL_04112020160119_NSE.pdf"
"BEL","Bharat Electronics Limited","Analysts/Institutional Investor Meet/Con. Call Updates","Bharat Electronics Limited has informed the Exchange about Change in Schedule of Analysts Meet.","04-Nov-2020 15:54:19","2020-11-04 15:54:19","04-Nov-2020 15:54:25","00:00:06","https://nsearchives.nseindia.com/corporate/BEL_04112020155419_NSE.pdf"
"BEL","Bharat Electronics Limited","Press Release","Bharat Electronics Limited has informed the Exchange regarding a press release dated October 28, 2020, titled ""BEL pays Rs 174.44 Crore Final Dividend to Govt of India "".","28-Oct-2020 17:57:11","2020-10-28 17:57:11","28-Oct-2020 17:57:16","00:00:05","https://nsearchives.nseindia.com/corporate/BEL_28102020175711_NSE.pdf"
"BEL","Bharat Electronics Limited","Analysts/Institutional Investor Meet/Con. Call Updates","Bharat Electronics Limited has informed the Exchange about Analysts/Institutional Investor Meet/Con. Call Updates","19-Oct-2020 19:14:30","2020-10-19 19:14:30","19-Oct-2020 19:14:34","00:00:04","https://nsearchives.nseindia.com/corporate/BEL_19102020191430_NSE.pdf"
"BEL","Bharat Electronics Limited","Certificate under SEBI (Depositories and Participants) Regulations, 2018","Bharat Electronics Limited has informed the Exchange about Certificate under SEBI (Depositories and Participants) Regulations, 2018","13-Oct-2020 18:58:01","2020-10-13 18:58:01","13-Oct-2020 18:58:08","00:00:07","https://nsearchives.nseindia.com/corporate/BEL_13102020185801_NSE.pdf"
"BEL","Bharat Electronics Limited","Date of payment of dividend","Bharat Electronics Limited has informed the Exchange about Date of payment of Final Dividend 2019-20.","13-Oct-2020 18:43:14","2020-10-13 18:43:14","13-Oct-2020 18:43:18","00:00:04","https://nsearchives.nseindia.com/corporate/BEL_13102020184314_NSE.pdf"
"BEL","Bharat Electronics Limited","Press Release","Bharat Electronics Limited has informed the Exchange regarding a press release dated October 13, 2020, titled ""BEL bags ICC PSE Excellence Award for Corporate Governance "".","13-Oct-2020 18:35:48","2020-10-13 18:35:48","13-Oct-2020 18:35:51","00:00:03","https://nsearchives.nseindia.com/corporate/BEL_13102020183548_NSE.pdf"
"BEL","Bharat Electronics Limited","Shareholders meeting","Bharat Electronics Limited has submitted the Exchange a copy Srutinizers report of  Annual General Meeting held on September 30, 2020. Further, the company has informed the Exchange regarding voting results.","01-Oct-2020 15:56:32","2020-10-01 15:56:32","01-Oct-2020 15:56:36","00:00:04","https://nsearchives.nseindia.com/corporate/BEL_01102020155632_NSE.pdf"
"BEL","Bharat Electronics Limited","Shareholders meeting","Bharat Electronics Limited has informed the Exchange regarding Proceedings of Annual General Meeting held on September 30, 2020","01-Oct-2020 11:33:53","2020-10-01 11:33:53","01-Oct-2020 11:33:56","00:00:03","https://nsearchives.nseindia.com/corporate/BEL_01102020113353_NSE.pdf"
"BEL","Bharat Electronics Limited","Trading Window","Bharat Electronics Limited has informed the Exchange regarding the Trading Window closure pursuant to SEBI (Prohibition of Insider Trading) Regulations, 2015","28-Sep-2020 11:42:34","2020-09-28 11:42:34","28-Sep-2020 11:42:41","00:00:07","https://nsearchives.nseindia.com/corporate/BEL_28092020114234_NSE.pdf"
"BEL","Bharat Electronics Limited","Updates","Bharat Electronics Limited has informed the Exchange regarding 'Intimation of Participation in Investor Summit. '.","21-Sep-2020 17:43:18","2020-09-21 17:43:18","21-Sep-2020 17:43:22","00:00:04","https://nsearchives.nseindia.com/corporate/BEL_21092020174318_NSE.pdf"
"BEL","Bharat Electronics Limited","Retirement","Bharat Electronics Limited has informed the Exchange about Retirement","11-Sep-2020 16:38:37","2020-09-11 16:38:37","11-Sep-2020 16:38:40","00:00:03","https://nsearchives.nseindia.com/corporate/BEL_11092020163837_NSE.pdf"
"BEL","Bharat Electronics Limited","Book Closure","Bharat Electronics Limited has informed the Exchange that Register of Members & Share Transfer Books of the Company will remain closed from 17-Sep-2020 to 20-Sep-2020 for the purpose of Dividend & Meeting.","07-Sep-2020 19:14:47","2020-09-07 19:14:47","07-Sep-2020 19:14:49","00:00:02","https://nsearchives.nseindia.com/corporate/BEL_07092020191447_NSE.pdf"
"BEL","Bharat Electronics Limited","Change in Director(s)","Bharat Electronics Limited has informed the Exchange regarding Change in Director(s) of the company.","01-Sep-2020 15:33:30","2020-09-01 15:33:30","01-Sep-2020 15:33:35","00:00:05","https://nsearchives.nseindia.com/corporate/BEL_01092020153330_NSE.pdf"
"BEL","Bharat Electronics Limited","Press Release","Bharat Electronics Limited has informed the Exchange regarding a press release dated August 14, 2020, titled ""BEL completes manufacturing milestone of 30,000 ventilators"".","14-Aug-2020 19:00:28","2020-08-14 19:00:28","14-Aug-2020 19:00:32","00:00:04","https://nsearchives.nseindia.com/corporate/BEL_14082020190028_NSE.pdf"
"BEL","Bharat Electronics Limited","Updates","Bharat Electronics Limited has informed the Exchange regarding 'Disclosure Under Reg.30(5) of SEBI (Listing Obligations and Disclosure Requirements) Regulations 2015.'.","01-Aug-2020 11:47:31","2020-08-01 11:47:31","01-Aug-2020 11:47:36","00:00:05","https://nsearchives.nseindia.com/corporate/BEL_01082020114731_NSE.pdf"
"BEL","Bharat Electronics Limited","Change in Director(s)","Bharat Electronics Limited has informed the Exchange regarding Change in Director(s) of the company.","01-Aug-2020 11:41:37","2020-08-01 11:41:37","01-Aug-2020 11:41:42","00:00:05","https://nsearchives.nseindia.com/corporate/BEL_01082020114137_NSE.pdf"
"BEL","Bharat Electronics Limited","Updates","Bharat Electronics Limited has informed the Exchange regarding 'Information for Investors.'.","28-Jul-2020 15:00:00","2020-07-28 15:00:00","-","-","https://nsearchives.nseindia.com/corporate/BEL_28072020150003_NSE.pdf"
"BEL","Bharat Electronics Limited","Financial Result Updates","Bharat Electronics Limited has submitted to the Exchange, the financial results for the period ended June 30, 2020.","27-Jul-2020 19:09:11","2020-07-27 19:09:11","-","-","https://nsearchives.nseindia.com/corporate/NSE_27072020190911.zip"
"BEL","Bharat Electronics Limited","Related Party Transactions","Bharat Electronics Limited has informed the Exchange about related Party Transactions","22-Jul-2020 11:09:00","2020-07-22 11:09:00","-","-","https://nsearchives.nseindia.com/corporate/BEL_22072020110931_NSE.pdf"
"BEL","Bharat Electronics Limited","Certificate under SEBI (Depositories and Participants) Regulations, 2018","Bharat Electronics Limited has informed the Exchange about Certificate under SEBI (Depositories and Participants) Regulations, 2018","20-Jul-2020 14:25:00","2020-07-20 14:25:00","-","-","https://nsearchives.nseindia.com/corporate/BEL_20072020142541_NSE.pdf"
"BEL","Bharat Electronics Limited","Press Release","Bharat Electronics Limited has informed the Exchange regarding a press release dated July 14, 2020, titled ""AAI, BEL sign MoU for co-operation in Civil Aviation Industry"".","14-Jul-2020 19:23:00","2020-07-14 19:23:00","-","-","https://nsearchives.nseindia.com/corporate/BEL_14072020192358_NSE.pdf"
"BEL","Bharat Electronics Limited","Trading Window","Bharat Electronics Limited has informed the Exchange regarding the Trading Window closure pursuant to SEBI (Prohibition of Insider Trading) Regulations, 2015","30-Jun-2020 17:49:00","2020-06-30 17:49:00","-","-","https://nsearchives.nseindia.com/corporate/BEL_30062020174902_NSE.pdf"
"BEL","Bharat Electronics Limited","Updates","Bharat Electronics Limited has informed the Exchange regarding 'Highlights of 2019-20.'.","29-Jun-2020 23:47:00","2020-06-29 23:47:00","-","-","https://nsearchives.nseindia.com/corporate/BEL_29062020234713_NSE.pdf"
"BEL","Bharat Electronics Limited","Dividend Updates","Bharat Electronics Limited has informed the Exchange about Dividend Updates","29-Jun-2020 23:42:00","2020-06-29 23:42:00","-","-","https://nsearchives.nseindia.com/corporate/BEL_29062020234227_NSE.pdf"
"BEL","Bharat Electronics Limited","Financial Result Updates","Bharat Electronics Limited has submitted to the Exchange, the financial results for the period ended March 31, 2020.","29-Jun-2020 23:38:13","2020-06-29 23:38:13","-","-","https://nsearchives.nseindia.com/corporate/NSE_29062020233813.zip"
"BEL","Bharat Electronics Limited","Updates","Bharat Electronics Limited has informed the Exchange regarding 'Pursuant to Regulation 30 of the SEBI (Listing Obligations and Disclosure Requirements) Regulation, 2015, read with SEBI Circular No.SEBI/HO/CFD/CMD1/CIR/P/2020/84 dated 20th May 2020, brief description, in relation to the impact of the COVID-19 pandemic and the resultant lock down, on the operations of the Company is enclosed herewith at Annexure-A.'.","10-Jun-2020 16:51:00","2020-06-10 16:51:00","-","-","https://nsearchives.nseindia.com/corporate/BEL_10062020165138_NSE.pdf"
"BEL","Bharat Electronics Limited","Disclosure under SEBI Takeover Regulations","Promoters of  Bharat Electronics Limited has informed the Exchange regarding disclosure under 30(2) of SEBI (SAST) Regualtions, 2011","05-Jun-2020 16:59:00","2020-06-05 16:59:00","-","-","https://nsearchives.nseindia.com/corporate/BEL_05062020165909_BEL.pdf"
"BEL","Bharat Electronics Limited","Press Release","Bharat Electronics Limited has informed the Exchange regarding a press release dated April 01, 2020, titled ""BEL achieves record turnover in excess of Rs.12,500 Crores"".","01-Apr-2020 12:55:00","2020-04-01 12:55:00","-","-","https://nsearchives.nseindia.com/corporate/BEL_01042020125550_NSE_PressRelease_01042020.pdf"
"BEL","Bharat Electronics Limited","Trading Window","Bharat Electronics Limited has informed the Exchange regarding the Trading Window closure pursuant to SEBI (Prohibition of Insider Trading) Regulations, 2015","24-Mar-2020 15:37:00","2020-03-24 15:37:00","-","-","https://nsearchives.nseindia.com/corporate/BEL_24032020153739_NSE_TW_24032020.pdf"
"BEL","Bharat Electronics Limited","Date of payment of dividend","Bharat Electronics Limited has informed the Exchange regarding Date of payment of dividend","18-Feb-2020 11:06:00","2020-02-18 11:06:00","-","-","https://nsearchives.nseindia.com/corporate/BEL_18022020110612_NSE.pdf"
"BEL","Bharat Electronics Limited","Credit Rating","Bharat Electronics Limited has informed the Exchange regarding Credit Rating","14-Feb-2020 17:47:00","2020-02-14 17:47:00","-","-","https://nsearchives.nseindia.com/corporate/BEL_14022020174728_NSE.pdf"
"BEL","Bharat Electronics Limited","Updates","Bharat Electronics Limited has informed the Exchange regarding 'Intimation of Participation in Analyst / Institutional Investor Meet.'.","14-Feb-2020 12:07:00","2020-02-14 12:07:00","-","-","https://nsearchives.nseindia.com/corporate/BEL_14022020120753_NSE.pdf"
"BEL","Bharat Electronics Limited","Record Date","Bharat Electronics Limited has informed the Exchange that the Company has fixed Record Date as February 12, 2020 for the purpose of Payment of Interim Dividend","31-Jan-2020 08:47:00","2020-01-31 08:47:00","-","-","https://nsearchives.nseindia.com/corporate/BEL_31012020084729_NSE.pdf"
"BEL","Bharat Electronics Limited","Updates","Bharat Electronics Limited has informed the Exchange regarding 'Information for Investors.'.","30-Jan-2020 21:22:00","2020-01-30 21:22:00","-","-","https://nsearchives.nseindia.com/corporate/BEL_30012020212214_NSE.pdf"
"BEL","Bharat Electronics Limited","Dividend","Bharat Electronics Limited has informed the Exchange that Board of Directors at its meeting held on January 30, 2020, declared Interim Dividend of 1.40 per equity share.","30-Jan-2020 21:04:00","2020-01-30 21:04:00","-","-","https://nsearchives.nseindia.com/corporate/BEL_30012020210416_NSE.pdf"
"BEL","Bharat Electronics Limited","Financial Result Updates","Bharat Electronics Limited has submitted to the Exchange, the financial results for the period ended December 31, 2019.","30-Jan-2020 20:55:56","2020-01-30 20:55:56","-","-","https://nsearchives.nseindia.com/corporate/NSE_30012020205556.zip"
"BEL","Bharat Electronics Limited","Retirement","Pursuant to Regulation 30(2) of SEBI (LODR) Regulations, 2015 we wish to inform that Mr. Sharad Shyam Sanghi (DIN: 00265977), Non- Executive Independent Director, ceased to be Director of the Company upon completion of his tenure of office on 6th January, 2020.","07-Jan-2020 12:10:00","2020-01-07 12:10:00","-","-","https://nsearchives.nseindia.com/corporate/BEL_07012020121018_NSE_072.pdf"
"BEL","Bharat Electronics Limited","Trading Window","Bharat Electronics Limited has informed the Exchange regarding the Trading Window closure pursuant to SEBI (Prohibition of Insider Trading) Regulations, 2015","31-Dec-2019 15:15:00","2019-12-31 15:15:00","-","-","https://nsearchives.nseindia.com/corporate/BEL_31122019151446_NSE_399.pdf"
"BEL","Bharat Electronics Limited","Retirement","BEL: Bharat Electronics Limited has informed the Exchange about Retirement of Independent Director.","23-Dec-2019 17:41:00","2019-12-23 17:41:00","-","-","https://nsearchives.nseindia.com/corporate/BEL_23122019173935_NSE_150.pdf"
"BEL","Bharat Electronics Limited","Updates","Bharat Electronics Limited has informed the Exchange regarding 'Intimation of schedule of Analyst / Institutional Investor Meet.'.","04-Dec-2019 15:47:00","2019-12-04 15:47:00","-","-","https://nsearchives.nseindia.com/corporate/BEL_04122019154654_NSE_157.pdf"
"BEL","Bharat Electronics Limited","Related Party Transactions","Bharat Electronics Limited has informed the Exchange regarding Disclosure of Related Party Transaction for the half year ended September 30, 2019.","03-Dec-2019 20:08:00","2019-12-03 20:08:00","-","-","https://nsearchives.nseindia.com/corporate/listcontract1_312201920324_NSE_325.pdf"
"BEL","Bharat Electronics Limited","Change in Director(s)","Bharat Electronics Limited has informed the Exchange regarding Change in Director(s) of the company.","02-Dec-2019 18:00:00","2019-12-02 18:00:00","-","-","https://nsearchives.nseindia.com/corporate/BEL_02122019175944_NSE_417.pdf"
"BEL","Bharat Electronics Limited","Updates","Bharat Electronics Limited has informed the Exchange regarding 'Company will be attending the JM Financial   India Conference at Mumbai on 08.11.2019.'.","07-Nov-2019 18:20:00","2019-11-07 18:20:00","-","-","https://nsearchives.nseindia.com/corporate/BEL_07112019181924_NSE_432.pdf"
"BEL","Bharat Electronics Limited","Financial Results Updates","Bharat Electronics Limited has informed the Exchange regarding Unaudited Standalone and consolidated financial Results for the quarter and half year ended September 30, 2019.","04-Nov-2019 18:48:00","2019-11-04 18:48:00","-","-","https://nsearchives.nseindia.com/corporate/listcontract1_4112019172411_NSEUFR_404.pdf"
"BEL","Bharat Electronics Limited","Financial Result Updates","Bharat Electronics Limited has submitted to the Exchange, the financial results for the period ended September 30, 2019.","04-Nov-2019 17:40:58","2019-11-04 17:40:58","-","-","https://nsearchives.nseindia.com/corporate/NSEUFR_04112019174058.zip"
"BEL","Bharat Electronics Limited","Updates","Bharat Electronics Limited has informed the Exchange regarding 'Information for Investor'.","04-Nov-2019 17:34:00","2019-11-04 17:34:00","-","-","https://nsearchives.nseindia.com/corporate/BEL_04112019173356_HighlightsNSE_334.pdf"
"BEL","Bharat Electronics Limited","Outcome of Board Meeting","Bharat Electronics Limited has informed the Exchange regarding  Board meeting held on November 04, 2019.","04-Nov-2019 17:23:00","2019-11-04 17:23:00","-","-","https://nsearchives.nseindia.com/corporate/BEL_04112019172321_NSEUFR_316.pdf"
"BEL","Bharat Electronics Limited","Trading Window","Bharat Electronics Limited has informed the Exchange regarding the Trading Window closure pursuant to SEBI (Prohibition of Insider Trading) Regulations, 2015","30-Sep-2019 17:32:00","2019-09-30 17:32:00","-","-","https://nsearchives.nseindia.com/corporate/BEL_30092019173153_NSE_269.pdf"
"BEL","Bharat Electronics Limited","Press Release","Bharat Electronics Limited has informed the Exchange regarding a press release dated September 19, 2019, titled ""Raksha Mantri inaugurates Engineers Conclave (2019), Product Development & Innovation Centre of BEL"".","20-Sep-2019 12:27:00","2019-09-20 12:27:00","-","-","https://nsearchives.nseindia.com/corporate/BEL_20092019122639_NSE_041.pdf"
"BEL","Bharat Electronics Limited","Analysts/Institutional Investor Meet/Con. Call Updates","Bharat Electronics Limited has informed the Exchange regarding Analysts/Institutional Investor Meet/Con. Call Updates - In continuation to our earlier letter dated 22nd September, 2019, please find enclosed herewith copy of the presentation made at Analysts Meet held on 16th September, 2019. The same is also being put on Company��s website as per the provisions of the SEBI (LODR) Regulations, 2015.","17-Sep-2019 18:06:00","2019-09-17 18:06:00","-","-","https://nsearchives.nseindia.com/corporate/BEL_17092019180548_NSE_191.pdf"
"BEL","Bharat Electronics Limited","Shareholders meeting","Bharat Electronics Limited has informed the Exchange regarding Proceedings of Annual General Meeting held on September 16, 2019. Further, the company has submitted the Exchange a copy of Srutinizers report along with voting results.","17-Sep-2019 17:21:00","2019-09-17 17:21:00","-","-","https://nsearchives.nseindia.com/corporate/BEL_17092019172026_NSE_169.pdf"
"BEL","Bharat Electronics Limited","Updates","Bharat Electronics Limited has informed the Exchange regarding 'Bharat Electronics Limited wins order for Akash Missile Systems for Indian Air Force.'.","13-Sep-2019 17:58:00","2019-09-13 17:58:00","-","-","https://nsearchives.nseindia.com/corporate/BEL_13092019175759_NSE_207.pdf"
"BEL","Bharat Electronics Limited","Analysts/Institutional Investor Meet/Con. Call Updates","Bharat Electronics Limited has informed the Exchange regarding Analysts/Institutional Investor Meet/Con. Call Updates","22-Aug-2019 14:43:00","2019-08-22 14:43:00","-","-","https://nsearchives.nseindia.com/corporate/BEL_22082019144231_NSE_125.pdf"
"BEL","Bharat Electronics Limited","Analysts/Institutional Investor Meet/Con. Call Updates","Bharat Electronics Limited has informed the Exchange regarding Analysts/Institutional Investor Meet/Con. Call Updates","16-Aug-2019 12:35:00","2019-08-16 12:35:00","-","-","https://nsearchives.nseindia.com/corporate/BEL_16082019123450_NSEIntimationAIIM_112.pdf"
"BEL","Bharat Electronics Limited","AGM/Book Closure","Bharat Electronics Limited has informed the Exchange that the register of members and share transfer books of the Company will remain closed from August 22, 2019 to August 24, 2019 (both days inclusive) for the purpose of payment of final dividend and  Annual General Meeting of the Company scheduled to be held on September 16, 2019.","06-Aug-2019 14:21:00","2019-08-06 14:21:00","-","-","https://nsearchives.nseindia.com/corporate/listcontract1_06082019135120_BEL_159.pdf"
"BEL","Bharat Electronics Limited","Updates","Bharat Electronics Limited has informed the Exchange regarding 'Information for Investors.'.","30-Jul-2019 10:46:00","2019-07-30 10:46:00","-","-","https://nsearchives.nseindia.com/corporate/BEL_30072019104553_NSE_025.pdf"
"BEL","Bharat Electronics Limited","Financial Result Updates","Bharat Electronics Limited has submitted to the Exchange, the financial results for the period ended June 30, 2019.","29-Jul-2019 20:10:11","2019-07-29 20:10:11","-","-","https://nsearchives.nseindia.com/corporate/NSE_29072019201011.zip"
"BEL","Bharat Electronics Limited","Appointment","Bharat Electronics Limited has informed the Exchange regarding Appointment of Mr Sunil Kumar Kohli as Non- Executive Independent Director of the company w.e.f. July 18, 2019.","24-Jul-2019 19:46:00","2019-07-24 19:46:00","-","-","https://nsearchives.nseindia.com/corporate/BEL_24072019194613_NSE_431.pdf"
"BEL","Bharat Electronics Limited","Trading Window","Bharat Electronics Limited has informed the Exchange regarding the Trading Window closure pursuant to SEBI (Prohibition of Insider Trading) Regulations, 2015","28-Jun-2019 12:09:00","2019-06-28 12:09:00","-","-","https://nsearchives.nseindia.com/corporate/BEL_28062019120905_NSE_089.pdf"
"BEL","Bharat Electronics Limited","Related Party Transactions","Bharat Electronics Limited has informed the Exchange regarding Disclosure of Related Party Transaction under Reg 23(9) of SEBI (LODR), 2015 for the half year ended March 31, 2019.","26-Jun-2019 18:05:00","2019-06-26 18:05:00","-","-","https://nsearchives.nseindia.com/corporate/listcontract3_2662019175455_NSE_334.pdf"
"BEL","Bharat Electronics Limited","Appointment","Bharat Electronics Limited has informed the Exchange regarding Appointment of Mr Shivakumaran K M as Director (Human Resources) of the company w.e.f. Jun 11, 2019.","12-Jun-2019 10:42:00","2019-06-12 10:42:00","-","-","https://nsearchives.nseindia.com/corporate/BEL_12062019104240_NSE_036.pdf"
"BEL","Bharat Electronics Limited","Retirement","This is to inform that Mr. Ramchander N Bagdalkar, Director (Human Resources) has retired from his services on 31st May, 2019 on attaining the age of superannuation.","03-Jun-2019 09:32:00","2019-06-03 09:32:00","-","-","https://nsearchives.nseindia.com/corporate/BEL_03062019093215_NSE_175.pdf"
"BEL","Bharat Electronics Limited","Press Release","Bharat Electronics Limited has informed the Exchange regarding a press release dated Jun 01, 2019, titled ""Performance Highlights of 2018-19"".","03-Jun-2019 09:21:00","2019-06-03 09:21:00","-","-","https://nsearchives.nseindia.com/corporate/BEL_03062019092050_NSE_161.pdf"
"BEL","Bharat Electronics Limited","Dividend","Bharat Electronics Limited has informed the Exchange that Board of Directors at its meeting held on May 29, 2019 has recommended final dividend of Rs. 1.70 per Equity share for the financial year 2018-19.","29-May-2019 20:57:00","2019-05-29 20:57:00","-","-","https://nsearchives.nseindia.com/corporate/listcontract3_29052019203631_BEL_outcome_divi_186.pdf"
"BEL","Bharat Electronics Limited","Outcome of Board Meeting","Bharat Electronics Limited has informed the Exchange regarding  Board meeting held on May 29, 2019.","29-May-2019 20:40:00","2019-05-29 20:40:00","-","-","https://nsearchives.nseindia.com/corporate/listcontract3_29052019203422_BEL_outcome_divi_174.pdf"
"BEL","Bharat Electronics Limited","Dividend Updates","Bharat Electronics Limited has informed the Exchange that the Board of Directors of the Company at their meeting held on May 29, 2019, inter alia, has recommended a final dividend of Rs.1.70/- per equity share (170%) of Rs.1/- each fully paid-up for the financial year 2018-19 subject to approval by the shareholders in the next Annual General Meeting.","29-May-2019 20:08:00","2019-05-29 20:08:00","-","-","https://nsearchives.nseindia.com/corporate/listcontract3_2952019193627_NSE_122.pdf"
"BEL","Bharat Electronics Limited","Updates","Bharat Electronics Limited has informed the Exchange regarding 'Highlights of 2018-19'.","29-May-2019 19:01:00","2019-05-29 19:01:00","-","-","https://nsearchives.nseindia.com/corporate/BEL_29052019190113_NSE_010.pdf"
"BEL","Bharat Electronics Limited","Financial Result Updates","Bharat Electronics Limited has submitted to the Exchange, the financial results for the period ended March 31, 2019.","29-May-2019 18:47:12","2019-05-29 18:47:12","-","-","https://nsearchives.nseindia.com/corporate/NSE_29052019184712.zip"
"BEL","Bharat Electronics Limited","Disc. under Reg.30 of SEBI (SAST) Reg.2011","Bharat Electronics Limited has submitted to the Exchange a copy of Annual Disclosure under Regulation 30(1) and 30(2) of SEBI (Substantial Acquisition of Shares and Takeovers), Regulations, 2011 as on March 31, 2019.","26-Apr-2019 17:34:00","2019-04-26 17:34:00","-","-","https://nsearchives.nseindia.com/corporate/listcontract4_26042019143404_bharat_331.pdf"
"BEL","Bharat Electronics Limited","Disc. under Reg.30 of SEBI (SAST) Reg.2011","Bharat Electronics Limited and The Promoter has submitted to the Exchange a copy of Annual Disclosure under Regulation 30(1) and 30(2) of SEBI (Substantial Acquisition of Shares and Takeovers), Regulations, 2011 as on March 31, 2019.","23-Apr-2019 18:18:00","2019-04-23 18:18:00","-","-","https://nsearchives.nseindia.com/corporate/listcontract1_23042019155737_BharatElectronics_317.pdf"
"BEL","Bharat Electronics Limited","Code of Conduct under SEBI(PIT) Reg., 2015","Bharat Electronics Limited has informed the Exchange regarding the Code of Conduct under SEBI(PIT) Reg., 2015","05-Apr-2019 17:59:00","2019-04-05 17:59:00","-","-","https://nsearchives.nseindia.com/corporate/BEL_05042019175822_NSE_431.pdf"
"BEL","Bharat Electronics Limited","Trading Window","Bharat Electronics Limited has informed the Exchange regarding the Trading Window closure pursuant to SEBI (Prohibition of Insider Trading) Regulations, 2015","01-Apr-2019 15:44:00","2019-04-01 15:44:00","-","-","https://nsearchives.nseindia.com/corporate/BEL_01042019154348_NSE_312.pdf"
"BEL","Bharat Electronics Limited","Press Release","Bharat Electronics Limited has informed the Exchange regarding a press release dated April 01, 2019, titled ""BEL achieves Provisional turnover of Rs.11,700 Crores for 2018-19. Acquires orders of Rs. 23200 crores during the financial year"".","01-Apr-2019 11:07:00","2019-04-01 11:07:00","-","-","https://nsearchives.nseindia.com/corporate/BEL_01042019110626_NSE_082.pdf"
"BEL","Bharat Electronics Limited","Updates","Bharat Electronics Limited has informed the Exchange regarding 'SEBI��s Exemption Letter on Compliance of Regulation 29(2), 42(2), 42(3) and 42(4) of SEBI (LODR) Regulations, 2015.'.","26-Mar-2019 19:09:00","2019-03-26 19:09:00","-","-","https://nsearchives.nseindia.com/corporate/BEL_26032019190829_NSE_1_310.pdf"
"BEL","Bharat Electronics Limited","Record Date","Bharat Electronics Limited has informed the Exchange that the Company has fixed Record Date as March 28, 2019 for the purpose of Payment of aforesaid Interim dividend","26-Mar-2019 17:31:00","2019-03-26 17:31:00","-","-","https://nsearchives.nseindia.com/corporate/listcontract3_26032019171851_BEL_Rd_229.pdf"
"BEL","Bharat Electronics Limited","Dividend","Bharat Electronics Limited has informed the Exchange that the Board of Directors of the Company has declared third Interim dividend of Rs. 0.70 per equity share of Rs. 1/-each fully paid -up (70%) for the financial year 2018-19. by resolution passed through circulation March 26, 2019.","26-Mar-2019 17:22:00","2019-03-26 17:22:00","-","-","https://nsearchives.nseindia.com/corporate/listcontract3_26032019171342_BEL_Rd_217.pdf"
"BEL","Bharat Electronics Limited","Date of payment of dividend","Bharat Electronics Limited has informed the Exchange regarding Date of payment of dividend","13-Mar-2019 15:55:00","2019-03-13 15:55:00","-","-","https://nsearchives.nseindia.com/corporate/BEL_13032019155311_NSE_100.pdf"
"BEL","Bharat Electronics Limited","Record Date","Bharat Electronics Limited has informed the Exchange that the Company has fixed Record Date as March 20, 2019 for the purpose of 2nd Interim Dividend on Equity Shares for the Financial Year 2018-19.","11-Mar-2019 09:16:00","2019-03-11 09:16:00","-","-","https://nsearchives.nseindia.com/corporate/listcontract1_11032019090716_BEL_029.pdf"
"BEL","Bharat Electronics Limited","Dividend","Bharat Electronics Limited has informed the Exchange that Board of Directors at its meeting held on March 09, 2019, declared Second Interim Dividend of Re.0.70 per equity share.","09-Mar-2019 16:22:00","2019-03-09 16:22:00","-","-","https://nsearchives.nseindia.com/corporate/BEL_09032019161924_NSE_052.pdf"
"BEL","Bharat Electronics Limited","Press Release","Bharat Electronics Limited has informed the Exchange regarding a press release dated March 05, 2019, titled ""Bharat Electronics Ltd presents SWAGAT to the Nation"".","05-Mar-2019 15:07:00","2019-03-05 15:07:00","-","-","https://nsearchives.nseindia.com/corporate/BEL_05032019150447_NSEpressreleaseSWAGAT05032019_176.pdf"
"BEL","Bharat Electronics Limited","Updates","Bharat Electronics Limited has informed the Exchange regarding 'Board Meeting to consider Second Interim Dividend'.","01-Mar-2019 14:55:00","2019-03-01 14:55:00","-","-","https://nsearchives.nseindia.com/corporate/BEL_01032019145221_NSEboardmeeting_095.pdf"
"BEL","Bharat Electronics Limited","Clarification","The Exchange had sought clarification from the Company with respect to news item captioned- ""Bharat Electronics signs MoU with Bharat Forge"". It is incumbent upon the Exchanges in such situations to attempt to verify the accuracy or otherwise of the information reported and to disseminate to the market place the clarification/information furnished by the company. In this regard, you are advised to provide clarification/confirmation on the news item in detail including the following: a) Whether such event stated in published news were taking place? If so, you are advised to provide the said information along with the sequence of events in chronological order. b) The material impact of this article on the Company. c) Whether company are aware of any information that has not been announced to the Exchanges under Regulation 30 of Listing Regulations. If so, you are advised to provide the said information and the reasons for not disclosing the same to the Exchange earlier as required under Regulation 30 of the Listing Regulations. The response from the Company is attached.","26-Feb-2019 11:27:00","2019-02-26 11:27:00","-","-","https://nsearchives.nseindia.com/corporate/zrizvi_2622019112618_NSEclarification26022019_022.pdf"
"BEL","Bharat Electronics Limited","News Clarification","The Exchange has sought clarification from the Company with respect to news item captioned- ""Bharat Electronics signs MoU with Bharat Forge"". It is incumbent upon the Exchanges in such situations to attempt to verify the accuracy or otherwise of the information reported and to disseminate to the market place the clarification/information furnished by the company. In this regard, you are advised to provide clarification/confirmation on the news item in detail including the following: a) Whether such event stated in published news were taking place? If so, you are advised to provide the said information along with the sequence of events in chronological order. b) The material impact of this article on the Company. c) Whether company are aware of any information that has not been announced to the Exchanges under Regulation 30 of Listing Regulations. If so, you are advised to provide the said information and the reasons for not disclosing the same to the Exchange earlier as required under Regulation 30 of the Listing Regulations. The response from the Company is awaited.","25-Feb-2019 16:48:00","2019-02-25 16:48:00","-","-","-"
"BEL","Bharat Electronics Limited","Press Release","Bharat Electronics Limited has informed the Exchange regarding a press release dated February 25, 2019, titled ""BEL RECEIVES EXPORT ORDER FOR USD 33 MN"".","25-Feb-2019 12:04:00","2019-02-25 12:04:00","-","-","https://nsearchives.nseindia.com/corporate/BEL_25022019120245_NSEpressrelease2522019_054.pdf"
"BEL","Bharat Electronics Limited","Press Release","Bharat Electronics Limited has informed the Exchange regarding a press release dated February 21, 2019, titled ""BEL signs MOU with JSR Dynamics for manufacture and sale of Glide Weapons and Light Weight Cruise missiles "".","21-Feb-2019 17:27:00","2019-02-21 17:27:00","-","-","https://nsearchives.nseindia.com/corporate/BEL_21022019172631_NSEpressrelease210220193_161.pdf"
"BEL","Bharat Electronics Limited","Press Release","Bharat Electronics Limited has informed the Exchange regarding a press release dated February 21, 2019, titled ""BEL signs Teaming Agreement with Hughes India for Helicopter Satcom Solutions"".","21-Feb-2019 17:04:00","2019-02-21 17:04:00","-","-","https://nsearchives.nseindia.com/corporate/BEL_21022019170321_NSEPressRelease210220192_148.pdf"
"BEL","Bharat Electronics Limited","Press Release","Bharat Electronics Limited has informed the Exchange regarding a press release dated February 21, 2019, titled ""BEL LAUNCHES ATMOSPHERIC WATER GENERATOR"".","21-Feb-2019 15:14:00","2019-02-21 15:14:00","-","-","https://nsearchives.nseindia.com/corporate/BEL_21022019151353_NSEPressRelease21022019_107.pdf"
"BEL","Bharat Electronics Limited","Date of payment of dividend","Bharat Electronics Limited has informed the Exchange regarding Date of payment of dividend","19-Feb-2019 16:23:00","2019-02-19 16:23:00","-","-","https://nsearchives.nseindia.com/corporate/BEL_19022019162235_NSE_144.pdf"
"BEL","Bharat Electronics Limited","Credit Rating","Bharat Electronics Limited has informed the Exchange regarding Credit Rating","14-Feb-2019 17:30:00","2019-02-14 17:30:00","-","-","https://nsearchives.nseindia.com/corporate/BEL_14022019173000_NSE_332.pdf"
"BEL","Bharat Electronics Limited","Analysts/Institutional Investor Meet/Con. Call Updates","Bharat Electronics Limited has informed the Exchange regarding Analysts/Institutional Investor Meet/Con. Call Updates","11-Feb-2019 17:42:00","2019-02-11 17:42:00","-","-","https://nsearchives.nseindia.com/corporate/BEL_11022019174007_NSE11022019_353.pdf"
"BEL","Bharat Electronics Limited","Record Date","Bharat Electronics Limited has informed the Exchange that the Company has fixed Record Date as February 11, 2019 for the purpose of Payment of Interim Dividend on Equity shares for the Financial Year 2018-19.","30-Jan-2019 19:17:00","2019-01-30 19:17:00","-","-","https://nsearchives.nseindia.com/corporate/listcontract3_3012019185046_NSE_422.pdf"
"BEL","Bharat Electronics Limited","Outcome of Board Meeting","Bharat Electronics Limited has informed the Exchange regarding Outcome of Board Meeting held on January 30, 2019.","30-Jan-2019 19:07:00","2019-01-30 19:07:00","-","-","https://nsearchives.nseindia.com/corporate/listcontract3_30012019190131_BEL_outcome_dividend_413.pdf"
"BEL","Bharat Electronics Limited","Updates","Bharat Electronics Limited has informed the Exchange regarding 'Information for Investors.'.","30-Jan-2019 18:47:00","2019-01-30 18:47:00","-","-","https://nsearchives.nseindia.com/corporate/BEL_30012019184649_NSE_381.pdf"
"BEL","Bharat Electronics Limited","Dividend","Bharat Electronics Limited has informed the Exchange that�� Board of Directors of the Company at its meeting held on�� January�� 30, 2019, inter alia, has declared interim dividend of Rs.0.30/- per equity share of Rs. 1/- each fully paid-up (30%) for the financial year 2018-19.��","30-Jan-2019 18:43:00","2019-01-30 18:43:00","-","-","https://nsearchives.nseindia.com/corporate/listcontract3_301201918419_NSE_371.pdf"
"BEL","Bharat Electronics Limited","Financial Result Updates","Bharat Electronics Limited has submitted to the Exchange, the financial results for the period ended December 31, 2018.","30-Jan-2019 18:30:32","2019-01-30 18:30:32","-","-","https://nsearchives.nseindia.com/corporate/NSE_30012019183032.zip"
"BEL","Bharat Electronics Limited","Change in Management","Bharat Electronics Limited has informed the Exchange regarding Re-appointment of Independent Directors and appointment of Director (Bangalore Complex) on the Board of BEL.","28-Nov-2018 13:39:00","2018-11-28 13:39:00","-","-","https://nsearchives.nseindia.com/corporate/listcontract1_28112018133649_NSE_052.pdf"
"BEL","Bharat Electronics Limited","News Clarification","The Exchange had sought clarification from the Company with respect to news item captioned- "" Israel signs DOLLOR 777 million missile defence deal with India"". In this regard, you are advised to provide clarification/confirmation on the news item in detail including the following: a) Whether such event stated in published news were taking place? If so, you are advised to provide the said information along with the sequence of events in chronological order. b) The material impact of this article on the Company. c) Whether company are aware of any information that has not been announced to the Exchanges under Regulation 30 of Listing Regulations. If so, you are advised to provide the said information and the reasons for not disclosing the same to the Exchange earlier as required under Regulation 30 of the Listing Regulations. The response from the Company is attached.","26-Oct-2018 14:49:00","2018-10-26 14:49:00","-","-","https://nsearchives.nseindia.com/corporate/jyotsna_26102018144856_NSE_101.pdf"
"BEL","Bharat Electronics Limited","Updates","Bharat Electronics Limited has informed the Exchange regarding 'Highlights of 2018-19 Q2.'.","26-Oct-2018 14:48:00","2018-10-26 14:48:00","-","-","https://nsearchives.nseindia.com/corporate/BEL_26102018144758_NSE_099.pdf"
"BEL","Bharat Electronics Limited","Financial Result Updates","Bharat Electronics Limited has submitted to the Exchange, the financial results for the period ended September 30, 2018.","26-Oct-2018 14:42:22","2018-10-26 14:42:22","-","-","https://nsearchives.nseindia.com/corporate/NSE_26102018144222.zip"
"BEL","Bharat Electronics Limited","News Clarification","The Exchange has sought clarification from the Company with respect to news item captioned- "" Israel signs DOLLOR 777 million missile defence deal with India"". In this regard, you are advised to provide clarification/confirmation on the news item in detail including the following: a) Whether such event stated in published news were taking place? If so, you are advised to provide the said information along with the sequence of events in chronological order. b) The material impact of this article on the Company. c) Whether company are aware of any information that has not been announced to the Exchanges under Regulation 30 of Listing Regulations. If so, you are advised to provide the said information and the reasons for not disclosing the same to the Exchange earlier as required under Regulation 30 of the Listing Regulations. The response from the Company is awaited.","25-Oct-2018 16:26:00","2018-10-25 16:26:00","-","-","-"
"BEL","Bharat Electronics Limited","Date of payment of dividend","Bharat Electronics Limited has informed the Exchange regarding Date of payment of dividend","08-Oct-2018 16:47:00","2018-10-08 16:47:00","-","-","https://nsearchives.nseindia.com/corporate/BEL_08102018164505_NSE_Dividend_531.pdf"
"BEL","Bharat Electronics Limited","Updates","Bharat Electronics Limited has informed the Exchange regarding 'Disclosure under regulation 30 (1) of SEBI (LODR) Regulations, 2015 �� Intimation about Quashing of Sales Tax demand notice, for Rs. 850.80 crores, by Joint Commissioner of Commercial Taxes (JCCT Appeals), Bangalore, Karnataka in favour of Bharat Electronics Ltd. (BEL)'.","01-Oct-2018 15:14:00","2018-10-01 15:14:00","-","-","https://nsearchives.nseindia.com/corporate/BEL_01102018151322_NSE_658.pdf"
"BEL","Bharat Electronics Limited","Shareholders meeting","Bharat Electronics Limited has submitted the Exchange a copy Srutinizers report of  Annual General Meeting held on September 25, 2018. Further, the company has informed the Exchange regarding voting results.","27-Sep-2018 15:19:00","2018-09-27 15:19:00","-","-","https://nsearchives.nseindia.com/corporate/BEL_27092018151649_NSE_Voting_Results_785.pdf"
"BEL","Bharat Electronics Limited","Shareholders meeting","Bharat Electronics Limited has informed the Exchange regarding Proceedings of Annual General Meeting held on September 25, 2018","26-Sep-2018 17:23:00","2018-09-26 17:23:00","-","-","https://nsearchives.nseindia.com/corporate/BEL_26092018172135_NSE_509.pdf"
"BEL","Bharat Electronics Limited","Analysts/Institutional Investor Meet/Con. Call Updates","Bharat Electronics Limited has informed the Exchange regarding Analysts/Institutional Investor Meet/Con. Call Updates.","25-Sep-2018 21:38:00","2018-09-25 21:38:00","-","-","https://nsearchives.nseindia.com/corporate/BEL_25092018213701_NSE_296.pdf"
"BEL","Bharat Electronics Limited","Press Release","Bharat Electronics Limited has informed the Exchange regarding a press release dated September 05, 2018, titled ""BEL Order Book Crosses Rs.50,000 Crores"".","05-Sep-2018 15:04:00","2018-09-05 15:04:00","-","-","https://nsearchives.nseindia.com/corporate/BEL_05092018150332_NSE_280.pdf"
"BEL","Bharat Electronics Limited","Analysts/Institutional Investor Meet/Con. Call Updates","Bharat Electronics Limited has informed the Exchange regarding Analysts/Institutional Investor Meet/Con. Call Updates","04-Sep-2018 07:27:00","2018-09-04 07:27:00","-","-","https://nsearchives.nseindia.com/corporate/Tushar_04092018072358_AnalystsMeeton25September2018NSE_130.pdf"
"BEL","Bharat Electronics Limited","Updates","Bharat Electronics Limited has informed the Exchange regarding 'Notice of 64th Annual General Meeting.'.","23-Aug-2018 16:14:00","2018-08-23 16:14:00","-","-","https://nsearchives.nseindia.com/corporate/BEL_23082018161134_NSE_715.pdf"
"BEL","Bharat Electronics Limited","Updates","Bharat Electronics Limited has informed the Exchange regarding 'Announcement under Regulation 30 of the SEBI (LODR) Regulations, 2015 - BEL awarded LRSAM Order valuing around Rs. 9200 Crores.'.","08-Aug-2018 14:45:00","2018-08-08 14:45:00","-","-","https://nsearchives.nseindia.com/corporate/NSE_08082018144503_157.zip"
"BEL","Bharat Electronics Limited","AGM/Book Closure","Bharat Electronics Limited has informed the Exchange that the Register of Members and Share Transfer Books of the Company shall remain closed from August 22, 2018 to August 24, 2018 (both days inclusive) for the purpose of payment of final dividend and Annual General Meeting of the Company is scheduled to be held on September 25, 2018.","01-Aug-2018 15:51:00","2018-08-01 15:51:00","-","-","https://nsearchives.nseindia.com/corporate/BEL_AGMBOOK_01082018155124.zip"
"BEL","Bharat Electronics Limited","Updates","Bharat Electronics Limited has informed the Exchange regarding 'Please find enclosed herewith a statement containing the Highlights of 2018-19 Q1.'.","31-Jul-2018 15:24:00","2018-07-31 15:24:00","-","-","https://nsearchives.nseindia.com/corporate/NSE_31072018152419_409.zip"
"BEL","Bharat Electronics Limited","Financial Result Updates","Bharat Electronics Limited has submitted to the Exchange, the financial results for the period ended June 30, 2018.","31-Jul-2018 15:09:14","2018-07-31 15:09:14","-","-","https://nsearchives.nseindia.com/corporate/FS_NSE_31072018150914.zip"
"BEL","Bharat Electronics Limited","Press Release","Bharat Electronics Limited has informed the Exchange regarding a press release dated July 16, 2018, titled ""BEL signs MoU with Saab, Sweden"".","16-Jul-2018 17:07:00","2018-07-16 17:07:00","-","-","https://nsearchives.nseindia.com/corporate/NSE_16072018170712_751.zip"
"BEL","Bharat Electronics Limited","Option to submit Standalone/Consolidated Financial Results","Bharat Electronics Limited has informed the Exchange regarding Exercise Option to submit Standalone Financial Results.","06-Jul-2018 20:51:00","2018-07-06 20:51:00","-","-","https://nsearchives.nseindia.com/corporate/NSE_06072018205141_384.zip"
"BEL","Bharat Electronics Limited","Press Release","Bharat Electronics Limited has informed the Exchange regarding a press release dated Jun 14, 2018, titled ""��Hon��ble Defence Minister inaugurates BEL Representative Office in Vietnam��"".","14-Jun-2018 10:00:00","2018-06-14 10:00:00","-","-","https://nsearchives.nseindia.com/corporate/NSE_14062018100012_015.zip"
"BEL","Bharat Electronics Limited","Press Release","Bharat Electronics Limited has informed the Exchange regarding a press release dated Jun 08, 2018, titled ""��Hon��ble Raksha Mantri Inaugurates 16 MW Solar Power Plant set up by BEL at HVF, Avadi��"".","08-Jun-2018 19:26:00","2018-06-08 19:26:00","-","-","https://nsearchives.nseindia.com/corporate/NSE_08062018192637_303.zip"
"BEL","Bharat Electronics Limited","Updates","Bharat Electronics Limited has informed the Exchange regarding 'Annual Investor Conference'.","05-Jun-2018 19:38:00","2018-06-05 19:38:00","-","-","https://nsearchives.nseindia.com/corporate/NSE_Covering_InvestorConference_05062018193813_041.zip"
"BEL","Bharat Electronics Limited","Retirement","Bharat Electronics Limited has informed the Exchange that Dr. Ajit T Kalghatgi, Director (Research and Development) has retired from his services on May 31, 2018 on attaining the age of superannuation.","01-Jun-2018 18:21:00","2018-06-01 18:21:00","-","-","https://nsearchives.nseindia.com/corporate/NSE_01062018182148_317.zip"
"BEL","Bharat Electronics Limited","Change in Director(s)","Bharat Electronics Limited has informed the Exchange regarding Change in Director(s) of the company. Shri Mahesh V, has assumed charge as Director (R&D), Bharat Electronics Limited (BEL) w.e.f 01st June 2018 in place of Shri Ajit T Kalghatgi.","01-Jun-2018 15:59:00","2018-06-01 15:59:00","-","-","https://nsearchives.nseindia.com/corporate/NSECoveringAppOfMaheshV_01062018155932_231.zip"
"BEL","Bharat Electronics Limited","Investor Presentation","Bharat Electronics Limited has informed the Exchange regarding Investor Presentation. Presentation Made at Press Conference.","30-May-2018 12:51:00","2018-05-30 12:51:00","-","-","https://nsearchives.nseindia.com/corporate/NSE_30052018125120_021.zip"
"BEL","Bharat Electronics Limited","Updates","Bharat Electronics Limited has informed the Exchange regarding 'Press Conference'.","29-May-2018 22:32:00","2018-05-29 22:32:00","-","-","https://nsearchives.nseindia.com/corporate/NSE_29052018223229_827.zip"
"BEL","Bharat Electronics Limited","Dividend","Bharat Electronics Limited has informed the Exchange that the Board of Directors of the Company at their meeting held on May 29, 2018  has recommended a final dividend of  Re 0.40/- per equity share (40%) of Re1/- each full paid-up for the financial year 2017-18 subject to approval by the shareholders in the next Annual General Meeting.","29-May-2018 22:31:00","2018-05-29 22:31:00","-","-","https://nsearchives.nseindia.com/corporate/NSE_29052018223142_821.zip"
"BEL","Bharat Electronics Limited","Updates","Bharat Electronics Limited has informed the Exchange regarding 'Please find enclosed herewith a statement containing the Highlights of 2017-18.'.","29-May-2018 20:23:00","2018-05-29 20:23:00","-","-","https://nsearchives.nseindia.com/corporate/NSE_29052018202338_698.zip"
"BEL","Bharat Electronics Limited","Financial Result Updates","Bharat Electronics Limited has submitted to the Exchange, the financial results for the period ended March 31, 2018.","29-May-2018 20:01:53","2018-05-29 20:01:53","-","-","https://nsearchives.nseindia.com/corporate/NSE_29052018200153.zip"
"BEL","Bharat Electronics Limited","Trading Window","Bharat Electronics Limited has informed the Exchange regarding the Trading Window closure pursuant to SEBI (Prohibition of Insider Trading) Regulations, 2015","07-May-2018 16:28:00","2018-05-07 16:28:00","-","-","https://nsearchives.nseindia.com/corporate/NSE_Notice_SE_0752018_07052018162818_346.zip"
"BEL","Bharat Electronics Limited","Appointment","Bharat Electronics Limited has informed the Exchange regarding Appointment of Ms J Manjula as Non- Executive Director of the company w.e.f. April 23, 2018.","23-Apr-2018 16:12:00","2018-04-23 16:12:00","-","-","https://nsearchives.nseindia.com/corporate/NSE_appointment_23042018161211_491.zip"
"BEL","Bharat Electronics Limited","Press Release","Bharat Electronics Limited has informed the Exchange regarding a press release dated April 20, 2018, titled ""BEL wins AIMA ��Outstanding PSU of the Year�� Award"".","20-Apr-2018 18:24:00","2018-04-20 18:24:00","-","-","https://nsearchives.nseindia.com/corporate/NSE_Pressrelease_20042018182447_211.zip"
"BEL","Bharat Electronics Limited","Press Release","Bharat Electronics Limited has informed the Exchange regarding a press release dated April 12, 2018, titled ""BEL and L&T sign MoU"".","12-Apr-2018 10:54:00","2018-04-12 10:54:00","-","-","https://nsearchives.nseindia.com/corporate/NSE_12042018105414_086.zip"
"BEL","Bharat Electronics Limited","Press Release","Bharat Electronics Limited has informed the Exchange regarding a press release dated April 12, 2018, titled ""��BEL��s 8 New Products Launched at DEFEXPO 2018."".","12-Apr-2018 10:11:00","2018-04-12 10:11:00","-","-","https://nsearchives.nseindia.com/corporate/NSE_12042018101126_071.zip"
"BEL","Bharat Electronics Limited","Disc. under Reg.30 of SEBI (SAST) Reg.2011","Bharat Electronics Limited has submitted to the Exchange a copy of disclosure under Regulation 30(1) and 30(2) of SEBI (Substantial Acquisition of Shares & Takeovers) Regulations, 2011.","10-Apr-2018 13:50:00","2018-04-10 13:50:00","-","-","https://nsearchives.nseindia.com/corporate/BHARAT_10042018135027.zip"
"BEL","Bharat Electronics Limited","Press Release","Bharat Electronics Limited has informed the Exchange regarding a press release dated April 02, 2018, titled ""BEL achieves landmark turnover of more than Rs.10,000 Crores"".","02-Apr-2018 09:39:00","2018-04-02 09:39:00","-","-","https://nsearchives.nseindia.com/corporate/NSE_02042018093935_094.zip"
"BEL","Bharat Electronics Limited","Post Buyback Public Announcement","IDBI Capital Markets & Securities Limited (Formerly known as IDBI Capital Market Services Limited) has submitted to the Exchange a copy of Regulation 19(7) of SEBI (Buy Back of Securities), Regulations, 1998 as amended- Post Buyback Public Announcement.","26-Mar-2018 17:33:00","2018-03-26 17:33:00","-","-","https://nsearchives.nseindia.com/corporate/227_BHARAT_Cover_26032018172709.zip"
"BEL","Bharat Electronics Limited","Post Buyback Public Announcement","Bharat Electronics Limited has submitted to the Exchange a Copy of Regulation 19(7) of SEBI (Buy Back of Securities), Regulations, 1998 as amended- Post Buyback Public Announcement.","26-Mar-2018 10:10:00","2018-03-26 10:10:00","-","-","https://nsearchives.nseindia.com/corporate/NSE_POSTBUYBACK_26032018101056_043.zip"
"BEL","Bharat Electronics Limited","Credit Rating","Bharat Electronics Limited has informed the Exchange regarding Credit Rating","22-Feb-2018 14:44:00","2018-02-22 14:44:00","-","-","https://nsearchives.nseindia.com/corporate/NSE_22022018144418_069.zip"
"BEL","Bharat Electronics Limited","Date of payment of dividend","Bharat Electronics Limited has informed the Exchange regarding Date of payment of dividend","21-Feb-2018 15:31:00","2018-02-21 15:31:00","-","-","https://nsearchives.nseindia.com/corporate/NSE_Dividend_21022018153142_020.zip"
"BEL","Bharat Electronics Limited","Cessation","Bharat Electronics Limited has informed the Exchange regarding Cessation of Mr Girish Kumar as Executive Director of the company w.e.f. February 20, 2018.","20-Feb-2018 14:35:00","2018-02-20 14:35:00","-","-","https://nsearchives.nseindia.com/corporate/NSE_20022018143556_754.zip"
"BEL","Bharat Electronics Limited","Public Announcement - Buyback of Shares","Bharat Electronics Limited has informed the Exchange regarding Public Announcement for the attention of equity shareholders/beneficial owners of equity shares of the company for buyback of equity shares through tender offer.","01-Feb-2018 14:59:00","2018-02-01 14:59:00","-","-","https://nsearchives.nseindia.com/corporate/NSE_BuybackPublicAnnoucement_01022018_01022018145913_511.zip"
"BEL","Bharat Electronics Limited","Updates","Bharat Electronics Limited has informed the Exchange regarding Buyback of equity shares by the company .","01-Feb-2018 14:52:00","2018-02-01 14:52:00","-","-","https://nsearchives.nseindia.com/corporate/NSE_BuybackResolution_01022018_01022018145248_499.zip"
"BEL","Bharat Electronics Limited","Updates","Bharat Electronics Limited has informed the Exchange regarding 'Please find enclosed herewith a statement containing the Highlights of 2017-18 Q3.'.","31-Jan-2018 17:08:00","2018-01-31 17:08:00","-","-","https://nsearchives.nseindia.com/corporate/NSE_Highlights_31012018170809_073.zip"
"BEL","Bharat Electronics Limited","Buyback","Bharat Electronics Limited has informed the Exchange that the Board of Directors of the Company in their meeting held on January 30, 2018 has unanimously inter-alia: Approved the proposal to buyback of not exceeding 2,03,97,780 (Two Crore Three Lakhs Ninety Seven Thousand Seven Hundred Eighty) equity shares of the Company (representing 0.83%) of the total number of equity shares in the paid-up share capital of the Company) at a price of Rs. 182.50/- (Rupees One Hundred Eighty Two and Fifty Paise only) per equity share payable in cash for an aggregate consideration not exceeding Rs. 3,72,25,94,850/- (Rupees Three Hundred Seventy Two Crore Twenty Five Lakhs Ninety Four Thousand Eight Hundred and Fifty only), representing 5.00% of the aggregate of the fully paid-up equity share capital and free reserves as per the audited standalone financial statements of the Company for the financial year ended March 31, 2017 (the last audited financial statements available as on the date of Board meeting recommending the proposal of the Buyback) and is within the statutory limits of 10% (Ten Percent) of the aggregate of the fully paid-up equity share capital and free reserves under the Board of Directors approval route as per the provisions of the Companies Act, 2013 from all the equity shareholders of the Company, as on the record date, on a proportionate basis through a Tender Offer route in accordance with the Companies Act, 2013, the Companies (Management and Administration) Rules, 2014, the Securities and Exchange Board of India (Buy Back of Securities) Regulations, 1998, as amended (the ""Buyback Regulations""), subject to all other applicable statutory approvals .","31-Jan-2018 11:16:00","2018-01-31 11:16:00","-","-","https://nsearchives.nseindia.com/corporate/BEL_31012018111242.zip"
"BEL","Bharat Electronics Limited","Dividend","Bharat Electronics Limited has informed the Exchange that the Board of Directors of the Company at its meeting held on January 30, 2018 has declared interim dividend of Rs 1.60/- per equity share of Rs 1/- each fully paid-up for the financial year 2017-18.","31-Jan-2018 11:16:00","2018-01-31 11:16:00","-","-","https://nsearchives.nseindia.com/corporate/BEL_31012018111303.zip"
"BEL","Bharat Electronics Limited","Record Date","Bharat Electronics Limited has informed the Exchange that the Company has fixed Record Date as February 9, 2018 for the purpose of Buyback and Interim Dividend.","31-Jan-2018 10:16:00","2018-01-31 10:16:00","-","-","https://nsearchives.nseindia.com/corporate/BEL_31012018101618.zip"
"BEL","Bharat Electronics Limited","Financial Result Updates","Bharat Electronics Limited has submitted to the Exchange, the financial results for the period ended December 31, 2017.","30-Jan-2018 21:18:45","2018-01-30 21:18:45","-","-","https://nsearchives.nseindia.com/corporate/NSEF_30012018211845.zip"
"BEL","Bharat Electronics Limited","Outcome of Board Meeting","Bharat Electronics Limited has informed the Exchange regarding Outcome of Board Meeting held on January 30, 2018.","30-Jan-2018 21:12:00","2018-01-30 21:12:00","-","-","https://nsearchives.nseindia.com/corporate/NSE-Outcomeofboardmeeting_30012018211205_630.zip"
"BEL","Bharat Electronics Limited","Updates","Bharat Electronics Limited has informed the Exchange regarding 'Please find enclosed herewith a statement containing the Highlights of 2017-18 Q2.'.","31-Oct-2017 12:43:00","2017-10-31 12:43:00","-","-","https://nsearchives.nseindia.com/corporate/NSEQ2_31102017124326_542.zip"
"BEL","Bharat Electronics Limited","Financial Result Updates","Bharat Electronics Limited has submitted to the Exchange, the financial results for the period ended September 30, 2017.","30-Oct-2017 20:07:09","2017-10-30 20:07:09","-","-","https://nsearchives.nseindia.com/corporate/UFAR30092017_30102017200709.zip"
"BEL","Bharat Electronics Limited","Outcome of Board Meeting","Bharat Electronics Limited has informed the Exchange regarding Outcome of Board Meeting held on October 30, 2017.","30-Oct-2017 19:53:00","2017-10-30 19:53:00","-","-","https://nsearchives.nseindia.com/corporate/NSE_30102017195335_400.zip"
"BEL","Bharat Electronics Limited","Allotment of Securities","Bharat Electronics Limited has informed the Exchange regarding allotment of 223362793 securities pursuant to Bonus at its meeting held on October 03, 2017","03-Oct-2017 16:45:00","2017-10-03 16:45:00","-","-","https://nsearchives.nseindia.com/corporate/NSE_Announcement_Allotment_of_Bonus_Shares_03102017164527_942.zip"
"BEL","Bharat Electronics Limited","Appointment","Bharat Electronics Limited has informed the Exchange regarding Appointment of Mr Koshy Alexander as Executive Director of the company w.e.f. September 26, 2017.","26-Sep-2017 13:32:00","2017-09-26 13:32:00","-","-","https://nsearchives.nseindia.com/corporate/NSEappointmentDF_26092017133244_133.zip"
"BEL","Bharat Electronics Limited","Cessation","Bharat Electronics Limited has informed the Exchange regarding Cessation of Mrs Kusum Singh as Non- Executive Director of the company w.e.f. September 22, 2017.","25-Sep-2017 10:26:00","2017-09-25 10:26:00","-","-","https://nsearchives.nseindia.com/corporate/NSECessation_25092017102638_071.zip"
"BEL","Bharat Electronics Limited","Appointment","Bharat Electronics Limited has informed the Exchange regarding Appointment of Mr Mukka Harish Babu as Independent Director of the company w.e.f. September 22, 2017.","22-Sep-2017 17:11:00","2017-09-22 17:11:00","-","-","https://nsearchives.nseindia.com/corporate/NSE_BEL_Intimation_Appointment_AddlDirector_22092017_22092017171149_222.zip"
"BEL","Bharat Electronics Limited","Appointment","Bharat Electronics Limited has informed the Exchange regarding Appointment of Mr Surendra S Sirohi as Independent Director of the company w.e.f. September 22, 2017.","22-Sep-2017 17:11:00","2017-09-22 17:11:00","-","-","https://nsearchives.nseindia.com/corporate/NSE_BEL_Intimation_Appointment_AddlDirector_22092017_22092017171153_224.zip"
"BEL","Bharat Electronics Limited","Appointment","Bharat Electronics Limited has informed the Exchange regarding Appointment of Mr Chandraker Bharti as Non- Executive Director of the company w.e.f. September 22, 2017.","22-Sep-2017 17:11:00","2017-09-22 17:11:00","-","-","https://nsearchives.nseindia.com/corporate/NSE_BEL_Intimation_Appointment_AddlDirector_22092017_22092017171155_225.zip"
"BEL","Bharat Electronics Limited","Appointment","Bharat Electronics Limited has informed the Exchange regarding Appointment of Mr Vijay Shankar Madan as Independent Director of the company w.e.f. September 22, 2017.","22-Sep-2017 17:11:00","2017-09-22 17:11:00","-","-","https://nsearchives.nseindia.com/corporate/NSE_BEL_Intimation_Appointment_AddlDirector_22092017_22092017171151_223.zip"
"BEL","Bharat Electronics Limited","Shareholders meeting","Bharat Electronics Limited has informed the Exchange regarding Proceedings of Annual General Meeting held on September 20, 2017. Further, the company has submitted the Exchange a copy of Srutinizers report along with voting results.","21-Sep-2017 08:30:00","2017-09-21 08:30:00","-","-","https://nsearchives.nseindia.com/corporate/NSE_21092017083055_015.zip"
"BEL","Bharat Electronics Limited","Analysts/Institutional Investor Meet/Con. Call Updates","Bharat Electronics Limited has informed the Exchange regarding Analysts/Institutional Investor Meet/Con. Call UpdatesPresentations made at Analyst Meet held on 20 September 2017.","20-Sep-2017 22:06:00","2017-09-20 22:06:00","-","-","https://nsearchives.nseindia.com/corporate/NSE_20092017220613_001.zip"
"BEL","Bharat Electronics Limited","Record Date","Bharat Electronics Limited has informed the Exchange that the Company has fixed Record Date as September 29, 2017 for the purpose of Issue of Bonus Shares","18-Sep-2017 18:24:00","2017-09-18 18:24:00","-","-","https://nsearchives.nseindia.com/corporate/BEL_18092017182432.zip"
"BEL","Bharat Electronics Limited","Updates","Bharat Electronics Limited has informed the Exchange regarding Updates on Offer of equity shares of the Company by the President of India (acting through the Ministry of Defence, Government of India) to the Eligible Employees of the Company as per the approval given by the Cabinet Committee on Economic Affairs on May 13, 2015 (""Employee Offer"").","07-Sep-2017 17:13:00","2017-09-07 17:13:00","-","-","https://nsearchives.nseindia.com/corporate/OFS_NSE_07092017171318_717.zip"
"BEL","Bharat Electronics Limited","Analysts/Institutional Investor Meet/Con. Call Updates","Bharat Electronics Limited has informed the Exchange regarding Analysts/Institutional Investor Meet/Con. Call Updates- Analysts Meet on 20 September 2017.","31-Aug-2017 12:31:00","2017-08-31 12:31:00","-","-","https://nsearchives.nseindia.com/corporate/NSE_31082017123139_458.zip"
"BEL","Bharat Electronics Limited","Press Release","Bharat Electronics Limited has informed the Exchange regarding a press release dated August 26, 2017, titled ""Press Release"".","26-Aug-2017 19:29:00","2017-08-26 19:29:00","-","-","https://nsearchives.nseindia.com/corporate/NSE-Final_26082017192924_386.zip"
"BEL","Bharat Electronics Limited","Shareholders meeting","Bharat Electronics Limited has informed the Exchange regarding Notice of Annual General Meeting to be held on September 20, 2017","22-Aug-2017 18:32:00","2017-08-22 18:32:00","-","-","https://nsearchives.nseindia.com/corporate/NSE_AGM_Notice_22082017183248_039.zip"
"BEL","Bharat Electronics Limited","Reply to Clarification Sought","The Exchange had sought clarification from Bharat Electronics Limited with respect to announcement dated 10-Aug-2017, regarding ""the Company has, in its meeting held on 10th August 2017, approved the proposal for issue of Bonus shares to the existing shareholders of the Company in the ratio of 1:10 ( One Bonus share for every 10 shares held). The aforesaid proposal is subject to the approval by Members of the Company at the ensuing Annual General Meeting through remote e-voting and ballot."". On basis of above the Company is required to clarify following: 1. Whether bonus is out of free reserves created out of profits or share premium account; 2. Details of share capital - pre and post bonus issue; 3. Free reserves and/ or share premium required for implementing the bonus issue; 4. Free reserves and/ or share premium available for capitalization and the date as on which such balance is available; 5. Whether thefigures are audited; 6. Estimated date by which such bonus shares would be credited/dispatched. The response of the Company is enclosed.","12-Aug-2017 12:46:00","2017-08-12 12:46:00","-","-","https://nsearchives.nseindia.com/corporate/Clarification_12082017124647_146.zip"
"BEL","Bharat Electronics Limited","Updates","Bharat Electronics Limited has informed the Exchange regarding Intimation of Offer of equity shares of the Company by the President of India (acting through the Ministry of Defence, Government of India) to the Eligible Employees of the Company as per the approval given by the Cabinet Committee on Economic Affairs on May 13, 2015 (""Employee Offer"").","11-Aug-2017 17:19:00","2017-08-11 17:19:00","-","-","https://nsearchives.nseindia.com/corporate/NSE_11082017171936_646.zip"
"BEL","Bharat Electronics Limited","Clarification","BEL:The Exchange had sought clarification from Bharat Electronics Limited with respect to announcement dated 10-Aug-2017, regarding ""the Company has, in its meeting held on 10th August 2017, approved the proposal for issue of Bonus shares to the existing shareholders of the Company in the ratio of 1:10 ( One Bonus share for every 10 shares held). The aforesaid proposal is subject to the approval by Members of the Company at the ensuing Annual General Meeting through remote e-voting and ballot."". On basis of above the Company is required to clarify following: 1. Whether bonus is out of free reserves created out of profits or share premium account;2. Details of share capital - pre and post bonus issue;3. Free reserves and/ or share premium required for implementing the bonus issue;4. Free reserves and/ or share premium available for capitalization and the date as on which such balance is available;5. Whether thefigures are audited;6. Estimated date by which such bonus shares would be credited/dispatched.The response of the Company is enclosed.","10-Aug-2017 17:33:00","2017-08-10 17:33:00","-","-","-"
"BEL","Bharat Electronics Limited","Bonus","Bharat Electronics Limited has informed the Exchange that the Board of the Company has, in its meeting held on 10th August 2017, approved the proposal for issue of Bonus shares to the existing shareholders of the Company in the ratio of 1:10 ( One Bonus share for every 10 shares held). The aforesaid proposal is subject to the approval by Members of the Company at the ensuing Annual General Meeting through remote e-voting and ballot.","10-Aug-2017 14:18:00","2017-08-10 14:18:00","-","-","https://nsearchives.nseindia.com/corporate/NSE_10082017141829_913.zip"
"BEL","Bharat Electronics Limited","AGM/Book Closure","Bharat Electronics Limited has informed the Exchange that the register of members and share transfer books of the Company will remain closed from August 17, 2017 to  August 21, 2017 (both days inclusive) for the purpose of payment of final dividend and Annual General Meeting of the Company scheduled to be held on September 20, 2017.","03-Aug-2017 18:04:00","2017-08-03 18:04:00","-","-","https://nsearchives.nseindia.com/corporate/BEL_03082017180451.zip"
"BEL","Bharat Electronics Limited","Updates","Bharat Electronics Limited has informed the Exchange regarding statement containing the Highlights of 2017-18 Q1.","01-Aug-2017 10:47:00","2017-08-01 10:47:00","-","-","https://nsearchives.nseindia.com/corporate/NSE_01082017104728_863.zip"
"BEL","Bharat Electronics Limited","Financial Result Updates","Bharat Electronics Limited has submitted to the Exchange, the financial results for the period ended June 30, 2017.","31-Jul-2017 16:36:57","2017-07-31 16:36:57","-","-","https://nsearchives.nseindia.com/corporate/NSE_31072017163657.zip"
"BEL","Bharat Electronics Limited","Results","Bharat Electronics Limited has submitted to the Exchange a copy of Audited Standalone and Consolidated Financial Results of the Company for the quarter/ year ended 31st March, 2017 with minor modifications in the format submitted earlier as advised by the Stock Exchanges.","18-Jul-2017 16:31:00","2017-07-18 16:31:00","-","-","https://nsearchives.nseindia.com/corporate/NSE_18072017163130_371.zip"
"BEL","Bharat Electronics Limited","Press Release","Bharat Electronics Limited has informed the Exchange regarding a press release dated Jun 01, 2017, titled ""BEL wins six Raksha Mantri s Awards"".","01-Jun-2017 11:13:00","2017-06-01 11:13:00","-","-","https://nsearchives.nseindia.com/corporate/NSE-RM-Awards_01062017111318_448.zip"
"BEL","Bharat Electronics Limited","Press Release","Bharat Electronics Limited has informed the Exchange regarding a press release dated May 31, 2017, titled ""Presentation Made at Press Conference on Performance of the Company During 2016-17."".","31-May-2017 15:28:00","2017-05-31 15:28:00","-","-","https://nsearchives.nseindia.com/corporate/NSE-Press-Release_31052017152855_091.zip"
"BEL","Bharat Electronics Limited","Updates","Bharat Electronics Limited has informed the Exchange that the Company is organizing a Press Conference on May 31, 2017 at Bengaluru, wherein, the Chairman & Managing Director of the Company will be briefing the press about the performance of the Company for the year 2016-17. Any presentation/press release with respect to the same, will be posted on the website of the Company after the press conference and will also be sent to the stock exchanges for information of the investors.","30-May-2017 14:38:00","2017-05-30 14:38:00","-","-","https://nsearchives.nseindia.com/corporate/NSE-Press-Conference_30052017143858_870.zip"
"BEL","Bharat Electronics Limited","Updates","Bharat Electronics Limited has informed the Exchange regarding a statement containing the highlights of 2016-17.","30-May-2017 14:23:00","2017-05-30 14:23:00","-","-","https://nsearchives.nseindia.com/corporate/NSE-Info-for-Investors_30052017142315_849.zip"
"BEL","Bharat Electronics Limited","Dividend","Bharat Electronics Limited has informed the Exchange that the Board of Directors of the Company at their meeting held on May 29, 2017, inter alia, has recommended a final dividend of Rs. 1.05/-per equity share (105%) for the financial year 2016-17 subject to approval by the shareholders in the next Annual General Meeting. The Dividend is in addition to the first Interim Dividend of Rs.3.00/-per equity share ( face value of the share Rs 10/-) and Second interim Dividend of Rs. 0.90/-per equity share ( face value of the share Rs. 01/-) declared in the last quarter.","29-May-2017 18:33:00","2017-05-29 18:33:00","-","-","https://nsearchives.nseindia.com/corporate/NSE-D_29052017183306_270.zip"
"BEL","Bharat Electronics Limited","Financial Result Updates","Bharat Electronics Limited has submitted to the Exchange, the financial results for the period ended March 31, 2017.","29-May-2017 18:15:28","2017-05-29 18:15:28","-","-","https://nsearchives.nseindia.com/corporate/NSE-F_29052017181528.zip"
"BEL","Bharat Electronics Limited","Trading Window","Bharat Electronics Limited has informed the Exchange that in pursuance of the Code of Conduct and Fair Disclosure Procedure for Regulating, Monitoring, Reporting and Prohibition of Insider Trading in BEL Securities , the Trading Window for dealing in the securities of the Company shall remain closed from May 10, 2017 to June 01,.2017.","02-May-2017 14:39:00","2017-05-02 14:39:00","-","-","-"
"BEL","Bharat Electronics Limited","Disc. under Reg.30 of SEBI (SAST) Reg.2011","Government of India has submitted to the Exchange a copy of disclosure under Regulation 30(1) and 30(2) of SEBI (Substantial Acquisition of Shares & Takeovers) Regulations, 2011.","10-Apr-2017 09:54:00","2017-04-10 09:54:00","-","-","https://nsearchives.nseindia.com/corporate/BEL_GOVT_10042017095432.zip"
"BEL","Bharat Electronics Limited","Updates","Bharat Electronics Limited has informed the Exchange regarding Intimation about receipt of Sales Tax Demand Notices from Deputy Commissioner of Commercial Taxes, Bangalore, Karnataka.","08-Apr-2017 10:17:00","2017-04-08 10:17:00","-","-","https://nsearchives.nseindia.com/corporate/NSE_08042017101753_063.zip"
"BEL","Bharat Electronics Limited","Press Release","Bharat Electronics Limited has informed the Exchange regarding a press release dated April 01, 2017, titled ""BEL Achieves Turnover of Rs. 8800 Crores"".","01-Apr-2017 08:28:00","2017-04-01 08:28:00","-","-","https://nsearchives.nseindia.com/corporate/BEL_01042017082806_002.zip"
"BEL","Bharat Electronics Limited","Date of payment of dividend","Bharat Electronics Limited has informed the Exchange that the Second Interim Dividend of Re.0.90 per share declared by the Board on March 24, 2017 will be paid on and from March 31, 2017 to the eligible shareholders.","27-Mar-2017 14:44:00","2017-03-27 14:44:00","-","-","https://nsearchives.nseindia.com/corporate/BEL_ID_Pymt_NSE_27032017144402_454.zip"
"BEL","Bharat Electronics Limited","Record Date","Bharat Electronics Limited has informed the Exchange that the Company has fixed Record Date as March 30, 2017 for the purpose of Interim Dividend.","24-Mar-2017 18:35:00","2017-03-24 18:35:00","-","-","https://nsearchives.nseindia.com/corporate/BEL_24032017183516.zip"
"BEL","Bharat Electronics Limited","Dividend","Bharat Electronics Limited has informed the Exchange that the Board of Directors of the Company have approved the declaration of Second interim dividend of Re.0.90 per share for the financial year 2016-17 by a resolution passed by circulation dated March 24, 2017.","24-Mar-2017 18:29:00","2017-03-24 18:29:00","-","-","https://nsearchives.nseindia.com/corporate/NSE_24032017182928_349.zip"
"BEL","Bharat Electronics Limited","Credit Rating","Bharat Electronics Limited has informed the Exchange regarding Credit Rating","14-Mar-2017 11:35:00","2017-03-14 11:35:00","-","-","https://nsearchives.nseindia.com/corporate/NSE_14032017113534_922.zip"
"BEL","Bharat Electronics Limited","Record Date","Bharat Electronics Limited has informed the Exchange that the Company has fixed Record Date as March 17, 2017 for the purpose of for determining the eligibility of shareholders with regard to Sub-division of equity shares of the Company.","06-Mar-2017 18:55:00","2017-03-06 18:55:00","-","-","https://nsearchives.nseindia.com/corporate/BEL_06032017185525.zip"
"BEL","Bharat Electronics Limited","Shareholders meeting","Bharat Electronics Limited has informed the Exchange regarding the voting Result of the Postal Ballot along with Scrutinizers Reports.","06-Mar-2017 18:34:00","2017-03-06 18:34:00","-","-","https://nsearchives.nseindia.com/corporate/Voting_Results-NSE_06032017183454_488.zip"
"BEL","Bharat Electronics Limited","Offer For Sale-Stock Exchange Mechanism","President of India, acting through and represented by the Ministry of Defence, Government of India has submitted to the Exchange, an announcement with respect to offer for sale through Stock Exchange Mechanism for sale upto 1,11,68,139 equity shares of the Company (Bharat Electronics Limited) by President of India, acting through and represented by the Ministry of Defence, Government of India (Seller). Date and time of the opening of the offer for Non-Retail Investors: February 22, 2017at 9:15 a.m Date and time of the closing of the offer for Non-Retail Investors: February 22, 2017 at 3:30 p.m.; Date and time of the opening of the offer for Retail Investors: February 23, 2017 at 9:15 a.m Date and time of the closing of the offer for Retail Investors: February 23, 2017 at 3:30 p.mFloor Price for the offer shall be INR 1498 per equity share.","21-Feb-2017 17:02:00","2017-02-21 17:02:00","-","-","https://nsearchives.nseindia.com/corporate/BEL_ofs_21022017170244.zip"
"BEL","Bharat Electronics Limited","Press Release","Bharat Electronics Limited has informed the Exchange regarding a press release dated February 16, 2017, titled ""BEL receives Offset Contract for CoMPASS from Elbit Systems Electro Optics - ELOP Ltd, Israel"".","16-Feb-2017 10:39:00","2017-02-16 10:39:00","-","-","https://nsearchives.nseindia.com/corporate/NSE1_16022017103931_067.zip"
"BEL","Bharat Electronics Limited","Press Release","Bharat Electronics Limited has informed the Exchange regarding a press release dated February 14, 2017, titled ""BEL launches Remote Controlled Weapon Station for MBT Arjun Mk II"".","14-Feb-2017 17:22:00","2017-02-14 17:22:00","-","-","https://nsearchives.nseindia.com/corporate/NSE_14022017172237_270.zip"
"BEL","Bharat Electronics Limited","Date of payment of dividend","Bharat Electronics Limited has informed the Exchange that the Interim dividend will be paid on February 24,2017 to the eligible shareholders.","14-Feb-2017 11:52:00","2017-02-14 11:52:00","-","-","https://nsearchives.nseindia.com/corporate/NSE_14022017115256_868.zip"
"BEL","Bharat Electronics Limited","Shareholders meeting","Bharat Electronics Limited has submitted to the Exchange a copy of the Postal Ballot Notice.","06-Feb-2017 16:22:00","2017-02-06 16:22:00","-","-","https://nsearchives.nseindia.com/corporate/NSE_Intimation_06022017162239_597.zip"
"BEL","Bharat Electronics Limited","Updates","Bharat Electronics Limited has submitted to the Exchange a copy of Highlights of 3rd quarter 2016-17.","30-Jan-2017 14:34:00","2017-01-30 14:34:00","-","-","https://nsearchives.nseindia.com/corporate/NSE_30012017143421_216.zip"
"BEL","Bharat Electronics Limited","Outcome of Board Meeting","Bharat Electronics Limited has informed the Exchange regarding Outcome of Board Meeting of the Company held on January 27, 2017.","27-Jan-2017 19:13:00","2017-01-27 19:13:00","-","-","https://nsearchives.nseindia.com/corporate/BEL_OBM_27012017191354.zip"
"BEL","Bharat Electronics Limited","Stock split","Bharat Electronics Limited has informed the Exchange that the Board of Directors, at its meeting held on January 27, 2017, has considered and approved : (1) Sub-division of existing one equity share of Rs 10/- each face value fully paid-up into 10 number of equity shares of Re.1/- each face value , subject to approval of the shareholders.","27-Jan-2017 19:13:00","2017-01-27 19:13:00","-","-","https://nsearchives.nseindia.com/corporate/NSE-OC_27012017191333_615.zip"
"BEL","Bharat Electronics Limited","Dividend","Bharat Electronics Limited has informed the Exchange that the Board of Directors, at its meeting held on January 27, 2017 has declared interim dividend of Rs.3/- per share for the year 2016-17.","27-Jan-2017 19:09:00","2017-01-27 19:09:00","-","-","https://nsearchives.nseindia.com/corporate/BEL_27012017190952.zip"
"BEL","Bharat Electronics Limited","Financial Result Updates","Bharat Electronics Limited has submitted to the Exchange, the financial results for the period ended December 31, 2016.","27-Jan-2017 19:03:31","2017-01-27 19:03:31","-","-","https://nsearchives.nseindia.com/corporate/NSE-F_27012017190331.zip"
"BEL","Bharat Electronics Limited","Appointment of Director","Bharat Electronics Limited has informed the Exchange that Ministry of Defence, Government of India vide its letter dated January 23, 2017 appointed Mr. Ramchander N Bagdalkar, as Director (Human Resources) of the Company.","23-Jan-2017 19:14:00","2017-01-23 19:14:00","-","-","https://nsearchives.nseindia.com/corporate/NSE_23012017191411_622.zip"
"BEL","Bharat Electronics Limited","Record Date","Bharat Electronics Limited has informed the Exchange that the Company has fixed Record Date as February 4, 2017 for the purpose of Interim Dividend.","04-Jan-2017 17:17:00","2017-01-04 17:17:00","-","-","https://nsearchives.nseindia.com/corporate/BEL_04012017171717.zip"
"BEL","Bharat Electronics Limited","Updates","Bharat Electronics Limited has informed the Exchange regarding Change in authorised KMPs to determine materiality of information/events.","14-Nov-2016 17:26:00","2016-11-14 17:26:00","-","-","https://nsearchives.nseindia.com/corporate/BEL_14112016172623_962.zip"
"BEL","Bharat Electronics Limited","Appointment of Chairman and Managing Director","Bharat Electronics Limited has informed the Exchange that Ministry of Defence, Government of India vide its letter dated November 08, 2016 appointed Mr. M V Gowtama, as Chairman and Managing Director of the Company.","08-Nov-2016 15:36:00","2016-11-08 15:36:00","-","-","https://nsearchives.nseindia.com/corporate/NSE_08112016153631_017.zip"
"BEL","Bharat Electronics Limited","Change in Director(s)","Bharat Electronics Limited has informed the Exchange that Mr. M L Shanmukh, Director (Human Resources) has retired from his services on 31st October, 2016 on attaining the age of superannuation.","03-Nov-2016 10:17:00","2016-11-03 10:17:00","-","-","https://nsearchives.nseindia.com/corporate/D-HR-NSE_03112016101750_071.zip"
"BEL","Bharat Electronics Limited","Post Buyback Public Announcement","IDBI Capital Markets & Securities Ltd has submitted to the Exchange a copy of Post Buyback Public Announcement for the Attention of Equity Shareholders/Beneficial Owners of Equity Shares of the Company.","01-Nov-2016 17:17:00","2016-11-01 17:17:00","-","-","https://nsearchives.nseindia.com/corporate/115071_IDBI_01112016171724.zip"
"BEL","Bharat Electronics Limited","Post Buyback Public Announcement","Bharat Electronics Limited has submitted to the Exchange a copy of Post Buyback Public Announcement for the Attention of Equity Shareholders/Beneficial Owners of Equity Shares of the Company.","01-Nov-2016 13:02:00","2016-11-01 13:02:00","-","-","https://nsearchives.nseindia.com/corporate/NSE_01112016130254_346.zip"
"BEL","Bharat Electronics Limited","Appointment of Chief Financial Officer","Bharat Electronics Limited has informed the Exchange that the Board of the Company at its meeting held on October 27, 2016, appointed Mr. Koshy Alexander, currently holding the position of General Manager (Finance) at Corporate Office, as Chief Financial Officer (Key Managerial Personnel) of the Company.","28-Oct-2016 12:51:00","2016-10-28 12:51:00","-","-","https://nsearchives.nseindia.com/corporate/NSE_28102016125141_242.zip"
"BEL","Bharat Electronics Limited","Updates","Bharat Electronics Limited has informed the Exchange regarding a statement containing the highlights of 2nd quarter of 2016-17.","28-Oct-2016 12:33:00","2016-10-28 12:33:00","-","-","https://nsearchives.nseindia.com/corporate/NSE_28102016123351_228.zip"
"BEL","Bharat Electronics Limited","Financial Result Updates","Bharat Electronics Limited has submitted to the Exchange, the financial results for the period ended September 30, 2016.","27-Oct-2016 17:37:15","2016-10-27 17:37:15","-","-","https://nsearchives.nseindia.com/corporate/Financial_Results-NSE_27102016173715.zip"
"BEL","Bharat Electronics Limited","Change in  Managing Director","Bharat Electronics Limited has informed the Exchange that Mr. Sunil Kumar Sharma, Chairman & Managing Director has retired from his services on September 30, 2016 on attaining the age of superannuation.","01-Oct-2016 15:19:00","2016-10-01 15:19:00","-","-","https://nsearchives.nseindia.com/corporate/Change_in_Directors_NSE_01102016151935_362.zip"
"BEL","Bharat Electronics Limited","Regulation 44(3) of SEBI (LODR), Reg., 2015","Bharat Electronics Limited has submitted to the Exchange the details of voting results of the Annual General Meeting of the Company held on the September 22, 2016 along with Report of Scrutinizer.","23-Sep-2016 17:00:00","2016-09-23 17:00:00","-","-","https://nsearchives.nseindia.com/corporate/NSE_23092016170023_335.zip"
"BEL","Bharat Electronics Limited","Annual General Meeting Updates","Bharat Electronics Limited has submitted to the Exchange a copy of summary of Proceedings at the Annual General Meeting of the Company held on September 22, 2016.","23-Sep-2016 16:17:00","2016-09-23 16:17:00","-","-","https://nsearchives.nseindia.com/corporate/NSE_AGM_poceeding_23092016161736_289.zip"
"BEL","Bharat Electronics Limited","Analysts/Institutional Investor Meet/Con. Call Updates","Bharat Electronics Limited has submitted to the Exchange a copy of Presentations Made at Analysts Meet held on September 22, 2016.","23-Sep-2016 08:15:00","2016-09-23 08:15:00","-","-","https://nsearchives.nseindia.com/corporate/NSE_23092016081526_035.zip"
"BEL","Bharat Electronics Limited","Appointment of Director","Bharat Electronics Limited has informed the Exchange that Mrs. Anandi Ramalingam, has assumed charge as Director (Marketing) w.e.f. September 16, 2016.","19-Sep-2016 14:12:00","2016-09-19 14:12:00","-","-","https://nsearchives.nseindia.com/corporate/NSE_Appoitment_D(mkt)_19092016141247_428.zip"
"BEL","Bharat Electronics Limited","Press Release","Bharat Electronics Limited has informed the Exchange vide letter dated September 19, 2016 regarding a press release dated September 17, 2016, titled "" Shri M Venkaiah Naidu to lay Foundation Stone for BEL's Advanced Night Vision Products Factory at Nimmaluru, Krishna District, AP"".","19-Sep-2016 14:06:00","2016-09-19 14:06:00","-","-","https://nsearchives.nseindia.com/corporate/NSE_Press_Release_19092016140651_422.zip"
"BEL","Bharat Electronics Limited","Public Announcement - Buyback of Shares","Bharat Electronics Limited has submitted to the Exchange a copy of Public Announcement For The Attention Of Equity Shareholders/ Beneficial Owners Of Equity Shares Of Company For The Buyback Of Equity Shares Through Tender Offer Under The Securities And Exchange Board Of India (Buy Back Of Securities) Regulations, 1998, As Amended.","15-Sep-2016 16:21:00","2016-09-15 16:21:00","-","-","https://nsearchives.nseindia.com/corporate/Public_Announcement_NSE_15092016162112_262.zip"
"BEL","Bharat Electronics Limited","Record Date","Bharat Electronics Limited has informed the Exchange that the Company has fixed Record Date as September 27, 2016 for the purpose of Buyback i.     The entitlement of equity shareholders in the Buyback; ii.    The shareholders who would be eligible to participate in the Buyback; & iii.   The shareholders to whom the Letter of Offer and Tender Offer Form will be delivered in relation to the Buyback.","14-Sep-2016 16:01:00","2016-09-14 16:01:00","-","-","https://nsearchives.nseindia.com/corporate/BEL_14092016160127.zip"
"BEL","Bharat Electronics Limited","Postal Ballot Updates","Bharat Electronics Limited has informed the Exchange that Details of Voting Results Postal Ballot and remote e-voting.","14-Sep-2016 10:49:00","2016-09-14 10:49:00","-","-","https://nsearchives.nseindia.com/corporate/NSE_14092016104916_970.zip"
"BEL","Bharat Electronics Limited","Analysts/Institutional Investor Meet/Con. Call Updates","Bharat Electronics Limited has informed the Exchange regarding ""Analysts Meet on September 22, 2016"".","01-Sep-2016 13:56:00","2016-09-01 13:56:00","-","-","https://nsearchives.nseindia.com/corporate/NSE_Analysts-meet_01092016135611_347.zip"
"BEL","Bharat Electronics Limited","Updates","Bharat Electronics Limited has informed the Exchange vide letter dated August 29, 2016 regarding ""Laying of Foundation Stone event for BEL s Advanced Night Vision Products Factory at Nimmaluru, Krishna District, AP, deferred.""","29-Aug-2016 14:37:00","2016-08-29 14:37:00","-","-","https://nsearchives.nseindia.com/corporate/NSE_press_29082016143728_489.zip"
"BEL","Bharat Electronics Limited","Press Release","Bharat Electronics Limited has informed the Exchange regarding a press release dated August 26, 2016 titled ""Shri M Venkaiah Naidu to lay Foundation Stone for BEL's Advanced Night Vision Products Factory at Nimmaluru, Krishna District, AP"".","26-Aug-2016 15:32:00","2016-08-26 15:32:00","-","-","https://nsearchives.nseindia.com/corporate/NSE_press_release_26082016153221_768.zip"
"BEL","Bharat Electronics Limited","Resignation of Director","Bharat Electronics Limited has informed the Exchange that Mr. P R Acharya, has resigned as the Director (Finance) & CFO (KMP) w.e.f. 19th August 2016 from the Board of Directors of the Company for his personal reasons.","22-Aug-2016 14:12:00","2016-08-22 14:12:00","-","-","https://nsearchives.nseindia.com/corporate/NSE_Change-in-Directors_22082016141256_577.zip"
"BEL","Bharat Electronics Limited","Annual General Meeting Updates","Bharat Electronics Limited has submitted to the Exchange a copy of Notice of Annual General Meeting to be held on September 22, 2016.","19-Aug-2016 16:07:00","2016-08-19 16:07:00","-","-","https://nsearchives.nseindia.com/corporate/NSE_AGM_Notice_19082016160701_259.zip"
"BEL","Bharat Electronics Limited","Postal Ballot Updates","Bharat Electronics Limited has submitted to the Exchange a copy of the Postal Ballot Notice","12-Aug-2016 16:55:00","2016-08-12 16:55:00","-","-","https://nsearchives.nseindia.com/corporate/NSE_Postal-Ballot_12082016165553_056.zip"
"BEL","Bharat Electronics Limited","AGM/Book Closure","Bharat Electronics Limited has informed the Exchange that the register of members and share transfer books of the Company will remain closed from August 22, 2016 to  August 24, 2016 (both days inclusive) for the purpose of payment of final dividend and Annual General Meeting of the Company scheduled to be held on September 22, 2016.","08-Aug-2016 17:01:00","2016-08-08 17:01:00","-","-","https://nsearchives.nseindia.com/corporate/BEL_AGMBC_08082016170140.zip"
"BEL","Bharat Electronics Limited","Updates","Bharat Electronics Limited has informed the Exchange regarding statement containing the highlights of 1st quarter of 2016-17.","08-Aug-2016 10:44:00","2016-08-08 10:44:00","-","-","https://nsearchives.nseindia.com/corporate/NSE_Highlights_08082016104426_396.zip"
"BEL","Bharat Electronics Limited","Financial Result Updates","Bharat Electronics Limited has submitted to the Exchange the standalone financial results along with the Limited Review Report for the period ended June 30, 2016.","05-Aug-2016 20:46:29","2016-08-05 20:46:29","-","-","https://nsearchives.nseindia.com/corporate/NSE_Financials_05082016204629.zip"
"BEL","Bharat Electronics Limited","Buyback","Bharat Electronics Limited has informed the Exchange that the Board of Directors of the Company at its meeting held on August 05, 2016 has approved proposal to buyback of not exceeding 1,66,37,207 (One Crore Sixty Six Lakhs Thirty Seven Thousand Two Hundred Seven) equity shares of the Company (representing 6.93% of the total number of equity shares in the paid-up share capital of the Company) at a price of Rs 1,305/- (Rupees One Thousand Three Hundred Five only) per equity share payable in cash for an aggregate consideration not exceeding Rs. 2171,15,56,379/- (Rupees Two Thousand One Hundred Seventy One Crore Fifteen lakh Fifty Six Thousand Three Hundred Seventy Nine only), which is not exceeding 25% of the aggregate of the fully paid-up share capital and free reserves as per the audited accounts of the Company for the financial year ended March 31, 2016 (the last audited financial statements available as on the date of Board meeting recommending the proposal of the Buyback) from all the equity shareholders of the Company, as on the record date, on a proportionate basis through a Tender Offer route in accordance with the Companies Act, 2013, the Companies (Management and Administration) Rules, 2014, the Securities and Exchange Board of India (Buy-back of Securities) Regulations, 1998 ( ""the Buyback""), subject to the approval of the shareholders of the Company by way of a special resolution through Postal Ballot and all other applicable statutory approvals.The Board of Directors noted the intention of the Promoter of the Company to participate in the proposed Buyback.","05-Aug-2016 20:30:00","2016-08-05 20:30:00","-","-","https://nsearchives.nseindia.com/corporate/Nse-Buyback_05082016203042_782.zip"
"BEL","Bharat Electronics Limited","Retirement","Bharat Electronics Limited has informed the Exchange that Mr. P C Jain, Director (Marketing) has retired from his services on July 31, 2016 on attaining the age of superannuation.","01-Aug-2016 17:45:00","2016-08-01 17:45:00","-","-","https://nsearchives.nseindia.com/corporate/NSE_Change-of-directors_01082016174504_663.zip"
"BEL","Bharat Electronics Limited","Press Release","Bharat Electronics Limited has submitted to the Exchange a copy of the presentation made at the press conference held on June 08, 2016.","08-Jun-2016 12:40:00","2016-06-08 12:40:00","-","-","https://nsearchives.nseindia.com/corporate/NSE_08062016124005_121.zip"
"BEL","Bharat Electronics Limited","Updates","Bharat Electronics Limited has informed the Exchange that the company is organizing a press conference on June 8, 2016 at Bangalore, wherein, the Chairman & Managing Director of the company will be briefing the press about the performance of the Company for the year 2015-16. Any presentation/press release with respect to the same, will be posted on the website of the company after the press conference and will also be sent to the stock exchange for information of the investors.","08-Jun-2016 10:34:00","2016-06-08 10:34:00","-","-","https://nsearchives.nseindia.com/corporate/NSE_08062016103439_048.zip"
"BEL","Bharat Electronics Limited","Press Release","Bharat Electronics Limited has informed the Exchange regarding a press release dated May 31, 2016  titled ""BEL to inaugurate 8.4 MW wind energy power plant at Harappanahalli"".","31-May-2016 17:45:00","2016-05-31 17:45:00","-","-","https://nsearchives.nseindia.com/corporate/NSE-PR_31052016174545_955.zip"
"BEL","Bharat Electronics Limited","Updates","Bharat Electronics Limited has informed the Exchange regarding statement containing the highlights of 2015-16.","27-May-2016 17:05:00","2016-05-27 17:05:00","-","-","https://nsearchives.nseindia.com/corporate/NSE_Highlights_27052016170518_159.zip"
"BEL","Bharat Electronics Limited","Dividend","Bharat Electronics Limited has informed the Exchange that in addition to the Interim dividend @ Rs 2.50 per share paid during the last quarter, a Final Dividend Rs 14.50 per share for the financial year 2015-16 has been recommended by the Board of Directors at the meeting held on May 27, 2016.","27-May-2016 14:43:00","2016-05-27 14:43:00","-","-","https://nsearchives.nseindia.com/corporate/BEL_27052016144340.zip"
"BEL","Bharat Electronics Limited","Financial Result Updates","Bharat Electronics Limited has submitted to the Exchange the standalone & consolidated financial results along with the Auditors Report for the period ended March 31, 2016.","27-May-2016 14:38:25","2016-05-27 14:38:25","-","-","https://nsearchives.nseindia.com/corporate/NSE_Financial_results_27052016143825.zip"
"BEL","Bharat Electronics Limited","Trading Window","Bharat Electronics Limited has informed the Exchange that Pursuant to the Code of Conduct and Fair Disclosure Procedure for Regulating, Monitoring, Reporting and Prohibition of Insider Trading in Company's Securities, the Trading Window for dealing in the securities of the Company shall remain closed from May 07, 2016 to May 29, 2016.","09-May-2016 16:09:00","2016-05-09 16:09:00","-","-","https://nsearchives.nseindia.com/corporate/NSE-Notice-of-Board-Meeting-and-Trading-Window-Closure_09052016160951_563.zip"
"BEL","Bharat Electronics Limited","Change in Director(s)","Bharat Electronics Limited has informed the Exchange that Mr. Amol Newaskar, Director (Other Units) and Mr. Manmohan Handa, Director (Bangalore Complex) have retired from their services on April 30, 2016. Mr. Nataraj Krishnappa has assumed charge as Director (Other Units) w.e.f May 01, 2016 and Mr. Girish Kumar has assumed charge as Director (Bangalore Complex) w.e.f May 01,2016.","02-May-2016 11:12:00","2016-05-02 11:12:00","-","-","https://nsearchives.nseindia.com/corporate/NSE_Change_of_Directors_02052016111251_876.zip"
"BEL","Bharat Electronics Limited","Disc. under Reg.30 of SEBI (SAST) Reg.2011","Bharat Electronics Limited has submitted to the Exchange vide letter dated April 04 2015 a copy of disclosure under Regulation 30(1) and 30(2) of SEBI (Substantial Acquisition of Shares & Takeovers) Regulations, 2011.","04-Apr-2016 18:18:00","2016-04-04 18:18:00","-","-","https://nsearchives.nseindia.com/corporate/BEL_30_04042016181844.zip"
"BEL","Bharat Electronics Limited","Press Release","Bharat Electronics Limited has informed the Exchange regarding a press release dated April 01, 2016 titled "" BEL Achieves Turnover of Rs.7,510 Crores"".","01-Apr-2016 17:49:00","2016-04-01 17:49:00","-","-","https://nsearchives.nseindia.com/corporate/NSE_01042016174947_534.zip"
"BEL","Bharat Electronics Limited","Credit Rating","Bharat Electronics Limited has informed the Exchange regarding ICRA reaffirms highest credit ratings.","31-Mar-2016 09:46:00","2016-03-31 09:46:00","-","-","https://nsearchives.nseindia.com/corporate/NSE_ICRA_31032016094632_924.zip"
"BEL","Bharat Electronics Limited","Retirement","Bharat Electronics Limited has informed the Exchange that Mr. S M Acharya, Lt. Gen (Retd.) V K Mehta and Mr. Vikram Srivastava, Part Time Non-official (Independent) Directors retired from the board of the Company on March 25, 2016.","28-Mar-2016 15:14:00","2016-03-28 15:14:00","-","-","https://nsearchives.nseindia.com/corporate/NSE_28032016151428_496.zip"
"BEL","Bharat Electronics Limited","Press Release","Bharat Electronics Limited has informed the Exchange regarding a press release dated February 05, 2016, titled ""BEL wins Raksha Mantri Awards"".","05-Feb-2016 17:21:00","2016-02-05 17:21:00","-","-","https://nsearchives.nseindia.com/corporate/NSEPressRelease_05022016172159_283.zip"
"BEL","Bharat Electronics Limited","Date of payment of dividend","Bharat Electronics Limited has informed the Exchange that interim dividend of Rs. 2.50/- per share declared at the board meeting held on January 27, 2016 will be paid on February 24, 2016.","01-Feb-2016 17:47:00","2016-02-01 17:47:00","-","-","https://nsearchives.nseindia.com/corporate/NSEDividenddate_01022016174717_570.zip"
"BEL","Bharat Electronics Limited","Updates","Bharat Electronics Limited has submitted to the Exchange a copy of statement containing the highlights of 3rd quarter of 2015-16.","28-Jan-2016 15:14:00","2016-01-28 15:14:00","-","-","https://nsearchives.nseindia.com/corporate/NSEinfoforinvestor_28012016151421_721.zip"
"BEL","Bharat Electronics Limited","Financial Result Updates","Bharat Electronics Limited has submitted to the Exchange the standalone financial results along with the Limited Review Report for the period ended December 31, 2015.","27-Jan-2016 14:23:53","2016-01-27 14:23:53","-","-","https://nsearchives.nseindia.com/corporate/NSEresult_27012016142353.zip"
"BEL","Bharat Electronics Limited","Dividend","Bharat Electronics Limited has informed the Exchange that the Board of Directors of the Company at their meeting held on January 27, 2016, has declared interim dividend of Rs. 2.50 per share for the financial year 2015-16.","27-Jan-2016 13:48:00","2016-01-27 13:48:00","-","-","https://nsearchives.nseindia.com/corporate/BEL_27012016134815.zip"
"BEL","Bharat Electronics Limited","Appointment of Director","Bharat Electronics Limited has informed the Exchange that the Government has appointed Mr. Sharad Sanghi as Part time Non-official Director on the Board of the Company.","08-Jan-2016 16:27:00","2016-01-08 16:27:00","-","-","https://nsearchives.nseindia.com/corporate/NSE_08012016162711_183.zip"
"BEL","Bharat Electronics Limited","Record Date","Bharat Electronics Limited has informed the Exchange that the Company has fixed Record Date as February 5, 2016 for the purpose of ascertaining the shareholders' entitlement for interim dividend if approved by the Board of Directors at their meeting.","07-Jan-2016 14:31:00","2016-01-07 14:31:00","-","-","https://nsearchives.nseindia.com/corporate/BEl_RSD_07012016143120.zip"
"BEL","Bharat Electronics Limited","Trading Window","Bharat Electronics Limited has informed the Exchange that  the Trading Window for dealing in the securities of the Company shall remain closed from January 07, 2016 to January 29, 2016.","07-Jan-2016 14:13:00","2016-01-07 14:13:00","-","-","https://nsearchives.nseindia.com/corporate/BEL_07012016141302.zip"
"BEL","Bharat Electronics Limited","Appointment of Director","Bharat Electronics Limited has informed the Exchange that Govt. of India has appointed Mrs. Usha Mathur as part time non official director on the Board of the Company.","23-Dec-2015 17:55:00","2015-12-23 17:55:00","-","-","https://nsearchives.nseindia.com/corporate/NSE-_Appointment_of_Director_23122015175553.zip"
"BEL","Bharat Electronics Limited","Updates","Bharat Electronics Limited has informed the Exchange that the Board of Directors of the Company have authorized the Key Managerial Personnel of the Company, for the purpose of determining the materiality of any event or information and for making the required disclosures under the said Regulations to the Stock Exchanges.","23-Dec-2015 17:43:00","2015-12-23 17:43:00","-","-","https://nsearchives.nseindia.com/corporate/NSE-_Dis_23122015174347.zip"
"BEL","Bharat Electronics Limited","Appointment of Director","Bharat Electronics Limited has informed the Exchange that Govt. of India has appointed Dr. Bhaskar Ramamurthi and Dr. R K Shevgaonkar as part time non official directors on the Board of the Company with effect from December 2, 2015.","08-Dec-2015 17:49:00","2015-12-08 17:49:00","-","-","https://nsearchives.nseindia.com/corporate/NSE_08122015174909.zip"
"BEL","Bharat Electronics Limited","Updates","Bharat Electronics Limited has submitted to the Exchange a copy of Highlights of Quarter Two 2015-16.","30-Oct-2015 11:57:00","2015-10-30 11:57:00","-","-","https://nsearchives.nseindia.com/corporate/nse1_30102015115748.zip"
"BEL","Bharat Electronics Limited","Financial Result Updates","Bharat Electronics Limited has submitted to the exchange the standalone financial results along with the Limited Review Report for the period ended 30-Sep-2015.","29-Oct-2015 17:58:25","2015-10-29 17:58:25","-","-","https://nsearchives.nseindia.com/corporate/BEL_results_29102015175825.zip"
"BEL","Bharat Electronics Limited","Trading Window","Bharat Electronics Limited has informed the Exchange that the Trading Window for dealing in the securities of the Company shall remain closed from October 10, 2015 to November 1, 2015.","06-Oct-2015 15:44:00","2015-10-06 15:44:00","-","-","https://nsearchives.nseindia.com/corporate/NSE_06102015154454.zip"
"BEL","Bharat Electronics Limited","News Clarification","The Exchange had sought clarification from Bharat Electronics Limited with respect to a news item captioned ""Radar Integration: IAF signs Rs. 8,000-Crore deal with BEL"". The Company has clarified that ""A contract worth Rs. 7910 Crores was signed on October 01, 2015 between Bharat Electronics Limited and Ministry of Defence, for ""Supply of Additional Integrated Air Command & Control Systems (IACCS) Nodes and Associated Systems"" for Indian Air Force"".","05-Oct-2015 16:42:00","2015-10-05 16:42:00","-","-","-"
"BEL","Bharat Electronics Limited","News Clarification","The Exchange has sought clarification from Bharat Electronics Limited with respect to recent news item captioned ""Radar Integration: IAF signs Rs. 8,000-Crore deal with BEL"". In this regard, Exchange have advised the Company to provide clarification/confirmation on the news item in detail including the following: a) Whether such event/negotiations/article stated in published news were taking place? If so, you are advised to provide the said information along with the sequence of events in chronological order and the material impact of this article on the Company. b) Whether company are aware of any information that has not been announced to the Exchanges under clause 36 of the Listing Agreement. The response from the Company is awaited.","05-Oct-2015 15:00:00","2015-10-05 15:00:00","-","-","-"
"BEL","Bharat Electronics Limited","Allotment of Securities","Bharat Electronics Limited has informed the Exchange that the Allotment Committee of Board of Directors of the Company, has in its meeting held on September 16, 2015, approved the proposal for allotment of 16,00,00,000 (Sixteen Crores) Bonus shares of Rs.10 each to the shareholders of the Company who have held shares as on the Record Date (i.e., September 15, 2015) in the ratio of 2:1 (2 Bonus shares for every share held).","16-Sep-2015 10:28:00","2015-09-16 10:28:00","-","-","https://nsearchives.nseindia.com/corporate/BharatelectronicsLtd_16092015102819.zip"
"BEL","Bharat Electronics Limited","Annual General Meeting Updates","Bharat Electronics Limited has submitted to the Exchange a copy of the proceedings of the Annual General Meeting of the Company held on September 3, 2015.","11-Sep-2015 11:10:00","2015-09-11 11:10:00","-","-","https://nsearchives.nseindia.com/corporate/BEL_11092015111032.zip"
"BEL","Bharat Electronics Limited","Disclosure of Voting Pattern - Clause 35A","Bharat Electronics Limited has informed the Exchange regarding ""Rectification of error in ""Heading of Resolution No. 7 of the E-voting Results submitted on September 03, 2015"".","04-Sep-2015 13:32:00","2015-09-04 13:32:00","-","-","https://nsearchives.nseindia.com/corporate/BEL_rec_04092015133207.zip"
"BEL","Bharat Electronics Limited","Record Date","Bharat Electronics Limited has informed the Exchange that the Company has fixed Record Date as September 15, 2015 for the purpose of determining the entitlement of the Members for allotment of bonus shares in the ratio of 2:1 (i.e. two bonus shares for every share held).","04-Sep-2015 11:33:00","2015-09-04 11:33:00","-","-","https://nsearchives.nseindia.com/corporate/BEL01_04092015113335.zip"
"BEL","Bharat Electronics Limited","Annual General Meeting Updates","Bharat Electronics Limited has informed the Exchange regarding Resolution passed at the 61st Annual General Meeting of the Members of the Company held on September 3, 2015.","04-Sep-2015 11:28:00","2015-09-04 11:28:00","-","-","https://nsearchives.nseindia.com/corporate/BEL02_04092015112811.zip"
"BEL","Bharat Electronics Limited","Disclosure of Voting Pattern - Clause 35A","Bharat Electronics Limited has informed the Exchange about the details of the consolidated voting results (E-Voting/ Ballot papers) at the Annual General Meeting of the Company held on September 03, 2015.","04-Sep-2015 08:33:00","2015-09-04 08:33:00","-","-","https://nsearchives.nseindia.com/corporate/NSE_04092015083348_395.zip"
"BEL","Bharat Electronics Limited","Updates","Bharat Electronics Limited has informed the Exchange that In continuation of the communication vide letter dated August 10,2015, a copy of the presentation made at the Analyst Meet and the same is being uploaded on BEL website, in compliance with the provisions of Listing Agreement.","03-Sep-2015 17:19:00","2015-09-03 17:19:00","-","-","https://nsearchives.nseindia.com/corporate/NSE_03092015171903_278.zip"
"BEL","Bharat Electronics Limited","Appointment of Director","Bharat Electronics Limited has informed the Exchange that Govt. of India has appointed Smt. Kusum Singh, Joint Secretary (P&C) & (ES) Ministry of Defence as part-time official Director on the Board of the Company in place of Shri J RamaKrishna Rao, ex-Joint Secretary (ES) Ministry of Defence.","27-Aug-2015 17:53:00","2015-08-27 17:53:00","-","-","https://nsearchives.nseindia.com/corporate/NSE_27082015175304_144.zip"
"BEL","Bharat Electronics Limited","Updates","Bharat Electronics Limited has informed the Exchange that it is proposed to conduct a meeting with Analysts on September 3, 2015 at Bangalore. The relevant details are being put on the company website: www.bel-india.com.","10-Aug-2015 16:01:00","2015-08-10 16:01:00","-","-","https://nsearchives.nseindia.com/corporate/BEL_update_10082015160113.zip"
"BEL","Bharat Electronics Limited","Annual General Meeting Updates","Bharat Electronics Limited has submitted to the Exchange a copy of notice of the Annual General Meeting of the Company to be held on September 3, 2015.","04-Aug-2015 17:57:00","2015-08-04 17:57:00","-","-","https://nsearchives.nseindia.com/corporate/NSE_04082015175734_365.zip"
"BEL","Bharat Electronics Limited","AGM/Book Closure","Bharat Electronics Limited has informed the Exchange that the Register of Members and Share Transfer Books of the Company will remain closed from August 12, 2015 to August 14, 2015(both days inclusive) for the purpose of payment Final Dividend and Annual General Meeting(AGM)of the Company scheduled to be held on September 03, 2015.","01-Aug-2015 12:07:00","2015-08-01 12:07:00","-","-","https://nsearchives.nseindia.com/corporate/NSE_01082015120734_518.zip"
"BEL","Bharat Electronics Limited","Date of payment of dividend","Bharat Electronics Limited has informed the Exchange that the Final Dividend for the year 2014-15, if declared at the AGM, will be payable within 30 days from the date of declaration, to those members whose names appear on the Company's Register of Members as at the closure of business hours on August 11, 2015.","01-Aug-2015 11:23:00","2015-08-01 11:23:00","-","-","-"
"BEL","Bharat Electronics Limited","Updates","Bharat Electronics Limited has submitted to the Exchange a copy of ""Highlights of 205-16 Q1"".","27-Jul-2015 12:27:00","2015-07-27 12:27:00","-","-","https://nsearchives.nseindia.com/corporate/BEL_update_27072015122716.zip"
"BEL","Bharat Electronics Limited","Bonus","Bharat Electronics Limited has informed the Exchange that the Board of the Company has, in its meeting held on July 24, 2015, approved the proposal for issue of Bonus shares to the existing shareholders of the Company in the ratio of 2:1 (2 Bonus shares for every share held). The Board has also approved the proposal for increase in the authorized share capital of the Company from Rs. 100 Crores to Rs. 250 Crores and consequential amendments to Memorandum of Association and Articles of Association. The aforesaid proposals are subject to the approval by Members of the Company at the ensuing Annual General Meeting through e-voting and ballot.","25-Jul-2015 11:04:00","2015-07-25 11:04:00","-","-","https://nsearchives.nseindia.com/corporate/Bharatelectronics_Bonus_25072015110423.zip"
"BEL","Bharat Electronics Limited","Financial Result Updates","Bharat Electronics Limited has submitted to the exchange the standalone financial results along with the Limited Review Report for the period ended 30-Jun-2015.","24-Jul-2015 20:31:26","2015-07-24 20:31:26","-","-","https://nsearchives.nseindia.com/corporate/bel_24072015203126.zip"
"BEL","Bharat Electronics Limited","News Clarification","The Exchange had sought clarification from Bharat Electronics Limited with respect to a news item captioned ""Indian Army shortlists BEL and Punj Lloyd for $100 million air defence guns upgrade"". The Company has clarified that ""We (BEL) are one of the vendors shortlisted after technical evaluation for the said contract. The commercial bids are not yet opened. Hence, we cannot comment on the value of the contract and also to whom it will be awarded"".","17-Jul-2015 18:41:00","2015-07-17 18:41:00","-","-","-"
"BEL","Bharat Electronics Limited","News Clarification","The Exchange has sought clarification from Bharat Electronics Limited with respect to recent news item captioned ""Indian Army shortlists BEL and Punj Lloyd for $100 million air defence guns upgrade"". In this regard, Exchange have advised the Company to provide clarification/confirmation on the news item in detail including the following: a) Whether such event/negotiations/article stated in published news were taking place? If so, you are advised to provide the said information along with the sequence of events in chronological order and the material impact of this article on the Company. b) Whether company are aware of any information that has not been announced to the Exchanges under clause 36 of the Listing Agreement. The response from the Company is awaited.","17-Jul-2015 10:47:00","2015-07-17 10:47:00","-","-","-"
"BEL","Bharat Electronics Limited","Trading Window","Bharat Electronics Limited has informed the Exchange that pursuant to the company's ""Code of Conduct and Fair Disclosure Procedure for Regulating, Monitoring, Reporting and Prohibition of Insider Trading in Company's Securities"" framed under SEBI (Prohibition of Insider Trading) Regulations, 2015, the Trading Window for dealing in the securities of the Company shall remain closed from July 4, 2015 to July 26, 2015.","02-Jul-2015 16:31:00","2015-07-02 16:31:00","-","-","https://nsearchives.nseindia.com/corporate/BEL_07022015163101_1.zip"
"BEL","Bharat Electronics Limited","Press Release","Bharat Electronics Limited has informed the Exchange regarding a press release dated June 3, 2015 titled ""Performance Highlights 2014-15"".","03-Jun-2015 13:06:00","2015-06-03 13:06:00","-","-","https://nsearchives.nseindia.com/corporate/BEL02_03062015130548.zip"
"BEL","Bharat Electronics Limited","Updates","Bharat Electronics Limited has informed the Exchange that, the company is organizing a press conference on June 3, 2015 at Bangalore, wherein, the Chairman & Managing Director of the company will be briefing the press about the performance of the Company for the Year 2014-15. ","02-Jun-2015 15:10:00","2015-06-02 15:10:00","-","-","https://nsearchives.nseindia.com/corporate/BEL_06022015151001_1.zip"
"BEL","Bharat Electronics Limited","Updates","Bharat Electronics Limited has submitted to the Exchange a copy of ""Highlights of 2014-15"". ","01-Jun-2015 15:53:00","2015-06-01 15:53:00","-","-","https://nsearchives.nseindia.com/corporate/BEL_01_06012015155302_1.zip"
"BEL","Bharat Electronics Limited","Dividend","Bharat Electronics Limited has informed the Exchange that in addition to the Interim dividend @ Rs 6.00 per share paid during the last quarter, a Final Dividend Rs 23.20 per share for the financial year 2014-15 has been recommended by the Board of Directors at the meeting held on May 29, 2015.","29-May-2015 13:48:00","2015-05-29 13:48:00","-","-","-"
"BEL","Bharat Electronics Limited","Financial Result Updates","Bharat Electronics Limited has submitted to the exchange the standalone & consolidated financial results for the period ended 31-Mar-2015.","29-May-2015 13:39:04","2015-05-29 13:39:04","-","-","https://nsearchives.nseindia.com/corporate/BEL_result_05292015133903_.zip"
"BEL","Bharat Electronics Limited","Updates","Bharat Electronics Limited has informed the Exchange that the Board of Directors of Comapny have approved the ""Code of Conduct and Fair Disclosure Procedure for Regulating, Monitoring, Reporting and Prohibition of Insider Trading in BEL Securities"" under the SEBI (Prohibition of Insider Trading) Regulations, 2015, in the meeting held on May 4, 2015 and the same shall be effective from May 15, 2015. The said Code is simultaneously being uploaded in the website of the Company.","14-May-2015 18:06:00","2015-05-14 18:06:00","-","-","https://nsearchives.nseindia.com/corporate/BEL_code_05142015180601_1.zip"
"BEL","Bharat Electronics Limited","Trading Window","Bharat Electronics Limited has informed the Exchange that the ""Code of Conduct and Fair Disclosure Procedure for Regulating, Monitoring, Reporting and Prohibition of Insider Trading in BEL Securities"", The Company wish to inform the Exchange that the ""Closed Period"" for Insiders shall commence on May 9, 2015 and ends 48 hours after public announcement of the audited financial results for the year ending March 31, 2015.","08-May-2015 16:06:00","2015-05-08 16:06:00","-","-","https://nsearchives.nseindia.com/corporate/BEL_trading_05082015160601_1.zip"
"BEL","Bharat Electronics Limited","Disc. under Reg.30 of SEBI (SAST) Reg.2011","Timothy T. Gonmei has submitted to the Exchange vide letter dated April 01, 2015 a copy of disclosure under Regulation 30(2) of SEBI (Substantial Acquisition of Shares & Takeovers) Regulations, 2011.","16-Apr-2015 14:39:00","2015-04-16 14:39:00","-","-","https://nsearchives.nseindia.com/corporate/bharatelectronicsltd__04162015143901_1.zip"
"BEL","Bharat Electronics Limited","Disc. under Reg.30 of SEBI (SAST) Reg.2011","Bharat Electronics Limited has submitted to the Exchange vide letter dated April 01, 2015 a copy of disclosure under Regulation 30(2) of SEBI (Substantial Acquisition of Shares & Takeovers) Regulations, 2011.","16-Apr-2015 13:08:00","2015-04-16 13:08:00","-","-","https://nsearchives.nseindia.com/corporate/bharatelectronicsltd_04162015130801_1.zip"
"BEL","Bharat Electronics Limited","Press Release","Bharat Electronics Limited has informed the Exchange regarding press release dated April 1, 2015 titled ""BEL achieves turnover of Rs. 6,671 crores"".","01-Apr-2015 15:05:00","2015-04-01 15:05:00","-","-","https://nsearchives.nseindia.com/corporate/NSE_04012015150502_1.zip"
"BEL","Bharat Electronics Limited","Credit Rating","Bharat Electronics Limited has informed the Exchange regarding ""ICRA reaffirms highest credit ratings"".","25-Mar-2015 16:16:00","2015-03-25 16:16:00","-","-","https://nsearchives.nseindia.com/corporate/BEL_03252015161602_1.zip"
"BEL","Bharat Electronics Limited","Press Release","Bharat Electronics Limited has informed the Exchange regarding a press release dated February 26, 2015 titled ""MoD selects BEL-Rolta consortium as a Development Agency for the Battlefield Management System Project"".","26-Feb-2015 16:37:00","2015-02-26 16:37:00","-","-","https://nsearchives.nseindia.com/corporate/BEL_press_02262015163702_1.zip"
"BEL","Bharat Electronics Limited","News Clarification","The Exchange had sought clarification from Bharat Electronics Limited with respect to recent news item captioned ""Bharat Electronics to set up Rs. 500-crore weapon systems facility at Lepakshi"". The Company has clarified that ""We wish to confirm that at the Aero India Show 2015 at Bangalore, there was a extempore interaction with the media by our Management as a consequence of which the media has reported the news. There has not been any official press release by the company in this regard. Accordingly, We confirm the contents reported in the news paper"".","20-Feb-2015 13:12:00","2015-02-20 13:12:00","-","-","-"
"BEL","Bharat Electronics Limited","News Clarification","The Exchange has sought clarification from Bharat Electronics Limited with respect to recent news item captioned ""Bharat Electronics to set up Rs. 500-crore weapon systems facility at Lepakshi"". In this regard, Exchange have advised the Company to provide clarification/confirmation on the news item in detail including the following: a) Whether such event/negotiations/article stated in published news were taking place? If so, you are advised to provide the said information along with the sequence of events in chronological order and the material impact of this article on the Company. b) Whether company are aware of any information that has not been announced to the Exchanges under clause 36 of the Listing Agreement. The response from the Company is awaited.","20-Feb-2015 12:02:00","2015-02-20 12:02:00","-","-","-"
"BEL","Bharat Electronics Limited","Press Release","Bharat Electronics Limited has informed the Exchange vide letter dated February 19, 2015 regarding a press release dated February 18, 2015, titled ""BEL receives additional Purchase Order for CoMPASS (TM) from Elbit Systems"".","19-Feb-2015 11:02:00","2015-02-19 11:02:00","-","-","https://nsearchives.nseindia.com/corporate/BEL_PR_02192015110202_1.zip"
"BEL","Bharat Electronics Limited","Disclosure under SEBI Takeover Regulations","Bharat Electronics Limited has submitted to the Exchange, vide letter dated February 2, 2015 a copy of disclosure under Regulation 29(2) of SEBI (Substantial Acquisition of Shares & Takeovers) Regulations, 2011.","02-Feb-2015 15:47:00","2015-02-02 15:47:00","-","-","https://nsearchives.nseindia.com/corporate/BEL_29_new_02022015154701_1.zip"
"BEL","Bharat Electronics Limited","Disclosure under SEBI Takeover Regulations","Life Insurance Corporation of India has submitted to the Exchange, vide letter dated January 30, 2015 a copy of disclosure under Regulation 29(2) of SEBI (Substantial Acquisition of Shares & Takeovers) Regulations, 2011.","30-Jan-2015 15:56:00","2015-01-30 15:56:00","-","-","https://nsearchives.nseindia.com/corporate/BEL_29_01302015155601_1.zip"
"BEL","Bharat Electronics Limited","Updates","Bharat Electronics Limited has submitted to the Exchange a copy of financial highlights for the Quarter ending December 31, 2014.","27-Jan-2015 11:59:00","2015-01-27 11:59:00","-","-","https://nsearchives.nseindia.com/corporate/BEL_update_27012015_01272015115902_1.zip"
"BEL","Bharat Electronics Limited","Date of payment of dividend","Bharat Electronics Limited has informed the Exchange that the Company has fixed February 20, 2015 as the due date for payment of Interim Dividend for 2014-15.","23-Jan-2015 19:09:00","2015-01-23 19:09:00","-","-","-"
"BEL","Bharat Electronics Limited","Dividend","Bharat Electronics Limited has informed the Exchange that an Interim Dividend of Rs. 6 per share for the year 2014-15 has been declared by the Board of Directors at the meeting held on January 23, 2015.","23-Jan-2015 18:59:00","2015-01-23 18:59:00","-","-","-"
"BEL","Bharat Electronics Limited","Financial Result Updates","Bharat Electronics Limited has submitted to the exchange the standalone financial results along with the Limited Review Report for the period ended 31-Dec-2014.","23-Jan-2015 18:35:02","2015-01-23 18:35:02","-","-","https://nsearchives.nseindia.com/corporate/BEL_31Dec14_S_01232015183502_.zip"
"BEL","Bharat Electronics Limited","Record Date","Bharat Electronics Limited has informed the Exchange that the Company has fixed Record Date as January 29, 2015 for the purpose of ascertaining the shareholders' entitlement for interim dividend. ","09-Jan-2015 16:12:00","2015-01-09 16:12:00","-","-","-"
"BEL","Bharat Electronics Limited","Press Release","Bharat Electronics Limited has informed the Exchange vide letter dated January 8, 2015 regarding a press release dated January 7, 2015 titled ""Vice President inaugurates modernised BEL Software Technology Centre at Bengaluru"".","08-Jan-2015 11:16:00","2015-01-08 11:16:00","-","-","https://nsearchives.nseindia.com/corporate/Bharat_Press_01082015111601_1.zip"
"BEL","Bharat Electronics Limited","Financial Result Updates","Bharat Electronics Limited has submitted to the exchange the standalone financial results along with the Limited Review Report for the period ended 30-Sep-2014.","07-Nov-2014 14:51:04","2014-11-07 14:51:04","-","-","https://nsearchives.nseindia.com/corporate/BEL_30Sep14_S_11072014145102_.zip"
"BEL","Bharat Electronics Limited","Appointment of Director","Bharat Electronics Limited has informed the Exchange that Govt of India has appointed Mr. J. Rama Krishna Rao as part-time official Director on the Board of the Company in place of Mr. P.K. Mishra w.e.f. November 03, 2014.","05-Nov-2014 18:16:00","2014-11-05 18:16:00","-","-","https://nsearchives.nseindia.com/corporate/BEL_Appoint_11052014181601_1.zip"
"BEL","Bharat Electronics Limited","News Clarification","The Exchange had sought clarification from Bharat Electronics Limited with respect to a news item captioned """"BEL, Thales venture to develop defence radars"". The Company has clarified that ""we are attaching herewith a copy of the joint Press Release issued by Bharat Electronics Limited and THALES on September 30, 2014. We hereby confirm the contents of the enclosed Press Release. In this connection, we also wish to inform you that the Company had vide its letter of even number dated July05, 2012 intimated the Stock Exchange the decision of BEL Board of Directors to establish a Joint Venture Company (JVC) with M/s. Thales Air Systems SA, France and M/s. Thales India Pvt. Ltd in Radar Business Area. Further, vide our letter of even number dated September 01, 2014 we had intimated the Stock Exchange about the incorporation of the new company  BEL-THALES Systems Limited  on August 28, 2014"".","13-Oct-2014 09:20:00","2014-10-13 09:20:00","-","-","https://nsearchives.nseindia.com/corporate/NEWSCLARIFICATION_BEL_13102014092017.zip"
"BEL","Bharat Electronics Limited","Annual General Meeting Updates","Bharat Electronics Limited has submitted to the Exchange the proceedings of the Annual General Meeting of the shareholders of the Compnay held on September 25, 2014.","07-Oct-2014 12:15:00","2014-10-07 12:15:00","-","-","https://nsearchives.nseindia.com/corporate/AGMProceedings_07102014121553.zip"
"BEL","Bharat Electronics Limited","Disclosure of Voting Pattern - Clause 35A","Bharat Electronics Limited has submitted to the Exchange the details of voting results of the Annual General Meeting of the Company held on the September 25, 2014 as per clause 35A of Listing agreement.","26-Sep-2014 18:22:00","2014-09-26 18:22:00","-","-","https://nsearchives.nseindia.com/corporate/35A_BEL_26092014182212.zip"
"BEL","Bharat Electronics Limited","Date of payment of dividend","Bharat Electronics Limited has informed the Exchange that October 23, 2014 as the due date of payment of Final Dividend for the year 2013-14.","26-Sep-2014 17:03:00","2014-09-26 17:03:00","-","-","-"
"BEL","Bharat Electronics Limited","Annual General Meeting Updates","Bharat Electronics Limited has informed the Exchange that the Shareholders of the Company at their Annual General Meeting held on September 25, 2014 declared payment of 173% Final Dividend on the paid up equity capital of the Company (i.e. Rs 17.30 per equity share of Rs 10/- each).","26-Sep-2014 17:02:00","2014-09-26 17:02:00","-","-","-"
"BEL","Bharat Electronics Limited","Updates","Bharat Electronics Limited has informed the Exchange that the Company had informed on July 05, 2012, the decision of BEL Board of Directors to establish a Joint Venture Company (JVC) with M/s. Thales Air Systems SA, France and M/s. Thales India Pvt. Ltd in Radar Business Area.  Further, the Company has informed that the JVC has been incorporated on August 28, 2014 under the name ""BEL-THALES Systems Limited"".","05-Sep-2014 12:56:00","2014-09-05 12:56:00","-","-","-"
"BEL","Bharat Electronics Limited","Updates","Bharat Electronics Limited has informed the Exchange that it is proposed to conduct a meeting with Analysts on September 25, 2014 at BEL Officers' Club (near BEL factory). The relevant details are being put on the company website : www.bel-india.com.","03-Sep-2014 17:44:00","2014-09-03 17:44:00","-","-","https://nsearchives.nseindia.com/corporate/Bhel_Updates_09032014174402_2.zip"
"BEL","Bharat Electronics Limited","AGM/Book Closure","Bharat Electronics Limited has informed the Exchange that the Company has fixed Book Closure from September 16, 2014 to September 25, 2014 (both days inclusive) for the purpose of Annual General Meeting scheduled to be held on September 25, 2014 and payment of dividend.","01-Sep-2014 15:48:00","2014-09-01 15:48:00","-","-","-"
"BEL","Bharat Electronics Limited","Annual General Meeting Updates","Bharat Electronics Limited has submitted to the Exchange a copy of Notice of Annual General Meeting of the Company to be held on September 25, 2014. ","28-Aug-2014 12:12:00","2014-08-28 12:12:00","-","-","https://nsearchives.nseindia.com/corporate/bharatelectro_28082014_08282014121202_2.zip"
"BEL","Bharat Electronics Limited","Press Release","Bharat Electronics Limited has submitted to the Exchange, vide letter dated August 05, 2014 a copy of the press release on the performance during the 1st Quarter of 2014-15.","05-Aug-2014 10:12:00","2014-08-05 10:12:00","-","-","https://nsearchives.nseindia.com/corporate/BEL_PR_08052014101202_1.zip"
"BEL","Bharat Electronics Limited","Financial Result Updates","Bharat Electronics Limited has submitted to the exchange the standalone financial results along with the Limited Review Report for the period ended 30-Jun-2014.","31-Jul-2014 13:15:02","2014-07-31 13:15:02","-","-","https://nsearchives.nseindia.com/corporate/BEL_30JUN2014.zip"
"BEL","Bharat Electronics Limited","Change in Director(s)","Bharat Electronics Limited has informed the Exchange that ""Government on  June 23, 2014 appointed Mr Manmohan Handa as Director (Bangalore Complex).  Mr Manmohan Handa has assumed charge of the post on June 24, 2014.  Prior to this elevation, Mr Manmohan Handa was holding the post of General Manager (Missile System) in the Bangalore Complex of the Company"".","26-Jun-2014 10:48:00","2014-06-26 10:48:00","-","-","https://nsearchives.nseindia.com/corporate/BEL_26062014_06262014104802_1.zip"
"BEL","Bharat Electronics Limited","Updates","Bharat Electronics Limited has submitted to the Exchange statement containing highlights of 2013-14 and outlook for 2014-15.","03-Jun-2014 17:36:00","2014-06-03 17:36:00","-","-","https://nsearchives.nseindia.com/corporate/bel_06032014173602_1.zip"
"BEL","Bharat Electronics Limited","Dividend","Bharat Electronics Limited has informed the Exchange that the Board of Directors of the Company at its meeting held on May 30, 2014 has recommended a final dividend of Rs.17.30 per share for the year 2013-14. This is in addition to the interim dividend of Rs. 6 per share for the year 2013-14 paid in Feb 2013. The final dividend for 2013-14 will be paid within 30 days of its declaration by the shareholders in the AGM to be held in Sept 2014.","30-May-2014 16:12:00","2014-05-30 16:12:00","-","-","-"
"BEL","Bharat Electronics Limited","Financial Result Updates","Bharat Electronics Limited has submitted to the exchange the standalone & consolidated financial results for the period ended 31-Mar-2014.","30-May-2014 15:11:03","2014-05-30 15:11:03","-","-","https://nsearchives.nseindia.com/corporate/BEL_31Mar14_B_05302014151102_.zip"
"BEL","Bharat Electronics Limited","Appointment of Director","Bharat Electronics Limited has informed the Exchange that Govt. of India has appointed Lt. Gen. C. A. Krishnan as part-time official director in place of Lt. Gen. Narendra Singh.","21-May-2014 20:00:00","2014-05-21 20:00:00","-","-","-"
"BEL","Bharat Electronics Limited","Credit Rating","Bharat Electronics Limited has informed the Exchange that ICRA has reaffirmed the following credit ratings of the Company for the year 2014-15:    1. Long-term rating of [ICRA]AAA (pronounced ICRA triple A) to Rs. 200 cr fund based bank limits.  2. Short-term rating of [ICRA]A1+ (pronounced ICRA A one plus) to Rs. 2700 cr non-fund based bank limits.  3. Short-term rating of [ICRA]A1+ (pronounced ICRA A one plus) to Rs. 5 cr short-term debt programme.","04-Apr-2014 17:44:00","2014-04-04 17:44:00","-","-","https://nsearchives.nseindia.com/corporate/bel_04042014174401_1.zip"
"BEL","Bharat Electronics Limited","Appointment of Company Secretary/Compliance Officer","Bharat Electronics Limited has informed the Exchange that Mr. S. Sreenivas has joined the Company as Company Secretary on April 01, 2014. The company has appointed him as compliance officer.","03-Apr-2014 16:08:00","2014-04-03 16:08:00","-","-","https://nsearchives.nseindia.com/corporate/BEL_appointment_04032014160801_1.zip"
"BEL","Bharat Electronics Limited","Press Release","Bharat Electronics Limited has informed the Exchange regarding a Press Release dated April 01, 2014, titled ""BEL records Rs. 6,180 cr turnover (provisional)"".","01-Apr-2014 17:36:00","2014-04-01 17:36:00","-","-","https://nsearchives.nseindia.com/corporate/bharat_pr_04012014173601_1.zip"
"BEL","Bharat Electronics Limited","Results Update, Quarter  ended 31-DEC-2013 (Standalone)","Bharat Electronics Limited has informed the Exchange regarding the standalone Results for the quarter ended on 31-DEC-2013 as follows: Net Sales of Rs. 117240.93 lacs for the quarter ending on 31-DEC-2013 against Rs. 100932.47 lacs and Rs. 144369.69 lacs for the quarters ending on 30-SEP-2013 and 31-DEC-2012 respectively. Net Profit / (Loss) of Rs. 19174.48 lacs for the quarter ending on 31-DEC-2013 against Rs. 5944.91 lacs and Rs. 19759.46 lacs for the quarters ending on 30-SEP-2013 and 31-DEC-2012 respectively.","24-Jan-2014 17:47:00","2014-01-24 17:47:00","-","-","-"
"BEL","Bharat Electronics Limited","Financial Result Updates","Bharat Electronics Limited has submitted to the exchange the standalone financial results for the period ended 31-Dec-2013.","24-Jan-2014 17:39:02","2014-01-24 17:39:02","-","-","https://nsearchives.nseindia.com/corporate/BEL_01242014173901_.zip"
"BEL","Bharat Electronics Limited","Date of payment of dividend","Bharat Electronics Limited has informed the Exchange that the Company has fixed February 21, 2014 as the due date for payment of Interim Dividend for 2013-2014.","24-Jan-2014 15:32:00","2014-01-24 15:32:00","-","-","-"
"BEL","Bharat Electronics Limited","Updates","Bharat Electronics Limited has submitted to the Exchange a copy of a statement containing the highlights of 2013-14 Q3.","24-Jan-2014 15:24:00","2014-01-24 15:24:00","-","-","https://nsearchives.nseindia.com/corporate/BEL_update_24012014_01242014152402_1.zip"
"BEL","Bharat Electronics Limited","Dividend","Bharat Electronics Limited has informed the Exchange that the Board of Directors of the Company at its meeting held on January 24, 2014 has declared an interim dividend of Rs. 6 per share for the year 2013-14. ","24-Jan-2014 14:16:00","2014-01-24 14:16:00","-","-","-"
"BEL","Bharat Electronics Limited","Record Date","Bharat Electronics Limited has informed the Exchange that the Company has fixed Record Date as January 30, 2014 for the purpose of for ascertaining the shareholders' entitlement of interim dividend for 2013-2014. ","10-Jan-2014 11:28:00","2014-01-10 11:28:00","-","-","-"
"BEL","Bharat Electronics Limited","Change in Director(s)","Bharat Electronics Limited has informed the Exchange that Mr. Sunil Kumar Sharma has assumed charge as Chairman & Managing Director of the Company w.e.f. January 01, 2014 vice Mr. Anil Kumar, who retired on December 31, 2013 on attaining the age of superannuation. Prior to this Mr Sunil Kumar Sharma has been Director (Bangalore Complex) of the Company.","03-Jan-2014 08:40:00","2014-01-03 08:40:00","-","-","https://nsearchives.nseindia.com/corporate/BEL_03012014_01032014084002_1.zip"
"BEL","Bharat Electronics Limited","Cessation","Bharat Electronics Limited has informed the Exchange that the following independent directors have ceased to be on company's board from December 20, 2013 after completing their term of 3 years: (1) Prof Anurag Kumar. (2) Mr N Sitaram.(3) Prof R Venkata Rao.","23-Dec-2013 10:44:00","2013-12-23 10:44:00","-","-","-"
"BEL","Bharat Electronics Limited","Updates","Bharat Electronics Limited has informed the Exchange that the Negotiating Trade Unions of the Companys constituent Units along with Corporate office have served notices on Management to go on one day token strike by all the non-executive employees on or after December 11, 2013. The matter of dispute is that the Unions are demanding early settlement of Plant Performance Incentive (PPI) / upward revision of PPI emount from the financial year 2012-13 onwards.","11-Dec-2013 08:52:00","2013-12-11 08:52:00","-","-","-"
"BEL","Bharat Electronics Limited","Retirement","Bharat Electronics Limited has informed the Exchange that Mr. C R Prakash, Company Secretary retired from the Company on attaining the age of superannuation on October 31, 2013.","05-Nov-2013 12:08:00","2013-11-05 12:08:00","-","-","-"
"BEL","Bharat Electronics Limited","Updates","Bharat Electronics Limited has submitted to the exchange a copy of a statement containing the Highlights of 2013-14 Q2.","31-Oct-2013 11:16:00","2013-10-31 11:16:00","-","-","https://nsearchives.nseindia.com/corporate/bharat_31102013.zip"
"BEL","Bharat Electronics Limited","Results Update, Quarter  ended 30-SEP-2013 (Standalone)","Bharat Electronics Limited has informed the Exchange regarding the standalone Results for the quarter ended on 30-SEP-2013 as follows: Net Sales of Rs. 100932.47 lacs for the quarter ending on 30-SEP-2013 against Rs. 88459.19 lacs and Rs. 103990.75 lacs for the quarters ending on 30-JUN-2013 and 30-SEP-2012 respectively. Net Profit / (Loss) of Rs. 5944.91 lacs for the quarter ending on 30-SEP-2013 against Rs. 1718.5 lacs and Rs. 8021.52 lacs for the quarters ending on 30-JUN-2013 and 30-SEP-2012 respectively.","25-Oct-2013 17:31:00","2013-10-25 17:31:00","-","-","-"
"BEL","Bharat Electronics Limited","Financial Result Updates","Bharat Electronics Limited has submitted to the exchange the standalone financial results for the period ended 30-sep-2013.","25-Oct-2013 17:27:02","2013-10-25 17:27:02","-","-","https://nsearchives.nseindia.com/corporate/BEL_30sep2013_S.zip"
"BEL","Bharat Electronics Limited","Change in Director(s)","Bharat Electronics Limited has informed the Exchange that the Governement has appointed Lt Gen Narendra Singh, AVSM, SM, VSM. Deputy Chief of Arrmy Staff(P&S), Army Headquaters as Government Director on BEL Board vice Lt.Gen S. P. Kochhar.","17-Oct-2013 08:56:00","2013-10-17 08:56:00","-","-","https://nsearchives.nseindia.com/corporate/BEL_update_17102013_10172013085602_1.zip"
"BEL","Bharat Electronics Limited","Annual General Meeting Updates","Bharat Electronics Limited has submitted to the Exchange a copy of the Proceedings at Annual General Meeting of the Company held on September 20, 2013.","26-Sep-2013 10:48:00","2013-09-26 10:48:00","-","-","https://nsearchives.nseindia.com/corporate/BEL_09262013104801_1.zip"
"BEL","Bharat Electronics Limited","Date of payment of dividend","Bharat Electronics Limited has informed the Exchange that the Shareholders of the Company at their Annual General Meeting held on September 20, 2013, have declared payment of 163% Final Dividend on the paid up equity capital of the Company (i.e. Rs. 16.30 per equity share of Rs. 10/- each). Further, the Company has fixed October 18, 2013 as the due date of payment of Final Dividend for the year 2012-13.","23-Sep-2013 09:00:00","2013-09-23 09:00:00","-","-","-"
"BEL","Bharat Electronics Limited","Disclosure of Voting Pattern - Clause 35A","Bharat Electronics Limited has informed the Exchange regarding the details of Voting results at the Annual General Meeting of the Company held on September 20, 2013, under Clause 35A of the Listing Agreement.","23-Sep-2013 08:56:00","2013-09-23 08:56:00","-","-","https://nsearchives.nseindia.com/corporate/BEL_09232013085602_1.zip"
"BEL","Bharat Electronics Limited","Change in Director(s)","Bharat Electronics Limited has informed the Exchange that the following changes have taken place in the Company's Board of Directors : (1) Shri H N Ramakrishna, Director (Marketing) retired on August 31, 2013. (2) Shri P. C. Jain has assumed charge as Director (Marketing) w.e.f. September 01, 2013.  (3) Shri P. R. Acharya has assumed charge as Director (Finance) w.e.f. September 02, 2013.","03-Sep-2013 11:28:00","2013-09-03 11:28:00","-","-","https://nsearchives.nseindia.com/corporate/BEL_03092013_09032013112801_1.zip"
"BEL","Bharat Electronics Limited","Change in Auditors","Bharat Electronics Limited has informed the Exchange vide its letter dated August 21, 2013 regarding change of Auditors.","23-Aug-2013 15:28:00","2013-08-23 15:28:00","-","-","https://nsearchives.nseindia.com/corporate/bharatelectoinsltd_23082013.zip"
"BEL","Bharat Electronics Limited","AGM/Book Closure","Bharat Electronics Limited has informed the Exchange that the Register of members and share transfer register of the Company will be closed from September 11, 2013 to September 20, 2013 (both days inclusive) for the purpose of payment of final dividend and Annual General Meeting scheduled to be held on September 20, 2013.","19-Aug-2013 14:04:00","2013-08-19 14:04:00","-","-","-"
"BEL","Bharat Electronics Limited","Resignation of Director","Bharat Electronics Limited has informed the Exchange that Rear Admiral (Retd) K C Sekhar, Independent Director, has resigned from the board of the Company.","06-Aug-2013 17:20:00","2013-08-06 17:20:00","-","-","-"
"BEL","Bharat Electronics Limited","Updates","Bharat Electronics Limited has submitted to the exchange a copy of a statement containing the highlights of 2013-14 Q1.","26-Jul-2013 18:24:00","2013-07-26 18:24:00","-","-","https://nsearchives.nseindia.com/corporate/BEL_07262013182401_1.zip"
"BEL","Bharat Electronics Limited","Results Update, Quarter ended, 30-JUN-2013 (Standalone)","Bharat Electronics Limited has informed the Exchange regarding the standalone Results for the quarter ended on 30-JUN-2013 as follows: Net Sales of Rs. 88459.19 lacs for the quarter ending on 30-JUN-2013 against Rs. 77921.68 lacs for the quarter ending on 30-JUN-2012. Net Profit / (Loss) of of Rs. 1718.5 lacs for the quarter ending on 30-JUN-2013 against Rs. 1932.51 lacs for the quarter ending on 30-JUN-2012.","26-Jul-2013 14:32:00","2013-07-26 14:32:00","-","-","-"
"BEL","Bharat Electronics Limited","Financial Result Updates","Bharat Electronics Limited has submitted to the Exchange the Standalone Financial Results for the period ended June 30,2013.","26-Jul-2013 12:40:09","2013-07-26 12:40:09","-","-","https://nsearchives.nseindia.com/corporate/BEL_30JUN2013_S_Q1.zip"
"BEL","Bharat Electronics Limited","Updates","Bharat Electronics Limited has submitted to the Exchange a copy of statement containing the highlights of 2012-13 and the outlook for 2013-14.","30-May-2013 19:08:00","2013-05-30 19:08:00","-","-","https://nsearchives.nseindia.com/corporate/BEL_Investorupdates_30052013_05302013190801_1.zip"
"BEL","Bharat Electronics Limited","Dividend","Bharat Electronics Limited has informed the Exchange that the Board of Directors of the Company at its meeting held on May 30, 2013 has recommended a final dividend of Rs.16.30 per share for the year 2012-13. This is in addition to the interim dividend of Rs. 6 per share for the year 2012-13 paid in Feb 2013.The final dividend for 2012-13 will be paid within 30 days of its declaration by the shareholders in the AGM to be held in Sept 2013.","30-May-2013 18:56:00","2013-05-30 18:56:00","-","-","-"
"BEL","Bharat Electronics Limited","Financial Result Updates","Bharat Electronics Limited has submitted to the Exchange the Standalone and Consolidated Financial Results for the period ended March 31,2013.","30-May-2013 17:51:25","2013-05-30 17:51:25","-","-","https://nsearchives.nseindia.com/corporate/BEL_31MAR2013_B_Q4A.zip"
"BEL","Bharat Electronics Limited","Disclosure under Insider Trading Regulation","Bharat Electronics Limited has submitted to the Exchange vide letter dated April 12, 2013 a copy of disclosure pursuant to Regulation 13(2) and 13(6) of the SEBI (Prohibition of Insider Trading) Regulations, 1992.","18-Apr-2013 17:08:00","2013-04-18 17:08:00","-","-","https://nsearchives.nseindia.com/corporate/bharatelectronics_18042013.zip"
"BEL","Bharat Electronics Limited","Press Release","Bharat Electronics Limited has informed the Exchange regarding a Press Release dated April 01, 2013, titled ""BEL crosses Rs. 6,000 Cr- milestone"".","02-Apr-2013 08:16:00","2013-04-02 08:16:00","-","-","https://nsearchives.nseindia.com/corporate/BEL_pr_02042013_04022013081602_1.zip"
"BEL","Bharat Electronics Limited","Credit Rating","Bharat Electronics Limited has informed the Exchange vide letter dated March 28, 2013 regarding ICRA reaffirms highest credit ratings.","28-Mar-2013 16:04:00","2013-03-28 16:04:00","-","-","https://nsearchives.nseindia.com/corporate/BEL_CR_28032013_03282013153202_3.zip"
"BEL","Bharat Electronics Limited","Appointment of Director","Bharat Electronics Limited has informed the Exchange that below mentioned directors have been appointed as part time non-official directors of the Company for a period of three years from March 26, 2013 (1) Lt. Gen. (Retd) Vinod Kumar Mehta, Ex-Director General of quality assurance, Ministry of Defense (2) Rear admiral (Retd) KC Sekhar, Ex-CMD GRSE Ltd (3) Mr Vikram Srivastava, Ex-Director General, CRPF & ITBP and (4) Mr SM Acharya, Ex-Secretary to Government of India.","28-Mar-2013 14:08:00","2013-03-28 14:08:00","-","-","-"
"BEL","Bharat Electronics Limited","Dividend","Bharat Electronics Limited has informed the Exchange that the Board of Directors of the Company at its meeting held on January 25, 2013 has declared an interim dividend of Rs.6 a share for the year 2012-13. The dividend will be paid on February 22, 2013.","25-Jan-2013 16:52:00","2013-01-25 16:52:00","-","-","-"
"BEL","Bharat Electronics Limited","Financial Result Updates","Bharat Electronics Limited has submitted to the Exchange the Standalone Financial Results along with the Limited Review Report for the period ended December 31,2012.","25-Jan-2013 15:14:54","2013-01-25 15:14:54","-","-","https://nsearchives.nseindia.com/corporate/BEL_31DEC2012_S_Q3.zip"
"BEL","Bharat Electronics Limited","Results Update, Quarter ended, 31-DEC-2012 (Standalone)","Bharat Electronics Limited has informed the Exchange regarding the standalone Results for the quarter ended on 31-DEC-2012 as follows: Net Sales of Rs. 144369.69 lacs for the quarter ending on 31-DEC-2012 against Rs. 103990.75 lacs and Rs. 143161.01 lacs for the quarters ending on 30-SEP-2012 and 31-DEC-2011 respectively. Net Profit / (Loss) of Rs. 19759.46 lacs for the quarter ending on 31-DEC-2012 against Rs. 8021.52 lacs and Rs. 17464.54 lacs for the quarters ending on 30-SEP-2012 and 31-DEC-2011 respectively.","25-Jan-2013 15:14:00","2013-01-25 15:14:00","-","-","-"
"BEL","Bharat Electronics Limited","Record Date","Bharat Electronics Limited has informed the Exchange that the Company has fixed January 31, 2013 as the record date for ascertaining the shareholders' entitlement of interim dividend for 2012-2013.","11-Jan-2013 10:34:00","2013-01-11 10:34:00","-","-","-"
"BEL","Bharat Electronics Limited","Change in Director(s)","Bharat Electronics Limited has informed the Exchange vide letter dated January 08, 2013 that Government of India has appointed Mr. P K Mishra as part-time official director in place of Mr. Manoj Saunik.","09-Jan-2013 20:28:00","2013-01-09 20:28:00","-","-","-"
"BEL","Bharat Electronics Limited","Press Release","Bharat Electronics Limited has informed the Exchange regarding a press release dated December 10, 2012, titled "" Bharat Electronics Limited India ( BEL ) signed an MoU with Israel Aerospace Industries (IAI) for cooperation on future Long Rang Surface to Air Missile ( LRSAM ) Ship-defence Systems.""","10-Dec-2012 17:49:00","2012-12-10 17:49:00","-","-","https://nsearchives.nseindia.com/corporate/BEL_pr_10122012.zip"
"BEL","Bharat Electronics Limited","Cessation of Directorship","Bharat Electronics Limited has informed the Exchange that Mr Anil Razdan, Prof V K Bhalla, and Mr M S Ramachandran ceased to be Company independent directors on November 22, 2012 after completing their 3-year terms.","23-Nov-2012 13:00:00","2012-11-23 13:00:00","-","-","-"
"BEL","Bharat Electronics Limited","Disclosure under Insider Trading Regulation","Bharat Electronics Limited has submitted to the Exchange vide letter dated November 15, 2012 a copy of disclosure pursuant to Regulation 13(3) and 13(6) of the SEBI (Prohibition of Insider Trading) Regulations, 1992.","15-Nov-2012 12:52:00","2012-11-15 12:52:00","-","-","https://nsearchives.nseindia.com/corporate/BEL_reg_15112012.zip"
"BEL","Bharat Electronics Limited","Disclosure under SEBI Takeover Regulations","Life Insurance Corporation Limited has submitted to the Exchange vide its letter dated November 08, 2012 a copy of disclosure under Regulation 29(2) of SEBI (Substantial Acquisition of Shares & Takeovers) Regulations, 2011 along with a copy of Disclosure under Regulation 13(3) and 13(6) of SEBI (Prohibition of Insider Trading) Regulations, 1992.","08-Nov-2012 17:30:00","2012-11-08 17:30:00","-","-","https://nsearchives.nseindia.com/corporate/bel_lic_08112012.zip"
"BEL","Bharat Electronics Limited","Financial Result Updates","Bharat Electronics Limited has submitted to the Exchange the Standalone Financial Results along with the Limited Review Report for the period ended September 30,2012.","29-Oct-2012 16:53:06","2012-10-29 16:53:06","-","-","https://nsearchives.nseindia.com/corporate/BEL_30SEP2012_S_Q2.zip"
"BEL","Bharat Electronics Limited","Results Update, Quarter ended, 30-SEP-2012 (Standalone)","Bharat Electronics Limited has informed the Exchange regarding the standalone Results for the quarter ended on 30-SEP-2012 as follows: Net Sales of Rs. 103990.75 lacs for the quarter ending on 30-SEP-2012 against Rs. 77921.68 lacs and Rs. 106095.34 lacs for the quarters ending on 30-JUN-2012 and 30-SEP-2011 respectively. Net Profit / (Loss) of Rs. 8021.52 lacs for the quarter ending on 30-SEP-2012 against Rs. 1932.51 lacs and Rs. 12500.99 lacs for the quarters ending on 30-JUN-2012 and 30-SEP-2011 respectively.","29-Oct-2012 16:49:00","2012-10-29 16:49:00","-","-","-"
"BEL","Bharat Electronics Limited","Change in Director(s)","Bharat Electronics Limited has informed the Exchange vide letter dated October 12, 2012 that Government of India has appointed Mr. Manoj Saunik as part-time official director in place of Mr. Satyajeet Rajan.","15-Oct-2012 18:17:00","2012-10-15 18:17:00","-","-","-"
"BEL","Bharat Electronics Limited","Resignation of Director","Bharat Electronics Limited has informed the Exchange vide letter dated October 12, 2012 that Dr Satyanarayana Dash, Independent Director, has resigned from the board of the Company.","12-Oct-2012 10:28:00","2012-10-12 10:28:00","-","-","-"
"BEL","Bharat Electronics Limited","Proceedings of Annual General Meeting","Bharat Electronics Limited has submitted to the Exchange a copy of the Proceeding of the Annual General Meeting of the Company held September 21, 2012.","01-Oct-2012 11:01:00","2012-10-01 11:01:00","-","-","https://nsearchives.nseindia.com/corporate/BEL_AGM_01102012.zip"
"BEL","Bharat Electronics Limited","Date of payment of dividend","Bharat Electronics Limited has informed the Exchange that the Shareholders of the Company at their Annual General Meeting held on September 21, 2012, declared payment of 108% Final Dividend on the paid up equity capital of the Company (i.e. Rs.10.80 per equity share of Rs.10/- each). Further the Company has fixed October 19, 2012 as the due date of payment of Final Dividend for the year 2011-12.","01-Oct-2012 10:34:00","2012-10-01 10:34:00","-","-","-"
"BEL","Bharat Electronics Limited","Disclosure of Voting Pattern - Clause 35A","Bharat Electronics Limited has informed the Exchange regarding the Voting Results of the Annual General Meeting of the Company held on September 21, 2012 as per Clause 35A of the Listing Agreement.","25-Sep-2012 19:25:00","2012-09-25 19:25:00","-","-","https://nsearchives.nseindia.com/corporate/BEL_Clause35A_25092012.ZIP"
"BEL","Bharat Electronics Limited","Change in Director(s)","Bharat Electronics Limited has informed the Exchange that Mr. I V Sarma retired from the post of Director (R&D) on August 31, 2012 on attaining the age of superannuation. Govt of India has appointed Dr Ajit T Kalghatgi as Director (R&D) from September 01, 2012 in place of Mr. I V Sarma.","03-Sep-2012 13:35:00","2012-09-03 13:35:00","-","-","-"
"BEL","Bharat Electronics Limited","AGM / Book Closure","Bharat Electronics Limited has informed the Exchange that the Register of Members and the Share Transfer Register of the Company would be closed from September 11, 2012 to September 21, 2012 (both days inclusive) to take record of the shareholders to pay final dividend of 2011-12 and for the Annual General Meeting on September 21, 2012.","22-Aug-2012 13:42:00","2012-08-22 13:42:00","-","-","-"
"BEL","Bharat Electronics Limited","Results Update, Quarter ended, 30-JUN-2012 (Standalone)","Bharat Electronics Limited has informed the Exchange regarding the standalone Results for the quarter ended on 30-JUN-2012 as follows: Net Sales of Rs. 77921.68 lacs for quarter ending on 30-JUN-2012 against Rs. 92066.18 lacs for the quarter ending on 30-JUN-2011. Net Profit / (Loss) of Rs. 1932.51 lacs for the quarter ending on 30-JUN-2012 against Rs. 12280.47 lacs for the quarter ending on 30-JUN-2011.","30-Jul-2012 15:07:00","2012-07-30 15:07:00","-","-","-"
"BEL","Bharat Electronics Limited","Financial Result Updates","Bharat Electronics Limited has submitted to the Exchange the Standalone Financial Results for the period ended June 30,2012 with Limited Review Report.","30-Jul-2012 15:05:00","2012-07-30 15:05:00","-","-","https://nsearchives.nseindia.com/corporate/BEL_30JUN2012_S_Q1.zip"
"BEL","Bharat Electronics Limited","Updates","Bharat Electronics Limited has informed the Exchange that the Board of Directors of the Company at its meeting held on July 05, 2012 approved a proposal for establishing a Joint Venture Company (JVC) with M/s. Thales Air Systems SA, France and M/s. Thales India Pvt. Ltd in Radar Business Area, subject to obtaining approval(s) from Government and statutory authorities.","05-Jul-2012 17:16:00","2012-07-05 17:16:00","-","-","-"
"BEL","Bharat Electronics Limited","Updates","Bharat Electronics Limited has informed the Exchange that Govt of India has removed Prof G Madhavan Nair, Independent director, form the Board of the Company.","21-Jun-2012 20:33:00","2012-06-21 20:33:00","-","-","-"
"BEL","Bharat Electronics Limited","Dividend","Bharat Electronics Limited has informed the Exchange that the Board of Directors of the Company at its meeting held on June 21, 2012 have recommended a final dividend of 108% (i.e. Rs.10.80 per equity share of Rs.10/- each) in addition to the Interim Dividend of 100% (i.e. Rs.10/- per equity share of Rs.10/- each) paid in February, 2012.","21-Jun-2012 16:07:00","2012-06-21 16:07:00","-","-","-"
"BEL","Bharat Electronics Limited","Financial Result Updates","Bharat Electronics Limited has submitted to the Exchange the Standalone and Consolidated Financial Results for the period ended March 31,2012.","21-Jun-2012 15:47:11","2012-06-21 15:47:11","-","-","https://nsearchives.nseindia.com/corporate/BEL_31MAR2012_B_AN.zip"
"BEL","Bharat Electronics Limited","Results Update, Year ended, 31-MAR-2012 (Consolidated)","Bharat Electronics Limited has informed the Exchange regarding the consolidated Results for the year ended on 31-MAR-2012 as follows: Net Sales of Rs. 579203.63 lacs for year ending on 31-MAR-2012 against Rs. 562659.48 lacs for the year ending on 31-MAR-2011. Net Profit / (Loss) of Rs. 84674.52 lacs for the year ending on 31-MAR-2012 against Rs. 87783.64 lacs for the year ending on 31-MAR-2011.","21-Jun-2012 15:47:00","2012-06-21 15:47:00","-","-","-"
"BEL","Bharat Electronics Limited","Results Update, Year ended, 31-MAR-2012 (Standalone)","Bharat Electronics Limited has informed the Exchange regarding the standalone Results for the year ended on 31-MAR-2012 as follows: Net Sales of Rs. 565000.72 lacs for year ending on 31-MAR-2012 against Rs. 547174.62 lacs for the year ending on 31-MAR-2011. Net Profit / (Loss) of Rs. 82989.78 lacs for the year ending on 31-MAR-2012 against Rs. 86146.85 lacs for the year ending on 31-MAR-2011.","21-Jun-2012 15:45:00","2012-06-21 15:45:00","-","-","-"
"BEL","Bharat Electronics Limited","Retirement of Director","Bharat Electronics Limited has informed the Exchange that Mr. M G Raghuveer retired from the post of Director (Finance) of the Company on May 31, 2012 on attaining the age of superannuation.","01-Jun-2012 11:15:00","2012-06-01 11:15:00","-","-","-"
"BEL","Bharat Electronics Limited","Appointment of Director","Bharat Electronics Limited has informed the Exchange that Mr. Amol Newaskar has been appointed as Director (Other Units) of the company from May 24, 2012.","25-May-2012 16:01:00","2012-05-25 16:01:00","-","-","-"
"BEL","Bharat Electronics Limited","Change in Director(s)","Bharat Electronics Limited has informed the Exchange that Lt. Gen (Retd) G. Sridharan, Independent Director, ceased to be a director of the Company on May 17, 2012 after completing his 3 year term of appointment.","23-May-2012 12:21:00","2012-05-23 12:21:00","-","-","-"
"BEL","Bharat Electronics Limited","Financial Result Updates","Bharat Electronics Limited has submitted to the Exchange the Standalone Financial Results along with Limited Review Report for the period ended March 31,2012.","25-Apr-2012 16:19:55","2012-04-25 16:19:55","-","-","https://nsearchives.nseindia.com/corporate/BEL_31MAR2012_S_Q4.zip"
"BEL","Bharat Electronics Limited","Results Update, Quarter ended, 31-MAR-2012 (Standalone)","Bharat Electronics Limited has informed the Exchange regarding the standalone Results for the quarter ended on 31-MAR-2012 as follows: Net Sales of Rs. 223210.61 lacs for quarter ending on 31-MAR-2012 against Rs. 230728.29 lacs for the quarter ending on 31-MAR-2011. Net Profit / (Loss) of Rs. 33384.24 lacs for the quarter ending on 31-MAR-2012 against Rs. 44825.3 lacs for the quarter ending on 31-MAR-2011.","25-Apr-2012 16:01:00","2012-04-25 16:01:00","-","-","-"
"BEL","Bharat Electronics Limited","Outcome of Board Meeting","Bharat Electronics Limited had informed the Exchange regarding the Board Meeting to consider buyback of shares. The Company has now informed the Exchange that in the meeting held on April 25, 2012, the Board deferred the proposal to a later meeting.","25-Apr-2012 15:57:00","2012-04-25 15:57:00","-","-","-"
"BEL","Bharat Electronics Limited","Press Release","Bharat Electronics Limited has submitted to Exchange vide its letter dated April 24, 2012 a copy of Press Release.","24-Apr-2012 17:04:00","2012-04-24 17:04:00","-","-","https://nsearchives.nseindia.com/corporate/BharatElec_pr_24042012.zip"
"BEL","Bharat Electronics Limited","Credit Rating","Bharat Electronics Limited has informed the Exchange that ICRA has reaffirmed the following credit ratings of the Company for the year 2012-13 : (1) Long-term rating of [ICRA]AAA (pronounced ICRA triple A) to Rs. 200 Crores fund based bank limits; (2) Short-term rating of [ICRA]A1+ (pronounced ICRA A one plus) to Rs.1600 Crores non-fund based bank limits; (3) Short-term rating of [ICRA]A1+ (pronounced ICRA A one plus) to Rs. 5 Crores short-term debt programme. The outlook on the long-term rating is 'stable'. These ratings indicate the highest credit quality in the long and short-term. The instruments rated in these categories carry the lowest credit risk in the long and short-term. These ratings are valid till March 22, 2013.","03-Apr-2012 15:40:00","2012-04-03 15:40:00","-","-","-"
"BEL","Bharat Electronics Limited","Press Release","Bharat Electronics Limited has informed the Exchange regarding a press release dated April 02, 2012, titled ""BEL registers Rs. 5,710 crore turnover"".","02-Apr-2012 17:10:00","2012-04-02 17:10:00","-","-","https://nsearchives.nseindia.com/corporate/BEL_PR_02042012.zip"
"BEL","Bharat Electronics Limited","Dividend","Bharat Electronics Limited has informed the Exchange that the Board of Directors of the company at its meeting held on January 27, 2012 has declared interim dividend of 100 % on the paid up capital of the company (Rs. 10/- per share) for the year 2011-12. Further the company has fixed February 24, 2012 as the due date for payment of interim dividend for 2011-12.","27-Jan-2012 15:35:00","2012-01-27 15:35:00","-","-","-"
"BEL","Bharat Electronics Limited","Results Update, Quarter ended, 31-DEC-2011 (Standalone)","Bharat Electronics Limited has informed the Exchange regarding the standalone Results for the quarter ended on 31-DEC-2011 as follows: Net Sales of Rs. 143161.01 lacs for quarter ending on 31-DEC-2011 against Rs. 132125.23 lacs for the quarter ending on 31-DEC-2010. Net Profit / (Loss) of Rs. 17464.54 lacs for the quarter ending on 31-DEC-2011 against Rs. 17059.7 lacs for the quarter ending on 31-DEC-2010.","27-Jan-2012 15:20:00","2012-01-27 15:20:00","-","-","-"
"BEL","Bharat Electronics Limited","Financial Result Updates","Bharat Electronics Limited has submitted to the Exchange the Standalone Financial Results along with Limited Review Report for the period ended December 31,2011.","27-Jan-2012 15:09:44","2012-01-27 15:09:44","-","-","https://nsearchives.nseindia.com/corporate/BEL_31DEC2011_S_Q3.zip"
"BEL","Bharat Electronics Limited","Record Date","Bharat Electronics Limited has informed the Exchange that the Company has fixed February 02, 2012 as the record date for ascertaining the shareholders' entitlement of interim dividend for 2011-2012.","16-Jan-2012 12:08:00","2012-01-16 12:08:00","-","-","-"
"BEL","Bharat Electronics Limited","Financial Result Updates","Bharat Electronics Limited has submitted to the Exchange the Standalone Financial Results for the period ended September 30,2011.","28-Oct-2011 18:24:50","2011-10-28 18:24:50","-","-","https://nsearchives.nseindia.com/corporate/BEL_30SEP2011_S_Q2H.zip"
"BEL","Bharat Electronics Limited","Change in Director(s)","Bharat Electronics Limited has informed the Exchange that Mr Anil Kumar assumed charge as Chairman and Managing Director on the Board of the Company w.e.f October 01, 2011 vice Mr. Ashwani Kumar Datt who retired on September 30, 2011 on attaining the age of Superannuation. Prior to this, Mr. Anil Kumar was Director (Other Units) of the Company.","05-Oct-2011 09:52:00","2011-10-05 09:52:00","-","-","-"
"BEL","Bharat Electronics Limited","Change in Director(s)","Bharat Electronics Limited has informed the Exchange that Govt of India No.19(1)/2004/D(BEL) dated September 27, 2011 appointed Lt Gen S P Kochhar as Part-time Official Director (Govt Director) on the Board of the Company w.e.f. September 01, 2011 vice LT Gen (Retd) P Mohapatra who retired on August 30, 2011 on attaining the age of superannuation.","03-Oct-2011 12:46:00","2011-10-03 12:46:00","-","-","-"
"BEL","Bharat Electronics Limited","Proceedings of Annual General Meeting","Bharat Electronics Limited has submitted to the Exchange a copy of the proceedings of the Annual General Meeting of the shareholders of the Company held on September 26, 2011.","30-Sep-2011 13:10:00","2011-09-30 13:10:00","-","-","https://nsearchives.nseindia.com/corporate/BEL_agmproceeds_30092011.zip"
"BEL","Bharat Electronics Limited","Date of payment of dividend","Bharat Electronics Limited has informed the Exchange that the Shareholders of the Company at their Annual General Meeting held on September 26, 2011, declared payment of 156% Final Dividend on the paid up equity capital of the Company (i.e. Rs.15.60 per equity share of Rs.10/- each). Further the Company has fixed October 24, 2011 as the due date of payment of Final Dividend for the year 2010-11.","27-Sep-2011 11:37:00","2011-09-27 11:37:00","-","-","-"
"BEL","Bharat Electronics Limited","Annual General Meeting","Bharat Electronics Limited has submitted to the Exchange a copy of the Notice of the Annual General Meeting of the Members of the company to be held on September 26, 2011.","12-Sep-2011 18:46:00","2011-09-12 18:46:00","-","-","https://nsearchives.nseindia.com/corporate/BEL_AGMnot_12092011.zip"
"BEL","Bharat Electronics Limited","AGM / Book Closure","Bharat Electronics Limited has informed the Exchange that the Register of Members and the Share Transfer Register of the Company would be closed from September 15, 2011 to September 26, 2011, both days inclusive, for the purpose of taking record of the Shareholders for the payment of Final Dividend for the year ended March 31, 2011 and in connection with the Annual General Meeting of the Company, to be held on September 26, 2011.","30-Aug-2011 17:02:00","2011-08-30 17:02:00","-","-","-"
"BEL","Bharat Electronics Limited","Change in Director(s)","Bharat Electronics Limited has informed the Exchange that Government of India has appointed Shri S.K. Sharma as Director (Bangalore Complex) on the Board of Directors of the Company for a period of five years w.e.f.September 01, 2011 in place of Shri H.S. Bhadoria, who will be retiring on August 31, 2011, on attaining the age. of superannuation. Prior to this appointment Shri S.K. Sharma has been holding the post of General Manager in the Company since January 01, 2007.","29-Aug-2011 13:39:00","2011-08-29 13:39:00","-","-","-"
"BEL","Bharat Electronics Limited","Results Update, Quarter ended, 30-JUN-2011 (Standalone)","Bharat Electronics Limited has informed the Exchange regarding the standalone Results for the quarter ended on 30-JUN-2011 as follows: Net Sales of Rs. 93040.96 lacs for quarter ending on 30-JUN-2011 against Rs. 91340.52 lacs for the quarter ending on 30-JUN-2010. Net Profit / (Loss) of Rs. 12280.47 lacs for the quarter ending on 30-JUN-2011 against Rs. 8141.38 lacs for the quarter ending on 30-JUN-2010.","29-Jul-2011 15:22:00","2011-07-29 15:22:00","-","-","-"
"BEL","Bharat Electronics Limited","Financial Result Updates","Bharat Electronics Limited has submitted to the Exchange the Standalone Financial Results for the period ended June 30,2011.","29-Jul-2011 15:20:32","2011-07-29 15:20:32","-","-","https://nsearchives.nseindia.com/corporate/BEL_30JUN2011_S_Q1.zip"
"BEL","Bharat Electronics Limited","Financial Result Updates","Bharat Electronics Limited has submitted to the Exchange the Standalone and Consolidated Financial Results for the period ended March 31,2011.","29-Jun-2011 15:58:36","2011-06-29 15:58:36","-","-","https://nsearchives.nseindia.com/corporate/BEL_31MAR2011_B_AN.zip"
"BEL","Bharat Electronics Limited","Results Update, Year ended, 31-MAR-2011 (Consolidated)","Bharat Electronics Limited has informed the Exchange regarding the consolidated Results for the year ended on 31-MAR-2011 as follows: Net Sales of Rs. 562659.48 lacs for year ending on 31-MAR-2011 against Rs. 536416.93 lacs for the year ending on 31-MAR-2010. Net Profit / (Loss) of Rs. 87783.64 lacs for the year ending on 31-MAR-2011 against Rs. 73737.2 lacs for the year ending on 31-MAR-2010.","29-Jun-2011 15:57:00","2011-06-29 15:57:00","-","-","-"
"BEL","Bharat Electronics Limited","Results Update, Year ended, 31-MAR-2011 (Standalone)","Bharat Electronics Limited has informed the Exchange regarding the standalone Results for the year ended on 31-MAR-2011 as follows: Net Sales of Rs. 547174.62 lacs for year ending on 31-MAR-2011 against Rs. 518043.88 lacs for the year ending on 31-MAR-2010. Net Profit / (Loss) of Rs. 86146.85 lacs for the year ending on 31-MAR-2011 against Rs. 72087.1 lacs for the year ending on 31-MAR-2010.","29-Jun-2011 15:54:00","2011-06-29 15:54:00","-","-","-"
"BEL","Bharat Electronics Limited","Dividend","Bharat Electronics Limited has informed the Exchange that the Board of Directors of the Company at its meeting held on June 29, 2011 have recommended a final dividend of 156% (i.e. Rs.15.60 per equity share of Rs.10/- each) in addition to the Interim Dividend of 60% (i.e. Rs.6/- per equity share of Rs.10/- each) paid in February, 2011.","29-Jun-2011 14:30:00","2011-06-29 14:30:00","-","-","-"
"BEL","Bharat Electronics Limited","Financial Result Updates","Bharat Electronics Limited has submitted to the Exchange the Standalone Financial Results for the period ended March 31,2011.","29-Apr-2011 14:47:33","2011-04-29 14:47:33","-","-","https://nsearchives.nseindia.com/corporate/BEL_31MAR2011_S_Q4.zip"
"BEL","Bharat Electronics Limited","Results Update, Quarter ended, 31-MAR-2011 (Standalone)","Bharat Electronics Limited has informed the Exchange regarding the standalone Results for the quarter ended on 31-MAR-2011 as follows: Net Sales of Rs. 230728.29 lacs for quarter ending on 31-MAR-2011 against Rs. 181368.05 lacs for the quarter ending on 31-MAR-2010. Net Profit / (Loss) of Rs. 44825.3 lacs for the quarter ending on 31-MAR-2011 against Rs. 19974.51 lacs for the quarter ending on 31-MAR-2010.","29-Apr-2011 14:43:00","2011-04-29 14:43:00","-","-","-"
"BEL","Bharat Electronics Limited","Updates","Bharat Electronics Limited has submitted to the Exchange a copy of the Hand Out circulated at the Annual Press Conference on April 26, 2011 addressed by the Chairman & Managing Director of the Company.","26-Apr-2011 17:39:00","2011-04-26 17:39:00","-","-","https://nsearchives.nseindia.com/corporate/BEL_updts_26042011.zip"
"BEL","Bharat Electronics Limited","Credit Rating","Bharat Electronics Limited has informed the Exchange that ICRA has reaffirmed LAAA (pronounced as L triple A) rating to the Rs 200 Crores fund based bank limits, and assigned A1+ (pronounced as A one plus) rating to the Rs 1600 Crores non-fund based bank limits of the Company. The ratings indicate the highest credit quality in the long- and short-term. The existing rating of A1+ for the short-term debt programme has also been reaffirmed for Rs 5 Crores.","12-Apr-2011 12:45:00","2011-04-12 12:45:00","-","-","-"
"BEL","Bharat Electronics Limited","Press Release","Bharat Electronics Limited has informed the Exchange regarding a press release dated April 01, 2011,  titled  ""BEL registers Rs.5,550 crore turnover"".","04-Apr-2011 12:26:00","2011-04-04 12:26:00","-","-","https://nsearchives.nseindia.com/corporate/Bharat_PR_04042011.zip"
"BEL","Bharat Electronics Limited","Date of payment of dividend","Bharat Electronics Limited has informed the Exchange that the Company has fixed February 25, 2011 as the due date for payment of interim Dividend for 2010-2011 declared by the Board of Directors on January 28, 2011.","31-Jan-2011 12:29:00","2011-01-31 12:29:00","-","-","-"
"BEL","Bharat Electronics Limited","Dividend","Bharat Electronics Limited has informed the Exchange that an Interim Dividend of Rs. 6 per share for the year 2010-11 has been declared by the Board of Directors at the meeting held on January 28, 2011.","28-Jan-2011 16:08:00","2011-01-28 16:08:00","-","-","-"
"BEL","Bharat Electronics Limited","Results Update, Quarter ended, 31-DEC-2010 (Standalone)","Bharat Electronics Limited has informed the Exchange regarding the standalone Results for the quarter ended on 31-DEC-2010 as follows: Net Sales of Rs. 132125.23 lacs for quarter ending on 31-DEC-2010 against Rs. 117955.77 lacs for the quarter ending on 31-DEC-2009. Net Profit / (Loss) of Rs. 17059.7 lacs for the quarter ending on 31-DEC-2010 against Rs. 22387.05 lacs for the quarter ending on 31-DEC-2009.","28-Jan-2011 14:47:00","2011-01-28 14:47:00","-","-","-"
"BEL","Bharat Electronics Limited","Financial Result Updates","Bharat Electronics Limited has submitted to the Exchange the Standalone Financial Results for the period ended December 31,2010.","28-Jan-2011 14:42:51","2011-01-28 14:42:51","-","-","https://nsearchives.nseindia.com/corporate/BEL_31DEC2010_S_Q3.zip"
"BEL","Bharat Electronics Limited","Record Date","Bharat Electronics Limited has informed the Exchange that the Company has fixed February 03, 2011 as the record date for ascertaining the shareholders' entitlement of Interim dividend for 2010-2011.","11-Jan-2011 17:47:00","2011-01-11 17:47:00","-","-","-"
"BEL","Bharat Electronics Limited","Change in Director(s)","Bharat Electronics Limited has informed the Exchange that ""Govt of India appointed the following Part-time Non-official (Independent) Directors on the Board of the Company w.e.f. 21 Dec 2010: (1) Mr. N Sitaram, Former Chief Controller (R&D), DRDO; (2) Prof Anurag Kumar, Professor, IISc, Bangalore; (3) Mr. G Madhavan Nair, Former Chairman, ISRO; (4) Prof R Venkata Rao, Vice Chancellor, National Law University, Bangalore; (5) Dr S N Dash, Former Secretary to Govt of India.""Further the Company has also submitted to the Exchange a copy of the updated list of Directors.","22-Dec-2010 15:52:00","2010-12-22 15:52:00","-","-","https://nsearchives.nseindia.com/corporate/BEL_CHANGEINDIREC_22122010.ZIP"
"BEL","Bharat Electronics Limited","Change in Registrar & Share Transfer Agent","Bharat Electronics Limited has informed the Exchange that ""Pursuant to the scheme of merger approved by the High Court of Karnataka and High Court of Tamil Nadu, M/s. Alpha Systems Pvt, Ltd. (""Erstwhile Registrar""), having its Registered Office at No. 30, Ramana Residency 4th Cross, Sampige Road, Malleswaram,Bangalore-560003, has merged with M/s. Integrated Enterprises (India) Limited (""Current Registrar""), having its registered office at 5A, ""Kences Towers"", No.1,Ramakrishna Street, North Usman Road, T. Nagar, Chennai -600 017 (""Merger""). Consequent to the Merger, all the registrar and share transfer agent assignments of our Erstwhile Registrar stands transferred to M/s. Integrated Enterprises (India) Limited, a Category I Registrar and Transfer Agent and the Bangalore Office of our Erstwhile Registrar has become a branch office of the Current Registrar."" Following are the details of Current Registrars : (a) Name of the R&T Agent: INTEGRATED ENTERPRISES (INDIA) LIMITED. (b) Address of R&T Agent's office at Bangalore handling our assignments : 30, Ramana Residency, 4th Cross,.Sampige Road, Malleswaram, Bangalore - 560 003.","02-Nov-2010 17:59:00","2010-11-02 17:59:00","-","-","-"
"BEL","Bharat Electronics Limited","Financial Result Updates","Bharat Electronics Limited has submitted to the Exchange the Standalone Financial Results for the period ended September 30,2010.","29-Oct-2010 14:18:27","2010-10-29 14:18:27","-","-","https://nsearchives.nseindia.com/corporate/BEL_30SEP2010_S_Q2H.zip"
"BEL","Bharat Electronics Limited","Results Update, Quarter ended, 30-SEP-2010 (Standalone)","Bharat Electronics Limited has informed the Exchange regarding the standalone Results for the quarter ended on 30-SEP-2010 as follows: Net Sales of Rs. 96048.11 lacs for quarter ending on 30-SEP-2010 against Rs. 129909.12 lacs for the quarter ending on 30-SEP-2009. Net Profit / (Loss) of Rs. 10407.11 lacs for the quarter ending on 30-SEP-2010 against Rs. 23735.11 lacs for the quarter ending on 30-SEP-2009.","29-Oct-2010 14:09:00","2010-10-29 14:09:00","-","-","-"
"BEL","Bharat Electronics Limited","Proceedings of Annual General Meeting","Bharat Electronics Limited has submitted to the Exchange a copy of the Proceedings of the Annual General Meeting of the Company held on September 28, 2010.","12-Oct-2010 11:36:00","2010-10-12 11:36:00","-","-","https://nsearchives.nseindia.com/corporate/BEL_AGMPROCED_12102010.zip"
"BEL","Bharat Electronics Limited","Date of payment of dividend","Bharat Electronics Limited has informed the Exchange that the Shareholders of the Company at their Annual General Meeting held on September 28, 2010 declared payment of 132% Final Dividend on the paid up equity capital of the Company (i.e. Rs.13.20 per equity share of Rs.10/- each). Further, the Company has fixed October 26, 2010 as the due date of payment of Final Dividend for the year 2009-10.","29-Sep-2010 11:53:00","2010-09-29 11:53:00","-","-","-"
"BEL","Bharat Electronics Limited","Annual General Meeting","Bharat Electronics Limited has submitted to the Exchange a copy of the Notice of the Annual General Meeting of the Members of the company to be held on September 28, 2010.","02-Sep-2010 10:41:00","2010-09-02 10:41:00","-","-","https://nsearchives.nseindia.com/corporate/BharatElectronics_agmnotice_02092010.ZIP"
"BEL","Bharat Electronics Limited","AGM/Book Closure","Bharat Electronics Limited has informed the Exchange that the Register of Members and the Share Transfer Register of the Company would be closed from September 15, 2010 to September 28, 2010, both days inclusive, for the purpose of taking record of the Shareholders for the payment of Final Dividend for the year ended March 31, 2010 and in connection with the Annual General Meeting of the Company to be held on September 28, 2010. The final dividend for the year 2009-10, when declared at the Annual General Meeting, will be payable within 30days from the date of declaration of dividend by the members.","27-Aug-2010 10:41:00","2010-08-27 10:41:00","-","-","-"
"BEL","Bharat Electronics Limited","Results Update, Quarter ended, 30-JUN-2010 (Standalone)","Bharat Electronics Limited has informed the Exchange regarding the standalone Results for the quarter ended on 30-JUN-2010 as follows: Net Sales of Rs. 91340.52 lacs for quarter ending on 30-JUN-2010 against Rs. 90098.39 lacs for the quarter ending on 30-JUN-2009. Net Profit / (Loss) of Rs. 8141.38 lacs for the quarter ending on 30-JUN-2010 against Rs. 7270.63 lacs for the quarter ending on 30-JUN-2009.","30-Jul-2010 17:01:00","2010-07-30 17:01:00","-","-","-"
"BEL","Bharat Electronics Limited","Dividend","Bharat Electronics Limited has informed the Exchange that the Board of Directors, at its meeting held on June 25, 2010, have recommended a final dividend of 132% (i.e. Rs. 13.20 per equity share of Rs.10/- each) in addition to the Interim Dividend of 60% (i.e. Rs 6/- per equity share of Rs. 10/- each) paid in February, 2010.","25-Jun-2010 15:01:00","2010-06-25 15:01:00","-","-","-"
"BEL","Bharat Electronics Limited","Results Update, Year ended, 31-MAR-2010 (Consolidated)","Bharat Electronics Limited has informed the Exchange regarding the consolidated Results for the year ended on 31-MAR-2010 as follows: Net Sales of Rs. 536416.93 lacs for year ending on 31-MAR-2010 against Rs. 474661.43 lacs for the year ending on 31-MAR-2009. Net Profit / (Loss) of Rs. 73737.2 lacs for the year ending on 31-MAR-2010 against Rs. 75349.8 lacs for the year ending on 31-MAR-2009.","25-Jun-2010 14:57:00","2010-06-25 14:57:00","-","-","-"
"BEL","Bharat Electronics Limited","Results Update, Year ended, 31-MAR-2010 (Standalone)","Bharat Electronics Limited has informed the Exchange regarding the standalone Results for the year ended on 31-MAR-2010 as follows: Net Sales of Rs. 518043.88 lacs for year ending on 31-MAR-2010 against Rs. 458355.59 lacs for the year ending on 31-MAR-2009. Net Profit / (Loss) of Rs. 72087.1 lacs for the year ending on 31-MAR-2010 against Rs. 74575.97 lacs for the year ending on 31-MAR-2009.","25-Jun-2010 14:56:00","2010-06-25 14:56:00","-","-","-"
"BEL","Bharat Electronics Limited","Results Update, Quarter ended, 31-MAR-2010 (Standalone)","Bharat Electronics Limited has informed the Exchange regarding the standalone Results for the quarter ended on 31-MAR-2010 as follows: Net Sales of Rs. 181368.05 lacs for quarter ending on 31-MAR-2010 against Rs. 273520.97 lacs for the quarter ending on 31-MAR-2009. Net Profit / (Loss) of Rs. 19974.51 lacs for the quarter ending on 31-MAR-2010 against Rs. 55943.82 lacs for the quarter ending on 31-MAR-2009.","30-Apr-2010 14:34:00","2010-04-30 14:34:00","-","-","-"
"BEL","Bharat Electronics Limited","Updates","Bharat Electronics Limited has submitted to the Exchange a copy of Hand Out being circulated at the Annual Press Conference on April 27, 2010 being addressed by the Chairman and Managing Director of the Company. A copy of the same  shall be available on the NSE website   (http://www.nseindia.com) under: Corporates > Latest Announcements and on the Extranet Server (/Common/Corporate Announcements).<a href=/content/corporate/bel_pr_27042010.zip target=NEW> For more details click here.</a>","27-Apr-2010 16:51:00","2010-04-27 16:51:00","-","-","-"
"BEL","Bharat Electronics Limited","Press Release","Bharat Electronics Ltd has informed the Exchange regarding a press release, vide its letter dated April 01, 2010 relating to its performance for the financial year 2009-2010 (giving flash/ provisional unaudited figures). A copy of the same shall be available on the NSE website (http://www.nseindia.com) under: Corporates > Latest Announcements and on the Extranet Server (/Common/Corporate Announcements).<a href=/content/corporate/bel_pr_01042010.zip target=NEW> For more details click here.</a>","01-Apr-2010 15:56:00","2010-04-01 15:56:00","-","-","-"
"BEL","Bharat Electronics Limited","News Verification","News Verification : The media had reports that Bharat Electronics Ltd may announce a bonus issue of shares. The Exchange, in order to verify the accuracy or otherwise of the information reported in the media and to inform the market place so that the interest of the investors is safeguarded, had written to the officials of the company. Bharat Electronics Ltd has vide its letter inter-alia stated,""It is clarified that the company has not made any announcement/statement regarding bonus issue. The company does not have any plan for bonus issue at present. The published news is, therefore, speculative in nature.""","19-Mar-2010 12:15:00","2010-03-19 12:15:00","-","-","-"
"BEL","Bharat Electronics Limited","Change in Board of Directors","Bharat Electronics Ltd has informed the Exchange that Shri Anil Kumar has been appointed as Director (Other Units) on the Board of Directors of the Company w.e.f. February 01, 2010. Prior to this appointment Mr. Anil Kumar has been heading Chennai Unit of the Company as General Manager (Chennai Unit). The details of the same shall be available on the NSE website   (http://www.nseindia.com) under: Corporates > Latest Announcements and on the Extranet Server (/Common/Corporate Announcements).<a href=/content/corporate/BEL_CBOD_03022010.zip target=NEW> For more details click here.</a>","03-Feb-2010 12:37:00","2010-02-03 12:37:00","-","-","-"
"BEL","Bharat Electronics Limited","Interim Dividend / Others","Bharat Electronics Ltd has informed the Exchange that the Board of Directors of the company at their meeting held on January 29, 2010 declared an interim dividend of 60% on the paid up capital of the Company (Rs. 6/- per share) for the year 2009-2010. Further, the Company has fixed February 26, 2010 as the due date for payment of interim dividend for 2009-2010.","29-Jan-2010 15:53:00","2010-01-29 15:53:00","-","-","-"
"BEL","Bharat Electronics Limited","Results Update, Quarter ended, 31-DEC-2009 (Standalone)","Bharat Electronics Ltd has informed the Exchange regarding the standalone Results for the quarter ended on 31-DEC-2009 as follows: Net Sales of Rs. 117955.77 lacs for quarter ending on 31-DEC-2009 against Rs. 67091.02 lacs for the quarter ending on 31-DEC-2008. Net Profit / (Loss) of Rs. 22387.05 lacs for the quarter ending on 31-DEC-2009 against Rs. 12276.9 lacs for the quarter ending on 31-DEC-2008.","29-Jan-2010 15:49:00","2010-01-29 15:49:00","-","-","-"
"BEL","Bharat Electronics Limited","Change in Board of Directors","Bharat Electronics Ltd has informed the Exchange that Shri Satyajeet Rajan, Joint Secretary (Electronics ), Govt. of India, Ministry of Defence, has been appointed as part time Director on the Board of Directors of the Company in place of Shri Gyanesh Kumar, Joint Secretary (Shipyards), Govt. of India, Ministry of Defence. The updated list of Directors of the company shall be available on the NSE website   (http://www.nseindia.com) under: Corporates > Latest Announcements and on the Extranet Server (/Common/Corporate Announcements).<a href=/content/corporate/BEL_CBOD_28012010.zip target=NEW> For more details click here.</a>","28-Jan-2010 11:05:00","2010-01-28 11:05:00","-","-","-"
"BEL","Bharat Electronics Limited","Change in Board of Directors","Bharat Electronics Ltd has informed the Exchange that ""Government of India has appointed the following three persons as non-official part-time (Independent) Directors on the Board of the Company w.e.f. 23 November 2009: 1) Shri M. S. Ramachandran, ex-Chairman, Indian Oil Corporation Ltd. 2) Prof. V. K. Bhalla, Professor, FMS, University of Delhi. 3) Shri Anil Razdan, ex-Secretary to Government of India. The list of the Directors of the Company shall be available on the NSE website (http://www.nseindia.com) under: Corporates > Latest Announcements and on the Extranet Server (/Common/Corporate Announcements).<a href=/content/corporate/BEL_updates_26112009.zip target=NEW> For more details click here.</a>","26-Nov-2009 16:57:00","2009-11-26 16:57:00","-","-","-"
"BEL","Bharat Electronics Limited","Results Update, Half Year ended, 30-SEP-2009 (Standalone)","Bharat Electronics Ltd has informed the Exchange regarding the standalone Results for the half year ended on 30-SEP-2009 as follows: Net Sales of Rs. 220007.51 lacs for half year ending on 30-SEP-2009 against Rs. 116455.78 lacs for the half year ending on 30-SEP-2008. Net Profit / (Loss) of Rs. 31005.74 lacs for the half year ending on 30-SEP-2009 against Rs. 12625.43 lacs for the half year ending on 30-SEP-2008.","30-Oct-2009 15:20:00","2009-10-30 15:20:00","-","-","-"
"BEL","Bharat Electronics Limited","Results Update, Quarter ended, 30-SEP-2009 (Standalone)","Bharat Electronics Ltd has informed the Exchange regarding the standalone Results for the quarter ended on 30-SEP-2009 as follows: Net Sales of Rs. 129909.12 lacs for quarter ending on 30-SEP-2009 against Rs. 78069.42 lacs for the quarter ending on 30-SEP-2008. Net Profit / (Loss) of Rs. 23735.11 lacs for the quarter ending on 30-SEP-2009 against Rs. 12373.55 lacs for the quarter ending on 30-SEP-2008.","30-Oct-2009 15:19:00","2009-10-30 15:19:00","-","-","-"
"BEL","Bharat Electronics Limited","Proceedings of AGM","Bharat Electronics Ltd has submitted to the Exchange a copy of the Proceedings of the Annual General Meeting of the Company held on September 25, 2009. A copy of the same shall be available on the NSE website (http://www.nseindia.com) under: Corporates > Latest Announcements and on the Extranet Server (/Common/Corporate Announcements).<a href=/content/corporate/BEL_proceed_15102009.zip target=NEW> For more details click here.</a>","15-Oct-2009 12:33:00","2009-10-15 12:33:00","-","-","-"
"BEL","Bharat Electronics Limited","Date of Payment of Dividend","Bharat Electronics Ltd has informed the Exchange that the shareholders of the Company at their Annual General Meeting held on September 25, 2009 declared payment of 127% Final Dividend on the paid up equity capital of the Company (Dividend @ Rs.12.70 per share). Further the Company has fixed October 23, 2009 as the due date of payment of Final Dividend for the year 2008-09.","29-Sep-2009 13:22:00","2009-09-29 13:22:00","-","-","-"
"BEL","Bharat Electronics Limited","Notice of AGM","Bharat Electronics Ltd has submitted to the Exchange a copy of Notice of the Annual General Meeting of the Members of the Company to be held on September 25, 2009. A copy of the same shall be available on the NSE website (http://www.nseindia.com) under: Corporates > Latest Announcements and on the Extranet Server (/Common/Corporate Announcements).<a href=/content/corporate/Bharat_Notice_04092009.zip target=NEW> For more details click here.</a>","04-Sep-2009 18:36:00","2009-09-04 18:36:00","-","-","-"
"BEL","Bharat Electronics Limited","Change in Auditors","Bharat Electronics Ltd has informed the Exchange that the Comptroller and Auditor General of India (C&AG), has appointed the following firms (as per attachment) of Chartered Accountants as Statutory/ branch auditors of the Company for the financial year 2009-2010. The details of the same shall be available on the NSE website   (http://www.nseindia.com) under: Corporates > Latest Announcements and on the Extranet Server (/Common/Corporate Announcements).<a href=/content/corporate/bel_change_03092009.zip target=NEW> For more details click here.</a>","03-Sep-2009 14:28:00","2009-09-03 14:28:00","-","-","-"
"BEL","Bharat Electronics Limited","Change in Board of Directors","Bharat Electronics Ltd has informed the Exchange that: ""Mr. H.N. Ramakrishna assumed charge as Director (Marketing) on the Board of the Company w.e.f. 01st September 2009 vice Mr. N K Sharma who retired on 31 August 2009 on attaining the age of Superannuation"".","01-Sep-2009 16:18:00","2009-09-01 16:18:00","-","-","-"
"BEL","Bharat Electronics Limited","AGM/Book Closure","Bharat Electronics Ltd has informed the Exchange that the Register of Members and the Share Transfer Register of the Company would be closed from September 16, 2009 to September 25, 2009, both days inclusive, for the purpose of taking record of the Shareholders of the payment of Final Dividend for the year ended March 31, 2009 and in connection with the Annual General Meeting of the Company to be held on September 25, 2009.","01-Sep-2009 11:09:00","2009-09-01 11:09:00","-","-","-"
"BEL","Bharat Electronics Limited","Change in Board of Directors","Bharat Electronics Ltd has informed the Exchange that Mr M G Raghuveer assumed charge as Director (Finance) on the Board of the Company w.e.f. August 01, 2009 vice Mr P R K Hara Gopal who retired on July 31, 2009 on attaining the age of superannuation.","03-Aug-2009 12:09:00","2009-08-03 12:09:00","-","-","-"
"BEL","Bharat Electronics Limited","Standalone Results Update, Quarter ended, 30-JUN-2009","Bharat Electronics Ltd has informed the Exchange regarding the standalone Results for the quarter ended on 30-JUN-2009 as follows: Net Sales of Rs. 90098.39 lacs for quarter ending on 30-JUN-2009 against Rs. 38386.36 lacs for the quarter ending on 30-JUN-2008. Net Profit / (Loss) of Rs. 7270.63 lacs for the quarter ending on 30-JUN-2009 against Rs. 251.88 lacs for the quarter ending on 30-JUN-2008.","24-Jul-2009 16:25:00","2009-07-24 16:25:00","-","-","-"
"BEL","Bharat Electronics Limited","Standalone Results Update, Year ended, 31-MAR-2009","Bharat Electronics Ltd has informed the Exchange regarding the standalone Results for the year ended on 31-MAR-2009 as follows: Net Sales of Rs. 458355.59 lacs for year ending on 31-MAR-2009 against Rs. 406027 lacs for the year ending on 31-MAR-2008. Net Profit / (Loss) of Rs. 74575.97 lacs for the year ending on 31-MAR-2009 against Rs. 82674 lacs for the year ending on 31-MAR-2008.","24-Jun-2009 17:53:00","2009-06-24 17:53:00","-","-","-"
"BEL","Bharat Electronics Limited","Consolidated Results Update, Year ended, 31-MAR-2009","Bharat Electronics Ltd has informed the Exchange regarding the consolidated Results for the year ended on 31-MAR-2009 as follows: Net Sales of Rs. 474661.43 lacs for year ending on 31-MAR-2009 against Rs. 420568 lacs for the year ending on 31-MAR-2008. Net Profit / (Loss) of Rs. 75349.8 lacs for the year ending on 31-MAR-2009 against Rs. 83757 lacs for the year ending on 31-MAR-2008.","24-Jun-2009 17:52:00","2009-06-24 17:52:00","-","-","-"
"BEL","Bharat Electronics Limited","Final Dividend","Bharat Electronics Ltd has informed the Exchange that the Board of Directors of the Company met on June 24, 2009, has recommended a final dividend of 127% (i.e. Rs.12.70 per equity share of Rs.10/- each) in addition to the Interim Dividend of 60% (i.e. Rs.6/- per equity share of Rs.10/- each) paid in February, 2009.","24-Jun-2009 17:50:00","2009-06-24 17:50:00","-","-","-"
"BEL","Bharat Electronics Limited","Strike","Bharat Electronics Ltd has informed the Exchange that the Trade Unions in the various Units and Corporate Office of the Company have served notice of their intention to go on a day's strike by the non-executive employees in the Company on May 28, 2009 to press for their demands related to ongoing wage negotiations.","26-May-2009 14:36:00","2009-05-26 14:36:00","-","-","-"
"BEL","Bharat Electronics Limited","Change in Board of Directors","Bharat Electronics Ltd has informed the Exchange that ""The following Independent Directors exited the Board of Directors of the Company on May 22, 2009, on completing their 3 year term of appointment.1)Dr V Bakthavatsalam 2) Prof N Balakrishnan 3) Dr Ashok Jhunjhunwala 4) Prof Goverdhan Mehta 5) Mr K G Ramachandran 6) Prof S Sadagopan 7) Mr Bhupindar Singh"". A copy of the updated list of Directors shall be available on the NSE website   (http://www.nseindia.com) under: Corporates > Latest Announcements and on the Extranet Server (/Common/Corporate Announcements).  <a href=/content/corporate/BEL_Change_26052009.ZIP target=NEW> For more details click here.</a>","26-May-2009 12:19:00","2009-05-26 12:19:00","-","-","-"
"BEL","Bharat Electronics Limited","Change in Board of Directors","Bharat Electronics Ltd has informed the Exchange that Government of India has appointed Lt.Gen.(Retd.) G. Sridharan, as a part-time non-official Director (Independent Director) on the Board of Directors of the Company in place of Dr.S.P. Parashar, who had resigned from the Board earlier. The updated list of Directors of the Company shall be available on the NSE website (http://www.nseindia.com) under: Corporates > Latest Announcements and on the Extranet Server (/Common/Corporate Announcements).<a href=/content/corporate/BEL_APP_21052009.zip target=NEW> For more details click here.</a>","21-May-2009 10:12:00","2009-05-21 10:12:00","-","-","-"
"BEL","Bharat Electronics Limited","Change in Board of Directors","Bharat Electronics Ltd has informed the Exchange that Mr. Ashwani Kumar Datt has assumed charge as Chairman & Managing Director of the Company w.e.f., 1st May, 2009 vice Mr. V.V.R. Sastry. who retired on 30th April, 2009 on attaining the age of superannuation. Prior to this Mr. Ashwani Kumar Datt has been Director (other Units) of the Company. The updated list of Directors of the Company shall be available on the NSE website (http://www.nseindia.com) under: Corporates > Latest Announcements and on the Extranet Server (/Common/Corporate Announcements).<a href=/content/corporate/BEL_Update_04052009.zip target=NEW> For more details click here.</a>","04-May-2009 10:06:00","2009-05-04 10:06:00","-","-","-"
"BEL","Bharat Electronics Limited","Press Release","Bharat Electronics Ltd has informed the Exchange regarding a press release, vide its letter dated April 28, 2009,  with respect to Press Conference Address by Mr V V R Sastry, Chairman & Managing Director, BEL, on the Company's performance during 2008-09. A copy of the press release shall be available on the NSE website (http://www.nseindia.com) under: Corporates > Latest Announcements and on the Extranet Server (/Common/Corporate Announcements).<a href=/content/corporate/Bel_Pr_28042009.zip target=NEW> For more details click here.</a>","28-Apr-2009 15:29:00","2009-04-28 15:29:00","-","-","-"
"BEL","Bharat Electronics Limited","Limited Review Report","Bharat Electronics Ltd has informed the Exchange that the auditor's have conducted the limited review of the Unaudited financial results for the quarter ended March 31, 2009. The details of the same shall be available on the NSE website (http://www.nseindia.com) under: Corporates > Latest Announcements and on the Extranet Server (/Common/Corporate Announcements).<a href=/content/corporate/BEL_LR_24042009.zip target=NEW> For more details click here.</a>","25-Apr-2009 16:51:00","2009-04-25 16:51:00","-","-","-"
"BEL","Bharat Electronics Limited","Standalone Results Update, Quarter ended, 31-MAR-2009","Bharat Electronics Ltd has informed the Exchange regarding the standalone Results for the quarter ended on 31-MAR-2009 as follows: Net Sales of Rs. 273520.97 lacs for quarter ending on 31-MAR-2009 against Rs. 229374 lacs for the quarter ending on 31-MAR-2008. Net Profit / (Loss) of Rs. 55943.82 lacs for the quarter ending on 31-MAR-2009 against Rs. 50483 lacs for the quarter ending on 31-MAR-2008.","24-Apr-2009 16:22:00","2009-04-24 16:22:00","-","-","-"
"BEL","Bharat Electronics Limited","Press Release","Bharat Electronics Ltd has informed the Exchange regarding a press release vide its letter dated April 02, 2009,  titled  ""BEL  achieves turnover of Rs. 4618 cr"". A copy of the press release shall be available on the NSE website (http://www.nseindia.com) under: Corporates > Latest Announcements and on the Extranet Server (/Common/Corporate Announcements).<a href=/content/corporate/Bel_PR_02042009.ZIP target=NEW> For more details click here.</a>","02-Apr-2009 12:41:00","2009-04-02 12:41:00","-","-","-"
"BEL","Bharat Electronics Limited","Credit Rating","Bharat Electronics Ltd has informed the Exchange that ICRA has reaffirmed the LAAA (pronounced as L triple A) rating to the Rs.2 billion fund based limit and the A1+ (pronounced as A one plus) rating to the Rs.10 billion non-fund based limit of the Company. The ratings indicate the highest credit quality in the long- and short-term. The existing rating of A1+ for the short-term debt programme has also been reaffirmed for Rs.50 million. ","01-Apr-2009 16:33:00","2009-04-01 16:33:00","-","-","-"
"BEL","Bharat Electronics Limited","Press Release","Bharat Electronics Ltd has informed the Exchange regarding a press release,  dated March 30, 2009 titled  ""BEL signs MoU with BHEL for Solar JV"". A copy of the press release shall be available on the NSE website (http://www.nseindia.com) under: Corporates > Latest Announcements and on the Extranet Server (/Common/Corporate Announcements).<a href=/content/corporate/Bharatelect_PR_30032009.zip target=NEW> For more details click here.</a>","30-Mar-2009 17:46:00","2009-03-30 17:46:00","-","-","-"
"BEL","Bharat Electronics Limited","Press Release","Bharat Electronics Ltd has informed the Exchange regarding a press release, which is being released at the Press Conference held by the Chairman & Managing Director of the Company at the Aero India Show, titled ""BEL looks at JVs in various technology areas"". A copy of the press release shall be available on the NSE website (http://www.nseindia.com) under: Corporates > Latest Announcements and on the Extranet Server (/Common/Corporate Announcements).<a href=/content/corporate/BharatEle_PR_12022009.zip target=NEW> For more details click here.</a>","12-Feb-2009 17:35:00","2009-02-12 17:35:00","-","-","-"
"BEL","Bharat Electronics Limited","Press Release","Bharat Electronics Ltd has informed the Exchange regarding two press releases dated February 11, 2009, titled ""BEL signs MoU with Astra Microwave Products for JV"" and ""BEL signs MoU with SELEX Galileo for collaboration on EW programmes"". The copies of the press releases shall be available on the NSE website (http://www.nseindia.com) under: Corporates > Latest Announcements and on the Extranet Server (/Common/Corporate Announcements).<a href=/content/corporate/BEL_PR_11022009.zip target=NEW> For more details click here.</a>","11-Feb-2009 18:35:00","2009-02-11 18:35:00","-","-","-"
"BEL","Bharat Electronics Limited","Payment of Dividend","Bharat Electronics Ltd has informed the Exchange that the Board of Directors of the Company at their meeting held on January 23, 2009, has fixed February 19, 2009 as the due date for payment of interim Dividend for 2008-09 declared by the Board of Directors on January 23, 2009.","27-Jan-2009 14:17:00","2009-01-27 14:17:00","-","-","-"
"BEL","Bharat Electronics Limited","Standalone Results Update, Quarter ended, 31-DEC-2008","Bharat Electronics Ltd has informed the Exchange regarding the standalone Results for the quarter ended on 31-DEC-2008 as follows: Net Sales of Rs. 67091.02 lacs for quarter ending on 31-DEC-2008 against Rs. 66223 lacs for the quarter ending on 31-DEC-2007. Net Profit / (Loss) of Rs. 12276.9 lacs for the quarter ending on 31-DEC-2008 against Rs. 11297 lacs for the quarter ending on 31-DEC-2007.","23-Jan-2009 15:16:00","2009-01-23 15:16:00","-","-","-"
"BEL","Bharat Electronics Limited","Interim Dividend","Bharat Electronics Ltd has informed the Exchange that the Board of Directors of the Company in its meeting held on January 23, 2009 has declared an interim dividend of Rs.6/- per share for the year 2008-09.","23-Jan-2009 15:15:00","2009-01-23 15:15:00","-","-","-"
"BEL","Bharat Electronics Limited","Resignation","Bharat Electronics Ltd has informed the Exchange vide its letter dated January 15, 2009 that : ""Dr. M. Rammohan Rao, Independent Director, has resigned as a Board member of the Company"".","15-Jan-2009 18:46:00","2009-01-15 18:46:00","-","-","-"
"BEL","Bharat Electronics Limited","Press Release","Bharat Electronics Ltd has informed the Exchange vide its letter dated November 25, 2008 regarding a press release titled ""BEL to open Product Support Centre at Kochi"".  A copy of the press release shall be available on the NSE website   (http://www.nseindia.com) under: Corporates > Latest Announcements and on the Extranet Server (/Common/Corporate Announcements). <a href=/content/corporate/BEL_25112008.zip target=NEW> For more details click here.</a>","25-Nov-2008 10:23:00","2008-11-25 10:23:00","-","-","-"
"BEL","Bharat Electronics Limited","Proceedings of AGM","Bharat Electronics Ltd has submitted to the Exchange a copy of the proceedings of the Annual General Meeting of the Company held on September 29, 2008. A copy of the same shall be available on the NSE website   (http://www.nseindia.com) under: Corporates > Latest Announcements and on the Extranet Server (/Common/Corporate Announcements).<a href=/content/corporate/bel_PROAGM_03112008.zip target=NEW> For more details click here.</a>","03-Nov-2008 14:02:00","2008-11-03 14:02:00","-","-","-"
"BEL","Bharat Electronics Limited","Standalone Results Update, Half Yearly ended, 30-SEP-2008","Bharat Electronics Ltd has informed the Exchange regarding the standalone Results for the half year ended on 30-SEP-2008 as follows: Net Sales of Rs. 116455.78 lacs for half year ending on 30-SEP-2008 against Rs. 111331 lacs for the half year ending on 30-SEP-2007. Net Profit / (Loss) of Rs. 12625.43 lacs for the half year ending on 30-SEP-2008 against Rs. 14914 lacs for the half year ending on 30-SEP-2007.","24-Oct-2008 15:05:00","2008-10-24 15:05:00","-","-","-"
"BEL","Bharat Electronics Limited","Standalone Results Update, Quarter ended, 30-SEP-2008","Bharat Electronics Ltd has informed the Exchange regarding the standalone Results for the quarter ended on 30-SEP-2008 as follows: Net Sales of Rs. 78069.42 lacs for quarter ending on 30-SEP-2008 against Rs. 70892 lacs for the quarter ending on 30-SEP-2007. Net Profit / (Loss) of Rs. 12373.55 lacs for the quarter ending on 30-SEP-2008 against Rs. 12284 lacs for the quarter ending on 30-SEP-2007.","24-Oct-2008 15:04:00","2008-10-24 15:04:00","-","-","-"
"BEL","Bharat Electronics Limited","Payment of Dividend","Bharat Electronics Ltd has informed the Exchange that the Shareholders of the Company at their Annual General Meeting held on September 29, 2008 declared payment of 147% Final Dividend on the paid up equity capital of the Company (Dividend @ Rs.14.70 per share) and the Company has fixed October 27, 2008 as the due date of Final Dividend for the year 2007-08.","30-Sep-2008 10:06:00","2008-09-30 10:06:00","-","-","-"
"BEL","Bharat Electronics Limited","Change in Board of Directors","Bharat Electronics Ltd has informed the Exchange that ""Government of India has appointed Lt. Gen. P. Mohapatra, Signal Officer-in-Chief, Army Headquarters, as a part-time official Director on the Board of Directors of the Company in place of Lt. Gen. (Retd.) S.P. Sree Kumar. The updated list of Directors of the Company shall be available on the NSE website (http://www.nseindia.com) under: Corporates > Latest Announcements and on the Extranet Server (/Common/Corporate Announcements).<a href=/content/corporate/Bharat_ChangeinBOD_10092008.zip target=NEW> For more details click here.</a>","10-Sep-2008 14:18:00","2008-09-10 14:18:00","-","-","-"
"BEL","Bharat Electronics Limited","Change in Auditors","Bharat Electronics Ltd has informed the Exchange that the Comptroller and Auditor General of India (C&AG), has appointed the following firms as statutory / branch auditors of the company for the year 2008-09:- Statutory Auditors - (1) M/s. PKF Sridhar & Santhanam, Chartered Accountants, IV Floor, Auras Corporate Centre, 98A, Dr. Radhakrishnan Salai, Mylapore, Chennai - 600 004, Tamil Nadu - Statutory Auditors HO - Consolidation of Accounts, Bangalore Complex, Hyderabad and Chennai Units. Branch Auditors - (2)(i) M/S. B.R. Maheswari & Co., M-118 Connaught circus, New Delhi - 110 001 - Ghaziabad, Panchkula and Kotdwara units. (2)(ii) M/S. Argade Shyam & Co., 759/99A, Yashiaxmi, Prabhat Road, Lane No.2, Deccan, Gymkhana, Pune - 411004 - Pune and Taloja Units. (2)(iii) M/S. N. Koteswara Rao & Co., D.NO. 23/6/17/2, Patnam Bazar, Guntur - 522003 - Machilipatnam Unit.<a href=/content/corporate/BEL_04092008.zip target=NEW> For more details click here.</a>","04-Sep-2008 18:11:00","2008-09-04 18:11:00","-","-","-"
"BEL","Bharat Electronics Limited","AGM/Book Closure/Others","Bharat Electronics Ltd has informed the Exchange that the Register of Members and the Share Transfer Register of the Company would be closed from September 16, 2008 to September 29, 2008, both days inclusive, for the purpose of taking record of the Shareholders for the payment of Final Dividend for the year ended March 31,2008 and in connection with the Annual General Meeting of the Company, proposed to be held on September 29, 2008. The final dividend for the year 2007-08, when declared at the Annual General Meeting, will be payable within 30 days from the date of declaration of dividend by the members.","22-Aug-2008 11:35:00","2008-08-22 11:35:00","-","-","-"
"BEL","Bharat Electronics Limited","Strike","Bharat Electronics Ltd has informed the Exchange that: ""The Trade Unions in the various Units & Corporate Office of the Company on a call given by the Committee of Public Sector Trade Unions have served notice of their intention to go on a day's strike by the non-executive employees in the Company along, with the employees of other central Public Sector Undertakings on 20th August, 2008 to register their protest on the issues likes disinvestments / privatisation, outsourcing in PSUs, relativity between workers and executives in pay & benefits, etc"".","18-Aug-2008 14:49:00","2008-08-18 14:49:00","-","-","-"
"BEL","Bharat Electronics Limited","Retirement","Bharat Electronics Ltd has informed the Exchange that Lt. Gen. S.P. Sree Kumar, PVSM, AVSM, ADC has retired as Director on BEL Board of Directors, on attaining the age of superannuation on July 31, 2008. The details of the updated list of Directors of the Comapny shall be available on the NSE website (http://www.nseindia.com) under: Corporates > Latest Announcements and on the Extranet Server (/Common/Corporate Announcements).<a href=/content/corporate/BEL_BoD_11082008.zip target=NEW> For more details click here.</a>","11-Aug-2008 16:00:00","2008-08-11 16:00:00","-","-","-"
"BEL","Bharat Electronics Limited","Standalone Results Update, Quarter ended, 30-JUN-2008","Bharat Electronics Ltd has informed the Exchange regarding the standalone Results for the quarter ended on 30-JUN-2008 as follows: Net Sales of Rs. 38386.36 lacs for quarter ending on 30-JUN-2008 against Rs. 40439 lacs for the quarter ending on 30-JUN-2007. Net Profit / (Loss) of Rs. 251.88 lacs for the quarter ending on 30-JUN-2008 against Rs. 2630 lacs for the quarter ending on 30-JUN-2007.","29-Jul-2008 14:10:00","2008-07-29 14:10:00","-","-","-"
"BEL","Bharat Electronics Limited","Press Release","Bharat Electronics Ltd has informed the Exchange vide its letter dated July 01, 2008 regarding a press release titled ""BEL appoints KPMG to aid accelerated growth"". A copy of the press release shall be available on the NSE website   (http://www.nseindia.com) under: Corporates > Latest Announcements and on the Extranet Server (/Common/Corporate Announcements).<a href=/content/corporate/BEL_PR_01072008.zip target=NEW> For more details click here.</a>","01-Jul-2008 14:16:00","2008-07-01 14:16:00","-","-","-"
"BEL","Bharat Electronics Limited","Final Dividend","Bharat Electronics Ltd has informed the Exchange that the Board of Directors of the Company at its meeting held on June 27, 2008 have recommended a final dividend of 147% (i.e. Rs.14.70 per equity share of Rs.10/- each) in addition to the Interim Dividend of 60% paid in February, 2008.","27-Jun-2008 14:38:00","2008-06-27 14:38:00","-","-","-"
"BEL","Bharat Electronics Limited","Standalone Results Update, Year ended, 31-MAR-2008","Bharat Electronics Ltd has informed the Exchange regarding the standalone Results for the year ended on 31-MAR-2008 as follows: Net Sales of Rs. 406027 lacs for year ending on 31-MAR-2008 against Rs. 389246 lacs for the year ending on 31-MAR-2007. Net Profit / (Loss) of Rs. 82674 lacs for the year ending on 31-MAR-2008 against Rs. 71816 lacs for the year ending on 31-MAR-2007.","27-Jun-2008 14:35:00","2008-06-27 14:35:00","-","-","-"
"BEL","Bharat Electronics Limited","Consolidated Results Update, Year ended, 31-MAR-2008","Bharat Electronics Ltd has informed the Exchange regarding the consolidated Results for the year ended on 31-MAR-2008 as follows: Net Sales of Rs. 420568 lacs for year ending on 31-MAR-2008. Net Profit / (Loss) of Rs. 83757 lacs for the year ending on 31-MAR-2008.","27-Jun-2008 14:32:00","2008-06-27 14:32:00","-","-","-"
"BEL","Bharat Electronics Limited","Change in Board of Directors","Bharat Electronics Ltd has informed the Exchange that Dr. S.P. Parashar, Independent Director has resigned from the membership of BEL Board of Directors. Further the Company has submitted to the Exchange the updated list of Directors of the Company which shall be available on the NSE website (http://www.nseindia.com) under: Corporates > Latest Announcements and on the Extranet Server (/Common/Corporate Announcements).<a href=/content/corporate/bel_BOD_05052008.zip target=NEW> For more details click here.</a>","05-May-2008 18:45:00","2008-05-05 18:45:00","-","-","-"
"BEL","Bharat Electronics Limited","Standalone Results Update, Year ended, 31-MAR-2008","Bharat Electronics Ltd has informed the Exchange regarding the standalone Results for the year ended on 31-MAR-2008 as follows: Net Sales of Rs. 406928 lacs for year ending on 31-MAR-2008. Net Profit / (Loss) of Rs. 76695 lacs for the year ending on 31-MAR-2008.","25-Apr-2008 15:28:00","2008-04-25 15:28:00","-","-","-"
"BEL","Bharat Electronics Limited","Standalone Results Update, Quarter ended, 31-MAR-2008","Bharat Electronics Ltd has informed the Exchange regarding the standalone Results for the quarter ended on 31-MAR-2008 as follows: Net Sales of Rs. 229374 lacs for quarter ending on 31-MAR-2008 against Rs. 173417 lacs for the quarter ending on 31-MAR-2007. Net Profit / (Loss) of Rs. 50483 lacs for the quarter ending on 31-MAR-2008 against Rs. 35712 lacs for the quarter ending on 31-MAR-2007.","25-Apr-2008 15:26:00","2008-04-25 15:26:00","-","-","-"
"BEL","Bharat Electronics Limited","Consolidated Results Update, Year ended, 31-MAR-2008","Bharat Electronics Ltd has informed the Exchange regarding the consolidated Results for the year ended on 31-MAR-2008 as follows: Net Sales of Rs. 421462 lacs for year ending on 31-MAR-2008. Net Profit / (Loss) of Rs. 77720 lacs for the year ending on 31-MAR-2008.","25-Apr-2008 15:25:00","2008-04-25 15:25:00","-","-","-"
"BEL","Bharat Electronics Limited","Press Release","Bharat Electronics Ltd has informed the Exchange regarding a press release being circulated at the Annual Press Conference dated April 15, 2008, being addressed by the Chairman & Managing Director of the Company titled ""BEL records Rs.4114 cr turnover"". A copy of the press release shall be available on the NSE website   (http://www.nseindia.com) under: Corporates > Latest Announcements and on the Extranet Server (/Common/Corporate Announcements).<a href=/content/corporate/Bharat_Pr_15042008.zip target=NEW> For more details click here.</a>","15-Apr-2008 15:50:00","2008-04-15 15:50:00","-","-","-"
"BEL","Bharat Electronics Limited","Press Release","Bharat Electronics Ltd has informed the Exchange that the Company is issuing a Press Release relating to its performance for the year 2007-08 (giving flash/provisional unaudited figures). A copy of the press release dated April 03, 2008,  titled ""BEL records turnover of Rs.4114 cr""  shall be available on the NSE website   (http://www.nseindia.com) under: Corporates > Latest Announcements and on the Extranet Server (/Common/Corporate Announcements).<a href=/content/corporate/BEL_PR_02042008.zip target=NEW> For more details click here.</a>","03-Apr-2008 14:37:00","2008-04-03 14:37:00","-","-","-"
"BEL","Bharat Electronics Limited","Credit Rating","Bharat Electronics Ltd has informed the Exchange that: ""ICRA has assigned an LAAA (pronounced as L triple A) rating to the Rs.2 billion fund based limit and an A1+ (pronounced as A one plus) rating to the Rs.10 billion non-fund based limit of the Company. The ratings indicate the highest credit quality in the long- and short-term. The existing rating of A1+ for the short-term debt programme has also been reaffirmed for Rs.100 million"".","02-Apr-2008 17:06:00","2008-04-02 17:06:00","-","-","-"
"BEL","Bharat Electronics Limited","Change in Board of Directors","Bharat Electronics Ltd has informed the Exchange that: Mr. I.V. Sarma has assumed charge as Director (Research & Development ) of the Company w.e.f. 1st April, 2008 vice Mr. S. K. Mehta who retired on 31st March, 2008 on attaining the age of superannuation. Prior to this, Mr. I.V.Sarma has been General Manager (EW&A) in the Bangalore Complex of the Company. The updated list of Directors of the Company same shall be available on the NSE website (http://www.nseindia.com) under: Corporates > Latest Announcements and on the Extranet Server (/Common/Corporate Announcements).<a href=/content/corporate/Bharat_Changeindirector_01042008.zip target=NEW> For more details click here.</a>","01-Apr-2008 14:18:00","2008-04-01 14:18:00","-","-","-"
"BEL","Bharat Electronics Limited","Dividend/Others","Bharat Electronics Ltd has informed the Exchange that the Board of Directors of the Company at their meeting held on January 25, 2008 declared an interim dividend of 60% on the paid up capital of the Company (Rs.6 per share) for the year 2007-08. Further, the Company has fixed February 22, 2008 as the due date for payment of interim Dividend for 2007-08.","25-Jan-2008 15:39:00","2008-01-25 15:39:00","-","-","-"
"BEL","Bharat Electronics Limited","Standalone Results Update, Quarter ended, 31-DEC-2007","Bharat Electronics Ltd has informed the Exchange regarding the standalone Results for the quarter ended on 31-DEC-2007 as follows: Net Sales of Rs. 66223 lacs for quarter ending on 31-DEC-2007 against Rs. 86379 lacs for the quarter ending on 31-DEC-2006. Net Profit / (Loss) of Rs. 11297 lacs for the quarter ending on 31-DEC-2007 against Rs. 14818 lacs for the quarter ending on 31-DEC-2006.","25-Jan-2008 15:29:00","2008-01-25 15:29:00","-","-","-"
"BEL","Bharat Electronics Limited","Change in Directors","Bharat Electronics Ltd has informed the Exchange that ""Shri Gyanesh Kumar, Joint Secretary (Shipyards), Govt. of India, Ministry of Defence, Dept. of Defence Production has been appointed as part-time Director on the Board of Directors of the Company in place of Shri Alok Perti"".","02-Jan-2008 15:11:00","2008-01-02 15:11:00","-","-","-"
"BEL","Bharat Electronics Limited","Press Release","Bharat Electronics Ltd has informed the Exchange regarding a press release dated October 29, 2007, titled ""BEL gives Rs.84.96 cr dividend cheque to Govt"". A copy of the press release shall be available on the NSE website (http://www.nseindia.com) under: Corporates > Latest Announcements and on the Extranet Server (/Common/Corporate Announcements).<a href=/content/corporate/Bharatelectronic_PR_29102007.zip target=NEW> For more details click here.</a>","29-Oct-2007 18:57:00","2007-10-29 18:57:00","-","-","-"
"BEL","Bharat Electronics Limited","Standalone Results Update, Half Yearly ended, 30-SEP-2007","Bharat Electronics Ltd has informed the Exchange regarding the standalone Results for the half year ended on 30-SEP-2007 as follows: Net Sales of Rs. 111331 lacs for half year ending on 30-SEP-2007 against Rs. 131742 lacs for the half year ending on 30-SEP-2006. Net Profit / (Loss) of Rs. 14914 lacs for the half year ending on 30-SEP-2007 against Rs. 20856 lacs for the half year ending on 30-SEP-2006.","26-Oct-2007 14:27:00","2007-10-26 14:27:00","-","-","-"
"BEL","Bharat Electronics Limited","Standalone Results Update, Quarter ended, 30-SEP-2007","Bharat Electronics Ltd has informed the Exchange regarding the standalone Results for the quarter ended on 30-SEP-2007 as follows: Net Sales of Rs. 70892 lacs for quarter ending on 30-SEP-2007 against Rs. 83428 lacs for the quarter ending on 30-SEP-2006. Net Profit / (Loss) of Rs. 12284 lacs for the quarter ending on 30-SEP-2007 against Rs. 14829 lacs for the quarter ending on 30-SEP-2006.","26-Oct-2007 14:25:00","2007-10-26 14:25:00","-","-","-"
"BEL","Bharat Electronics Limited","Proceedings of AGM","Bharat Electronics Ltd has submitted to the Exchange a copy of the proceedings of the Annual General Meeting of the Company held on September 20, 2007. A copy of the same shall be available on the NSE website (http://www.nseindia.com) under: Corporates > Latest Announcements and on the Extranet Server (/Common/Corporate Announcements).<a href=/content/corporate/bel_agm_121007.zip target=NEW> For more details click here.</a>","12-Oct-2007 12:27:00","2007-10-12 12:27:00","-","-","-"
"BEL","Bharat Electronics Limited","Press Release","Bharat Electronics Ltd has submitted to the Exchange a copy of the press release after AGM of the Company. The Company has further informed the Exchange that the BoDs of the Company had recommended a final dividend of 140% for the F.Y 2006-07 and the same was approved by the shareholders at the AGM on September 20, 2007. The 180% dividend mentioned in the press release is this 140% final dividend plus 40% interim dividend paid in February 2007. The press release dated September 21, 2007, titled ""BEL declares 180 per cent dividend"" shall be available on the NSE website (http://www.nseindia.com) under: Corporates > Latest Announcements and on the Extranet Server (/Common/Corporate Announcements).<a href=/content/corporate/BEL_PR_21092007.zip target=NEW> For more details click here.</a>","21-Sep-2007 16:10:00","2007-09-21 16:10:00","-","-","-"
"BEL","Bharat Electronics Limited","Change in Auditors","Bharat Electronics Ltd has informed the Exchange regarding the change in the Auditors of the Company for the year 2007-08.  The details of the same shall be available on the NSE website (http://www.nseindia.com) under: Corporates > Latest Announcements and on the Extranet Server (/Common/Corporate Announcements).<a href=/content/corporate/BEL_Auditors_20092007.zip target=NEW> For more details click here.</a>","21-Sep-2007 15:31:00","2007-09-21 15:31:00","-","-","-"
"BEL","Bharat Electronics Limited","Payment of Dividend","Bharat Electronics Ltd has informed the Exchange that the Shareholders of the Company at their Annual General Meeting held on September 20, 2007 declared payment of 140% Final Dividend on the paid up equity capital of the Company (Dividend @ Rs.14/- per share). Further, the Company has fixed October 17, 2007 as the due date of Final Dividend for the year 2006-07.","21-Sep-2007 09:46:00","2007-09-21 09:46:00","-","-","-"
"BEL","Bharat Electronics Limited","AGM/Book Closure/Others","Bharat Electronics Ltd has informed the Exchange that the Register of Members and Share Transfer Register of the Company would be closed from September 11, 2007 to September 20, 2007, both days inclusive, for the purpose of taking record of the Shareholders for the payment of Dividend for the year ended March 31, 2007 and in connection with the Annual General Meeting of the Company, proposed to be held on September 20, 2007. The final dividend for the year 2006-07, when declared at the Annual General Meeting, will be payable within 30 days from the date of declaration of dividend by the members.","16-Aug-2007 11:36:00","2007-08-16 11:36:00","-","-","-"
"BEL","Bharat Electronics Limited","Press Release","Bharat Electronics Ltd has informed the Exchange regarding a press release dated August 10, 2007, titled ""BEL bags IETE award for Software Development"". A copy of the press release shall be available on the NSE website (http://www.nseindia.com) under: Corporates > Latest Announcements and on the Extranet Server (/Common/Corporate Announcements).<a href=/content/corporate/BEL_PR_10082007.zip target=NEW> For more details click here.</a>","10-Aug-2007 18:30:00","2007-08-10 18:30:00","-","-","-"
"BEL","Bharat Electronics Limited","Change in Board of Directors","Bharat Electronics Ltd has informed the Exchange that: ""Mr. N.K. Sharma has been appointed as Director (Marketing) on the Board of Directors of the Company. Prior to this appointment, Mr. N.K. Sharma has been holding the post of General Manager, heading the Ghaziabad Unit of the Company"".","07-Aug-2007 16:08:00","2007-08-07 16:08:00","-","-","-"
"BEL","Bharat Electronics Limited","Standalone Results Update, Quarter ended, 30-JUN-2007","Bharat Electronics Ltd has informed the Exchange regarding the standalone Results for the quarter ended on 30-JUN-2007 as follows: Net Sales of Rs. 40439 lacs for quarter ending on 30-JUN-2007 against Rs. 48314 lacs for the quarter ending on 30-JUN-2006. Net Profit / (Loss) of Rs. 2630 lacs for the quarter ending on 30-JUN-2007 against Rs. 6027 lacs for the quarter ending on 30-JUN-2006.","31-Jul-2007 15:58:00","2007-07-31 15:58:00","-","-","-"
"BEL","Bharat Electronics Limited","Miscellaneous","Bharat Electronics Ltd has submitted to the Exchange highlights of accounts for the year 2006-07. The details of the same shall be available on the NSE website (http://www.nseindia.com) under: Corporates > Latest Announcements and on the Extranet Server (/Common/Corporate Announcements).<a href=/content/corporate/bel_cl20_270607.zip target=NEW> For more details click here.</a>","27-Jun-2007 15:32:00","2007-06-27 15:32:00","-","-","-"
"BEL","Bharat Electronics Limited","Final Dividend","Bharat Electronics Ltd has informed the Exchange that the Board of Directors, at their meeting held on June 27, 2007 have recommended a final dividend of 140% (i.e. Rs.14 per equity share of Rs.10/- each) in addition to the Interim Dividend of 40% paid in February 2007.","27-Jun-2007 15:31:00","2007-06-27 15:31:00","-","-","-"
"BEL","Bharat Electronics Limited","Press Release","Bharat Electronics Ltd has informed the Exchange regarding a press release dated June 22, 2007, titled ""BEL conferred Navratna Status today"". A copy of the press release shall be available on the NSE website (http://www.nseindia.com) under: Corporates > Latest Announcements and on the Extranet Server (/Common/Corporate Announcements).<a href=/content/corporate/bel_PR_220607.zip target=NEW> For more details click here.</a>","22-Jun-2007 16:59:00","2007-06-22 16:59:00","-","-","-"
"BEL","Bharat Electronics Limited","Press Release","Bharat Electronics Ltd has informed the Exchange regarding a press release dated June 14, 2007, titled ""BEL hands over spacecraft components to ISRO"". The details of the press release shall be available on the NSE website   (http://www.nseindia.com) under: Corporates > Latest Announcements and on the Extranet Server (/Common/Corporate Announcements).<a href=/content/corporate/BEL_PR_140607.zip target=NEW> For more details click here.</a>","14-Jun-2007 16:36:00","2007-06-14 16:36:00","-","-","-"
"BEL","Bharat Electronics Limited","Corrigendum","Bharat Electronics Ltd had informed the Exchange regarding a press release dated April 17, 2007. The company has now informed the Exchange that: ""The line reading 'Another order has been received from Karnataka State Election Commission for 3,500 numbers for use in the local body elections' in the said Press Release, in the paragraph referring to the Upgraded Electronic Voting Machine, should read as ""Orders have also been received from State Election Commissions including those of Tamil Nadu, Bihar and Haryana"".","18-Apr-2007 18:45:00","2007-04-18 18:45:00","-","-","-"
"BEL","Bharat Electronics Limited","Press Release","Bharat Electronics Ltd has informed the Exchange regarding press release being circulated at the Annual Press Conference today (April 17, 2007) being addressed by the Chairman & Managing Director of the Company titled ""BEL records Rs.3960.38 cr turnover"". The copy of the press release shall be available on the NSE website (http://www.nseindia.com) under: Corporates > Latest Announcements and on the Extranet Server (/Common/Corporate Announcements).<a href=/content/corporate/bel_PR_170407.zip target=NEW> For more details click here.</a>","17-Apr-2007 12:14:00","2007-04-17 12:14:00","-","-","-"
"BEL","Bharat Electronics Limited","Press Release","Bharat Electronics Ltd has informed the Exchange regarding a press release, dated April 2, 2007, titled ""BEL achieves record turnover of Rs. 3960.38 cr"". A copy of the press release shall be available on the NSE website (http://www.nseindia.com) under: Corporates > Latest Announcements and on the Extranet Server (/Common/Corporate Announcements).<a href=/content/corporate/BEL_PR_02042007.zip target=NEW> For more details click here.</a>","02-Apr-2007 18:26:00","2007-04-02 18:26:00","-","-","-"
"BEL","Bharat Electronics Limited","Credit Rating","Bharat Electronics Ltd has informed the Exchange that ""M/s. ICRA Ltd. conducted the Surveillance of Rating for Rs. 100 crores short term debt programme (including commercial paper and inter-corporate deposits) of the Company for the Financial Year 2007-08 and has assigned a rating of ""A1+"" (Pronounced A one plus) indicating highest credit quality rating assigned by ICRA to short-term debt instruments. The validity period of the rating assigned is from February 15, 2007 to February 14, 2008"".","20-Feb-2007 11:00:00","2007-02-20 11:00:00","-","-","-"
"BEL","Bharat Electronics Limited","Press Release","Bharat Electronics Ltd has informed the Exchange regarding a press release dated February 08, 2007, titled ""BEL highlights contract manufacturing capabilities signs MoUs at Aero India 2007"". The details of the press release shall be available on the NSE website   (http://www.nseindia.com) under: Corporates > Latest Announcements and on the Extranet Server (/Common/Corporate Announcements).<a href=/content/corporate/bharat_press2_080207.zip target=NEW> For more details click here.</a>","08-Feb-2007 14:59:00","2007-02-08 14:59:00","-","-","-"
"BEL","Bharat Electronics Limited","Press Release","Bharat Electronics Ltd has informed the Exchange regarding a press release, titled ""BEL signs 2 MoUs on Day 1 of Aero India 2007"". The details of the press release shall be available on the NSE website   (http://www.nseindia.com) under: Corporates > Latest Announcements and on the Extranet Server (/Common/Corporate Announcements).<a href=/content/corporate/bharat_press1_080207.zip target=NEW> For more details click here.</a>","08-Feb-2007 09:13:00","2007-02-08 09:13:00","-","-","-"
"BEL","Bharat Electronics Limited","News Verification","News Verification : The media had reports that Bharat Electronics Ltd may enter into a deal with the third largest defence contractor of the US - Northrop Grumman Corporation to develop air traffic controls in India. The Exchange, in order to verify the accuracy or otherwise of the information reported in the media and to inform the market place so that the interest of the investors is safeguarded, had written to the officials of the company. Bharat Electronics Ltd has vide its letter inter-alia stated, ""It is clarified that the Company is entering into a Memorandum of Understanding (MOU) with the American Company, M/s Northrop Grumman Overseas Service Corporation for the purpose of identifying market opportunities commensurate with their respective technology and to identify the possibility of mutually beneficial collaborative efforts. This will be followed by a Teaming Agreement in the course of time. This MOU is a part of the Company's continuous efforts to explore new business opportunities through collaborative efforts and is futuristic in nature.""","07-Feb-2007 17:13:00","2007-02-07 17:13:00","-","-","-"
"BEL","Bharat Electronics Limited","Change in Board of Directors","Bharat Electronics Ltd has informed the Exchange that Mr. V. V. R. Sastry has assumed charge as Chairman & Managing Director of the Company w.e.f 1st February, 2007 vice Mr. Y. Gopala Rao, who retired on 31st January, 2007 on attaining the age of superannuation. Prior to this Mr. V V. R Sastry has been Director (Marketing) of the Company. The updated list of Directors of the Company shall be available on the NSE website   (http://www.nseindia.com) under: Corporates > Latest Announcements and on the Extranet Server (/Common/Corporate Announcements).<a href=/content/corporate/bel_directors_010207.zip target=NEW> For more details click here.</a>","01-Feb-2007 10:24:00","2007-02-01 10:24:00","-","-","-"
"BEL","Bharat Electronics Limited","Date of Payment of Dividend","Bharat Electronics Ltd has informed the Exchange that: ""The Company has fixed 21st February, 2007 as the due date for payment of interim Dividend for 2006-07 declared by the Board of Directors on 23-01-2007"".","23-Jan-2007 19:08:00","2007-01-23 19:08:00","-","-","-"
"BEL","Bharat Electronics Limited","Interim Dividend","Bharat Electronics Ltd has informed the Exchange that the Board of Directors of the Company at its meeting held on January 23, 2007 has declared Interim Dividend @ Rs. 4 per share.","23-Jan-2007 14:56:00","2007-01-23 14:56:00","-","-","-"
"BEL","Bharat Electronics Limited","Record Date","Bharat Electronics Ltd has informed the Exchange that: ""Monday, the 29th January, 2007 has been fixed as the record date for ascertaining the shareholders' entitlement of interim dividend for 2006-07"".","03-Jan-2007 14:20:00","2007-01-03 14:20:00","-","-","-"
"BEL","Bharat Electronics Limited","Press Release","Bharat Electronics Ltd has informed the Exchange regarding a press release dated November 20, 2006, titled ""BEL BAGS ORDER FOR SET TOP BOXES"". The details of the press release shall be available on the NSE website (http://www.nseindia.com) under: Corporates > Latest Announcements and on the Extranet Server (/Common/Corporate Announcements).<a href=/content/corporate/BEL_PR_21112006.zip target=NEW> For more details click here.</a>","21-Nov-2006 09:48:00","2006-11-21 09:48:00","-","-","-"
"BEL","Bharat Electronics Limited","Proceedings of AGM","Bharat Electronics Ltd has submitted to the Exchange a copy of the proceedings of Annual General Meeting of the members of the Company held on September 19, 2006. The copy of the same shall be available on the NSE website (http://www.nseindia.com) under: Corporates > Latest Announcements and on the Extranet Server (/Common/CorporateAnnouncements).<a href=/content/corporate/BEL_AGM_07112006.zip target=NEW> For more details click here.</a>","07-Nov-2006 10:30:00","2006-11-07 10:30:00","-","-","-"
"BEL","Bharat Electronics Limited","Appointment","Bharat Electronics Ltd has informed the Exchange that Lt. Gen. S.P. Sree Kumar, AVSM, Signal Officer-in-chief, Army Headquarters, New Delhi has been appointed as part-time Director on the Board of Directors of Bharat Electronics Ltd in place of Lt. Gen. Davinder Kumar, PVSM, VSM & Bar, ADC.","19-Oct-2006 19:16:00","2006-10-19 19:16:00","-","-","-"
"BEL","Bharat Electronics Limited","Outcome of AGM","Bharat Electronics Ltd has informed the Exchange that the Shareholders of the Company at their AGM held on September 19, 2006 declared payment of 106% Final Dividend on the paid up equity capital of the Company (Dividend @ Rs.10.60/- per share). The Company has further notified that the Company has fixed October 16, 2006 as the due date of Final Dividend for the year 2005-06.","20-Sep-2006 13:32:00","2006-09-20 13:32:00","-","-","-"
"BEL","Bharat Electronics Limited","AGM/Book Closure","Bharat Electronics Ltd has informed the Exchange that the Register of Members and Share Transfer Register of the Company would be closed from September 05,2006 to September 19,2006, both days inclusive, for the purpose of taking record of the Shareholders for the payment of Dividend for the year ended March 31,2006 and in connection with the AGM of the Company, proposed to be held on September 19,2006.","14-Aug-2006 00:00:00","2006-08-14 00:00:00","-","-","-"
"BEL","Bharat Electronics Limited","News Verification","News Verification : The media had reports that Bharat Electronics Ltd may announce a stock split or a bonus issue. The Exchange, in order to verify the accuracy or otherwise of the information reported in the media and to inform the market place so that the interest of the investors is safeguarded, had written to the officials of the company. Bharat Electronics Ltd has vide its letter inter-alia stated, ""It is clarified that the Company has not made any announcement/statement regarding issue of Bonus Shares or Stock Split. The newsitem is therefore, speculative in narure.""","08-Aug-2006 00:00:00","2006-08-08 00:00:00","-","-","-"
"BEL","Bharat Electronics Limited","Change in Board of Directors","Bharat Electronics Ltd has informed the Exchange that Mr. H.S. Bhadoria has been appointed as Director (Bangalore Complex) on the Board of Directors of the Company w.e.f. August 01,2006 vice Mr. Basavarajaiah who retired on July 31,2006 on attaining the age of superannuation.","04-Aug-2006 00:00:00","2006-08-04 00:00:00","-","-","-"
"BEL","Bharat Electronics Limited","Change in Directors","Bharat Electronics Ltd has informed the Exchange that Mr. Ashwani Kumar Datt has been appointed as a Director on the Board of the Company w.e.f July 01, 2006 vice Mr. A. Muralidhar who retired on June 30, 2006 on attaining the age of superannuation.","04-Jul-2006 00:00:00","2006-07-04 00:00:00","-","-","-"
"BEL","Bharat Electronics Limited","Dividend","Bharat Electronics Ltd has informed the Exchange that the Board of Directors of the Company at their meeting held on June 30, 2006 has recommended a final dividend of 106% (i.e. Rs. 10.60 per equity share of Rs. 10/- each) in addition to the Interim Dividend of 40% paid in November 2005. The payment of final dividend is subject to declaration of dividend by shareholders at the AGM to be held in September 2006.","30-Jun-2006 00:00:00","2006-06-30 00:00:00","-","-","-"
"BEL","Bharat Electronics Limited","Change in Board of Directors","Bharat Electronics Ltd has informed the Exchange that Mr. Alok Perti, Joint Secretary (Shipyards), Government of India, Ministry of Defence, has been appointed part-time official director on the Board of Directors of the Company vice Mrs. Rita Menon, w.e.f. June 08, 2006.","14-Jun-2006 00:00:00","2006-06-14 00:00:00","-","-","-"
"BEL","Bharat Electronics Limited","Change in Board of Directors","Bharat Electronics Ltd has informed the Exchange that the following 9 persons have been appointed as non-official part-time (Independent) Directors on the Board of the Company w.e.f. May 23,2006 : 1) Mr. Bhupindar Singh, Former CMD, State Trading Corporation of India. 2) Prof. N. Balakrishnan, Chairman, (Information Science and Services Division), Indian Institute of Science, Bangalore. 3) Prof. Ashok Jhunjhunwala, Professor (Electrical Engg.), IIT, Chennai. 4) Dr. M. Rammohan Rao, Dean, Indian School of Business, Hyderabad. 5) Mr. K.G. Ramchandran, Former CMD, BHEL. 6) Dr. V. Bhaktavatsalam, Former MD, IREDA. 7) Mr. Goverdhan Mehta, Former Director, Indian Institute of Science, Bangalore. 8) Mr. S. Sadagopan, Director, IIIT, Bangalore. 9) Dr. S.P. Parashar, Director, IIM, Indore.","26-May-2006 00:00:00","2006-05-26 00:00:00","-","-","-"
"BEL","Bharat Electronics Limited","Press Release","Bharat Electronics Ltd has informed the Exchange regarding a press release being circulated at the Annual Press Conference on April 17, 2006,  being addressed by the Chairman and Managing Director of the Company. A press release titled ""BEL records Rs.3,561 cr turnover"", shall be available on the NSE website (http://www.nseindia.com) under: Corporates > Latest Announcements and on the Extranet Server (/Common/Corporate Announcements).e","17-Apr-2006 00:00:00","2006-04-17 00:00:00","-","-","-"
"BEL","Bharat Electronics Limited","Credit Rating","Bharat Electronics Ltd has informed the Exchange that ICRA Ltd. conducted the Surveillance of Rating for Rs. 100 crores short term debt programme (including commercial paper and inter-corporate deposits) of the Company and has assigned a rating of ""A1+"" (A one plus) indicating highest credit quality rating assigned by it to short-term debt instruments. The validity period of the rating assigned is from February 10, 2006 to February 09, 2007.","05-Apr-2006 00:00:00","2006-04-05 00:00:00","-","-","-"
"BEL","Bharat Electronics Limited","Press Release","Bharat Electronics Ltd has informed the Exchange regarding a press release, dated, April 01, 2006, titled, ""BEL crosses the 3,500 cr mark "". The details of the press release shall be available on the NSE website (http://www.nseindia.com) under: Corporates > Latest Announcements and on the Extranet Server (/Common/Corporate Announcements).","03-Apr-2006 00:00:00","2006-04-03 00:00:00","-","-","-"
"BEL","Bharat Electronics Limited","Clarification of News","Clarification of News : The media had reports on January 23, 2006 that Bharat Electronics Ltd is likely to bag a Rs.1000 crore defence order. The Exchange, in order to verify the accuracy or otherwise of the information reported in the media and to inform the market place so that the interest of the investors is safeguarded, had written to the officials of the company. Bharat Electronics Ltd. has vide its letter inter-alia stated, ""It is clarified that the Company has not made any announcement/statement regarding the receipt or bagging of any such defence order. The Company keeps receiving orders from customers from time to time. However, the Company is not aware of any particular order of Rs. 1000 crore as reported by the media. The published news is, therefore, speculative in nature.""","24-Jan-2006 00:00:00","2006-01-24 00:00:00","-","-","-"
"BEL","Bharat Electronics Limited","Clarification of News","Clarification of News : The media had reports that Bharat Electronics Ltd is likely to bag a Rs.1000 crore defence order. The Exchange, in order to verify the accuracy or otherwise of the information reported in the media and to inform the market place so that the interest of the investors is safeguarded, had written to the officials of the company. Reply is awaited from Bharat Electronics Ltd.","23-Jan-2006 00:00:00","2006-01-23 00:00:00","-","-","-"
"BEL","Bharat Electronics Limited","Change in Company Secretary","Bharat Electronics Ltd has informed the Exchange that Mr. C.R.Prakash has been appointed as Company Secretary and Compliance Officer of the Company w.e.f. December 21, 2005 in place of Mr. K. S. Nagesh.","23-Dec-2005 00:00:00","2005-12-23 00:00:00","-","-","-"
"BEL","Bharat Electronics Limited","Interim Dividend","Bharat Electronics Ltd has informed the Exchange that the BOD's at their meeting held on October 27, 2005, have declared an interim dividend for the year 2005-06 @ Rs.4 per share.","27-Oct-2005 00:00:00","2005-10-27 00:00:00","-","-","-"
"BEL","Bharat Electronics Limited","Proceedings of AGM","Bharat Electronics Ltd has submitted to the Exchange a copy of the proceedings of the AGM of the Company held on September 16, 2005. The details of the same shall be available on the NSE website (http://www.nseindia.com) under: Corporates > Latest Announcements and on the Extranet Server (/Common/CorporateAnnouncements).","05-Oct-2005 00:00:00","2005-10-05 00:00:00","-","-","-"
"BEL","Bharat Electronics Limited","Strike","Bharat Electronics Ltd has informed the Exchange that the one day token strike by the employees of 4 of the 9 units of the Company has ended on the evening of September 29, 2005 and normal operations have resumed on September 30, 2005 in all 4 units of the Company that were on strike.","30-Sep-2005 00:00:00","2005-09-30 00:00:00","-","-","-"
"BEL","Bharat Electronics Limited","Strike","Bharat Electronics Ltd has informed the Exchange that the employee trade unions of 4 of the 9 Units of the Company have called for a one-day token strike on September 29, 2005.","27-Sep-2005 00:00:00","2005-09-27 00:00:00","-","-","-"
"BEL","Bharat Electronics Limited","Payment of Dividend","Bharat Electronics Ltd has informed the Exchange that the shareholders of the Company at their AGM held on September 16, 2005 declared payment of 72% Final Dividend on the paid up equity capital of the Company (Dividend @Rs.7.20/- per share). The Company has further informed that they have fixed October 11, 2005 as the due date of Final Dividend for the year 2004-05.","19-Sep-2005 00:00:00","2005-09-19 00:00:00","-","-","-"
"BEL","Bharat Electronics Limited","Change in Board of Directors","Bharat Electronics Ltd has informed the Exchange that Vice Admiral P. Jaitly, PVSM, AVSM, VSM has ceased to be on the BODs of Bharat Electronics Limited.","01-Sep-2005 00:00:00","2005-09-01 00:00:00","-","-","-"
"BEL","Bharat Electronics Limited","Change in Board of Directors","Bharat Electronics Ltd has informed the Exchange that Air Marshal K.S. Chaturvedi, VSM, has ceased to be on the BODs of the Company.","18-Aug-2005 00:00:00","2005-08-18 00:00:00","-","-","-"
"BEL","Bharat Electronics Limited","AGM/Book Closure/Others","Bharat Electronics Ltd has informed the Exchange that the Register of Members and the Share Transfer Register of the Company would be closed from September 02, 2005 to September 16, 2005, both days inclusive, for the purpose of taking record of the Shareholders for the payment of Dividend for the year ended March 31, 2005 and in connection with the AGM of the Company proposed to be held on September 16, 2005. The final dividend for the year 2004-05, when declared at the AGM, will be payable within 30 days from the date of declaration of dividend by the members.","10-Aug-2005 00:00:00","2005-08-10 00:00:00","-","-","-"
"BEL","Bharat Electronics Limited","Dividend","Bharat Electronics Ltd has informed the Exchange that the Board of Directors of the Company met on June 21, 2005 and recommended a final dividend of 72% (i.e. Rs.7.20 per equity share of Rs.10/- each) in addition to the Interim Dividend of 40% paid in December, 2004.","21-Jun-2005 00:00:00","2005-06-21 00:00:00","-","-","-"
"BEL","Bharat Electronics Limited","Strike","Bharat Electronics Ltd had informed the Exchange that the employee trade unions of 7 of the 9 units of the Company had called for a one-day token strike on June 09, 2005. The Company has now informed that the strike has ended on the evening of June 09, 2005 and normal operations have resumed on June 10, 2005 in all 7 units of the Company that were on strike.","10-Jun-2005 00:00:00","2005-06-10 00:00:00","-","-","-"
"BEL","Bharat Electronics Limited","Strike","Bharat Electronics Ltd has informed the Exchange that the employee trade unions of 7 of the 9 units of the Company have called for a one-day token strike on June 09, 2005.","09-Jun-2005 00:00:00","2005-06-09 00:00:00","-","-","-"
"BEL","Bharat Electronics Limited","Change in Board of Directors","Bharat Electronics Ltd has informed the Exchange that Mr. S.C. Khanna, Director (Commercial & Management Services) has retired on attending the age of superannuation on April 30, 2005. Government of India has appointed Mr. V.V.R. Sastry as Director (Commercial & Management Services) on the Board of Directors of BEL w.e.f. May 01, 2005.","02-May-2005 00:00:00","2005-05-02 00:00:00","-","-","-"
"BEL","Bharat Electronics Limited","Press Release","Bharat Electronics Ltd has informed the Exchange regarding the Press Release being circulated at the Annual Press Conference on April 12, 2005, being addressed by the Chairman & Managing Director of the Company. The details of the press release shall be available on the NSE website (http://www.nseindia.com) under Corporates > Latest Announcements and on the Extranet Server (/Common/CorporateAnnouncements).","12-Apr-2005 00:00:00","2005-04-12 00:00:00","-","-","-"
"BEL","Bharat Electronics Limited","Press Release","Bharat Electronics Ltd has informed the Exchange that the Company has issued a Press Release relating to its performance for the year 2004-05 (giving flash/provisional unaudited figures). The details of the press release shall be available on the NSE website (http://www.nseindia.com) under Corporates > Latest Announcements and on the Extranet Server (/Common/CorporateAnnouncements).","01-Apr-2005 00:00:00","2005-04-01 00:00:00","-","-","-"
"BEL","Bharat Electronics Limited","Disclosure under the SEBI(Prohibition of Insider Trading)","Bharat Electronics Ltd has informed the Exchange regarding the total number of shares in the company held by the Insiders/their dependent family members. The details of the same are as follows:1)V Muthuswamy,Designated Employee-70 shares,2)Elaine Mathias,Designated employee-200 shares,3)G S Dayakar, Designated Employee-100 shares,4)U Vishnumurthy, Designated Employee-200 shares,5)I V Sarma, Designated Employee-50 shares,6)C.Vishnu Prasad, Designated Employee-100 shares,7)K S Nagesh,Designated Employee-100 shares,8)SN Pandurang Rao, Designated Employee-100 shares,9)V Muralidharan, Designated Employee-100 shares,10)B C Krishnamurthy, Designated Employee-100 shares,11)Sanjay Swarup, Designated Employee-1000 shares,12)M Govindappa, Designated Employee-100 shares,12)Sadananda S Hatyal, Designated Employee-100 shares and 13)MV Lakshmi, Designated Employee-50 shares.","11-Feb-2005 00:00:00","2005-02-11 00:00:00","-","-","-"
"BEL","Bharat Electronics Limited","Appointment of Registrar and Transfer Agents","Bharat Electronics Ltd has informed the Exchange that the company has appointed M/s Alpha Systems Private Limited,Bangalore,a SEBI registered Category I Registrar and Transfer Agent as the Registrar and Sahre Transfer Agents of the company. The contact details of M/s Alpha Systems Pvt. Ltd. is as follows: ALPHA SYSTEMS PRIVATE LIMITED #30,Ramana Residency,4th Cross,Sampige Road, Malleswaram, Bangalore-560003. TelNo.080-23460815 to 818 Fax:23460819 Email:alfint@vsnl.com","25-Jan-2005 00:00:00","2005-01-25 00:00:00","-","-","-"
"BEL","Bharat Electronics Limited","Change in Board of Directors","Bharat Electronics Ltd has informed the Exchange that the following part time non-official directors have exited from the Board of Directors of the company on completion of their three year term:- 1. Dr. M. Rammohan Rao 2. Shri K. N. Gupta 3. Prof. N. Balakrishnan ","28-Dec-2004 00:00:00","2004-12-28 00:00:00","-","-","-"
"BEL","Bharat Electronics Limited","Clarification of News","Clarification of News : The press had reports that Bharat Electronics Limited might declare a 1:1 bonus. The Exchange, in order to verify the accuracy or otherwise of the information reported in the press and to inform the market place so that the interest of the investors is safeguarded, had written to the officials of the company. Bharat Electronics Limited has vide its letter inter-alia stated, ""It is clarified that the company has not made any announcement/statement regarding issue of bonus shares. The news item is therefore speculative in nature "".","08-Dec-2004 00:00:00","2004-12-08 00:00:00","-","-","-"
"BEL","Bharat Electronics Limited","Change in Board of Directors","Bharat Electronics Ltd has informed the Exchange that Air Marshal K S Chaturvedi, VSM has been appointed as part-time official Director on the Board of Directors of the Company.","07-Dec-2004 00:00:00","2004-12-07 00:00:00","-","-","-"
"BEL","Bharat Electronics Limited","Interim Dividend","Bharat Electronics Ltd has informed the Exchange that the BODs at their meeting held on November 30,2004 declared an Interim Dividend of 40% on the paid-up capital of the Company (Rs.4 per share)for the year 2004-05.The Company has fixed December 29,2004 as the due date for payment of Interim Dividend for 2004-05 declared by the BODs on November 30,2004.","30-Nov-2004 00:00:00","2004-11-30 00:00:00","-","-","-"
"BEL","Bharat Electronics Limited","Payment of Dividend","Bharat Electronics Ltd has informed the Exchange that the shareholders of the Company at their AGM held on September 20, 2004 declared payment of 100% dividend (80% dividend for 2003-04 and 20% special one time Golden Jubilee Year Dividend) on the paid up equity capital of the company (Dividend @ Rs.10/- per share). The Company has further notified that it has fixed October 15, 2004 as the due date of Dividend.","22-Sep-2004 00:00:00","2004-09-22 00:00:00","-","-","-"